2026-09-24 19:38:44 [PcorgSync] INFO Lancement sync incremental
2026-09-24 19:38:45 [PcorgSync] INFO   ============================================================
2026-09-24 19:38:45 [PcorgSync] INFO   
2026-09-24 19:38:45 [PcorgSync] INFO   Dernier sync : 2026-09-24 17:14:30.357000
2026-09-24 19:38:45 [PcorgSync] INFO   Connexion SQL Server...
2026-09-24 19:38:45 [PcorgSync] INFO     Driver ODBC : ODBC Driver 18 for SQL Server
2026-09-24 19:38:45 [PcorgSync] INFO     Port résolu via SQL Browser : 65422
2026-09-24 19:38:45 [PcorgSync] INFO     Connecté à 10.34.0.4,65422
2026-09-24 19:38:45 [PcorgSync] INFO   Récupération par lots de 1000...
2026-09-24 19:38:45 [PcorgSync] INFO   
2026-09-24 19:38:45 [PcorgSync] INFO   Aucun nouveau message. Rien à synchroniser.
2026-09-24 19:38:45 [PcorgSync] INFO Sync terminee avec succes
2026-09-24 19:43:39 [PcorgSync] INFO Lancement sync incremental
2026-09-24 19:43:40 [PcorgSync] INFO   ============================================================
2026-09-24 19:43:40 [PcorgSync] INFO   
2026-09-24 19:43:40 [PcorgSync] INFO   Dernier sync : 2026-09-24 17:14:30.357000
2026-09-24 19:43:40 [PcorgSync] INFO   Connexion SQL Server...
2026-09-24 19:43:40 [PcorgSync] INFO     Driver ODBC : ODBC Driver 18 for SQL Server
2026-09-24 19:43:40 [PcorgSync] INFO     Port résolu via SQL Browser : 65422
2026-09-24 19:43:40 [PcorgSync] INFO     Connecté à 10.34.0.4,65422
2026-09-24 19:43:40 [PcorgSync] INFO   Récupération par lots de 1000...
2026-09-24 19:43:40 [PcorgSync] INFO   
2026-09-24 19:43:40 [PcorgSync] INFO   Aucun nouveau message. Rien à synchroniser.
2026-09-24 19:43:40 [PcorgSync] INFO Sync terminee avec succes
2026-09-24 19:48:14 [PcorgSync] INFO Lancement sync incremental
2026-09-24 19:48:15 [PcorgSync] INFO   ============================================================
2026-09-24 19:48:15 [PcorgSync] INFO   
2026-09-24 19:48:15 [PcorgSync] INFO   Dernier sync : 2026-09-24 17:14:30.357000
2026-09-24 19:48:15 [PcorgSync] INFO   Connexion SQL Server...
2026-09-24 19:48:15 [PcorgSync] INFO     Driver ODBC : ODBC Driver 18 for SQL Server
2026-09-24 19:48:15 [PcorgSync] INFO     Port résolu via SQL Browser : 65422
2026-09-24 19:48:15 [PcorgSync] INFO     Connecté à 10.34.0.4,65422
2026-09-24 19:48:15 [PcorgSync] INFO   Récupération par lots de 1000...
2026-09-24 19:48:15 [PcorgSync] INFO   
2026-09-24 19:48:15 [PcorgSync] INFO   Aucun nouveau message. Rien à synchroniser.
2026-09-24 19:48:15 [PcorgSync] INFO Sync terminee avec succes
2026-09-24 19:53:39 [PcorgSync] INFO Lancement sync incremental
2026-09-24 19:53:40 [PcorgSync] INFO   ============================================================
2026-09-24 19:53:40 [PcorgSync] INFO   
2026-09-24 19:53:40 [PcorgSync] INFO   Dernier sync : 2026-09-24 17:14:30.357000
2026-09-24 19:53:40 [PcorgSync] INFO   Connexion SQL Server...
2026-09-24 19:53:40 [PcorgSync] INFO     Driver ODBC : ODBC Driver 18 for SQL Server
2026-09-24 19:53:40 [PcorgSync] INFO     Port résolu via SQL Browser : 65422
2026-09-24 19:53:40 [PcorgSync] INFO     Connecté à 10.34.0.4,65422
2026-09-24 19:53:40 [PcorgSync] INFO   Récupération par lots de 1000...
2026-09-24 19:53:40 [PcorgSync] INFO   
2026-09-24 19:53:40 [PcorgSync] INFO   Aucun nouveau message. Rien à synchroniser.
2026-09-24 19:53:40 [PcorgSync] INFO Sync terminee avec succes
2026-09-24 19:58:24 [PcorgSync] INFO Lancement sync incremental
2026-09-24 19:58:25 [PcorgSync] INFO   ============================================================
2026-09-24 19:58:25 [PcorgSync] INFO   
2026-09-24 19:58:25 [PcorgSync] INFO   Dernier sync : 2026-09-24 17:14:30.357000
2026-09-24 19:58:25 [PcorgSync] INFO   Connexion SQL Server...
2026-09-24 19:58:25 [PcorgSync] INFO     Driver ODBC : ODBC Driver 18 for SQL Server
2026-09-24 19:58:25 [PcorgSync] INFO     Port résolu via SQL Browser : 65422
2026-09-24 19:58:25 [PcorgSync] INFO     Connecté à 10.34.0.4,65422
2026-09-24 19:58:25 [PcorgSync] INFO   Récupération par lots de 1000...
2026-09-24 19:58:25 [PcorgSync] INFO   
2026-09-24 19:58:25 [PcorgSync] INFO   Aucun nouveau message. Rien à synchroniser.
2026-09-24 19:58:25 [PcorgSync] INFO Sync terminee avec succes
2026-09-24 20:03:14 [PcorgSync] INFO Lancement sync incremental
2026-09-24 20:03:15 [PcorgSync] INFO   ============================================================
2026-09-24 20:03:15 [PcorgSync] INFO   
2026-09-24 20:03:15 [PcorgSync] INFO   Dernier sync : 2026-09-24 17:14:30.357000
2026-09-24 20:03:15 [PcorgSync] INFO   Connexion SQL Server...
2026-09-24 20:03:15 [PcorgSync] INFO     Driver ODBC : ODBC Driver 18 for SQL Server
2026-09-24 20:03:15 [PcorgSync] INFO     Port résolu via SQL Browser : 65422
2026-09-24 20:03:15 [PcorgSync] INFO     Connecté à 10.34.0.4,65422
2026-09-24 20:03:15 [PcorgSync] INFO   Récupération par lots de 1000...
2026-09-24 20:03:15 [PcorgSync] INFO   
2026-09-24 20:03:15 [PcorgSync] INFO   Aucun nouveau message. Rien à synchroniser.
2026-09-24 20:03:15 [PcorgSync] INFO Sync terminee avec succes
2026-09-24 20:09:17 [PcorgSync] INFO Lancement sync incremental
2026-09-24 20:09:18 [PcorgSync] INFO   ============================================================
2026-09-24 20:09:18 [PcorgSync] INFO   
2026-09-24 20:09:18 [PcorgSync] INFO   Dernier sync : 2026-09-24 17:14:30.357000
2026-09-24 20:09:18 [PcorgSync] INFO   Connexion SQL Server...
2026-09-24 20:09:18 [PcorgSync] INFO     Driver ODBC : ODBC Driver 18 for SQL Server
2026-09-24 20:09:18 [PcorgSync] INFO     Port résolu via SQL Browser : 65422
2026-09-24 20:09:18 [PcorgSync] INFO     Connecté à 10.34.0.4,65422
2026-09-24 20:09:18 [PcorgSync] INFO   Récupération par lots de 1000...
2026-09-24 20:09:18 [PcorgSync] INFO   
2026-09-24 20:09:18 [PcorgSync] INFO   Aucun nouveau message. Rien à synchroniser.
2026-09-24 20:09:18 [PcorgSync] INFO Sync terminee avec succes
2026-09-24 20:13:25 [PcorgSync] INFO Lancement sync incremental
2026-09-24 20:13:26 [PcorgSync] INFO     Messages SQL récupérés : 1
2026-09-24 20:13:26 [PcorgSync] INFO     Documents upsertés : 1
2026-09-24 20:13:26 [PcorgSync] INFO     Répartition par événement :
2026-09-24 20:13:26 [PcorgSync] INFO       24H CAMIONS 2026: 1
2026-09-24 20:13:26 [PcorgSync] INFO     Répartition par catégorie :
2026-09-24 20:13:26 [PcorgSync] INFO       PCO.Fourriere: 1
2026-09-24 20:13:26 [PcorgSync] INFO     Curseur DateWrite : 2026-09-24 18:11:04.663000
2026-09-24 20:13:26 [PcorgSync] INFO     Config pcorg : aucune nouvelle valeur
2026-09-24 20:13:26 [PcorgSync] INFO     Total en base : 29595 docs (29595 attribués, 2686 avec GPS)
2026-09-24 20:13:26 [PcorgSync] INFO   ============================================================
2026-09-24 20:13:26 [PcorgSync] INFO Sync terminee avec succes
2026-09-24 20:18:14 [PcorgSync] INFO Lancement sync incremental
2026-09-24 20:18:15 [PcorgSync] INFO     Messages SQL récupérés : 1
2026-09-24 20:18:15 [PcorgSync] INFO     Documents upsertés : 1
2026-09-24 20:18:15 [PcorgSync] INFO     Répartition par événement :
2026-09-24 20:18:15 [PcorgSync] INFO       24H CAMIONS 2026: 1
2026-09-24 20:18:15 [PcorgSync] INFO     Répartition par catégorie :
2026-09-24 20:18:15 [PcorgSync] INFO       PCO.Fourriere: 1
2026-09-24 20:18:15 [PcorgSync] INFO     Curseur DateWrite : 2026-09-24 18:11:04.663000
2026-09-24 20:18:15 [PcorgSync] INFO     Config pcorg : aucune nouvelle valeur
2026-09-24 20:18:15 [PcorgSync] INFO     Total en base : 29595 docs (29595 attribués, 2686 avec GPS)
2026-09-24 20:18:15 [PcorgSync] INFO   ============================================================
2026-09-24 20:18:15 [PcorgSync] INFO Sync terminee avec succes
2026-09-24 20:23:29 [PcorgSync] INFO Lancement sync incremental
2026-09-24 20:23:30 [PcorgSync] INFO     Messages SQL récupérés : 1
2026-09-24 20:23:30 [PcorgSync] INFO     Documents upsertés : 1
2026-09-24 20:23:30 [PcorgSync] INFO     Répartition par événement :
2026-09-24 20:23:30 [PcorgSync] INFO       24H CAMIONS 2026: 1
2026-09-24 20:23:30 [PcorgSync] INFO     Répartition par catégorie :
2026-09-24 20:23:30 [PcorgSync] INFO       PCO.Fourriere: 1
2026-09-24 20:23:30 [PcorgSync] INFO     Curseur DateWrite : 2026-09-24 18:11:04.663000
2026-09-24 20:23:30 [PcorgSync] INFO     Config pcorg : aucune nouvelle valeur
2026-09-24 20:23:30 [PcorgSync] INFO     Total en base : 29595 docs (29595 attribués, 2686 avec GPS)
2026-09-24 20:23:30 [PcorgSync] INFO   ============================================================
2026-09-24 20:23:30 [PcorgSync] INFO Sync terminee avec succes
2026-09-24 20:28:24 [PcorgSync] INFO Lancement sync incremental
2026-09-24 20:28:26 [PcorgSync] INFO     Messages SQL récupérés : 1
2026-09-24 20:28:26 [PcorgSync] INFO     Documents upsertés : 1
2026-09-24 20:28:26 [PcorgSync] INFO     Répartition par événement :
2026-09-24 20:28:26 [PcorgSync] INFO       24H CAMIONS 2026: 1
2026-09-24 20:28:26 [PcorgSync] INFO     Répartition par catégorie :
2026-09-24 20:28:26 [PcorgSync] INFO       PCO.Fourriere: 1
2026-09-24 20:28:26 [PcorgSync] INFO     Curseur DateWrite : 2026-09-24 18:11:04.663000
2026-09-24 20:28:26 [PcorgSync] INFO     Config pcorg : aucune nouvelle valeur
2026-09-24 20:28:26 [PcorgSync] INFO     Total en base : 29595 docs (29595 attribués, 2686 avec GPS)
2026-09-24 20:28:26 [PcorgSync] INFO   ============================================================
2026-09-24 20:28:26 [PcorgSync] INFO Sync terminee avec succes
2026-09-24 20:33:14 [PcorgSync] INFO Lancement sync incremental
2026-09-24 20:33:15 [PcorgSync] INFO     Messages SQL récupérés : 1
2026-09-24 20:33:15 [PcorgSync] INFO     Documents upsertés : 1
2026-09-24 20:33:15 [PcorgSync] INFO     Répartition par événement :
2026-09-24 20:33:15 [PcorgSync] INFO       24H CAMIONS 2026: 1
2026-09-24 20:33:15 [PcorgSync] INFO     Répartition par catégorie :
2026-09-24 20:33:15 [PcorgSync] INFO       PCO.Fourriere: 1
2026-09-24 20:33:15 [PcorgSync] INFO     Curseur DateWrite : 2026-09-24 18:11:04.663000
2026-09-24 20:33:15 [PcorgSync] INFO     Config pcorg : aucune nouvelle valeur
2026-09-24 20:33:15 [PcorgSync] INFO     Total en base : 29595 docs (29595 attribués, 2686 avec GPS)
2026-09-24 20:33:15 [PcorgSync] INFO   ============================================================
2026-09-24 20:33:15 [PcorgSync] INFO Sync terminee avec succes
2026-09-24 20:38:44 [PcorgSync] INFO Lancement sync incremental
2026-09-24 20:38:45 [PcorgSync] INFO     Messages SQL récupérés : 1
2026-09-24 20:38:45 [PcorgSync] INFO     Documents upsertés : 1
2026-09-24 20:38:45 [PcorgSync] INFO     Répartition par événement :
2026-09-24 20:38:45 [PcorgSync] INFO       24H CAMIONS 2026: 1
2026-09-24 20:38:45 [PcorgSync] INFO     Répartition par catégorie :
2026-09-24 20:38:45 [PcorgSync] INFO       PCO.Fourriere: 1
2026-09-24 20:38:45 [PcorgSync] INFO     Curseur DateWrite : 2026-09-24 18:11:04.663000
2026-09-24 20:38:45 [PcorgSync] INFO     Config pcorg : aucune nouvelle valeur
2026-09-24 20:38:45 [PcorgSync] INFO     Total en base : 29595 docs (29595 attribués, 2686 avec GPS)
2026-09-24 20:38:45 [PcorgSync] INFO   ============================================================
2026-09-24 20:38:45 [PcorgSync] INFO Sync terminee avec succes
2026-09-24 20:43:29 [PcorgSync] INFO Lancement sync incremental
2026-09-24 20:43:30 [PcorgSync] INFO     Messages SQL récupérés : 1
2026-09-24 20:43:30 [PcorgSync] INFO     Documents upsertés : 1
2026-09-24 20:43:30 [PcorgSync] INFO     Répartition par événement :
2026-09-24 20:43:30 [PcorgSync] INFO       24H CAMIONS 2026: 1
2026-09-24 20:43:30 [PcorgSync] INFO     Répartition par catégorie :
2026-09-24 20:43:30 [PcorgSync] INFO       PCO.Fourriere: 1
2026-09-24 20:43:30 [PcorgSync] INFO     Curseur DateWrite : 2026-09-24 18:11:04.663000
2026-09-24 20:43:30 [PcorgSync] INFO     Config pcorg : aucune nouvelle valeur
2026-09-24 20:43:30 [PcorgSync] INFO     Total en base : 29595 docs (29595 attribués, 2686 avec GPS)
2026-09-24 20:43:30 [PcorgSync] INFO   ============================================================
2026-09-24 20:43:30 [PcorgSync] INFO Sync terminee avec succes
2026-09-24 20:48:24 [PcorgSync] INFO Lancement sync incremental
2026-09-24 20:48:25 [PcorgSync] INFO     Messages SQL récupérés : 1
2026-09-24 20:48:25 [PcorgSync] INFO     Documents upsertés : 1
2026-09-24 20:48:25 [PcorgSync] INFO     Répartition par événement :
2026-09-24 20:48:25 [PcorgSync] INFO       24H CAMIONS 2026: 1
2026-09-24 20:48:25 [PcorgSync] INFO     Répartition par catégorie :
2026-09-24 20:48:25 [PcorgSync] INFO       PCO.Fourriere: 1
2026-09-24 20:48:25 [PcorgSync] INFO     Curseur DateWrite : 2026-09-24 18:11:04.663000
2026-09-24 20:48:25 [PcorgSync] INFO     Config pcorg : aucune nouvelle valeur
2026-09-24 20:48:25 [PcorgSync] INFO     Total en base : 29595 docs (29595 attribués, 2686 avec GPS)
2026-09-24 20:48:25 [PcorgSync] INFO   ============================================================
2026-09-24 20:48:26 [PcorgSync] INFO Sync terminee avec succes
2026-09-24 20:53:44 [PcorgSync] INFO Lancement sync incremental
2026-09-24 20:53:45 [PcorgSync] INFO     Messages SQL récupérés : 1
2026-09-24 20:53:45 [PcorgSync] INFO     Documents upsertés : 1
2026-09-24 20:53:45 [PcorgSync] INFO     Répartition par événement :
2026-09-24 20:53:45 [PcorgSync] INFO       24H CAMIONS 2026: 1
2026-09-24 20:53:45 [PcorgSync] INFO     Répartition par catégorie :
2026-09-24 20:53:45 [PcorgSync] INFO       PCO.Fourriere: 1
2026-09-24 20:53:45 [PcorgSync] INFO     Curseur DateWrite : 2026-09-24 18:11:04.663000
2026-09-24 20:53:45 [PcorgSync] INFO     Config pcorg : aucune nouvelle valeur
2026-09-24 20:53:45 [PcorgSync] INFO     Total en base : 29595 docs (29595 attribués, 2686 avec GPS)
2026-09-24 20:53:45 [PcorgSync] INFO   ============================================================
2026-09-24 20:53:45 [PcorgSync] INFO Sync terminee avec succes
2026-09-24 20:58:14 [PcorgSync] INFO Lancement sync incremental
2026-09-24 20:58:15 [PcorgSync] INFO     Messages SQL récupérés : 1
2026-09-24 20:58:15 [PcorgSync] INFO     Documents upsertés : 1
2026-09-24 20:58:15 [PcorgSync] INFO     Répartition par événement :
2026-09-24 20:58:15 [PcorgSync] INFO       24H CAMIONS 2026: 1
2026-09-24 20:58:15 [PcorgSync] INFO     Répartition par catégorie :
2026-09-24 20:58:15 [PcorgSync] INFO       PCO.Fourriere: 1
2026-09-24 20:58:15 [PcorgSync] INFO     Curseur DateWrite : 2026-09-24 18:11:04.663000
2026-09-24 20:58:15 [PcorgSync] INFO     Config pcorg : aucune nouvelle valeur
2026-09-24 20:58:15 [PcorgSync] INFO     Total en base : 29595 docs (29595 attribués, 2686 avec GPS)
2026-09-24 20:58:15 [PcorgSync] INFO   ============================================================
2026-09-24 20:58:15 [PcorgSync] INFO Sync terminee avec succes
2026-09-24 21:03:14 [PcorgSync] INFO Lancement sync incremental
2026-09-24 21:03:15 [PcorgSync] INFO     Messages SQL récupérés : 1
2026-09-24 21:03:15 [PcorgSync] INFO     Documents upsertés : 1
2026-09-24 21:03:15 [PcorgSync] INFO     Répartition par événement :
2026-09-24 21:03:15 [PcorgSync] INFO       24H CAMIONS 2026: 1
2026-09-24 21:03:15 [PcorgSync] INFO     Répartition par catégorie :
2026-09-24 21:03:15 [PcorgSync] INFO       PCO.Fourriere: 1
2026-09-24 21:03:15 [PcorgSync] INFO     Curseur DateWrite : 2026-09-24 18:11:04.663000
2026-09-24 21:03:15 [PcorgSync] INFO     Config pcorg : aucune nouvelle valeur
2026-09-24 21:03:15 [PcorgSync] INFO     Total en base : 29595 docs (29595 attribués, 2686 avec GPS)
2026-09-24 21:03:15 [PcorgSync] INFO   ============================================================
2026-09-24 21:03:15 [PcorgSync] INFO Sync terminee avec succes
2026-09-24 21:08:38 [PcorgSync] INFO Lancement sync incremental
2026-09-24 21:08:39 [PcorgSync] INFO     Messages SQL récupérés : 1
2026-09-24 21:08:39 [PcorgSync] INFO     Documents upsertés : 1
2026-09-24 21:08:39 [PcorgSync] INFO     Répartition par événement :
2026-09-24 21:08:39 [PcorgSync] INFO       24H CAMIONS 2026: 1
2026-09-24 21:08:39 [PcorgSync] INFO     Répartition par catégorie :
2026-09-24 21:08:39 [PcorgSync] INFO       PCO.Fourriere: 1
2026-09-24 21:08:39 [PcorgSync] INFO     Curseur DateWrite : 2026-09-24 18:11:04.663000
2026-09-24 21:08:39 [PcorgSync] INFO     Config pcorg : aucune nouvelle valeur
2026-09-24 21:08:39 [PcorgSync] INFO     Total en base : 29595 docs (29595 attribués, 2686 avec GPS)
2026-09-24 21:08:39 [PcorgSync] INFO   ============================================================
2026-09-24 21:08:39 [PcorgSync] INFO Sync terminee avec succes
2026-09-24 21:13:23 [PcorgSync] INFO Lancement sync incremental
2026-09-24 21:13:24 [PcorgSync] INFO     Messages SQL récupérés : 1
2026-09-24 21:13:24 [PcorgSync] INFO     Documents upsertés : 1
2026-09-24 21:13:24 [PcorgSync] INFO     Répartition par événement :
2026-09-24 21:13:24 [PcorgSync] INFO       24H CAMIONS 2026: 1
2026-09-24 21:13:24 [PcorgSync] INFO     Répartition par catégorie :
2026-09-24 21:13:24 [PcorgSync] INFO       PCO.Fourriere: 1
2026-09-24 21:13:24 [PcorgSync] INFO     Curseur DateWrite : 2026-09-24 18:11:04.663000
2026-09-24 21:13:24 [PcorgSync] INFO     Config pcorg : aucune nouvelle valeur
2026-09-24 21:13:24 [PcorgSync] INFO     Total en base : 29595 docs (29595 attribués, 2686 avec GPS)
2026-09-24 21:13:24 [PcorgSync] INFO   ============================================================
2026-09-24 21:13:25 [PcorgSync] INFO Sync terminee avec succes
2026-09-24 21:18:14 [PcorgSync] INFO Lancement sync incremental
2026-09-24 21:18:15 [PcorgSync] INFO     Messages SQL récupérés : 1
2026-09-24 21:18:15 [PcorgSync] INFO     Documents upsertés : 1
2026-09-24 21:18:15 [PcorgSync] INFO     Répartition par événement :
2026-09-24 21:18:15 [PcorgSync] INFO       24H CAMIONS 2026: 1
2026-09-24 21:18:15 [PcorgSync] INFO     Répartition par catégorie :
2026-09-24 21:18:15 [PcorgSync] INFO       PCO.Fourriere: 1
2026-09-24 21:18:15 [PcorgSync] INFO     Curseur DateWrite : 2026-09-24 18:11:04.663000
2026-09-24 21:18:15 [PcorgSync] INFO     Config pcorg : aucune nouvelle valeur
2026-09-24 21:18:15 [PcorgSync] INFO     Total en base : 29595 docs (29595 attribués, 2686 avec GPS)
2026-09-24 21:18:15 [PcorgSync] INFO   ============================================================
2026-09-24 21:18:15 [PcorgSync] INFO Sync terminee avec succes
2026-09-24 21:23:44 [PcorgSync] INFO Lancement sync incremental
2026-09-24 21:23:45 [PcorgSync] INFO     Messages SQL récupérés : 1
2026-09-24 21:23:45 [PcorgSync] INFO     Documents upsertés : 1
2026-09-24 21:23:45 [PcorgSync] INFO     Répartition par événement :
2026-09-24 21:23:45 [PcorgSync] INFO       24H CAMIONS 2026: 1
2026-09-24 21:23:45 [PcorgSync] INFO     Répartition par catégorie :
2026-09-24 21:23:45 [PcorgSync] INFO       PCO.Fourriere: 1
2026-09-24 21:23:45 [PcorgSync] INFO     Curseur DateWrite : 2026-09-24 18:11:04.663000
2026-09-24 21:23:45 [PcorgSync] INFO     Config pcorg : aucune nouvelle valeur
2026-09-24 21:23:45 [PcorgSync] INFO     Total en base : 29595 docs (29595 attribués, 2686 avec GPS)
2026-09-24 21:23:45 [PcorgSync] INFO   ============================================================
2026-09-24 21:23:45 [PcorgSync] INFO Sync terminee avec succes
2026-09-24 21:28:14 [PcorgSync] INFO Lancement sync incremental
2026-09-24 21:28:15 [PcorgSync] INFO     Documents upsertés : 2
2026-09-24 21:28:15 [PcorgSync] INFO     Répartition par événement :
2026-09-24 21:28:15 [PcorgSync] INFO       24H CAMIONS 2026: 2
2026-09-24 21:28:15 [PcorgSync] INFO     Répartition par catégorie :
2026-09-24 21:28:15 [PcorgSync] INFO       PCO.Fourriere: 1
2026-09-24 21:28:15 [PcorgSync] INFO       PCO.Securite: 1
2026-09-24 21:28:15 [PcorgSync] INFO     Curseur DateWrite : 2026-09-24 19:26:44.567000
2026-09-24 21:28:15 [PcorgSync] INFO     Config pcorg : aucune nouvelle valeur
2026-09-24 21:28:15 [PcorgSync] INFO     Total en base : 29596 docs (29596 attribués, 2687 avec GPS)
2026-09-24 21:28:15 [PcorgSync] INFO   ============================================================
2026-09-24 21:28:15 [PcorgSync] INFO Sync terminee avec succes
2026-09-24 21:33:14 [PcorgSync] INFO Lancement sync incremental
2026-09-24 21:33:15 [PcorgSync] INFO   ============================================================
2026-09-24 21:33:15 [PcorgSync] INFO   
2026-09-24 21:33:15 [PcorgSync] INFO   Dernier sync : 2026-09-24 19:26:44.567000
2026-09-24 21:33:15 [PcorgSync] INFO   Connexion SQL Server...
2026-09-24 21:33:15 [PcorgSync] INFO     Driver ODBC : ODBC Driver 18 for SQL Server
2026-09-24 21:33:15 [PcorgSync] INFO     Port résolu via SQL Browser : 65422
2026-09-24 21:33:15 [PcorgSync] INFO     Connecté à 10.34.0.4,65422
2026-09-24 21:33:15 [PcorgSync] INFO   Récupération par lots de 1000...
2026-09-24 21:33:15 [PcorgSync] INFO   
2026-09-24 21:33:15 [PcorgSync] INFO   Aucun nouveau message. Rien à synchroniser.
2026-09-24 21:33:15 [PcorgSync] INFO Sync terminee avec succes
2026-09-24 21:38:44 [PcorgSync] INFO Lancement sync incremental
2026-09-24 21:38:45 [PcorgSync] INFO   ============================================================
2026-09-24 21:38:45 [PcorgSync] INFO   
2026-09-24 21:38:45 [PcorgSync] INFO   Dernier sync : 2026-09-24 19:26:44.567000
2026-09-24 21:38:45 [PcorgSync] INFO   Connexion SQL Server...
2026-09-24 21:38:45 [PcorgSync] INFO     Driver ODBC : ODBC Driver 18 for SQL Server
2026-09-24 21:38:45 [PcorgSync] INFO     Port résolu via SQL Browser : 65422
2026-09-24 21:38:45 [PcorgSync] INFO     Connecté à 10.34.0.4,65422
2026-09-24 21:38:45 [PcorgSync] INFO   Récupération par lots de 1000...
2026-09-24 21:38:45 [PcorgSync] INFO   
2026-09-24 21:38:45 [PcorgSync] INFO   Aucun nouveau message. Rien à synchroniser.
2026-09-24 21:38:45 [PcorgSync] INFO Sync terminee avec succes
2026-09-24 21:43:29 [PcorgSync] INFO Lancement sync incremental
2026-09-24 21:43:30 [PcorgSync] INFO   ============================================================
2026-09-24 21:43:30 [PcorgSync] INFO   
2026-09-24 21:43:30 [PcorgSync] INFO   Dernier sync : 2026-09-24 19:26:44.567000
2026-09-24 21:43:30 [PcorgSync] INFO   Connexion SQL Server...
2026-09-24 21:43:30 [PcorgSync] INFO     Driver ODBC : ODBC Driver 18 for SQL Server
2026-09-24 21:43:30 [PcorgSync] INFO     Port résolu via SQL Browser : 65422
2026-09-24 21:43:30 [PcorgSync] INFO     Connecté à 10.34.0.4,65422
2026-09-24 21:43:30 [PcorgSync] INFO   Récupération par lots de 1000...
2026-09-24 21:43:30 [PcorgSync] INFO   
2026-09-24 21:43:30 [PcorgSync] INFO   Aucun nouveau message. Rien à synchroniser.
2026-09-24 21:43:30 [PcorgSync] INFO Sync terminee avec succes
2026-09-24 21:48:14 [PcorgSync] INFO Lancement sync incremental
2026-09-24 21:48:15 [PcorgSync] INFO   ============================================================
2026-09-24 21:48:15 [PcorgSync] INFO   
2026-09-24 21:48:15 [PcorgSync] INFO   Dernier sync : 2026-09-24 19:26:44.567000
2026-09-24 21:48:15 [PcorgSync] INFO   Connexion SQL Server...
2026-09-24 21:48:15 [PcorgSync] INFO     Driver ODBC : ODBC Driver 18 for SQL Server
2026-09-24 21:48:15 [PcorgSync] INFO     Port résolu via SQL Browser : 65422
2026-09-24 21:48:15 [PcorgSync] INFO     Connecté à 10.34.0.4,65422
2026-09-24 21:48:15 [PcorgSync] INFO   Récupération par lots de 1000...
2026-09-24 21:48:15 [PcorgSync] INFO   
2026-09-24 21:48:15 [PcorgSync] INFO   Aucun nouveau message. Rien à synchroniser.
2026-09-24 21:48:15 [PcorgSync] INFO Sync terminee avec succes
2026-09-24 21:53:29 [PcorgSync] INFO Lancement sync incremental
2026-09-24 21:53:30 [PcorgSync] INFO   ============================================================
2026-09-24 21:53:30 [PcorgSync] INFO   
2026-09-24 21:53:30 [PcorgSync] INFO   Dernier sync : 2026-09-24 19:26:44.567000
2026-09-24 21:53:30 [PcorgSync] INFO   Connexion SQL Server...
2026-09-24 21:53:30 [PcorgSync] INFO     Driver ODBC : ODBC Driver 18 for SQL Server
2026-09-24 21:53:30 [PcorgSync] INFO     Port résolu via SQL Browser : 65422
2026-09-24 21:53:30 [PcorgSync] INFO     Connecté à 10.34.0.4,65422
2026-09-24 21:53:30 [PcorgSync] INFO   Récupération par lots de 1000...
2026-09-24 21:53:30 [PcorgSync] INFO   
2026-09-24 21:53:30 [PcorgSync] INFO   Aucun nouveau message. Rien à synchroniser.
2026-09-24 21:53:30 [PcorgSync] INFO Sync terminee avec succes
2026-09-24 21:58:14 [PcorgSync] INFO Lancement sync incremental
2026-09-24 21:58:15 [PcorgSync] INFO   ============================================================
2026-09-24 21:58:15 [PcorgSync] INFO   
2026-09-24 21:58:15 [PcorgSync] INFO   Dernier sync : 2026-09-24 19:26:44.567000
2026-09-24 21:58:15 [PcorgSync] INFO   Connexion SQL Server...
2026-09-24 21:58:15 [PcorgSync] INFO     Driver ODBC : ODBC Driver 18 for SQL Server
2026-09-24 21:58:15 [PcorgSync] INFO     Port résolu via SQL Browser : 65422
2026-09-24 21:58:15 [PcorgSync] INFO     Connecté à 10.34.0.4,65422
2026-09-24 21:58:15 [PcorgSync] INFO   Récupération par lots de 1000...
2026-09-24 21:58:15 [PcorgSync] INFO   
2026-09-24 21:58:15 [PcorgSync] INFO   Aucun nouveau message. Rien à synchroniser.
2026-09-24 21:58:15 [PcorgSync] INFO Sync terminee avec succes
2026-09-24 22:03:14 [PcorgSync] INFO Lancement sync incremental
2026-09-24 22:03:15 [PcorgSync] INFO   ============================================================
2026-09-24 22:03:15 [PcorgSync] INFO   
2026-09-24 22:03:15 [PcorgSync] INFO   Dernier sync : 2026-09-24 19:26:44.567000
2026-09-24 22:03:15 [PcorgSync] INFO   Connexion SQL Server...
2026-09-24 22:03:15 [PcorgSync] INFO     Driver ODBC : ODBC Driver 18 for SQL Server
2026-09-24 22:03:15 [PcorgSync] INFO     Port résolu via SQL Browser : 65422
2026-09-24 22:03:15 [PcorgSync] INFO     Connecté à 10.34.0.4,65422
2026-09-24 22:03:15 [PcorgSync] INFO   Récupération par lots de 1000...
2026-09-24 22:03:15 [PcorgSync] INFO   
2026-09-24 22:03:15 [PcorgSync] INFO   Aucun nouveau message. Rien à synchroniser.
2026-09-24 22:03:15 [PcorgSync] INFO Sync terminee avec succes
2026-09-24 22:08:44 [PcorgSync] INFO Lancement sync incremental
2026-09-24 22:08:45 [PcorgSync] INFO     Messages SQL récupérés : 2
2026-09-24 22:08:45 [PcorgSync] INFO     Documents upsertés : 2
2026-09-24 22:08:45 [PcorgSync] INFO     Répartition par événement :
2026-09-24 22:08:45 [PcorgSync] INFO       24H CAMIONS 2026: 2
2026-09-24 22:08:45 [PcorgSync] INFO     Répartition par catégorie :
2026-09-24 22:08:45 [PcorgSync] INFO       PCS.Information: 2
2026-09-24 22:08:45 [PcorgSync] INFO     Curseur DateWrite : 2026-09-24 20:07:22.723000
2026-09-24 22:08:45 [PcorgSync] INFO     Config pcorg : aucune nouvelle valeur
2026-09-24 22:08:45 [PcorgSync] INFO     Total en base : 29596 docs (29596 attribués, 2687 avec GPS)
2026-09-24 22:08:45 [PcorgSync] INFO   ============================================================
2026-09-24 22:08:45 [PcorgSync] INFO Sync terminee avec succes
2026-09-24 22:13:29 [PcorgSync] INFO Lancement sync incremental
2026-09-24 22:13:30 [PcorgSync] INFO     Messages SQL récupérés : 1
2026-09-24 22:13:30 [PcorgSync] INFO     Documents upsertés : 1
2026-09-24 22:13:30 [PcorgSync] INFO     Répartition par événement :
2026-09-24 22:13:30 [PcorgSync] INFO       24H CAMIONS 2026: 1
2026-09-24 22:13:30 [PcorgSync] INFO     Répartition par catégorie :
2026-09-24 22:13:30 [PcorgSync] INFO       PCS.Information: 1
2026-09-24 22:13:30 [PcorgSync] INFO     Curseur DateWrite : 2026-09-24 20:07:22.723000
2026-09-24 22:13:30 [PcorgSync] INFO     Config pcorg : aucune nouvelle valeur
2026-09-24 22:13:30 [PcorgSync] INFO     Total en base : 29596 docs (29596 attribués, 2687 avec GPS)
2026-09-24 22:13:30 [PcorgSync] INFO   ============================================================
2026-09-24 22:13:30 [PcorgSync] INFO Sync terminee avec succes
2026-09-24 22:18:14 [PcorgSync] INFO Lancement sync incremental
2026-09-24 22:18:15 [PcorgSync] INFO     Messages SQL récupérés : 1
2026-09-24 22:18:15 [PcorgSync] INFO     Documents upsertés : 1
2026-09-24 22:18:15 [PcorgSync] INFO     Répartition par événement :
2026-09-24 22:18:15 [PcorgSync] INFO       24H CAMIONS 2026: 1
2026-09-24 22:18:15 [PcorgSync] INFO     Répartition par catégorie :
2026-09-24 22:18:15 [PcorgSync] INFO       PCS.Information: 1
2026-09-24 22:18:15 [PcorgSync] INFO     Curseur DateWrite : 2026-09-24 20:07:22.723000
2026-09-24 22:18:15 [PcorgSync] INFO     Config pcorg : aucune nouvelle valeur
2026-09-24 22:18:15 [PcorgSync] INFO     Total en base : 29596 docs (29596 attribués, 2687 avec GPS)
2026-09-24 22:18:15 [PcorgSync] INFO   ============================================================
2026-09-24 22:18:15 [PcorgSync] INFO Sync terminee avec succes
2026-09-24 22:23:44 [PcorgSync] INFO Lancement sync incremental
2026-09-24 22:23:45 [PcorgSync] INFO     Messages SQL récupérés : 1
2026-09-24 22:23:45 [PcorgSync] INFO     Documents upsertés : 1
2026-09-24 22:23:45 [PcorgSync] INFO     Répartition par événement :
2026-09-24 22:23:45 [PcorgSync] INFO       24H CAMIONS 2026: 1
2026-09-24 22:23:45 [PcorgSync] INFO     Répartition par catégorie :
2026-09-24 22:23:45 [PcorgSync] INFO       PCS.Information: 1
2026-09-24 22:23:45 [PcorgSync] INFO     Curseur DateWrite : 2026-09-24 20:07:22.723000
2026-09-24 22:23:45 [PcorgSync] INFO     Config pcorg : aucune nouvelle valeur
2026-09-24 22:23:45 [PcorgSync] INFO     Total en base : 29596 docs (29596 attribués, 2687 avec GPS)
2026-09-24 22:23:45 [PcorgSync] INFO   ============================================================
2026-09-24 22:23:45 [PcorgSync] INFO Sync terminee avec succes
2026-09-24 22:28:14 [PcorgSync] INFO Lancement sync incremental
2026-09-24 22:28:15 [PcorgSync] INFO     Messages SQL récupérés : 1
2026-09-24 22:28:15 [PcorgSync] INFO     Documents upsertés : 1
2026-09-24 22:28:15 [PcorgSync] INFO     Répartition par événement :
2026-09-24 22:28:15 [PcorgSync] INFO       24H CAMIONS 2026: 1
2026-09-24 22:28:15 [PcorgSync] INFO     Répartition par catégorie :
2026-09-24 22:28:15 [PcorgSync] INFO       PCS.Information: 1
2026-09-24 22:28:15 [PcorgSync] INFO     Curseur DateWrite : 2026-09-24 20:07:22.723000
2026-09-24 22:28:15 [PcorgSync] INFO     Config pcorg : aucune nouvelle valeur
2026-09-24 22:28:15 [PcorgSync] INFO     Total en base : 29596 docs (29596 attribués, 2687 avec GPS)
2026-09-24 22:28:15 [PcorgSync] INFO   ============================================================
2026-09-24 22:28:15 [PcorgSync] INFO Sync terminee avec succes
2026-09-24 22:33:14 [PcorgSync] INFO Lancement sync incremental
2026-09-24 22:33:15 [PcorgSync] INFO     Messages SQL récupérés : 1
2026-09-24 22:33:15 [PcorgSync] INFO     Documents upsertés : 1
2026-09-24 22:33:15 [PcorgSync] INFO     Répartition par événement :
2026-09-24 22:33:15 [PcorgSync] INFO       24H CAMIONS 2026: 1
2026-09-24 22:33:15 [PcorgSync] INFO     Répartition par catégorie :
2026-09-24 22:33:15 [PcorgSync] INFO       PCS.Information: 1
2026-09-24 22:33:15 [PcorgSync] INFO     Curseur DateWrite : 2026-09-24 20:07:22.723000
2026-09-24 22:33:15 [PcorgSync] INFO     Config pcorg : aucune nouvelle valeur
2026-09-24 22:33:15 [PcorgSync] INFO     Total en base : 29596 docs (29596 attribués, 2687 avec GPS)
2026-09-24 22:33:15 [PcorgSync] INFO   ============================================================
2026-09-24 22:33:15 [PcorgSync] INFO Sync terminee avec succes
2026-09-24 22:38:23 [PcorgSync] INFO Lancement sync incremental
2026-09-24 22:38:25 [PcorgSync] INFO     Messages SQL récupérés : 1
2026-09-24 22:38:25 [PcorgSync] INFO     Documents upsertés : 1
2026-09-24 22:38:25 [PcorgSync] INFO     Répartition par événement :
2026-09-24 22:38:25 [PcorgSync] INFO       24H CAMIONS 2026: 1
2026-09-24 22:38:25 [PcorgSync] INFO     Répartition par catégorie :
2026-09-24 22:38:25 [PcorgSync] INFO       PCS.Information: 1
2026-09-24 22:38:25 [PcorgSync] INFO     Curseur DateWrite : 2026-09-24 20:07:22.723000
2026-09-24 22:38:25 [PcorgSync] INFO     Config pcorg : aucune nouvelle valeur
2026-09-24 22:38:25 [PcorgSync] INFO     Total en base : 29596 docs (29596 attribués, 2687 avec GPS)
2026-09-24 22:38:25 [PcorgSync] INFO   ============================================================
2026-09-24 22:38:25 [PcorgSync] INFO Sync terminee avec succes
2026-09-24 22:43:38 [PcorgSync] INFO Lancement sync incremental
2026-09-24 22:43:40 [PcorgSync] INFO     Messages SQL récupérés : 1
2026-09-24 22:43:40 [PcorgSync] INFO     Documents upsertés : 1
2026-09-24 22:43:40 [PcorgSync] INFO     Répartition par événement :
2026-09-24 22:43:40 [PcorgSync] INFO       24H CAMIONS 2026: 1
2026-09-24 22:43:40 [PcorgSync] INFO     Répartition par catégorie :
2026-09-24 22:43:40 [PcorgSync] INFO       PCS.Information: 1
2026-09-24 22:43:40 [PcorgSync] INFO     Curseur DateWrite : 2026-09-24 20:07:22.723000
2026-09-24 22:43:40 [PcorgSync] INFO     Config pcorg : aucune nouvelle valeur
2026-09-24 22:43:40 [PcorgSync] INFO     Total en base : 29596 docs (29596 attribués, 2687 avec GPS)
2026-09-24 22:43:40 [PcorgSync] INFO   ============================================================
2026-09-24 22:43:40 [PcorgSync] INFO Sync terminee avec succes
2026-09-24 22:48:14 [PcorgSync] INFO Lancement sync incremental
2026-09-24 22:48:15 [PcorgSync] INFO     Messages SQL récupérés : 1
2026-09-24 22:48:15 [PcorgSync] INFO     Documents upsertés : 1
2026-09-24 22:48:15 [PcorgSync] INFO     Répartition par événement :
2026-09-24 22:48:15 [PcorgSync] INFO       24H CAMIONS 2026: 1
2026-09-24 22:48:15 [PcorgSync] INFO     Répartition par catégorie :
2026-09-24 22:48:15 [PcorgSync] INFO       PCS.Information: 1
2026-09-24 22:48:15 [PcorgSync] INFO     Curseur DateWrite : 2026-09-24 20:07:22.723000
2026-09-24 22:48:15 [PcorgSync] INFO     Config pcorg : aucune nouvelle valeur
2026-09-24 22:48:15 [PcorgSync] INFO     Total en base : 29596 docs (29596 attribués, 2687 avec GPS)
2026-09-24 22:48:15 [PcorgSync] INFO   ============================================================
2026-09-24 22:48:15 [PcorgSync] INFO Sync terminee avec succes
2026-09-24 22:53:29 [PcorgSync] INFO Lancement sync incremental
2026-09-24 22:53:30 [PcorgSync] INFO     Messages SQL récupérés : 1
2026-09-24 22:53:30 [PcorgSync] INFO     Documents upsertés : 1
2026-09-24 22:53:30 [PcorgSync] INFO     Répartition par événement :
2026-09-24 22:53:30 [PcorgSync] INFO       24H CAMIONS 2026: 1
2026-09-24 22:53:30 [PcorgSync] INFO     Répartition par catégorie :
2026-09-24 22:53:30 [PcorgSync] INFO       PCS.Information: 1
2026-09-24 22:53:30 [PcorgSync] INFO     Curseur DateWrite : 2026-09-24 20:07:22.723000
2026-09-24 22:53:30 [PcorgSync] INFO     Config pcorg : aucune nouvelle valeur
2026-09-24 22:53:30 [PcorgSync] INFO     Total en base : 29596 docs (29596 attribués, 2687 avec GPS)
2026-09-24 22:53:30 [PcorgSync] INFO   ============================================================
2026-09-24 22:53:30 [PcorgSync] INFO Sync terminee avec succes
2026-09-24 22:58:38 [PcorgSync] INFO Lancement sync incremental
2026-09-24 22:58:40 [PcorgSync] INFO     Messages SQL récupérés : 1
2026-09-24 22:58:40 [PcorgSync] INFO     Documents upsertés : 1
2026-09-24 22:58:40 [PcorgSync] INFO     Répartition par événement :
2026-09-24 22:58:40 [PcorgSync] INFO       24H CAMIONS 2026: 1
2026-09-24 22:58:40 [PcorgSync] INFO     Répartition par catégorie :
2026-09-24 22:58:40 [PcorgSync] INFO       PCS.Information: 1
2026-09-24 22:58:40 [PcorgSync] INFO     Curseur DateWrite : 2026-09-24 20:07:22.723000
2026-09-24 22:58:40 [PcorgSync] INFO     Config pcorg : aucune nouvelle valeur
2026-09-24 22:58:40 [PcorgSync] INFO     Total en base : 29596 docs (29596 attribués, 2687 avec GPS)
2026-09-24 22:58:40 [PcorgSync] INFO   ============================================================
2026-09-24 22:58:40 [PcorgSync] INFO Sync terminee avec succes
2026-09-24 23:03:14 [PcorgSync] INFO Lancement sync incremental
2026-09-24 23:03:15 [PcorgSync] INFO     Messages SQL récupérés : 1
2026-09-24 23:03:15 [PcorgSync] INFO     Documents upsertés : 1
2026-09-24 23:03:15 [PcorgSync] INFO     Répartition par événement :
2026-09-24 23:03:15 [PcorgSync] INFO       24H CAMIONS 2026: 1
2026-09-24 23:03:15 [PcorgSync] INFO     Répartition par catégorie :
2026-09-24 23:03:15 [PcorgSync] INFO       PCS.Information: 1
2026-09-24 23:03:15 [PcorgSync] INFO     Curseur DateWrite : 2026-09-24 20:07:22.723000
2026-09-24 23:03:15 [PcorgSync] INFO     Config pcorg : aucune nouvelle valeur
2026-09-24 23:03:15 [PcorgSync] INFO     Total en base : 29596 docs (29596 attribués, 2687 avec GPS)
2026-09-24 23:03:15 [PcorgSync] INFO   ============================================================
2026-09-24 23:03:15 [PcorgSync] INFO Sync terminee avec succes
2026-09-24 23:08:44 [PcorgSync] INFO Lancement sync incremental
2026-09-24 23:08:45 [PcorgSync] INFO     Messages SQL récupérés : 1
2026-09-24 23:08:45 [PcorgSync] INFO     Documents upsertés : 1
2026-09-24 23:08:45 [PcorgSync] INFO     Répartition par événement :
2026-09-24 23:08:45 [PcorgSync] INFO       24H CAMIONS 2026: 1
2026-09-24 23:08:45 [PcorgSync] INFO     Répartition par catégorie :
2026-09-24 23:08:45 [PcorgSync] INFO       PCS.Information: 1
2026-09-24 23:08:45 [PcorgSync] INFO     Curseur DateWrite : 2026-09-24 20:07:22.723000
2026-09-24 23:08:45 [PcorgSync] INFO     Config pcorg : aucune nouvelle valeur
2026-09-24 23:08:45 [PcorgSync] INFO     Total en base : 29596 docs (29596 attribués, 2687 avec GPS)
2026-09-24 23:08:45 [PcorgSync] INFO   ============================================================
2026-09-24 23:08:45 [PcorgSync] INFO Sync terminee avec succes
2026-09-24 23:13:38 [PcorgSync] INFO Lancement sync incremental
2026-09-24 23:13:40 [PcorgSync] INFO     Messages SQL récupérés : 1
2026-09-24 23:13:40 [PcorgSync] INFO     Documents upsertés : 1
2026-09-24 23:13:40 [PcorgSync] INFO     Répartition par événement :
2026-09-24 23:13:40 [PcorgSync] INFO       24H CAMIONS 2026: 1
2026-09-24 23:13:40 [PcorgSync] INFO     Répartition par catégorie :
2026-09-24 23:13:40 [PcorgSync] INFO       PCS.Information: 1
2026-09-24 23:13:40 [PcorgSync] INFO     Curseur DateWrite : 2026-09-24 20:07:22.723000
2026-09-24 23:13:40 [PcorgSync] INFO     Config pcorg : aucune nouvelle valeur
2026-09-24 23:13:40 [PcorgSync] INFO     Total en base : 29596 docs (29596 attribués, 2687 avec GPS)
2026-09-24 23:13:40 [PcorgSync] INFO   ============================================================
2026-09-24 23:13:40 [PcorgSync] INFO Sync terminee avec succes
2026-09-24 23:18:44 [PcorgSync] INFO Lancement sync incremental
2026-09-24 23:18:45 [PcorgSync] INFO     Messages SQL récupérés : 1
2026-09-24 23:18:45 [PcorgSync] INFO     Documents upsertés : 1
2026-09-24 23:18:45 [PcorgSync] INFO     Répartition par événement :
2026-09-24 23:18:45 [PcorgSync] INFO       24H CAMIONS 2026: 1
2026-09-24 23:18:45 [PcorgSync] INFO     Répartition par catégorie :
2026-09-24 23:18:45 [PcorgSync] INFO       PCS.Information: 1
2026-09-24 23:18:45 [PcorgSync] INFO     Curseur DateWrite : 2026-09-24 20:07:22.723000
2026-09-24 23:18:45 [PcorgSync] INFO     Config pcorg : aucune nouvelle valeur
2026-09-24 23:18:45 [PcorgSync] INFO     Total en base : 29596 docs (29596 attribués, 2687 avec GPS)
2026-09-24 23:18:45 [PcorgSync] INFO   ============================================================
2026-09-24 23:18:45 [PcorgSync] INFO Sync terminee avec succes
2026-09-24 23:23:44 [PcorgSync] INFO Lancement sync incremental
2026-09-24 23:23:45 [PcorgSync] INFO     Messages SQL récupérés : 1
2026-09-24 23:23:45 [PcorgSync] INFO     Documents upsertés : 1
2026-09-24 23:23:45 [PcorgSync] INFO     Répartition par événement :
2026-09-24 23:23:45 [PcorgSync] INFO       24H CAMIONS 2026: 1
2026-09-24 23:23:45 [PcorgSync] INFO     Répartition par catégorie :
2026-09-24 23:23:45 [PcorgSync] INFO       PCS.Information: 1
2026-09-24 23:23:45 [PcorgSync] INFO     Curseur DateWrite : 2026-09-24 20:07:22.723000
2026-09-24 23:23:45 [PcorgSync] INFO     Config pcorg : aucune nouvelle valeur
2026-09-24 23:23:45 [PcorgSync] INFO     Total en base : 29596 docs (29596 attribués, 2687 avec GPS)
2026-09-24 23:23:45 [PcorgSync] INFO   ============================================================
2026-09-24 23:23:45 [PcorgSync] INFO Sync terminee avec succes
2026-09-24 23:28:14 [PcorgSync] INFO Lancement sync incremental
2026-09-24 23:28:15 [PcorgSync] INFO     Messages SQL récupérés : 1
2026-09-24 23:28:15 [PcorgSync] INFO     Documents upsertés : 1
2026-09-24 23:28:15 [PcorgSync] INFO     Répartition par événement :
2026-09-24 23:28:15 [PcorgSync] INFO       24H CAMIONS 2026: 1
2026-09-24 23:28:15 [PcorgSync] INFO     Répartition par catégorie :
2026-09-24 23:28:15 [PcorgSync] INFO       PCS.Information: 1
2026-09-24 23:28:15 [PcorgSync] INFO     Curseur DateWrite : 2026-09-24 20:07:22.723000
2026-09-24 23:28:15 [PcorgSync] INFO     Config pcorg : aucune nouvelle valeur
2026-09-24 23:28:15 [PcorgSync] INFO     Total en base : 29596 docs (29596 attribués, 2687 avec GPS)
2026-09-24 23:28:15 [PcorgSync] INFO   ============================================================
2026-09-24 23:28:15 [PcorgSync] INFO Sync terminee avec succes
2026-09-24 23:33:14 [PcorgSync] INFO Lancement sync incremental
2026-09-24 23:33:15 [PcorgSync] INFO     Messages SQL récupérés : 1
2026-09-24 23:33:15 [PcorgSync] INFO     Documents upsertés : 1
2026-09-24 23:33:15 [PcorgSync] INFO     Répartition par événement :
2026-09-24 23:33:15 [PcorgSync] INFO       24H CAMIONS 2026: 1
2026-09-24 23:33:15 [PcorgSync] INFO     Répartition par catégorie :
2026-09-24 23:33:15 [PcorgSync] INFO       PCS.Information: 1
2026-09-24 23:33:15 [PcorgSync] INFO     Curseur DateWrite : 2026-09-24 20:07:22.723000
2026-09-24 23:33:15 [PcorgSync] INFO     Config pcorg : aucune nouvelle valeur
2026-09-24 23:33:15 [PcorgSync] INFO     Total en base : 29596 docs (29596 attribués, 2687 avec GPS)
2026-09-24 23:33:15 [PcorgSync] INFO   ============================================================
2026-09-24 23:33:15 [PcorgSync] INFO Sync terminee avec succes
2026-09-24 23:38:44 [PcorgSync] INFO Lancement sync incremental
2026-09-24 23:38:45 [PcorgSync] INFO     Messages SQL récupérés : 1
2026-09-24 23:38:45 [PcorgSync] INFO     Documents upsertés : 1
2026-09-24 23:38:45 [PcorgSync] INFO     Répartition par événement :
2026-09-24 23:38:45 [PcorgSync] INFO       24H CAMIONS 2026: 1
2026-09-24 23:38:45 [PcorgSync] INFO     Répartition par catégorie :
2026-09-24 23:38:45 [PcorgSync] INFO       PCS.Information: 1
2026-09-24 23:38:45 [PcorgSync] INFO     Curseur DateWrite : 2026-09-24 20:07:22.723000
2026-09-24 23:38:45 [PcorgSync] INFO     Config pcorg : aucune nouvelle valeur
2026-09-24 23:38:45 [PcorgSync] INFO     Total en base : 29596 docs (29596 attribués, 2687 avec GPS)
2026-09-24 23:38:45 [PcorgSync] INFO   ============================================================
2026-09-24 23:38:45 [PcorgSync] INFO Sync terminee avec succes
2026-09-24 23:43:38 [PcorgSync] INFO Lancement sync incremental
2026-09-24 23:43:40 [PcorgSync] INFO     Messages SQL récupérés : 1
2026-09-24 23:43:40 [PcorgSync] INFO     Documents upsertés : 1
2026-09-24 23:43:40 [PcorgSync] INFO     Répartition par événement :
2026-09-24 23:43:40 [PcorgSync] INFO       24H CAMIONS 2026: 1
2026-09-24 23:43:40 [PcorgSync] INFO     Répartition par catégorie :
2026-09-24 23:43:40 [PcorgSync] INFO       PCS.Information: 1
2026-09-24 23:43:40 [PcorgSync] INFO     Curseur DateWrite : 2026-09-24 20:07:22.723000
2026-09-24 23:43:40 [PcorgSync] INFO     Config pcorg : aucune nouvelle valeur
2026-09-24 23:43:40 [PcorgSync] INFO     Total en base : 29596 docs (29596 attribués, 2687 avec GPS)
2026-09-24 23:43:40 [PcorgSync] INFO   ============================================================
2026-09-24 23:43:40 [PcorgSync] INFO Sync terminee avec succes
2026-09-24 23:48:14 [PcorgSync] INFO Lancement sync incremental
2026-09-24 23:48:15 [PcorgSync] INFO     Documents upsertés : 2
2026-09-24 23:48:15 [PcorgSync] INFO     Répartition par événement :
2026-09-24 23:48:15 [PcorgSync] INFO       24H CAMIONS 2026: 2
2026-09-24 23:48:15 [PcorgSync] INFO     Répartition par catégorie :
2026-09-24 23:48:15 [PcorgSync] INFO       PCS.Information: 1
2026-09-24 23:48:15 [PcorgSync] INFO       PCO.Fourriere: 1
2026-09-24 23:48:15 [PcorgSync] INFO     Curseur DateWrite : 2026-09-24 21:43:44.663000
2026-09-24 23:48:15 [PcorgSync] INFO     Config pcorg : aucune nouvelle valeur
2026-09-24 23:48:15 [PcorgSync] INFO     Total en base : 29596 docs (29596 attribués, 2687 avec GPS)
2026-09-24 23:48:15 [PcorgSync] INFO   ============================================================
2026-09-24 23:48:15 [PcorgSync] INFO Sync terminee avec succes
2026-09-24 23:53:44 [PcorgSync] INFO Lancement sync incremental
2026-09-24 23:53:45 [PcorgSync] INFO     Messages SQL récupérés : 1
2026-09-24 23:53:45 [PcorgSync] INFO     Documents upsertés : 1
2026-09-24 23:53:45 [PcorgSync] INFO     Répartition par événement :
2026-09-24 23:53:45 [PcorgSync] INFO       24H CAMIONS 2026: 1
2026-09-24 23:53:45 [PcorgSync] INFO     Répartition par catégorie :
2026-09-24 23:53:45 [PcorgSync] INFO       PCO.Fourriere: 1
2026-09-24 23:53:45 [PcorgSync] INFO     Curseur DateWrite : 2026-09-24 21:43:44.663000
2026-09-24 23:53:45 [PcorgSync] INFO     Config pcorg : aucune nouvelle valeur
2026-09-24 23:53:45 [PcorgSync] INFO     Total en base : 29596 docs (29596 attribués, 2687 avec GPS)
2026-09-24 23:53:45 [PcorgSync] INFO   ============================================================
2026-09-24 23:53:45 [PcorgSync] INFO Sync terminee avec succes
2026-09-24 23:58:14 [PcorgSync] INFO Lancement sync incremental
2026-09-24 23:58:15 [PcorgSync] INFO     Messages SQL récupérés : 1
2026-09-24 23:58:15 [PcorgSync] INFO     Documents upsertés : 1
2026-09-24 23:58:15 [PcorgSync] INFO     Répartition par événement :
2026-09-24 23:58:15 [PcorgSync] INFO       24H CAMIONS 2026: 1
2026-09-24 23:58:15 [PcorgSync] INFO     Répartition par catégorie :
2026-09-24 23:58:15 [PcorgSync] INFO       PCO.Fourriere: 1
2026-09-24 23:58:15 [PcorgSync] INFO     Curseur DateWrite : 2026-09-24 21:43:44.663000
2026-09-24 23:58:15 [PcorgSync] INFO     Config pcorg : aucune nouvelle valeur
2026-09-24 23:58:15 [PcorgSync] INFO     Total en base : 29596 docs (29596 attribués, 2687 avec GPS)
2026-09-24 23:58:15 [PcorgSync] INFO   ============================================================
2026-09-24 23:58:15 [PcorgSync] INFO Sync terminee avec succes
2026-09-25 00:03:23 [PcorgSync] INFO Lancement sync incremental
2026-09-25 00:03:25 [PcorgSync] INFO     Messages SQL récupérés : 1
2026-09-25 00:03:25 [PcorgSync] INFO     Documents upsertés : 1
2026-09-25 00:03:25 [PcorgSync] INFO     Répartition par événement :
2026-09-25 00:03:25 [PcorgSync] INFO       24H CAMIONS 2026: 1
2026-09-25 00:03:25 [PcorgSync] INFO     Répartition par catégorie :
2026-09-25 00:03:25 [PcorgSync] INFO       PCO.Fourriere: 1
2026-09-25 00:03:25 [PcorgSync] INFO     Curseur DateWrite : 2026-09-24 21:43:44.663000
2026-09-25 00:03:25 [PcorgSync] INFO     Config pcorg : aucune nouvelle valeur
2026-09-25 00:03:25 [PcorgSync] INFO     Total en base : 29596 docs (29596 attribués, 2687 avec GPS)
2026-09-25 00:03:25 [PcorgSync] INFO   ============================================================
2026-09-25 00:03:25 [PcorgSync] INFO Sync terminee avec succes
2026-09-25 00:08:38 [PcorgSync] INFO Lancement sync incremental
2026-09-25 00:08:40 [PcorgSync] INFO     Messages SQL récupérés : 1
2026-09-25 00:08:40 [PcorgSync] INFO     Documents upsertés : 1
2026-09-25 00:08:40 [PcorgSync] INFO     Répartition par événement :
2026-09-25 00:08:40 [PcorgSync] INFO       24H CAMIONS 2026: 1
2026-09-25 00:08:40 [PcorgSync] INFO     Répartition par catégorie :
2026-09-25 00:08:40 [PcorgSync] INFO       PCO.Fourriere: 1
2026-09-25 00:08:40 [PcorgSync] INFO     Curseur DateWrite : 2026-09-24 21:43:44.663000
2026-09-25 00:08:40 [PcorgSync] INFO     Config pcorg : aucune nouvelle valeur
2026-09-25 00:08:40 [PcorgSync] INFO     Total en base : 29596 docs (29596 attribués, 2687 avec GPS)
2026-09-25 00:08:40 [PcorgSync] INFO   ============================================================
2026-09-25 00:08:40 [PcorgSync] INFO Sync terminee avec succes
2026-09-25 00:13:38 [PcorgSync] INFO Lancement sync incremental
2026-09-25 00:13:40 [PcorgSync] INFO     Messages SQL récupérés : 1
2026-09-25 00:13:40 [PcorgSync] INFO     Documents upsertés : 1
2026-09-25 00:13:40 [PcorgSync] INFO     Répartition par événement :
2026-09-25 00:13:40 [PcorgSync] INFO       24H CAMIONS 2026: 1
2026-09-25 00:13:40 [PcorgSync] INFO     Répartition par catégorie :
2026-09-25 00:13:40 [PcorgSync] INFO       PCO.Fourriere: 1
2026-09-25 00:13:40 [PcorgSync] INFO     Curseur DateWrite : 2026-09-24 21:43:44.663000
2026-09-25 00:13:40 [PcorgSync] INFO     Config pcorg : aucune nouvelle valeur
2026-09-25 00:13:40 [PcorgSync] INFO     Total en base : 29596 docs (29596 attribués, 2687 avec GPS)
2026-09-25 00:13:40 [PcorgSync] INFO   ============================================================
2026-09-25 00:13:40 [PcorgSync] INFO Sync terminee avec succes
2026-09-25 00:18:29 [PcorgSync] INFO Lancement sync incremental
2026-09-25 00:18:30 [PcorgSync] INFO     Messages SQL récupérés : 1
2026-09-25 00:18:30 [PcorgSync] INFO     Documents upsertés : 1
2026-09-25 00:18:30 [PcorgSync] INFO     Répartition par événement :
2026-09-25 00:18:30 [PcorgSync] INFO       24H CAMIONS 2026: 1
2026-09-25 00:18:30 [PcorgSync] INFO     Répartition par catégorie :
2026-09-25 00:18:30 [PcorgSync] INFO       PCO.Fourriere: 1
2026-09-25 00:18:30 [PcorgSync] INFO     Curseur DateWrite : 2026-09-24 21:43:44.663000
2026-09-25 00:18:30 [PcorgSync] INFO     Config pcorg : aucune nouvelle valeur
2026-09-25 00:18:30 [PcorgSync] INFO     Total en base : 29596 docs (29596 attribués, 2687 avec GPS)
2026-09-25 00:18:30 [PcorgSync] INFO   ============================================================
2026-09-25 00:18:30 [PcorgSync] INFO Sync terminee avec succes
2026-09-25 00:23:38 [PcorgSync] INFO Lancement sync incremental
2026-09-25 00:23:40 [PcorgSync] INFO     Messages SQL récupérés : 1
2026-09-25 00:23:40 [PcorgSync] INFO     Documents upsertés : 1
2026-09-25 00:23:40 [PcorgSync] INFO     Répartition par événement :
2026-09-25 00:23:40 [PcorgSync] INFO       24H CAMIONS 2026: 1
2026-09-25 00:23:40 [PcorgSync] INFO     Répartition par catégorie :
2026-09-25 00:23:40 [PcorgSync] INFO       PCO.Fourriere: 1
2026-09-25 00:23:40 [PcorgSync] INFO     Curseur DateWrite : 2026-09-24 21:43:44.663000
2026-09-25 00:23:40 [PcorgSync] INFO     Config pcorg : aucune nouvelle valeur
2026-09-25 00:23:40 [PcorgSync] INFO     Total en base : 29596 docs (29596 attribués, 2687 avec GPS)
2026-09-25 00:23:40 [PcorgSync] INFO   ============================================================
2026-09-25 00:23:40 [PcorgSync] INFO Sync terminee avec succes
2026-09-25 00:28:38 [PcorgSync] INFO Lancement sync incremental
2026-09-25 00:28:40 [PcorgSync] INFO     Messages SQL récupérés : 1
2026-09-25 00:28:40 [PcorgSync] INFO     Documents upsertés : 1
2026-09-25 00:28:40 [PcorgSync] INFO     Répartition par événement :
2026-09-25 00:28:40 [PcorgSync] INFO       24H CAMIONS 2026: 1
2026-09-25 00:28:40 [PcorgSync] INFO     Répartition par catégorie :
2026-09-25 00:28:40 [PcorgSync] INFO       PCO.Fourriere: 1
2026-09-25 00:28:40 [PcorgSync] INFO     Curseur DateWrite : 2026-09-24 21:43:44.663000
2026-09-25 00:28:40 [PcorgSync] INFO     Config pcorg : aucune nouvelle valeur
2026-09-25 00:28:40 [PcorgSync] INFO     Total en base : 29596 docs (29596 attribués, 2687 avec GPS)
2026-09-25 00:28:40 [PcorgSync] INFO   ============================================================
2026-09-25 00:28:40 [PcorgSync] INFO Sync terminee avec succes
2026-09-25 00:33:14 [PcorgSync] INFO Lancement sync incremental
2026-09-25 00:33:15 [PcorgSync] INFO     Messages SQL récupérés : 1
2026-09-25 00:33:15 [PcorgSync] INFO     Documents upsertés : 1
2026-09-25 00:33:15 [PcorgSync] INFO     Répartition par événement :
2026-09-25 00:33:15 [PcorgSync] INFO       24H CAMIONS 2026: 1
2026-09-25 00:33:15 [PcorgSync] INFO     Répartition par catégorie :
2026-09-25 00:33:15 [PcorgSync] INFO       PCO.Fourriere: 1
2026-09-25 00:33:15 [PcorgSync] INFO     Curseur DateWrite : 2026-09-24 21:43:44.663000
2026-09-25 00:33:15 [PcorgSync] INFO     Config pcorg : aucune nouvelle valeur
2026-09-25 00:33:15 [PcorgSync] INFO     Total en base : 29596 docs (29596 attribués, 2687 avec GPS)
2026-09-25 00:33:15 [PcorgSync] INFO   ============================================================
2026-09-25 00:33:15 [PcorgSync] INFO Sync terminee avec succes
2026-09-25 00:38:14 [PcorgSync] INFO Lancement sync incremental
2026-09-25 00:38:15 [PcorgSync] INFO     Messages SQL récupérés : 1
2026-09-25 00:38:15 [PcorgSync] INFO     Documents upsertés : 1
2026-09-25 00:38:15 [PcorgSync] INFO     Répartition par événement :
2026-09-25 00:38:15 [PcorgSync] INFO       24H CAMIONS 2026: 1
2026-09-25 00:38:15 [PcorgSync] INFO     Répartition par catégorie :
2026-09-25 00:38:15 [PcorgSync] INFO       PCO.Fourriere: 1
2026-09-25 00:38:15 [PcorgSync] INFO     Curseur DateWrite : 2026-09-24 21:43:44.663000
2026-09-25 00:38:15 [PcorgSync] INFO     Config pcorg : aucune nouvelle valeur
2026-09-25 00:38:15 [PcorgSync] INFO     Total en base : 29596 docs (29596 attribués, 2687 avec GPS)
2026-09-25 00:38:15 [PcorgSync] INFO   ============================================================
2026-09-25 00:38:15 [PcorgSync] INFO Sync terminee avec succes
2026-09-25 00:43:23 [PcorgSync] INFO Lancement sync incremental
2026-09-25 00:43:25 [PcorgSync] INFO     Messages SQL récupérés : 1
2026-09-25 00:43:25 [PcorgSync] INFO     Documents upsertés : 1
2026-09-25 00:43:25 [PcorgSync] INFO     Répartition par événement :
2026-09-25 00:43:25 [PcorgSync] INFO       24H CAMIONS 2026: 1
2026-09-25 00:43:25 [PcorgSync] INFO     Répartition par catégorie :
2026-09-25 00:43:25 [PcorgSync] INFO       PCO.Fourriere: 1
2026-09-25 00:43:25 [PcorgSync] INFO     Curseur DateWrite : 2026-09-24 21:43:44.663000
2026-09-25 00:43:25 [PcorgSync] INFO     Config pcorg : aucune nouvelle valeur
2026-09-25 00:43:25 [PcorgSync] INFO     Total en base : 29596 docs (29596 attribués, 2687 avec GPS)
2026-09-25 00:43:25 [PcorgSync] INFO   ============================================================
2026-09-25 00:43:25 [PcorgSync] INFO Sync terminee avec succes
2026-09-25 00:48:14 [PcorgSync] INFO Lancement sync incremental
2026-09-25 00:48:15 [PcorgSync] INFO     Messages SQL récupérés : 1
2026-09-25 00:48:15 [PcorgSync] INFO     Documents upsertés : 1
2026-09-25 00:48:15 [PcorgSync] INFO     Répartition par événement :
2026-09-25 00:48:15 [PcorgSync] INFO       24H CAMIONS 2026: 1
2026-09-25 00:48:15 [PcorgSync] INFO     Répartition par catégorie :
2026-09-25 00:48:15 [PcorgSync] INFO       PCO.Fourriere: 1
2026-09-25 00:48:15 [PcorgSync] INFO     Curseur DateWrite : 2026-09-24 21:43:44.663000
2026-09-25 00:48:15 [PcorgSync] INFO     Config pcorg : aucune nouvelle valeur
2026-09-25 00:48:15 [PcorgSync] INFO     Total en base : 29596 docs (29596 attribués, 2687 avec GPS)
2026-09-25 00:48:15 [PcorgSync] INFO   ============================================================
2026-09-25 00:48:15 [PcorgSync] INFO Sync terminee avec succes
2026-09-25 00:53:44 [PcorgSync] INFO Lancement sync incremental
2026-09-25 00:53:45 [PcorgSync] INFO     Messages SQL récupérés : 1
2026-09-25 00:53:45 [PcorgSync] INFO     Documents upsertés : 1
2026-09-25 00:53:45 [PcorgSync] INFO     Répartition par événement :
2026-09-25 00:53:45 [PcorgSync] INFO       24H CAMIONS 2026: 1
2026-09-25 00:53:45 [PcorgSync] INFO     Répartition par catégorie :
2026-09-25 00:53:45 [PcorgSync] INFO       PCO.Fourriere: 1
2026-09-25 00:53:45 [PcorgSync] INFO     Curseur DateWrite : 2026-09-24 21:43:44.663000
2026-09-25 00:53:45 [PcorgSync] INFO     Config pcorg : aucune nouvelle valeur
2026-09-25 00:53:45 [PcorgSync] INFO     Total en base : 29596 docs (29596 attribués, 2687 avec GPS)
2026-09-25 00:53:45 [PcorgSync] INFO   ============================================================
2026-09-25 00:53:45 [PcorgSync] INFO Sync terminee avec succes
2026-09-25 00:58:14 [PcorgSync] INFO Lancement sync incremental
2026-09-25 00:58:15 [PcorgSync] INFO     Messages SQL récupérés : 1
2026-09-25 00:58:15 [PcorgSync] INFO     Documents upsertés : 1
2026-09-25 00:58:15 [PcorgSync] INFO     Répartition par événement :
2026-09-25 00:58:15 [PcorgSync] INFO       24H CAMIONS 2026: 1
2026-09-25 00:58:15 [PcorgSync] INFO     Répartition par catégorie :
2026-09-25 00:58:15 [PcorgSync] INFO       PCO.Fourriere: 1
2026-09-25 00:58:15 [PcorgSync] INFO     Curseur DateWrite : 2026-09-24 21:43:44.663000
2026-09-25 00:58:15 [PcorgSync] INFO     Config pcorg : aucune nouvelle valeur
2026-09-25 00:58:15 [PcorgSync] INFO     Total en base : 29596 docs (29596 attribués, 2687 avec GPS)
2026-09-25 00:58:15 [PcorgSync] INFO   ============================================================
2026-09-25 00:58:15 [PcorgSync] INFO Sync terminee avec succes
2026-09-25 01:03:14 [PcorgSync] INFO Lancement sync incremental
2026-09-25 01:03:15 [PcorgSync] INFO     Messages SQL récupérés : 1
2026-09-25 01:03:15 [PcorgSync] INFO     Documents upsertés : 1
2026-09-25 01:03:15 [PcorgSync] INFO     Répartition par événement :
2026-09-25 01:03:15 [PcorgSync] INFO       24H CAMIONS 2026: 1
2026-09-25 01:03:15 [PcorgSync] INFO     Répartition par catégorie :
2026-09-25 01:03:15 [PcorgSync] INFO       PCO.Fourriere: 1
2026-09-25 01:03:15 [PcorgSync] INFO     Curseur DateWrite : 2026-09-24 21:43:44.663000
2026-09-25 01:03:15 [PcorgSync] INFO     Config pcorg : aucune nouvelle valeur
2026-09-25 01:03:15 [PcorgSync] INFO     Total en base : 29596 docs (29596 attribués, 2687 avec GPS)
2026-09-25 01:03:15 [PcorgSync] INFO   ============================================================
2026-09-25 01:03:15 [PcorgSync] INFO Sync terminee avec succes
2026-09-25 01:08:44 [PcorgSync] INFO Lancement sync incremental
2026-09-25 01:08:45 [PcorgSync] INFO     Messages SQL récupérés : 1
2026-09-25 01:08:45 [PcorgSync] INFO     Documents upsertés : 1
2026-09-25 01:08:45 [PcorgSync] INFO     Répartition par événement :
2026-09-25 01:08:45 [PcorgSync] INFO       24H CAMIONS 2026: 1
2026-09-25 01:08:45 [PcorgSync] INFO     Répartition par catégorie :
2026-09-25 01:08:45 [PcorgSync] INFO       PCO.Fourriere: 1
2026-09-25 01:08:45 [PcorgSync] INFO     Curseur DateWrite : 2026-09-24 21:43:44.663000
2026-09-25 01:08:45 [PcorgSync] INFO     Config pcorg : aucune nouvelle valeur
2026-09-25 01:08:45 [PcorgSync] INFO     Total en base : 29596 docs (29596 attribués, 2687 avec GPS)
2026-09-25 01:08:45 [PcorgSync] INFO   ============================================================
2026-09-25 01:08:45 [PcorgSync] INFO Sync terminee avec succes
2026-09-25 01:13:38 [PcorgSync] INFO Lancement sync incremental
2026-09-25 01:13:40 [PcorgSync] INFO     Messages SQL récupérés : 1
2026-09-25 01:13:40 [PcorgSync] INFO     Documents upsertés : 1
2026-09-25 01:13:40 [PcorgSync] INFO     Répartition par événement :
2026-09-25 01:13:40 [PcorgSync] INFO       24H CAMIONS 2026: 1
2026-09-25 01:13:40 [PcorgSync] INFO     Répartition par catégorie :
2026-09-25 01:13:40 [PcorgSync] INFO       PCO.Fourriere: 1
2026-09-25 01:13:40 [PcorgSync] INFO     Curseur DateWrite : 2026-09-24 21:43:44.663000
2026-09-25 01:13:40 [PcorgSync] INFO     Config pcorg : aucune nouvelle valeur
2026-09-25 01:13:40 [PcorgSync] INFO     Total en base : 29596 docs (29596 attribués, 2687 avec GPS)
2026-09-25 01:13:40 [PcorgSync] INFO   ============================================================
2026-09-25 01:13:40 [PcorgSync] INFO Sync terminee avec succes
2026-09-25 01:18:14 [PcorgSync] INFO Lancement sync incremental
2026-09-25 01:18:15 [PcorgSync] INFO     Messages SQL récupérés : 1
2026-09-25 01:18:15 [PcorgSync] INFO     Documents upsertés : 1
2026-09-25 01:18:15 [PcorgSync] INFO     Répartition par événement :
2026-09-25 01:18:15 [PcorgSync] INFO       24H CAMIONS 2026: 1
2026-09-25 01:18:15 [PcorgSync] INFO     Répartition par catégorie :
2026-09-25 01:18:15 [PcorgSync] INFO       PCO.Fourriere: 1
2026-09-25 01:18:15 [PcorgSync] INFO     Curseur DateWrite : 2026-09-24 21:43:44.663000
2026-09-25 01:18:15 [PcorgSync] INFO     Config pcorg : aucune nouvelle valeur
2026-09-25 01:18:15 [PcorgSync] INFO     Total en base : 29596 docs (29596 attribués, 2687 avec GPS)
2026-09-25 01:18:15 [PcorgSync] INFO   ============================================================
2026-09-25 01:18:15 [PcorgSync] INFO Sync terminee avec succes
2026-09-25 01:23:44 [PcorgSync] INFO Lancement sync incremental
2026-09-25 01:23:46 [PcorgSync] INFO     Messages SQL récupérés : 1
2026-09-25 01:23:46 [PcorgSync] INFO     Documents upsertés : 1
2026-09-25 01:23:46 [PcorgSync] INFO     Répartition par événement :
2026-09-25 01:23:46 [PcorgSync] INFO       24H CAMIONS 2026: 1
2026-09-25 01:23:46 [PcorgSync] INFO     Répartition par catégorie :
2026-09-25 01:23:46 [PcorgSync] INFO       PCO.Fourriere: 1
2026-09-25 01:23:46 [PcorgSync] INFO     Curseur DateWrite : 2026-09-24 21:43:44.663000
2026-09-25 01:23:46 [PcorgSync] INFO     Config pcorg : aucune nouvelle valeur
2026-09-25 01:23:46 [PcorgSync] INFO     Total en base : 29596 docs (29596 attribués, 2687 avec GPS)
2026-09-25 01:23:46 [PcorgSync] INFO   ============================================================
2026-09-25 01:23:46 [PcorgSync] INFO Sync terminee avec succes
2026-09-25 01:28:14 [PcorgSync] INFO Lancement sync incremental
2026-09-25 01:28:15 [PcorgSync] INFO     Messages SQL récupérés : 1
2026-09-25 01:28:15 [PcorgSync] INFO     Documents upsertés : 1
2026-09-25 01:28:15 [PcorgSync] INFO     Répartition par événement :
2026-09-25 01:28:15 [PcorgSync] INFO       24H CAMIONS 2026: 1
2026-09-25 01:28:15 [PcorgSync] INFO     Répartition par catégorie :
2026-09-25 01:28:15 [PcorgSync] INFO       PCO.Fourriere: 1
2026-09-25 01:28:15 [PcorgSync] INFO     Curseur DateWrite : 2026-09-24 21:43:44.663000
2026-09-25 01:28:15 [PcorgSync] INFO     Config pcorg : aucune nouvelle valeur
2026-09-25 01:28:15 [PcorgSync] INFO     Total en base : 29596 docs (29596 attribués, 2687 avec GPS)
2026-09-25 01:28:15 [PcorgSync] INFO   ============================================================
2026-09-25 01:28:15 [PcorgSync] INFO Sync terminee avec succes
2026-09-25 01:33:14 [PcorgSync] INFO Lancement sync incremental
2026-09-25 01:33:16 [PcorgSync] INFO     Messages SQL récupérés : 1
2026-09-25 01:33:16 [PcorgSync] INFO     Documents upsertés : 1
2026-09-25 01:33:16 [PcorgSync] INFO     Répartition par événement :
2026-09-25 01:33:16 [PcorgSync] INFO       24H CAMIONS 2026: 1
2026-09-25 01:33:16 [PcorgSync] INFO     Répartition par catégorie :
2026-09-25 01:33:16 [PcorgSync] INFO       PCO.Fourriere: 1
2026-09-25 01:33:16 [PcorgSync] INFO     Curseur DateWrite : 2026-09-24 21:43:44.663000
2026-09-25 01:33:16 [PcorgSync] INFO     Config pcorg : aucune nouvelle valeur
2026-09-25 01:33:16 [PcorgSync] INFO     Total en base : 29596 docs (29596 attribués, 2687 avec GPS)
2026-09-25 01:33:16 [PcorgSync] INFO   ============================================================
2026-09-25 01:33:16 [PcorgSync] INFO Sync terminee avec succes
2026-09-25 01:38:44 [PcorgSync] INFO Lancement sync incremental
2026-09-25 01:38:45 [PcorgSync] INFO     Messages SQL récupérés : 1
2026-09-25 01:38:45 [PcorgSync] INFO     Documents upsertés : 1
2026-09-25 01:38:45 [PcorgSync] INFO     Répartition par événement :
2026-09-25 01:38:45 [PcorgSync] INFO       24H CAMIONS 2026: 1
2026-09-25 01:38:45 [PcorgSync] INFO     Répartition par catégorie :
2026-09-25 01:38:45 [PcorgSync] INFO       PCO.Fourriere: 1
2026-09-25 01:38:45 [PcorgSync] INFO     Curseur DateWrite : 2026-09-24 21:43:44.663000
2026-09-25 01:38:45 [PcorgSync] INFO     Config pcorg : aucune nouvelle valeur
2026-09-25 01:38:45 [PcorgSync] INFO     Total en base : 29596 docs (29596 attribués, 2687 avec GPS)
2026-09-25 01:38:45 [PcorgSync] INFO   ============================================================
2026-09-25 01:38:45 [PcorgSync] INFO Sync terminee avec succes
2026-09-25 01:43:38 [PcorgSync] INFO Lancement sync incremental
2026-09-25 01:43:40 [PcorgSync] INFO     Messages SQL récupérés : 1
2026-09-25 01:43:40 [PcorgSync] INFO     Documents upsertés : 1
2026-09-25 01:43:40 [PcorgSync] INFO     Répartition par événement :
2026-09-25 01:43:40 [PcorgSync] INFO       24H CAMIONS 2026: 1
2026-09-25 01:43:40 [PcorgSync] INFO     Répartition par catégorie :
2026-09-25 01:43:40 [PcorgSync] INFO       PCO.Fourriere: 1
2026-09-25 01:43:40 [PcorgSync] INFO     Curseur DateWrite : 2026-09-24 21:43:44.663000
2026-09-25 01:43:40 [PcorgSync] INFO     Config pcorg : aucune nouvelle valeur
2026-09-25 01:43:40 [PcorgSync] INFO     Total en base : 29596 docs (29596 attribués, 2687 avec GPS)
2026-09-25 01:43:40 [PcorgSync] INFO   ============================================================
2026-09-25 01:43:40 [PcorgSync] INFO Sync terminee avec succes
2026-09-25 01:48:44 [PcorgSync] INFO Lancement sync incremental
2026-09-25 01:48:45 [PcorgSync] INFO     Messages SQL récupérés : 1
2026-09-25 01:48:45 [PcorgSync] INFO     Documents upsertés : 1
2026-09-25 01:48:45 [PcorgSync] INFO     Répartition par événement :
2026-09-25 01:48:45 [PcorgSync] INFO       24H CAMIONS 2026: 1
2026-09-25 01:48:45 [PcorgSync] INFO     Répartition par catégorie :
2026-09-25 01:48:45 [PcorgSync] INFO       PCO.Fourriere: 1
2026-09-25 01:48:45 [PcorgSync] INFO     Curseur DateWrite : 2026-09-24 21:43:44.663000
2026-09-25 01:48:45 [PcorgSync] INFO     Config pcorg : aucune nouvelle valeur
2026-09-25 01:48:45 [PcorgSync] INFO     Total en base : 29596 docs (29596 attribués, 2687 avec GPS)
2026-09-25 01:48:45 [PcorgSync] INFO   ============================================================
2026-09-25 01:48:45 [PcorgSync] INFO Sync terminee avec succes
2026-09-25 01:53:38 [PcorgSync] INFO Lancement sync incremental
2026-09-25 01:53:40 [PcorgSync] INFO     Messages SQL récupérés : 1
2026-09-25 01:53:40 [PcorgSync] INFO     Documents upsertés : 1
2026-09-25 01:53:40 [PcorgSync] INFO     Répartition par événement :
2026-09-25 01:53:40 [PcorgSync] INFO       24H CAMIONS 2026: 1
2026-09-25 01:53:40 [PcorgSync] INFO     Répartition par catégorie :
2026-09-25 01:53:40 [PcorgSync] INFO       PCO.Fourriere: 1
2026-09-25 01:53:40 [PcorgSync] INFO     Curseur DateWrite : 2026-09-24 21:43:44.663000
2026-09-25 01:53:40 [PcorgSync] INFO     Config pcorg : aucune nouvelle valeur
2026-09-25 01:53:40 [PcorgSync] INFO     Total en base : 29596 docs (29596 attribués, 2687 avec GPS)
2026-09-25 01:53:40 [PcorgSync] INFO   ============================================================
2026-09-25 01:53:40 [PcorgSync] INFO Sync terminee avec succes
2026-09-25 01:58:23 [PcorgSync] INFO Lancement sync incremental
2026-09-25 01:58:25 [PcorgSync] INFO     Documents upsertés : 2
2026-09-25 01:58:25 [PcorgSync] INFO     Répartition par événement :
2026-09-25 01:58:25 [PcorgSync] INFO       24H CAMIONS 2026: 2
2026-09-25 01:58:25 [PcorgSync] INFO     Répartition par catégorie :
2026-09-25 01:58:25 [PcorgSync] INFO       PCO.Fourriere: 1
2026-09-25 01:58:25 [PcorgSync] INFO       PCS.Surete: 1
2026-09-25 01:58:25 [PcorgSync] INFO     Curseur DateWrite : 2026-09-24 23:57:11.970000
2026-09-25 01:58:25 [PcorgSync] INFO     Config pcorg : aucune nouvelle valeur
2026-09-25 01:58:25 [PcorgSync] INFO     Total en base : 29597 docs (29597 attribués, 2687 avec GPS)
2026-09-25 01:58:25 [PcorgSync] INFO   ============================================================
2026-09-25 01:58:25 [PcorgSync] INFO Sync terminee avec succes
2026-09-25 02:03:39 [PcorgSync] INFO Lancement sync incremental
2026-09-25 02:03:41 [PcorgSync] INFO     Messages SQL récupérés : 1
2026-09-25 02:03:41 [PcorgSync] INFO     Documents upsertés : 1
2026-09-25 02:03:41 [PcorgSync] INFO     Répartition par événement :
2026-09-25 02:03:41 [PcorgSync] INFO       24H CAMIONS 2026: 1
2026-09-25 02:03:41 [PcorgSync] INFO     Répartition par catégorie :
2026-09-25 02:03:41 [PcorgSync] INFO       PCS.Surete: 1
2026-09-25 02:03:41 [PcorgSync] INFO     Curseur DateWrite : 2026-09-24 23:58:25.233000
2026-09-25 02:03:41 [PcorgSync] INFO     Config pcorg : aucune nouvelle valeur
2026-09-25 02:03:41 [PcorgSync] INFO     Total en base : 29598 docs (29598 attribués, 2687 avec GPS)
2026-09-25 02:03:41 [PcorgSync] INFO   ============================================================
2026-09-25 02:03:41 [PcorgSync] INFO Sync terminee avec succes
2026-09-25 02:08:44 [PcorgSync] INFO Lancement sync incremental
2026-09-25 02:08:46 [PcorgSync] INFO     Messages SQL récupérés : 3
2026-09-25 02:08:46 [PcorgSync] INFO     Documents upsertés : 3
2026-09-25 02:08:46 [PcorgSync] INFO     Répartition par événement :
2026-09-25 02:08:46 [PcorgSync] INFO       24H CAMIONS 2026: 3
2026-09-25 02:08:46 [PcorgSync] INFO     Répartition par catégorie :
2026-09-25 02:08:46 [PcorgSync] INFO       PCS.Surete: 3
2026-09-25 02:08:46 [PcorgSync] INFO     Curseur DateWrite : 2026-09-25 00:07:49.950000
2026-09-25 02:08:46 [PcorgSync] INFO     Config pcorg : aucune nouvelle valeur
2026-09-25 02:08:46 [PcorgSync] INFO     Total en base : 29600 docs (29600 attribués, 2687 avec GPS)
2026-09-25 02:08:46 [PcorgSync] INFO   ============================================================
2026-09-25 02:08:46 [PcorgSync] INFO Sync terminee avec succes
2026-09-25 02:13:39 [PcorgSync] INFO Lancement sync incremental
2026-09-25 02:13:40 [PcorgSync] INFO   ============================================================
2026-09-25 02:13:40 [PcorgSync] INFO   
2026-09-25 02:13:40 [PcorgSync] INFO   Dernier sync : 2026-09-25 00:07:49.950000
2026-09-25 02:13:40 [PcorgSync] INFO   Connexion SQL Server...
2026-09-25 02:13:40 [PcorgSync] INFO     Driver ODBC : ODBC Driver 18 for SQL Server
2026-09-25 02:13:40 [PcorgSync] INFO     Port résolu via SQL Browser : 65422
2026-09-25 02:13:40 [PcorgSync] INFO     Connecté à 10.34.0.4,65422
2026-09-25 02:13:40 [PcorgSync] INFO   Récupération par lots de 1000...
2026-09-25 02:13:40 [PcorgSync] INFO   
2026-09-25 02:13:40 [PcorgSync] INFO   Aucun nouveau message. Rien à synchroniser.
2026-09-25 02:13:40 [PcorgSync] INFO Sync terminee avec succes
2026-09-25 02:18:38 [PcorgSync] INFO Lancement sync incremental
2026-09-25 02:18:40 [PcorgSync] INFO     Messages SQL récupérés : 2
2026-09-25 02:18:40 [PcorgSync] INFO     Documents upsertés : 2
2026-09-25 02:18:40 [PcorgSync] INFO     Répartition par événement :
2026-09-25 02:18:40 [PcorgSync] INFO       24H CAMIONS 2026: 2
2026-09-25 02:18:40 [PcorgSync] INFO     Répartition par catégorie :
2026-09-25 02:18:40 [PcorgSync] INFO       PCS.Surete: 2
2026-09-25 02:18:40 [PcorgSync] INFO     Curseur DateWrite : 2026-09-25 00:17:04.503000
2026-09-25 02:18:40 [PcorgSync] INFO     Config pcorg : aucune nouvelle valeur
2026-09-25 02:18:40 [PcorgSync] INFO     Total en base : 29602 docs (29602 attribués, 2687 avec GPS)
2026-09-25 02:18:40 [PcorgSync] INFO   ============================================================
2026-09-25 02:18:40 [PcorgSync] INFO Sync terminee avec succes
2026-09-25 02:23:44 [PcorgSync] INFO Lancement sync incremental
2026-09-25 02:23:45 [PcorgSync] INFO     Messages SQL récupérés : 3
2026-09-25 02:23:45 [PcorgSync] INFO     Documents upsertés : 3
2026-09-25 02:23:45 [PcorgSync] INFO     Répartition par événement :
2026-09-25 02:23:45 [PcorgSync] INFO       24H CAMIONS 2026: 3
2026-09-25 02:23:45 [PcorgSync] INFO     Répartition par catégorie :
2026-09-25 02:23:45 [PcorgSync] INFO       PCS.Surete: 3
2026-09-25 02:23:45 [PcorgSync] INFO     Curseur DateWrite : 2026-09-25 00:22:28.467000
2026-09-25 02:23:45 [PcorgSync] INFO     Config pcorg : aucune nouvelle valeur
2026-09-25 02:23:45 [PcorgSync] INFO     Total en base : 29604 docs (29604 attribués, 2687 avec GPS)
2026-09-25 02:23:45 [PcorgSync] INFO   ============================================================
2026-09-25 02:23:45 [PcorgSync] INFO Sync terminee avec succes
2026-09-25 02:28:14 [PcorgSync] INFO Lancement sync incremental
2026-09-25 02:28:15 [PcorgSync] INFO     Messages SQL récupérés : 3
2026-09-25 02:28:15 [PcorgSync] INFO     Documents upsertés : 3
2026-09-25 02:28:15 [PcorgSync] INFO     Répartition par événement :
2026-09-25 02:28:15 [PcorgSync] INFO       24H CAMIONS 2026: 3
2026-09-25 02:28:15 [PcorgSync] INFO     Répartition par catégorie :
2026-09-25 02:28:15 [PcorgSync] INFO       PCS.Surete: 3
2026-09-25 02:28:15 [PcorgSync] INFO     Curseur DateWrite : 2026-09-25 00:28:12.903000
2026-09-25 02:28:15 [PcorgSync] INFO     Config pcorg : aucune nouvelle valeur
2026-09-25 02:28:15 [PcorgSync] INFO     Total en base : 29607 docs (29607 attribués, 2687 avec GPS)
2026-09-25 02:28:15 [PcorgSync] INFO   ============================================================
2026-09-25 02:28:15 [PcorgSync] INFO Sync terminee avec succes
2026-09-25 02:33:23 [PcorgSync] INFO Lancement sync incremental
2026-09-25 02:33:25 [PcorgSync] INFO     Messages SQL récupérés : 1
2026-09-25 02:33:25 [PcorgSync] INFO     Documents upsertés : 1
2026-09-25 02:33:25 [PcorgSync] INFO     Répartition par événement :
2026-09-25 02:33:25 [PcorgSync] INFO       24H CAMIONS 2026: 1
2026-09-25 02:33:25 [PcorgSync] INFO     Répartition par catégorie :
2026-09-25 02:33:25 [PcorgSync] INFO       PCS.Surete: 1
2026-09-25 02:33:25 [PcorgSync] INFO     Curseur DateWrite : 2026-09-25 00:28:12.903000
2026-09-25 02:33:25 [PcorgSync] INFO     Config pcorg : aucune nouvelle valeur
2026-09-25 02:33:25 [PcorgSync] INFO     Total en base : 29607 docs (29607 attribués, 2687 avec GPS)
2026-09-25 02:33:25 [PcorgSync] INFO   ============================================================
2026-09-25 02:33:25 [PcorgSync] INFO Sync terminee avec succes
2026-09-25 02:38:44 [PcorgSync] INFO Lancement sync incremental
2026-09-25 02:38:45 [PcorgSync] INFO     Documents upsertés : 2
2026-09-25 02:38:45 [PcorgSync] INFO     Répartition par événement :
2026-09-25 02:38:45 [PcorgSync] INFO       24H CAMIONS 2026: 2
2026-09-25 02:38:45 [PcorgSync] INFO     Répartition par catégorie :
2026-09-25 02:38:45 [PcorgSync] INFO       PCS.Surete: 1
2026-09-25 02:38:45 [PcorgSync] INFO       PCO.Information: 1
2026-09-25 02:38:45 [PcorgSync] INFO     Curseur DateWrite : 2026-09-25 00:33:37.640000
2026-09-25 02:38:45 [PcorgSync] INFO     Config pcorg : aucune nouvelle valeur
2026-09-25 02:38:45 [PcorgSync] INFO     Total en base : 29608 docs (29608 attribués, 2687 avec GPS)
2026-09-25 02:38:45 [PcorgSync] INFO   ============================================================
2026-09-25 02:38:45 [PcorgSync] INFO Sync terminee avec succes
2026-09-25 02:43:39 [PcorgSync] INFO Lancement sync incremental
2026-09-25 02:43:39 [PcorgSync] INFO   ============================================================
2026-09-25 02:43:39 [PcorgSync] INFO   
2026-09-25 02:43:39 [PcorgSync] INFO   Dernier sync : 2026-09-25 00:33:37.640000
2026-09-25 02:43:39 [PcorgSync] INFO   Connexion SQL Server...
2026-09-25 02:43:39 [PcorgSync] INFO     Driver ODBC : ODBC Driver 18 for SQL Server
2026-09-25 02:43:39 [PcorgSync] INFO     Port résolu via SQL Browser : 65422
2026-09-25 02:43:39 [PcorgSync] INFO     Connecté à 10.34.0.4,65422
2026-09-25 02:43:39 [PcorgSync] INFO   Récupération par lots de 1000...
2026-09-25 02:43:39 [PcorgSync] INFO   
2026-09-25 02:43:39 [PcorgSync] INFO   Aucun nouveau message. Rien à synchroniser.
2026-09-25 02:43:40 [PcorgSync] INFO Sync terminee avec succes
2026-09-25 02:48:14 [PcorgSync] INFO Lancement sync incremental
2026-09-25 02:48:15 [PcorgSync] INFO   ============================================================
2026-09-25 02:48:15 [PcorgSync] INFO   
2026-09-25 02:48:15 [PcorgSync] INFO   Dernier sync : 2026-09-25 00:33:37.640000
2026-09-25 02:48:15 [PcorgSync] INFO   Connexion SQL Server...
2026-09-25 02:48:15 [PcorgSync] INFO     Driver ODBC : ODBC Driver 18 for SQL Server
2026-09-25 02:48:15 [PcorgSync] INFO     Port résolu via SQL Browser : 65422
2026-09-25 02:48:15 [PcorgSync] INFO     Connecté à 10.34.0.4,65422
2026-09-25 02:48:15 [PcorgSync] INFO   Récupération par lots de 1000...
2026-09-25 02:48:15 [PcorgSync] INFO   
2026-09-25 02:48:15 [PcorgSync] INFO   Aucun nouveau message. Rien à synchroniser.
2026-09-25 02:48:15 [PcorgSync] INFO Sync terminee avec succes
2026-09-25 02:53:44 [PcorgSync] INFO Lancement sync incremental
2026-09-25 02:53:45 [PcorgSync] INFO   ============================================================
2026-09-25 02:53:45 [PcorgSync] INFO   
2026-09-25 02:53:45 [PcorgSync] INFO   Dernier sync : 2026-09-25 00:33:37.640000
2026-09-25 02:53:45 [PcorgSync] INFO   Connexion SQL Server...
2026-09-25 02:53:45 [PcorgSync] INFO     Driver ODBC : ODBC Driver 18 for SQL Server
2026-09-25 02:53:45 [PcorgSync] INFO     Port résolu via SQL Browser : 65422
2026-09-25 02:53:45 [PcorgSync] INFO     Connecté à 10.34.0.4,65422
2026-09-25 02:53:45 [PcorgSync] INFO   Récupération par lots de 1000...
2026-09-25 02:53:45 [PcorgSync] INFO   
2026-09-25 02:53:45 [PcorgSync] INFO   Aucun nouveau message. Rien à synchroniser.
2026-09-25 02:53:45 [PcorgSync] INFO Sync terminee avec succes
2026-09-25 02:58:14 [PcorgSync] INFO Lancement sync incremental
2026-09-25 02:58:15 [PcorgSync] INFO   ============================================================
2026-09-25 02:58:15 [PcorgSync] INFO   
2026-09-25 02:58:15 [PcorgSync] INFO   Dernier sync : 2026-09-25 00:33:37.640000
2026-09-25 02:58:15 [PcorgSync] INFO   Connexion SQL Server...
2026-09-25 02:58:15 [PcorgSync] INFO     Driver ODBC : ODBC Driver 18 for SQL Server
2026-09-25 02:58:15 [PcorgSync] INFO     Port résolu via SQL Browser : 65422
2026-09-25 02:58:15 [PcorgSync] INFO     Connecté à 10.34.0.4,65422
2026-09-25 02:58:15 [PcorgSync] INFO   Récupération par lots de 1000...
2026-09-25 02:58:15 [PcorgSync] INFO   
2026-09-25 02:58:15 [PcorgSync] INFO   Aucun nouveau message. Rien à synchroniser.
2026-09-25 02:58:15 [PcorgSync] INFO Sync terminee avec succes
2026-09-25 03:03:14 [PcorgSync] INFO Lancement sync incremental
2026-09-25 03:03:15 [PcorgSync] INFO     Messages SQL récupérés : 1
2026-09-25 03:03:15 [PcorgSync] INFO     Documents upsertés : 1
2026-09-25 03:03:15 [PcorgSync] INFO     Répartition par événement :
2026-09-25 03:03:15 [PcorgSync] INFO       24H CAMIONS 2026: 1
2026-09-25 03:03:15 [PcorgSync] INFO     Répartition par catégorie :
2026-09-25 03:03:15 [PcorgSync] INFO       PCO.Information: 1
2026-09-25 03:03:15 [PcorgSync] INFO     Curseur DateWrite : 2026-09-25 01:02:46.640000
2026-09-25 03:03:15 [PcorgSync] INFO     Config pcorg : aucune nouvelle valeur
2026-09-25 03:03:15 [PcorgSync] INFO     Total en base : 29608 docs (29608 attribués, 2687 avec GPS)
2026-09-25 03:03:15 [PcorgSync] INFO   ============================================================
2026-09-25 03:03:15 [PcorgSync] INFO Sync terminee avec succes
2026-09-25 03:08:44 [PcorgSync] INFO Lancement sync incremental
2026-09-25 03:08:45 [PcorgSync] INFO   ============================================================
2026-09-25 03:08:45 [PcorgSync] INFO   
2026-09-25 03:08:45 [PcorgSync] INFO   Dernier sync : 2026-09-25 01:02:46.640000
2026-09-25 03:08:45 [PcorgSync] INFO   Connexion SQL Server...
2026-09-25 03:08:45 [PcorgSync] INFO     Driver ODBC : ODBC Driver 18 for SQL Server
2026-09-25 03:08:45 [PcorgSync] INFO     Port résolu via SQL Browser : 65422
2026-09-25 03:08:45 [PcorgSync] INFO     Connecté à 10.34.0.4,65422
2026-09-25 03:08:45 [PcorgSync] INFO   Récupération par lots de 1000...
2026-09-25 03:08:45 [PcorgSync] INFO   
2026-09-25 03:08:45 [PcorgSync] INFO   Aucun nouveau message. Rien à synchroniser.
2026-09-25 03:08:45 [PcorgSync] INFO Sync terminee avec succes
2026-09-25 03:13:29 [PcorgSync] INFO Lancement sync incremental
2026-09-25 03:13:30 [PcorgSync] INFO   ============================================================
2026-09-25 03:13:30 [PcorgSync] INFO   
2026-09-25 03:13:30 [PcorgSync] INFO   Dernier sync : 2026-09-25 01:02:46.640000
2026-09-25 03:13:30 [PcorgSync] INFO   Connexion SQL Server...
2026-09-25 03:13:30 [PcorgSync] INFO     Driver ODBC : ODBC Driver 18 for SQL Server
2026-09-25 03:13:30 [PcorgSync] INFO     Port résolu via SQL Browser : 65422
2026-09-25 03:13:30 [PcorgSync] INFO     Connecté à 10.34.0.4,65422
2026-09-25 03:13:30 [PcorgSync] INFO   Récupération par lots de 1000...
2026-09-25 03:13:30 [PcorgSync] INFO   
2026-09-25 03:13:30 [PcorgSync] INFO   Aucun nouveau message. Rien à synchroniser.
2026-09-25 03:13:30 [PcorgSync] INFO Sync terminee avec succes
2026-09-25 03:18:23 [PcorgSync] INFO Lancement sync incremental
2026-09-25 03:18:24 [PcorgSync] INFO   ============================================================
2026-09-25 03:18:24 [PcorgSync] INFO   
2026-09-25 03:18:24 [PcorgSync] INFO   Dernier sync : 2026-09-25 01:02:46.640000
2026-09-25 03:18:24 [PcorgSync] INFO   Connexion SQL Server...
2026-09-25 03:18:24 [PcorgSync] INFO     Driver ODBC : ODBC Driver 18 for SQL Server
2026-09-25 03:18:24 [PcorgSync] INFO     Port résolu via SQL Browser : 65422
2026-09-25 03:18:24 [PcorgSync] INFO     Connecté à 10.34.0.4,65422
2026-09-25 03:18:24 [PcorgSync] INFO   Récupération par lots de 1000...
2026-09-25 03:18:24 [PcorgSync] INFO   
2026-09-25 03:18:24 [PcorgSync] INFO   Aucun nouveau message. Rien à synchroniser.
2026-09-25 03:18:24 [PcorgSync] INFO Sync terminee avec succes
2026-09-25 03:23:38 [PcorgSync] INFO Lancement sync incremental
2026-09-25 03:23:39 [PcorgSync] INFO   ============================================================
2026-09-25 03:23:39 [PcorgSync] INFO   
2026-09-25 03:23:39 [PcorgSync] INFO   Dernier sync : 2026-09-25 01:02:46.640000
2026-09-25 03:23:39 [PcorgSync] INFO   Connexion SQL Server...
2026-09-25 03:23:39 [PcorgSync] INFO     Driver ODBC : ODBC Driver 18 for SQL Server
2026-09-25 03:23:39 [PcorgSync] INFO     Port résolu via SQL Browser : 65422
2026-09-25 03:23:39 [PcorgSync] INFO     Connecté à 10.34.0.4,65422
2026-09-25 03:23:39 [PcorgSync] INFO   Récupération par lots de 1000...
2026-09-25 03:23:39 [PcorgSync] INFO   
2026-09-25 03:23:39 [PcorgSync] INFO   Aucun nouveau message. Rien à synchroniser.
2026-09-25 03:23:39 [PcorgSync] INFO Sync terminee avec succes
2026-09-25 03:28:14 [PcorgSync] INFO Lancement sync incremental
2026-09-25 03:28:15 [PcorgSync] INFO   ============================================================
2026-09-25 03:28:15 [PcorgSync] INFO   
2026-09-25 03:28:15 [PcorgSync] INFO   Dernier sync : 2026-09-25 01:02:46.640000
2026-09-25 03:28:15 [PcorgSync] INFO   Connexion SQL Server...
2026-09-25 03:28:15 [PcorgSync] INFO     Driver ODBC : ODBC Driver 18 for SQL Server
2026-09-25 03:28:15 [PcorgSync] INFO     Port résolu via SQL Browser : 65422
2026-09-25 03:28:15 [PcorgSync] INFO     Connecté à 10.34.0.4,65422
2026-09-25 03:28:15 [PcorgSync] INFO   Récupération par lots de 1000...
2026-09-25 03:28:15 [PcorgSync] INFO   
2026-09-25 03:28:15 [PcorgSync] INFO   Aucun nouveau message. Rien à synchroniser.
2026-09-25 03:28:15 [PcorgSync] INFO Sync terminee avec succes
2026-09-25 03:33:39 [PcorgSync] INFO Lancement sync incremental
2026-09-25 03:33:40 [PcorgSync] INFO   ============================================================
2026-09-25 03:33:40 [PcorgSync] INFO   
2026-09-25 03:33:40 [PcorgSync] INFO   Dernier sync : 2026-09-25 01:02:46.640000
2026-09-25 03:33:40 [PcorgSync] INFO   Connexion SQL Server...
2026-09-25 03:33:40 [PcorgSync] INFO     Driver ODBC : ODBC Driver 18 for SQL Server
2026-09-25 03:33:40 [PcorgSync] INFO     Port résolu via SQL Browser : 65422
2026-09-25 03:33:40 [PcorgSync] INFO     Connecté à 10.34.0.4,65422
2026-09-25 03:33:40 [PcorgSync] INFO   Récupération par lots de 1000...
2026-09-25 03:33:40 [PcorgSync] INFO   
2026-09-25 03:33:40 [PcorgSync] INFO   Aucun nouveau message. Rien à synchroniser.
2026-09-25 03:33:40 [PcorgSync] INFO Sync terminee avec succes
2026-09-25 03:38:44 [PcorgSync] INFO Lancement sync incremental
2026-09-25 03:38:45 [PcorgSync] INFO   ============================================================
2026-09-25 03:38:45 [PcorgSync] INFO   
2026-09-25 03:38:45 [PcorgSync] INFO   Dernier sync : 2026-09-25 01:02:46.640000
2026-09-25 03:38:45 [PcorgSync] INFO   Connexion SQL Server...
2026-09-25 03:38:45 [PcorgSync] INFO     Driver ODBC : ODBC Driver 18 for SQL Server
2026-09-25 03:38:45 [PcorgSync] INFO     Port résolu via SQL Browser : 65422
2026-09-25 03:38:45 [PcorgSync] INFO     Connecté à 10.34.0.4,65422
2026-09-25 03:38:45 [PcorgSync] INFO   Récupération par lots de 1000...
2026-09-25 03:38:45 [PcorgSync] INFO   
2026-09-25 03:38:45 [PcorgSync] INFO   Aucun nouveau message. Rien à synchroniser.
2026-09-25 03:38:45 [PcorgSync] INFO Sync terminee avec succes
2026-09-25 03:43:38 [PcorgSync] INFO Lancement sync incremental
2026-09-25 03:43:39 [PcorgSync] INFO   ============================================================
2026-09-25 03:43:39 [PcorgSync] INFO   
2026-09-25 03:43:39 [PcorgSync] INFO   Dernier sync : 2026-09-25 01:02:46.640000
2026-09-25 03:43:39 [PcorgSync] INFO   Connexion SQL Server...
2026-09-25 03:43:39 [PcorgSync] INFO     Driver ODBC : ODBC Driver 18 for SQL Server
2026-09-25 03:43:39 [PcorgSync] INFO     Port résolu via SQL Browser : 65422
2026-09-25 03:43:39 [PcorgSync] INFO     Connecté à 10.34.0.4,65422
2026-09-25 03:43:39 [PcorgSync] INFO   Récupération par lots de 1000...
2026-09-25 03:43:39 [PcorgSync] INFO   
2026-09-25 03:43:39 [PcorgSync] INFO   Aucun nouveau message. Rien à synchroniser.
2026-09-25 03:43:39 [PcorgSync] INFO Sync terminee avec succes
2026-09-25 03:48:14 [PcorgSync] INFO Lancement sync incremental
2026-09-25 03:48:15 [PcorgSync] INFO   ============================================================
2026-09-25 03:48:15 [PcorgSync] INFO   
2026-09-25 03:48:15 [PcorgSync] INFO   Dernier sync : 2026-09-25 01:02:46.640000
2026-09-25 03:48:15 [PcorgSync] INFO   Connexion SQL Server...
2026-09-25 03:48:15 [PcorgSync] INFO     Driver ODBC : ODBC Driver 18 for SQL Server
2026-09-25 03:48:15 [PcorgSync] INFO     Port résolu via SQL Browser : 65422
2026-09-25 03:48:15 [PcorgSync] INFO     Connecté à 10.34.0.4,65422
2026-09-25 03:48:15 [PcorgSync] INFO   Récupération par lots de 1000...
2026-09-25 03:48:15 [PcorgSync] INFO   
2026-09-25 03:48:15 [PcorgSync] INFO   Aucun nouveau message. Rien à synchroniser.
2026-09-25 03:48:15 [PcorgSync] INFO Sync terminee avec succes
2026-09-25 03:53:44 [PcorgSync] INFO Lancement sync incremental
2026-09-25 03:53:45 [PcorgSync] INFO   ============================================================
2026-09-25 03:53:45 [PcorgSync] INFO   
2026-09-25 03:53:45 [PcorgSync] INFO   Dernier sync : 2026-09-25 01:02:46.640000
2026-09-25 03:53:45 [PcorgSync] INFO   Connexion SQL Server...
2026-09-25 03:53:45 [PcorgSync] INFO     Driver ODBC : ODBC Driver 18 for SQL Server
2026-09-25 03:53:45 [PcorgSync] INFO     Port résolu via SQL Browser : 65422
2026-09-25 03:53:45 [PcorgSync] INFO     Connecté à 10.34.0.4,65422
2026-09-25 03:53:45 [PcorgSync] INFO   Récupération par lots de 1000...
2026-09-25 03:53:45 [PcorgSync] INFO   
2026-09-25 03:53:45 [PcorgSync] INFO   Aucun nouveau message. Rien à synchroniser.
2026-09-25 03:53:45 [PcorgSync] INFO Sync terminee avec succes
2026-09-25 03:58:14 [PcorgSync] INFO Lancement sync incremental
2026-09-25 03:58:15 [PcorgSync] INFO   ============================================================
2026-09-25 03:58:15 [PcorgSync] INFO   
2026-09-25 03:58:15 [PcorgSync] INFO   Dernier sync : 2026-09-25 01:02:46.640000
2026-09-25 03:58:15 [PcorgSync] INFO   Connexion SQL Server...
2026-09-25 03:58:15 [PcorgSync] INFO     Driver ODBC : ODBC Driver 18 for SQL Server
2026-09-25 03:58:15 [PcorgSync] INFO     Port résolu via SQL Browser : 65422
2026-09-25 03:58:15 [PcorgSync] INFO     Connecté à 10.34.0.4,65422
2026-09-25 03:58:15 [PcorgSync] INFO   Récupération par lots de 1000...
2026-09-25 03:58:15 [PcorgSync] INFO   
2026-09-25 03:58:15 [PcorgSync] INFO   Aucun nouveau message. Rien à synchroniser.
2026-09-25 03:58:15 [PcorgSync] INFO Sync terminee avec succes
2026-09-25 04:03:24 [PcorgSync] INFO Lancement sync incremental
2026-09-25 04:03:25 [PcorgSync] INFO   ============================================================
2026-09-25 04:03:25 [PcorgSync] INFO   
2026-09-25 04:03:25 [PcorgSync] INFO   Dernier sync : 2026-09-25 01:02:46.640000
2026-09-25 04:03:25 [PcorgSync] INFO   Connexion SQL Server...
2026-09-25 04:03:25 [PcorgSync] INFO     Driver ODBC : ODBC Driver 18 for SQL Server
2026-09-25 04:03:25 [PcorgSync] INFO     Port résolu via SQL Browser : 65422
2026-09-25 04:03:25 [PcorgSync] INFO     Connecté à 10.34.0.4,65422
2026-09-25 04:03:25 [PcorgSync] INFO   Récupération par lots de 1000...
2026-09-25 04:03:25 [PcorgSync] INFO   
2026-09-25 04:03:25 [PcorgSync] INFO   Aucun nouveau message. Rien à synchroniser.
2026-09-25 04:03:25 [PcorgSync] INFO Sync terminee avec succes
2026-09-25 04:08:44 [PcorgSync] INFO Lancement sync incremental
2026-09-25 04:08:45 [PcorgSync] INFO   ============================================================
2026-09-25 04:08:45 [PcorgSync] INFO   
2026-09-25 04:08:45 [PcorgSync] INFO   Dernier sync : 2026-09-25 01:02:46.640000
2026-09-25 04:08:45 [PcorgSync] INFO   Connexion SQL Server...
2026-09-25 04:08:45 [PcorgSync] INFO     Driver ODBC : ODBC Driver 18 for SQL Server
2026-09-25 04:08:45 [PcorgSync] INFO     Port résolu via SQL Browser : 65422
2026-09-25 04:08:45 [PcorgSync] INFO     Connecté à 10.34.0.4,65422
2026-09-25 04:08:45 [PcorgSync] INFO   Récupération par lots de 1000...
2026-09-25 04:08:45 [PcorgSync] INFO   
2026-09-25 04:08:45 [PcorgSync] INFO   Aucun nouveau message. Rien à synchroniser.
2026-09-25 04:08:45 [PcorgSync] INFO Sync terminee avec succes
2026-09-25 04:13:44 [PcorgSync] INFO Lancement sync incremental
2026-09-25 04:13:45 [PcorgSync] INFO   ============================================================
2026-09-25 04:13:45 [PcorgSync] INFO   
2026-09-25 04:13:45 [PcorgSync] INFO   Dernier sync : 2026-09-25 01:02:46.640000
2026-09-25 04:13:45 [PcorgSync] INFO   Connexion SQL Server...
2026-09-25 04:13:45 [PcorgSync] INFO     Driver ODBC : ODBC Driver 18 for SQL Server
2026-09-25 04:13:45 [PcorgSync] INFO     Port résolu via SQL Browser : 65422
2026-09-25 04:13:45 [PcorgSync] INFO     Connecté à 10.34.0.4,65422
2026-09-25 04:13:45 [PcorgSync] INFO   Récupération par lots de 1000...
2026-09-25 04:13:45 [PcorgSync] INFO   
2026-09-25 04:13:45 [PcorgSync] INFO   Aucun nouveau message. Rien à synchroniser.
2026-09-25 04:13:45 [PcorgSync] INFO Sync terminee avec succes
2026-09-25 04:18:14 [PcorgSync] INFO Lancement sync incremental
2026-09-25 04:18:15 [PcorgSync] INFO   ============================================================
2026-09-25 04:18:15 [PcorgSync] INFO   
2026-09-25 04:18:15 [PcorgSync] INFO   Dernier sync : 2026-09-25 01:02:46.640000
2026-09-25 04:18:15 [PcorgSync] INFO   Connexion SQL Server...
2026-09-25 04:18:15 [PcorgSync] INFO     Driver ODBC : ODBC Driver 18 for SQL Server
2026-09-25 04:18:15 [PcorgSync] INFO     Port résolu via SQL Browser : 65422
2026-09-25 04:18:15 [PcorgSync] INFO     Connecté à 10.34.0.4,65422
2026-09-25 04:18:15 [PcorgSync] INFO   Récupération par lots de 1000...
2026-09-25 04:18:15 [PcorgSync] INFO   
2026-09-25 04:18:15 [PcorgSync] INFO   Aucun nouveau message. Rien à synchroniser.
2026-09-25 04:18:15 [PcorgSync] INFO Sync terminee avec succes
2026-09-25 04:23:39 [PcorgSync] INFO Lancement sync incremental
2026-09-25 04:23:40 [PcorgSync] INFO   ============================================================
2026-09-25 04:23:40 [PcorgSync] INFO   
2026-09-25 04:23:40 [PcorgSync] INFO   Dernier sync : 2026-09-25 01:02:46.640000
2026-09-25 04:23:40 [PcorgSync] INFO   Connexion SQL Server...
2026-09-25 04:23:40 [PcorgSync] INFO     Driver ODBC : ODBC Driver 18 for SQL Server
2026-09-25 04:23:40 [PcorgSync] INFO     Port résolu via SQL Browser : 65422
2026-09-25 04:23:40 [PcorgSync] INFO     Connecté à 10.34.0.4,65422
2026-09-25 04:23:40 [PcorgSync] INFO   Récupération par lots de 1000...
2026-09-25 04:23:40 [PcorgSync] INFO   
2026-09-25 04:23:40 [PcorgSync] INFO   Aucun nouveau message. Rien à synchroniser.
2026-09-25 04:23:40 [PcorgSync] INFO Sync terminee avec succes
2026-09-25 04:28:14 [PcorgSync] INFO Lancement sync incremental
2026-09-25 04:28:15 [PcorgSync] INFO   ============================================================
2026-09-25 04:28:15 [PcorgSync] INFO   
2026-09-25 04:28:15 [PcorgSync] INFO   Dernier sync : 2026-09-25 01:02:46.640000
2026-09-25 04:28:15 [PcorgSync] INFO   Connexion SQL Server...
2026-09-25 04:28:15 [PcorgSync] INFO     Driver ODBC : ODBC Driver 18 for SQL Server
2026-09-25 04:28:15 [PcorgSync] INFO     Port résolu via SQL Browser : 65422
2026-09-25 04:28:15 [PcorgSync] INFO     Connecté à 10.34.0.4,65422
2026-09-25 04:28:15 [PcorgSync] INFO   Récupération par lots de 1000...
2026-09-25 04:28:15 [PcorgSync] INFO   
2026-09-25 04:28:15 [PcorgSync] INFO   Aucun nouveau message. Rien à synchroniser.
2026-09-25 04:28:15 [PcorgSync] INFO Sync terminee avec succes
2026-09-25 04:33:14 [PcorgSync] INFO Lancement sync incremental
2026-09-25 04:33:15 [PcorgSync] INFO   ============================================================
2026-09-25 04:33:15 [PcorgSync] INFO   
2026-09-25 04:33:15 [PcorgSync] INFO   Dernier sync : 2026-09-25 01:02:46.640000
2026-09-25 04:33:15 [PcorgSync] INFO   Connexion SQL Server...
2026-09-25 04:33:15 [PcorgSync] INFO     Driver ODBC : ODBC Driver 18 for SQL Server
2026-09-25 04:33:15 [PcorgSync] INFO     Port résolu via SQL Browser : 65422
2026-09-25 04:33:15 [PcorgSync] INFO     Connecté à 10.34.0.4,65422
2026-09-25 04:33:15 [PcorgSync] INFO   Récupération par lots de 1000...
2026-09-25 04:33:15 [PcorgSync] INFO   
2026-09-25 04:33:15 [PcorgSync] INFO   Aucun nouveau message. Rien à synchroniser.
2026-09-25 04:33:15 [PcorgSync] INFO Sync terminee avec succes
2026-09-25 04:38:39 [PcorgSync] INFO Lancement sync incremental
2026-09-25 04:38:39 [PcorgSync] INFO   ============================================================
2026-09-25 04:38:39 [PcorgSync] INFO   
2026-09-25 04:38:39 [PcorgSync] INFO   Dernier sync : 2026-09-25 01:02:46.640000
2026-09-25 04:38:39 [PcorgSync] INFO   Connexion SQL Server...
2026-09-25 04:38:39 [PcorgSync] INFO     Driver ODBC : ODBC Driver 18 for SQL Server
2026-09-25 04:38:39 [PcorgSync] INFO     Port résolu via SQL Browser : 65422
2026-09-25 04:38:39 [PcorgSync] INFO     Connecté à 10.34.0.4,65422
2026-09-25 04:38:39 [PcorgSync] INFO   Récupération par lots de 1000...
2026-09-25 04:38:39 [PcorgSync] INFO   
2026-09-25 04:38:39 [PcorgSync] INFO   Aucun nouveau message. Rien à synchroniser.
2026-09-25 04:38:39 [PcorgSync] INFO Sync terminee avec succes
2026-09-25 04:43:38 [PcorgSync] INFO Lancement sync incremental
2026-09-25 04:43:39 [PcorgSync] INFO   ============================================================
2026-09-25 04:43:39 [PcorgSync] INFO   
2026-09-25 04:43:39 [PcorgSync] INFO   Dernier sync : 2026-09-25 01:02:46.640000
2026-09-25 04:43:39 [PcorgSync] INFO   Connexion SQL Server...
2026-09-25 04:43:39 [PcorgSync] INFO     Driver ODBC : ODBC Driver 18 for SQL Server
2026-09-25 04:43:39 [PcorgSync] INFO     Port résolu via SQL Browser : 65422
2026-09-25 04:43:39 [PcorgSync] INFO     Connecté à 10.34.0.4,65422
2026-09-25 04:43:39 [PcorgSync] INFO   Récupération par lots de 1000...
2026-09-25 04:43:39 [PcorgSync] INFO   
2026-09-25 04:43:39 [PcorgSync] INFO   Aucun nouveau message. Rien à synchroniser.
2026-09-25 04:43:39 [PcorgSync] INFO Sync terminee avec succes
2026-09-25 04:48:23 [PcorgSync] INFO Lancement sync incremental
2026-09-25 04:48:24 [PcorgSync] INFO   ============================================================
2026-09-25 04:48:24 [PcorgSync] INFO   
2026-09-25 04:48:24 [PcorgSync] INFO   Dernier sync : 2026-09-25 01:02:46.640000
2026-09-25 04:48:24 [PcorgSync] INFO   Connexion SQL Server...
2026-09-25 04:48:24 [PcorgSync] INFO     Driver ODBC : ODBC Driver 18 for SQL Server
2026-09-25 04:48:24 [PcorgSync] INFO     Port résolu via SQL Browser : 65422
2026-09-25 04:48:24 [PcorgSync] INFO     Connecté à 10.34.0.4,65422
2026-09-25 04:48:24 [PcorgSync] INFO   Récupération par lots de 1000...
2026-09-25 04:48:24 [PcorgSync] INFO   
2026-09-25 04:48:24 [PcorgSync] INFO   Aucun nouveau message. Rien à synchroniser.
2026-09-25 04:48:24 [PcorgSync] INFO Sync terminee avec succes
2026-09-25 04:53:44 [PcorgSync] INFO Lancement sync incremental
2026-09-25 04:53:45 [PcorgSync] INFO   ============================================================
2026-09-25 04:53:45 [PcorgSync] INFO   
2026-09-25 04:53:45 [PcorgSync] INFO   Dernier sync : 2026-09-25 01:02:46.640000
2026-09-25 04:53:45 [PcorgSync] INFO   Connexion SQL Server...
2026-09-25 04:53:45 [PcorgSync] INFO     Driver ODBC : ODBC Driver 18 for SQL Server
2026-09-25 04:53:45 [PcorgSync] INFO     Port résolu via SQL Browser : 65422
2026-09-25 04:53:45 [PcorgSync] INFO     Connecté à 10.34.0.4,65422
2026-09-25 04:53:45 [PcorgSync] INFO   Récupération par lots de 1000...
2026-09-25 04:53:45 [PcorgSync] INFO   
2026-09-25 04:53:45 [PcorgSync] INFO   Aucun nouveau message. Rien à synchroniser.
2026-09-25 04:53:45 [PcorgSync] INFO Sync terminee avec succes
2026-09-25 04:58:14 [PcorgSync] INFO Lancement sync incremental
2026-09-25 04:58:15 [PcorgSync] INFO   ============================================================
2026-09-25 04:58:15 [PcorgSync] INFO   
2026-09-25 04:58:15 [PcorgSync] INFO   Dernier sync : 2026-09-25 01:02:46.640000
2026-09-25 04:58:15 [PcorgSync] INFO   Connexion SQL Server...
2026-09-25 04:58:15 [PcorgSync] INFO     Driver ODBC : ODBC Driver 18 for SQL Server
2026-09-25 04:58:15 [PcorgSync] INFO     Port résolu via SQL Browser : 65422
2026-09-25 04:58:15 [PcorgSync] INFO     Connecté à 10.34.0.4,65422
2026-09-25 04:58:15 [PcorgSync] INFO   Récupération par lots de 1000...
2026-09-25 04:58:15 [PcorgSync] INFO   
2026-09-25 04:58:15 [PcorgSync] INFO   Aucun nouveau message. Rien à synchroniser.
2026-09-25 04:58:15 [PcorgSync] INFO Sync terminee avec succes
2026-09-25 05:03:14 [PcorgSync] INFO Lancement sync incremental
2026-09-25 05:03:15 [PcorgSync] INFO   ============================================================
2026-09-25 05:03:15 [PcorgSync] INFO   
2026-09-25 05:03:15 [PcorgSync] INFO   Dernier sync : 2026-09-25 01:02:46.640000
2026-09-25 05:03:15 [PcorgSync] INFO   Connexion SQL Server...
2026-09-25 05:03:15 [PcorgSync] INFO     Driver ODBC : ODBC Driver 18 for SQL Server
2026-09-25 05:03:15 [PcorgSync] INFO     Port résolu via SQL Browser : 65422
2026-09-25 05:03:15 [PcorgSync] INFO     Connecté à 10.34.0.4,65422
2026-09-25 05:03:15 [PcorgSync] INFO   Récupération par lots de 1000...
2026-09-25 05:03:15 [PcorgSync] INFO   
2026-09-25 05:03:15 [PcorgSync] INFO   Aucun nouveau message. Rien à synchroniser.
2026-09-25 05:03:15 [PcorgSync] INFO Sync terminee avec succes
2026-09-25 05:08:29 [PcorgSync] INFO Lancement sync incremental
2026-09-25 05:08:30 [PcorgSync] INFO   ============================================================
2026-09-25 05:08:30 [PcorgSync] INFO   
2026-09-25 05:08:30 [PcorgSync] INFO   Dernier sync : 2026-09-25 01:02:46.640000
2026-09-25 05:08:30 [PcorgSync] INFO   Connexion SQL Server...
2026-09-25 05:08:30 [PcorgSync] INFO     Driver ODBC : ODBC Driver 18 for SQL Server
2026-09-25 05:08:30 [PcorgSync] INFO     Port résolu via SQL Browser : 65422
2026-09-25 05:08:30 [PcorgSync] INFO     Connecté à 10.34.0.4,65422
2026-09-25 05:08:30 [PcorgSync] INFO   Récupération par lots de 1000...
2026-09-25 05:08:30 [PcorgSync] INFO   
2026-09-25 05:08:30 [PcorgSync] INFO   Aucun nouveau message. Rien à synchroniser.
2026-09-25 05:08:30 [PcorgSync] INFO Sync terminee avec succes
2026-09-25 05:13:39 [PcorgSync] INFO Lancement sync incremental
2026-09-25 05:13:40 [PcorgSync] INFO   ============================================================
2026-09-25 05:13:40 [PcorgSync] INFO   
2026-09-25 05:13:40 [PcorgSync] INFO   Dernier sync : 2026-09-25 01:02:46.640000
2026-09-25 05:13:40 [PcorgSync] INFO   Connexion SQL Server...
2026-09-25 05:13:40 [PcorgSync] INFO     Driver ODBC : ODBC Driver 18 for SQL Server
2026-09-25 05:13:40 [PcorgSync] INFO     Port résolu via SQL Browser : 65422
2026-09-25 05:13:40 [PcorgSync] INFO     Connecté à 10.34.0.4,65422
2026-09-25 05:13:40 [PcorgSync] INFO   Récupération par lots de 1000...
2026-09-25 05:13:40 [PcorgSync] INFO   
2026-09-25 05:13:40 [PcorgSync] INFO   Aucun nouveau message. Rien à synchroniser.
2026-09-25 05:13:40 [PcorgSync] INFO Sync terminee avec succes
2026-09-25 05:18:29 [PcorgSync] INFO Lancement sync incremental
2026-09-25 05:18:30 [PcorgSync] INFO   ============================================================
2026-09-25 05:18:30 [PcorgSync] INFO   
2026-09-25 05:18:30 [PcorgSync] INFO   Dernier sync : 2026-09-25 01:02:46.640000
2026-09-25 05:18:30 [PcorgSync] INFO   Connexion SQL Server...
2026-09-25 05:18:30 [PcorgSync] INFO     Driver ODBC : ODBC Driver 18 for SQL Server
2026-09-25 05:18:30 [PcorgSync] INFO     Port résolu via SQL Browser : 65422
2026-09-25 05:18:30 [PcorgSync] INFO     Connecté à 10.34.0.4,65422
2026-09-25 05:18:30 [PcorgSync] INFO   Récupération par lots de 1000...
2026-09-25 05:18:30 [PcorgSync] INFO   
2026-09-25 05:18:30 [PcorgSync] INFO   Aucun nouveau message. Rien à synchroniser.
2026-09-25 05:18:30 [PcorgSync] INFO Sync terminee avec succes
2026-09-25 05:23:44 [PcorgSync] INFO Lancement sync incremental
2026-09-25 05:23:45 [PcorgSync] INFO     Messages SQL récupérés : 2
2026-09-25 05:23:45 [PcorgSync] INFO     Documents upsertés : 2
2026-09-25 05:23:45 [PcorgSync] INFO     Répartition par événement :
2026-09-25 05:23:45 [PcorgSync] INFO       24H CAMIONS 2026: 2
2026-09-25 05:23:45 [PcorgSync] INFO     Répartition par catégorie :
2026-09-25 05:23:45 [PcorgSync] INFO       PCS.Surete: 2
2026-09-25 05:23:45 [PcorgSync] INFO     Curseur DateWrite : 2026-09-25 03:22:22.950000
2026-09-25 05:23:45 [PcorgSync] INFO     Config pcorg : aucune nouvelle valeur
2026-09-25 05:23:45 [PcorgSync] INFO     Total en base : 29610 docs (29610 attribués, 2687 avec GPS)
2026-09-25 05:23:45 [PcorgSync] INFO   ============================================================
2026-09-25 05:23:45 [PcorgSync] INFO Sync terminee avec succes
2026-09-25 05:28:14 [PcorgSync] INFO Lancement sync incremental
2026-09-25 05:28:15 [PcorgSync] INFO   ============================================================
2026-09-25 05:28:15 [PcorgSync] INFO   
2026-09-25 05:28:15 [PcorgSync] INFO   Dernier sync : 2026-09-25 03:22:22.950000
2026-09-25 05:28:15 [PcorgSync] INFO   Connexion SQL Server...
2026-09-25 05:28:15 [PcorgSync] INFO     Driver ODBC : ODBC Driver 18 for SQL Server
2026-09-25 05:28:15 [PcorgSync] INFO     Port résolu via SQL Browser : 65422
2026-09-25 05:28:15 [PcorgSync] INFO     Connecté à 10.34.0.4,65422
2026-09-25 05:28:15 [PcorgSync] INFO   Récupération par lots de 1000...
2026-09-25 05:28:15 [PcorgSync] INFO   
2026-09-25 05:28:15 [PcorgSync] INFO   Aucun nouveau message. Rien à synchroniser.
2026-09-25 05:28:15 [PcorgSync] INFO Sync terminee avec succes
2026-09-25 05:33:14 [PcorgSync] INFO Lancement sync incremental
2026-09-25 05:33:15 [PcorgSync] INFO     Messages SQL récupérés : 1
2026-09-25 05:33:15 [PcorgSync] INFO     Documents upsertés : 1
2026-09-25 05:33:15 [PcorgSync] INFO     Répartition par événement :
2026-09-25 05:33:15 [PcorgSync] INFO       24H CAMIONS 2026: 1
2026-09-25 05:33:15 [PcorgSync] INFO     Répartition par catégorie :
2026-09-25 05:33:15 [PcorgSync] INFO       PCO.Information: 1
2026-09-25 05:33:15 [PcorgSync] INFO     Curseur DateWrite : 2026-09-25 03:32:35.493000
2026-09-25 05:33:15 [PcorgSync] INFO     Config pcorg : aucune nouvelle valeur
2026-09-25 05:33:15 [PcorgSync] INFO     Total en base : 29610 docs (29610 attribués, 2687 avec GPS)
2026-09-25 05:33:15 [PcorgSync] INFO   ============================================================
2026-09-25 05:33:15 [PcorgSync] INFO Sync terminee avec succes
2026-09-25 05:38:44 [PcorgSync] INFO Lancement sync incremental
2026-09-25 05:38:45 [PcorgSync] INFO     Messages SQL récupérés : 1
2026-09-25 05:38:45 [PcorgSync] INFO     Documents upsertés : 1
2026-09-25 05:38:45 [PcorgSync] INFO     Répartition par événement :
2026-09-25 05:38:45 [PcorgSync] INFO       24H CAMIONS 2026: 1
2026-09-25 05:38:45 [PcorgSync] INFO     Répartition par catégorie :
2026-09-25 05:38:45 [PcorgSync] INFO       PCO.Information: 1
2026-09-25 05:38:45 [PcorgSync] INFO     Curseur DateWrite : 2026-09-25 03:32:35.493000
2026-09-25 05:38:45 [PcorgSync] INFO     Config pcorg : aucune nouvelle valeur
2026-09-25 05:38:45 [PcorgSync] INFO     Total en base : 29610 docs (29610 attribués, 2687 avec GPS)
2026-09-25 05:38:45 [PcorgSync] INFO   ============================================================
2026-09-25 05:38:46 [PcorgSync] INFO Sync terminee avec succes
2026-09-25 05:43:38 [PcorgSync] INFO Lancement sync incremental
2026-09-25 05:43:40 [PcorgSync] INFO     Messages SQL récupérés : 1
2026-09-25 05:43:40 [PcorgSync] INFO     Documents upsertés : 1
2026-09-25 05:43:40 [PcorgSync] INFO     Répartition par événement :
2026-09-25 05:43:40 [PcorgSync] INFO       24H CAMIONS 2026: 1
2026-09-25 05:43:40 [PcorgSync] INFO     Répartition par catégorie :
2026-09-25 05:43:40 [PcorgSync] INFO       PCO.Information: 1
2026-09-25 05:43:40 [PcorgSync] INFO     Curseur DateWrite : 2026-09-25 03:32:35.493000
2026-09-25 05:43:40 [PcorgSync] INFO     Config pcorg : aucune nouvelle valeur
2026-09-25 05:43:40 [PcorgSync] INFO     Total en base : 29610 docs (29610 attribués, 2687 avec GPS)
2026-09-25 05:43:40 [PcorgSync] INFO   ============================================================
2026-09-25 05:43:40 [PcorgSync] INFO Sync terminee avec succes
2026-09-25 05:48:14 [PcorgSync] INFO Lancement sync incremental
2026-09-25 05:48:15 [PcorgSync] INFO     Messages SQL récupérés : 3
2026-09-25 05:48:15 [PcorgSync] INFO     Documents upsertés : 3
2026-09-25 05:48:15 [PcorgSync] INFO     Répartition par événement :
2026-09-25 05:48:15 [PcorgSync] INFO       24H CAMIONS 2026: 3
2026-09-25 05:48:15 [PcorgSync] INFO     Répartition par catégorie :
2026-09-25 05:48:15 [PcorgSync] INFO       PCO.Information: 3
2026-09-25 05:48:15 [PcorgSync] INFO     Curseur DateWrite : 2026-09-25 03:46:05.380000
2026-09-25 05:48:15 [PcorgSync] INFO     Config pcorg : aucune nouvelle valeur
2026-09-25 05:48:15 [PcorgSync] INFO     Total en base : 29610 docs (29610 attribués, 2687 avec GPS)
2026-09-25 05:48:15 [PcorgSync] INFO   ============================================================
2026-09-25 05:48:16 [PcorgSync] INFO Sync terminee avec succes
2026-09-25 05:53:44 [PcorgSync] INFO Lancement sync incremental
2026-09-25 05:53:45 [PcorgSync] INFO   ============================================================
2026-09-25 05:53:45 [PcorgSync] INFO   
2026-09-25 05:53:45 [PcorgSync] INFO   Dernier sync : 2026-09-25 03:46:05.380000
2026-09-25 05:53:45 [PcorgSync] INFO   Connexion SQL Server...
2026-09-25 05:53:45 [PcorgSync] INFO     Driver ODBC : ODBC Driver 18 for SQL Server
2026-09-25 05:53:45 [PcorgSync] INFO     Port résolu via SQL Browser : 65422
2026-09-25 05:53:45 [PcorgSync] INFO     Connecté à 10.34.0.4,65422
2026-09-25 05:53:45 [PcorgSync] INFO   Récupération par lots de 1000...
2026-09-25 05:53:45 [PcorgSync] INFO   
2026-09-25 05:53:45 [PcorgSync] INFO   Aucun nouveau message. Rien à synchroniser.
2026-09-25 05:53:45 [PcorgSync] INFO Sync terminee avec succes
2026-09-25 05:58:14 [PcorgSync] INFO Lancement sync incremental
2026-09-25 05:58:15 [PcorgSync] INFO   ============================================================
2026-09-25 05:58:15 [PcorgSync] INFO   
2026-09-25 05:58:15 [PcorgSync] INFO   Dernier sync : 2026-09-25 03:46:05.380000
2026-09-25 05:58:15 [PcorgSync] INFO   Connexion SQL Server...
2026-09-25 05:58:15 [PcorgSync] INFO     Driver ODBC : ODBC Driver 18 for SQL Server
2026-09-25 05:58:15 [PcorgSync] INFO     Port résolu via SQL Browser : 65422
2026-09-25 05:58:15 [PcorgSync] INFO     Connecté à 10.34.0.4,65422
2026-09-25 05:58:15 [PcorgSync] INFO   Récupération par lots de 1000...
2026-09-25 05:58:15 [PcorgSync] INFO   
2026-09-25 05:58:15 [PcorgSync] INFO   Aucun nouveau message. Rien à synchroniser.
2026-09-25 05:58:15 [PcorgSync] INFO Sync terminee avec succes
2026-09-25 06:03:14 [PcorgSync] INFO Lancement sync incremental
2026-09-25 06:03:15 [PcorgSync] INFO     Messages SQL récupérés : 1
2026-09-25 06:03:15 [PcorgSync] INFO     Documents upsertés : 1
2026-09-25 06:03:15 [PcorgSync] INFO     Répartition par événement :
2026-09-25 06:03:15 [PcorgSync] INFO       24H CAMIONS 2026: 1
2026-09-25 06:03:15 [PcorgSync] INFO     Répartition par catégorie :
2026-09-25 06:03:15 [PcorgSync] INFO       PCO.Technique: 1
2026-09-25 06:03:15 [PcorgSync] INFO     Curseur DateWrite : 2026-09-25 04:00:35.547000
2026-09-25 06:03:15 [PcorgSync] INFO     Config pcorg : aucune nouvelle valeur
2026-09-25 06:03:15 [PcorgSync] INFO     Total en base : 29610 docs (29610 attribués, 2687 avec GPS)
2026-09-25 06:03:15 [PcorgSync] INFO   ============================================================
2026-09-25 06:03:15 [PcorgSync] INFO Sync terminee avec succes
2026-09-25 06:08:44 [PcorgSync] INFO Lancement sync incremental
2026-09-25 06:08:45 [PcorgSync] INFO   ============================================================
2026-09-25 06:08:45 [PcorgSync] INFO   
2026-09-25 06:08:45 [PcorgSync] INFO   Dernier sync : 2026-09-25 04:00:35.547000
2026-09-25 06:08:45 [PcorgSync] INFO   Connexion SQL Server...
2026-09-25 06:08:45 [PcorgSync] INFO     Driver ODBC : ODBC Driver 18 for SQL Server
2026-09-25 06:08:45 [PcorgSync] INFO     Port résolu via SQL Browser : 65422
2026-09-25 06:08:45 [PcorgSync] INFO     Connecté à 10.34.0.4,65422
2026-09-25 06:08:45 [PcorgSync] INFO   Récupération par lots de 1000...
2026-09-25 06:08:45 [PcorgSync] INFO   
2026-09-25 06:08:45 [PcorgSync] INFO   Aucun nouveau message. Rien à synchroniser.
2026-09-25 06:08:45 [PcorgSync] INFO Sync terminee avec succes
2026-09-25 06:13:38 [PcorgSync] INFO Lancement sync incremental
2026-09-25 06:13:39 [PcorgSync] INFO   ============================================================
2026-09-25 06:13:39 [PcorgSync] INFO   
2026-09-25 06:13:39 [PcorgSync] INFO   Dernier sync : 2026-09-25 04:00:35.547000
2026-09-25 06:13:39 [PcorgSync] INFO   Connexion SQL Server...
2026-09-25 06:13:39 [PcorgSync] INFO     Driver ODBC : ODBC Driver 18 for SQL Server
2026-09-25 06:13:39 [PcorgSync] INFO     Port résolu via SQL Browser : 65422
2026-09-25 06:13:39 [PcorgSync] INFO     Connecté à 10.34.0.4,65422
2026-09-25 06:13:39 [PcorgSync] INFO   Récupération par lots de 1000...
2026-09-25 06:13:39 [PcorgSync] INFO   
2026-09-25 06:13:39 [PcorgSync] INFO   Aucun nouveau message. Rien à synchroniser.
2026-09-25 06:13:39 [PcorgSync] INFO Sync terminee avec succes
2026-09-25 06:18:14 [PcorgSync] INFO Lancement sync incremental
2026-09-25 06:18:15 [PcorgSync] INFO   ============================================================
2026-09-25 06:18:15 [PcorgSync] INFO   
2026-09-25 06:18:15 [PcorgSync] INFO   Dernier sync : 2026-09-25 04:00:35.547000
2026-09-25 06:18:15 [PcorgSync] INFO   Connexion SQL Server...
2026-09-25 06:18:15 [PcorgSync] INFO     Driver ODBC : ODBC Driver 18 for SQL Server
2026-09-25 06:18:15 [PcorgSync] INFO     Port résolu via SQL Browser : 65422
2026-09-25 06:18:15 [PcorgSync] INFO     Connecté à 10.34.0.4,65422
2026-09-25 06:18:15 [PcorgSync] INFO   Récupération par lots de 1000...
2026-09-25 06:18:15 [PcorgSync] INFO   
2026-09-25 06:18:15 [PcorgSync] INFO   Aucun nouveau message. Rien à synchroniser.
2026-09-25 06:18:15 [PcorgSync] INFO Sync terminee avec succes
2026-09-25 06:23:44 [PcorgSync] INFO Lancement sync incremental
2026-09-25 06:23:45 [PcorgSync] INFO     Messages SQL récupérés : 1
2026-09-25 06:23:45 [PcorgSync] INFO     Documents upsertés : 1
2026-09-25 06:23:45 [PcorgSync] INFO     Répartition par événement :
2026-09-25 06:23:45 [PcorgSync] INFO       24H CAMIONS 2026: 1
2026-09-25 06:23:45 [PcorgSync] INFO     Répartition par catégorie :
2026-09-25 06:23:45 [PcorgSync] INFO       PCO.Fourriere: 1
2026-09-25 06:23:45 [PcorgSync] INFO     Curseur DateWrite : 2026-09-25 04:22:29.613000
2026-09-25 06:23:45 [PcorgSync] INFO     Config pcorg : aucune nouvelle valeur
2026-09-25 06:23:45 [PcorgSync] INFO     Total en base : 29610 docs (29610 attribués, 2687 avec GPS)
2026-09-25 06:23:45 [PcorgSync] INFO   ============================================================
2026-09-25 06:23:45 [PcorgSync] INFO Sync terminee avec succes
2026-09-25 06:28:14 [PcorgSync] INFO Lancement sync incremental
2026-09-25 06:28:15 [PcorgSync] INFO     Répartition par catégorie :
2026-09-25 06:28:15 [PcorgSync] INFO       PCO.Fourriere: 1
2026-09-25 06:28:15 [PcorgSync] INFO       PCS.Surete: 1
2026-09-25 06:28:15 [PcorgSync] INFO       PCO.Technique: 1
2026-09-25 06:28:15 [PcorgSync] INFO       PCS.Information: 1
2026-09-25 06:28:15 [PcorgSync] INFO       PCO.Information: 1
2026-09-25 06:28:15 [PcorgSync] INFO     Curseur DateWrite : 2026-09-25 04:28:04.670000
2026-09-25 06:28:15 [PcorgSync] INFO     Config pcorg : aucune nouvelle valeur
2026-09-25 06:28:15 [PcorgSync] INFO     Total en base : 29612 docs (29612 attribués, 2687 avec GPS)
2026-09-25 06:28:15 [PcorgSync] INFO   ============================================================
2026-09-25 06:28:15 [PcorgSync] INFO Sync terminee avec succes
2026-09-25 06:33:23 [PcorgSync] INFO Lancement sync incremental
2026-09-25 06:33:25 [PcorgSync] INFO     Documents upsertés : 3
2026-09-25 06:33:25 [PcorgSync] INFO     Répartition par événement :
2026-09-25 06:33:25 [PcorgSync] INFO       24H CAMIONS 2026: 3
2026-09-25 06:33:25 [PcorgSync] INFO     Répartition par catégorie :
2026-09-25 06:33:25 [PcorgSync] INFO       PCS.Information: 2
2026-09-25 06:33:25 [PcorgSync] INFO       PCO.Securite: 1
2026-09-25 06:33:25 [PcorgSync] INFO     Curseur DateWrite : 2026-09-25 04:32:19.390000
2026-09-25 06:33:25 [PcorgSync] INFO     Config pcorg : aucune nouvelle valeur
2026-09-25 06:33:25 [PcorgSync] INFO     Total en base : 29614 docs (29614 attribués, 2687 avec GPS)
2026-09-25 06:33:25 [PcorgSync] INFO   ============================================================
2026-09-25 06:33:25 [PcorgSync] INFO Sync terminee avec succes
2026-09-25 06:38:44 [PcorgSync] INFO Lancement sync incremental
2026-09-25 06:38:45 [PcorgSync] INFO     Messages SQL récupérés : 1
2026-09-25 06:38:45 [PcorgSync] INFO     Documents upsertés : 1
2026-09-25 06:38:45 [PcorgSync] INFO     Répartition par événement :
2026-09-25 06:38:45 [PcorgSync] INFO       24H CAMIONS 2026: 1
2026-09-25 06:38:45 [PcorgSync] INFO     Répartition par catégorie :
2026-09-25 06:38:45 [PcorgSync] INFO       PCO.MainCourante: 1
2026-09-25 06:38:45 [PcorgSync] INFO     Curseur DateWrite : 2026-09-25 04:36:26.130000
2026-09-25 06:38:45 [PcorgSync] INFO     Config pcorg : aucune nouvelle valeur
2026-09-25 06:38:45 [PcorgSync] INFO     Total en base : 29615 docs (29615 attribués, 2687 avec GPS)
2026-09-25 06:38:45 [PcorgSync] INFO   ============================================================
2026-09-25 06:38:45 [PcorgSync] INFO Sync terminee avec succes
2026-09-25 06:43:38 [PcorgSync] INFO Lancement sync incremental
2026-09-25 06:43:39 [PcorgSync] INFO   ============================================================
2026-09-25 06:43:39 [PcorgSync] INFO   
2026-09-25 06:43:39 [PcorgSync] INFO   Dernier sync : 2026-09-25 04:36:26.130000
2026-09-25 06:43:39 [PcorgSync] INFO   Connexion SQL Server...
2026-09-25 06:43:39 [PcorgSync] INFO     Driver ODBC : ODBC Driver 18 for SQL Server
2026-09-25 06:43:39 [PcorgSync] INFO     Port résolu via SQL Browser : 65422
2026-09-25 06:43:39 [PcorgSync] INFO     Connecté à 10.34.0.4,65422
2026-09-25 06:43:39 [PcorgSync] INFO   Récupération par lots de 1000...
2026-09-25 06:43:39 [PcorgSync] INFO   
2026-09-25 06:43:39 [PcorgSync] INFO   Aucun nouveau message. Rien à synchroniser.
2026-09-25 06:43:39 [PcorgSync] INFO Sync terminee avec succes
2026-09-25 06:48:14 [PcorgSync] INFO Lancement sync incremental
2026-09-25 06:48:15 [PcorgSync] INFO   ============================================================
2026-09-25 06:48:15 [PcorgSync] INFO   
2026-09-25 06:48:15 [PcorgSync] INFO   Dernier sync : 2026-09-25 04:36:26.130000
2026-09-25 06:48:15 [PcorgSync] INFO   Connexion SQL Server...
2026-09-25 06:48:15 [PcorgSync] INFO     Driver ODBC : ODBC Driver 18 for SQL Server
2026-09-25 06:48:15 [PcorgSync] INFO     Port résolu via SQL Browser : 65422
2026-09-25 06:48:15 [PcorgSync] INFO     Connecté à 10.34.0.4,65422
2026-09-25 06:48:15 [PcorgSync] INFO   Récupération par lots de 1000...
2026-09-25 06:48:15 [PcorgSync] INFO   
2026-09-25 06:48:15 [PcorgSync] INFO   Aucun nouveau message. Rien à synchroniser.
2026-09-25 06:48:15 [PcorgSync] INFO Sync terminee avec succes
2026-09-25 06:53:38 [PcorgSync] INFO Lancement sync incremental
2026-09-25 06:53:39 [PcorgSync] INFO   ============================================================
2026-09-25 06:53:39 [PcorgSync] INFO   
2026-09-25 06:53:39 [PcorgSync] INFO   Dernier sync : 2026-09-25 04:36:26.130000
2026-09-25 06:53:39 [PcorgSync] INFO   Connexion SQL Server...
2026-09-25 06:53:39 [PcorgSync] INFO     Driver ODBC : ODBC Driver 18 for SQL Server
2026-09-25 06:53:39 [PcorgSync] INFO     Port résolu via SQL Browser : 65422
2026-09-25 06:53:39 [PcorgSync] INFO     Connecté à 10.34.0.4,65422
2026-09-25 06:53:39 [PcorgSync] INFO   Récupération par lots de 1000...
2026-09-25 06:53:39 [PcorgSync] INFO   
2026-09-25 06:53:39 [PcorgSync] INFO   Aucun nouveau message. Rien à synchroniser.
2026-09-25 06:53:39 [PcorgSync] INFO Sync terminee avec succes
2026-09-25 06:58:14 [PcorgSync] INFO Lancement sync incremental
2026-09-25 06:58:15 [PcorgSync] INFO   ============================================================
2026-09-25 06:58:15 [PcorgSync] INFO   
2026-09-25 06:58:15 [PcorgSync] INFO   Dernier sync : 2026-09-25 04:36:26.130000
2026-09-25 06:58:15 [PcorgSync] INFO   Connexion SQL Server...
2026-09-25 06:58:15 [PcorgSync] INFO     Driver ODBC : ODBC Driver 18 for SQL Server
2026-09-25 06:58:15 [PcorgSync] INFO     Port résolu via SQL Browser : 65422
2026-09-25 06:58:15 [PcorgSync] INFO     Connecté à 10.34.0.4,65422
2026-09-25 06:58:15 [PcorgSync] INFO   Récupération par lots de 1000...
2026-09-25 06:58:15 [PcorgSync] INFO   
2026-09-25 06:58:15 [PcorgSync] INFO   Aucun nouveau message. Rien à synchroniser.
2026-09-25 06:58:15 [PcorgSync] INFO Sync terminee avec succes
2026-09-25 07:03:14 [PcorgSync] INFO Lancement sync incremental
2026-09-25 07:03:15 [PcorgSync] INFO   ============================================================
2026-09-25 07:03:15 [PcorgSync] INFO   
2026-09-25 07:03:15 [PcorgSync] INFO   Dernier sync : 2026-09-25 04:36:26.130000
2026-09-25 07:03:15 [PcorgSync] INFO   Connexion SQL Server...
2026-09-25 07:03:15 [PcorgSync] INFO     Driver ODBC : ODBC Driver 18 for SQL Server
2026-09-25 07:03:15 [PcorgSync] INFO     Port résolu via SQL Browser : 65422
2026-09-25 07:03:15 [PcorgSync] INFO     Connecté à 10.34.0.4,65422
2026-09-25 07:03:15 [PcorgSync] INFO   Récupération par lots de 1000...
2026-09-25 07:03:15 [PcorgSync] INFO   
2026-09-25 07:03:15 [PcorgSync] INFO   Aucun nouveau message. Rien à synchroniser.
2026-09-25 07:03:15 [PcorgSync] INFO Sync terminee avec succes
2026-09-25 07:08:44 [PcorgSync] INFO Lancement sync incremental
2026-09-25 07:08:45 [PcorgSync] INFO   ============================================================
2026-09-25 07:08:45 [PcorgSync] INFO   
2026-09-25 07:08:45 [PcorgSync] INFO   Dernier sync : 2026-09-25 04:36:26.130000
2026-09-25 07:08:45 [PcorgSync] INFO   Connexion SQL Server...
2026-09-25 07:08:45 [PcorgSync] INFO     Driver ODBC : ODBC Driver 18 for SQL Server
2026-09-25 07:08:45 [PcorgSync] INFO     Port résolu via SQL Browser : 65422
2026-09-25 07:08:45 [PcorgSync] INFO     Connecté à 10.34.0.4,65422
2026-09-25 07:08:45 [PcorgSync] INFO   Récupération par lots de 1000...
2026-09-25 07:08:45 [PcorgSync] INFO   
2026-09-25 07:08:45 [PcorgSync] INFO   Aucun nouveau message. Rien à synchroniser.
2026-09-25 07:08:45 [PcorgSync] INFO Sync terminee avec succes
2026-09-25 07:13:29 [PcorgSync] INFO Lancement sync incremental
2026-09-25 07:13:30 [PcorgSync] INFO   ============================================================
2026-09-25 07:13:30 [PcorgSync] INFO   
2026-09-25 07:13:30 [PcorgSync] INFO   Dernier sync : 2026-09-25 04:36:26.130000
2026-09-25 07:13:30 [PcorgSync] INFO   Connexion SQL Server...
2026-09-25 07:13:30 [PcorgSync] INFO     Driver ODBC : ODBC Driver 18 for SQL Server
2026-09-25 07:13:30 [PcorgSync] INFO     Port résolu via SQL Browser : 65422
2026-09-25 07:13:30 [PcorgSync] INFO     Connecté à 10.34.0.4,65422
2026-09-25 07:13:30 [PcorgSync] INFO   Récupération par lots de 1000...
2026-09-25 07:13:30 [PcorgSync] INFO   
2026-09-25 07:13:30 [PcorgSync] INFO   Aucun nouveau message. Rien à synchroniser.
2026-09-25 07:13:30 [PcorgSync] INFO Sync terminee avec succes
2026-09-25 07:18:29 [PcorgSync] INFO Lancement sync incremental
2026-09-25 07:18:31 [PcorgSync] INFO     Messages SQL récupérés : 3
2026-09-25 07:18:31 [PcorgSync] INFO     Documents upsertés : 3
2026-09-25 07:18:31 [PcorgSync] INFO     Répartition par événement :
2026-09-25 07:18:31 [PcorgSync] INFO       24H CAMIONS 2026: 3
2026-09-25 07:18:31 [PcorgSync] INFO     Répartition par catégorie :
2026-09-25 07:18:31 [PcorgSync] INFO       PCS.Information: 3
2026-09-25 07:18:31 [PcorgSync] INFO     Curseur DateWrite : 2026-09-25 05:15:51.703000
2026-09-25 07:18:31 [PcorgSync] INFO     Config pcorg : aucune nouvelle valeur
2026-09-25 07:18:31 [PcorgSync] INFO     Total en base : 29617 docs (29617 attribués, 2687 avec GPS)
2026-09-25 07:18:31 [PcorgSync] INFO   ============================================================
2026-09-25 07:18:31 [PcorgSync] INFO Sync terminee avec succes
2026-09-25 07:23:44 [PcorgSync] INFO Lancement sync incremental
2026-09-25 07:23:45 [PcorgSync] INFO     Messages SQL récupérés : 1
2026-09-25 07:23:45 [PcorgSync] INFO     Documents upsertés : 1
2026-09-25 07:23:45 [PcorgSync] INFO     Répartition par événement :
2026-09-25 07:23:45 [PcorgSync] INFO       24H CAMIONS 2026: 1
2026-09-25 07:23:45 [PcorgSync] INFO     Répartition par catégorie :
2026-09-25 07:23:45 [PcorgSync] INFO       PCS.Information: 1
2026-09-25 07:23:45 [PcorgSync] INFO     Curseur DateWrite : 2026-09-25 05:15:51.703000
2026-09-25 07:23:45 [PcorgSync] INFO     Config pcorg : aucune nouvelle valeur
2026-09-25 07:23:45 [PcorgSync] INFO     Total en base : 29617 docs (29617 attribués, 2687 avec GPS)
2026-09-25 07:23:45 [PcorgSync] INFO   ============================================================
2026-09-25 07:23:45 [PcorgSync] INFO Sync terminee avec succes
2026-09-25 07:28:14 [PcorgSync] INFO Lancement sync incremental
2026-09-25 07:28:15 [PcorgSync] INFO     Documents upsertés : 2
2026-09-25 07:28:15 [PcorgSync] INFO     Répartition par événement :
2026-09-25 07:28:15 [PcorgSync] INFO       24H CAMIONS 2026: 2
2026-09-25 07:28:15 [PcorgSync] INFO     Répartition par catégorie :
2026-09-25 07:28:15 [PcorgSync] INFO       PCS.Information: 1
2026-09-25 07:28:15 [PcorgSync] INFO       PCO.Securite: 1
2026-09-25 07:28:15 [PcorgSync] INFO     Curseur DateWrite : 2026-09-25 05:25:27.730000
2026-09-25 07:28:15 [PcorgSync] INFO     Config pcorg : aucune nouvelle valeur
2026-09-25 07:28:15 [PcorgSync] INFO     Total en base : 29617 docs (29617 attribués, 2687 avec GPS)
2026-09-25 07:28:15 [PcorgSync] INFO   ============================================================
2026-09-25 07:28:15 [PcorgSync] INFO Sync terminee avec succes
2026-09-25 07:33:14 [PcorgSync] INFO Lancement sync incremental
2026-09-25 07:33:15 [PcorgSync] INFO   ============================================================
2026-09-25 07:33:15 [PcorgSync] INFO   
2026-09-25 07:33:15 [PcorgSync] INFO   Dernier sync : 2026-09-25 05:25:27.730000
2026-09-25 07:33:15 [PcorgSync] INFO   Connexion SQL Server...
2026-09-25 07:33:15 [PcorgSync] INFO     Driver ODBC : ODBC Driver 18 for SQL Server
2026-09-25 07:33:15 [PcorgSync] INFO     Port résolu via SQL Browser : 65422
2026-09-25 07:33:15 [PcorgSync] INFO     Connecté à 10.34.0.4,65422
2026-09-25 07:33:15 [PcorgSync] INFO   Récupération par lots de 1000...
2026-09-25 07:33:15 [PcorgSync] INFO   
2026-09-25 07:33:15 [PcorgSync] INFO   Aucun nouveau message. Rien à synchroniser.
2026-09-25 07:33:15 [PcorgSync] INFO Sync terminee avec succes
2026-09-25 07:38:38 [PcorgSync] INFO Lancement sync incremental
2026-09-25 07:38:40 [PcorgSync] INFO     Messages SQL récupérés : 1
2026-09-25 07:38:40 [PcorgSync] INFO     Documents upsertés : 1
2026-09-25 07:38:40 [PcorgSync] INFO     Répartition par événement :
2026-09-25 07:38:40 [PcorgSync] INFO       24H CAMIONS 2026: 1
2026-09-25 07:38:40 [PcorgSync] INFO     Répartition par catégorie :
2026-09-25 07:38:40 [PcorgSync] INFO       PCO.Technique: 1
2026-09-25 07:38:40 [PcorgSync] INFO     Curseur DateWrite : 2026-09-25 05:36:02.947000
2026-09-25 07:38:40 [PcorgSync] INFO     Config pcorg : aucune nouvelle valeur
2026-09-25 07:38:40 [PcorgSync] INFO     Total en base : 29618 docs (29618 attribués, 2688 avec GPS)
2026-09-25 07:38:40 [PcorgSync] INFO   ============================================================
2026-09-25 07:38:40 [PcorgSync] INFO Sync terminee avec succes
2026-09-25 07:43:38 [PcorgSync] INFO Lancement sync incremental
2026-09-25 07:43:40 [PcorgSync] INFO     Messages SQL récupérés : 1
2026-09-25 07:43:40 [PcorgSync] INFO     Documents upsertés : 1
2026-09-25 07:43:40 [PcorgSync] INFO     Répartition par événement :
2026-09-25 07:43:40 [PcorgSync] INFO       24H CAMIONS 2026: 1
2026-09-25 07:43:40 [PcorgSync] INFO     Répartition par catégorie :
2026-09-25 07:43:40 [PcorgSync] INFO       PCO.Securite: 1
2026-09-25 07:43:40 [PcorgSync] INFO     Curseur DateWrite : 2026-09-25 05:42:49.137000
2026-09-25 07:43:40 [PcorgSync] INFO     Config pcorg : aucune nouvelle valeur
2026-09-25 07:43:40 [PcorgSync] INFO     Total en base : 29618 docs (29618 attribués, 2688 avec GPS)
2026-09-25 07:43:40 [PcorgSync] INFO   ============================================================
2026-09-25 07:43:40 [PcorgSync] INFO Sync terminee avec succes
2026-09-25 07:48:14 [PcorgSync] INFO Lancement sync incremental
2026-09-25 07:48:15 [PcorgSync] INFO     Documents upsertés : 2
2026-09-25 07:48:15 [PcorgSync] INFO     Répartition par événement :
2026-09-25 07:48:15 [PcorgSync] INFO       24H CAMIONS 2026: 2
2026-09-25 07:48:15 [PcorgSync] INFO     Répartition par catégorie :
2026-09-25 07:48:15 [PcorgSync] INFO       PCO.Information: 1
2026-09-25 07:48:15 [PcorgSync] INFO       PCO.MainCourante: 1
2026-09-25 07:48:15 [PcorgSync] INFO     Curseur DateWrite : 2026-09-25 05:47:51.050000
2026-09-25 07:48:15 [PcorgSync] INFO     Config pcorg : aucune nouvelle valeur
2026-09-25 07:48:15 [PcorgSync] INFO     Total en base : 29619 docs (29619 attribués, 2688 avec GPS)
2026-09-25 07:48:15 [PcorgSync] INFO   ============================================================
2026-09-25 07:48:15 [PcorgSync] INFO Sync terminee avec succes
2026-09-25 07:53:44 [PcorgSync] INFO Lancement sync incremental
2026-09-25 07:53:45 [PcorgSync] INFO     Messages SQL récupérés : 1
2026-09-25 07:53:45 [PcorgSync] INFO     Documents upsertés : 1
2026-09-25 07:53:45 [PcorgSync] INFO     Répartition par événement :
2026-09-25 07:53:45 [PcorgSync] INFO       24H CAMIONS 2026: 1
2026-09-25 07:53:45 [PcorgSync] INFO     Répartition par catégorie :
2026-09-25 07:53:45 [PcorgSync] INFO       PCO.Technique: 1
2026-09-25 07:53:45 [PcorgSync] INFO     Curseur DateWrite : 2026-09-25 05:52:31.290000
2026-09-25 07:53:45 [PcorgSync] INFO     Config pcorg : aucune nouvelle valeur
2026-09-25 07:53:45 [PcorgSync] INFO     Total en base : 29619 docs (29619 attribués, 2688 avec GPS)
2026-09-25 07:53:45 [PcorgSync] INFO   ============================================================
2026-09-25 07:53:45 [PcorgSync] INFO Sync terminee avec succes
2026-09-25 07:58:14 [PcorgSync] INFO Lancement sync incremental
2026-09-25 07:58:15 [PcorgSync] INFO     Messages SQL récupérés : 1
2026-09-25 07:58:15 [PcorgSync] INFO     Documents upsertés : 1
2026-09-25 07:58:15 [PcorgSync] INFO     Répartition par événement :
2026-09-25 07:58:15 [PcorgSync] INFO       24H CAMIONS 2026: 1
2026-09-25 07:58:15 [PcorgSync] INFO     Répartition par catégorie :
2026-09-25 07:58:15 [PcorgSync] INFO       PCO.Technique: 1
2026-09-25 07:58:15 [PcorgSync] INFO     Curseur DateWrite : 2026-09-25 05:55:29.910000
2026-09-25 07:58:15 [PcorgSync] INFO     Config pcorg : aucune nouvelle valeur
2026-09-25 07:58:15 [PcorgSync] INFO     Total en base : 29619 docs (29619 attribués, 2688 avec GPS)
2026-09-25 07:58:15 [PcorgSync] INFO   ============================================================
2026-09-25 07:58:15 [PcorgSync] INFO Sync terminee avec succes
2026-09-25 08:03:14 [PcorgSync] INFO Lancement sync incremental
2026-09-25 08:03:15 [PcorgSync] INFO   ============================================================
2026-09-25 08:03:15 [PcorgSync] INFO   
2026-09-25 08:03:15 [PcorgSync] INFO   Dernier sync : 2026-09-25 05:55:29.910000
2026-09-25 08:03:15 [PcorgSync] INFO   Connexion SQL Server...
2026-09-25 08:03:15 [PcorgSync] INFO     Driver ODBC : ODBC Driver 18 for SQL Server
2026-09-25 08:03:15 [PcorgSync] INFO     Port résolu via SQL Browser : 65422
2026-09-25 08:03:15 [PcorgSync] INFO     Connecté à 10.34.0.4,65422
2026-09-25 08:03:15 [PcorgSync] INFO   Récupération par lots de 1000...
2026-09-25 08:03:15 [PcorgSync] INFO   
2026-09-25 08:03:15 [PcorgSync] INFO   Aucun nouveau message. Rien à synchroniser.
2026-09-25 08:03:15 [PcorgSync] INFO Sync terminee avec succes
2026-09-25 08:08:44 [PcorgSync] INFO Lancement sync incremental
2026-09-25 08:08:45 [PcorgSync] INFO   ============================================================
2026-09-25 08:08:45 [PcorgSync] INFO   
2026-09-25 08:08:45 [PcorgSync] INFO   Dernier sync : 2026-09-25 05:55:29.910000
2026-09-25 08:08:45 [PcorgSync] INFO   Connexion SQL Server...
2026-09-25 08:08:45 [PcorgSync] INFO     Driver ODBC : ODBC Driver 18 for SQL Server
2026-09-25 08:08:45 [PcorgSync] INFO     Port résolu via SQL Browser : 65422
2026-09-25 08:08:45 [PcorgSync] INFO     Connecté à 10.34.0.4,65422
2026-09-25 08:08:45 [PcorgSync] INFO   Récupération par lots de 1000...
2026-09-25 08:08:45 [PcorgSync] INFO   
2026-09-25 08:08:45 [PcorgSync] INFO   Aucun nouveau message. Rien à synchroniser.
2026-09-25 08:08:45 [PcorgSync] INFO Sync terminee avec succes
2026-09-25 08:13:38 [PcorgSync] INFO Lancement sync incremental
2026-09-25 08:13:40 [PcorgSync] INFO     Messages SQL récupérés : 1
2026-09-25 08:13:40 [PcorgSync] INFO     Documents upsertés : 1
2026-09-25 08:13:40 [PcorgSync] INFO     Répartition par événement :
2026-09-25 08:13:40 [PcorgSync] INFO       24H CAMIONS 2026: 1
2026-09-25 08:13:40 [PcorgSync] INFO     Répartition par catégorie :
2026-09-25 08:13:40 [PcorgSync] INFO       PCO.Information: 1
2026-09-25 08:13:40 [PcorgSync] INFO     Curseur DateWrite : 2026-09-25 06:11:45.327000
2026-09-25 08:13:40 [PcorgSync] INFO     Config pcorg : aucune nouvelle valeur
2026-09-25 08:13:40 [PcorgSync] INFO     Total en base : 29619 docs (29619 attribués, 2688 avec GPS)
2026-09-25 08:13:40 [PcorgSync] INFO   ============================================================
2026-09-25 08:13:40 [PcorgSync] INFO Sync terminee avec succes
2026-09-25 08:18:14 [PcorgSync] INFO Lancement sync incremental
2026-09-25 08:18:15 [PcorgSync] INFO   ============================================================
2026-09-25 08:18:15 [PcorgSync] INFO   
2026-09-25 08:18:15 [PcorgSync] INFO   Dernier sync : 2026-09-25 06:11:45.327000
2026-09-25 08:18:15 [PcorgSync] INFO   Connexion SQL Server...
2026-09-25 08:18:15 [PcorgSync] INFO     Driver ODBC : ODBC Driver 18 for SQL Server
2026-09-25 08:18:15 [PcorgSync] INFO     Port résolu via SQL Browser : 65422
2026-09-25 08:18:15 [PcorgSync] INFO     Connecté à 10.34.0.4,65422
2026-09-25 08:18:15 [PcorgSync] INFO   Récupération par lots de 1000...
2026-09-25 08:18:15 [PcorgSync] INFO   
2026-09-25 08:18:15 [PcorgSync] INFO   Aucun nouveau message. Rien à synchroniser.
2026-09-25 08:18:15 [PcorgSync] INFO Sync terminee avec succes
2026-09-25 08:23:29 [PcorgSync] INFO Lancement sync incremental
2026-09-25 08:23:30 [PcorgSync] INFO     Messages SQL récupérés : 1
2026-09-25 08:23:30 [PcorgSync] INFO     Documents upsertés : 1
2026-09-25 08:23:30 [PcorgSync] INFO     Répartition par événement :
2026-09-25 08:23:30 [PcorgSync] INFO       24H CAMIONS 2026: 1
2026-09-25 08:23:30 [PcorgSync] INFO     Répartition par catégorie :
2026-09-25 08:23:30 [PcorgSync] INFO       PCO.Technique: 1
2026-09-25 08:23:30 [PcorgSync] INFO     Curseur DateWrite : 2026-09-25 06:18:19.100000
2026-09-25 08:23:30 [PcorgSync] INFO     Config pcorg : aucune nouvelle valeur
2026-09-25 08:23:30 [PcorgSync] INFO     Total en base : 29619 docs (29619 attribués, 2688 avec GPS)
2026-09-25 08:23:30 [PcorgSync] INFO   ============================================================
2026-09-25 08:23:30 [PcorgSync] INFO Sync terminee avec succes
2026-09-25 08:28:14 [PcorgSync] INFO Lancement sync incremental
2026-09-25 08:28:15 [PcorgSync] INFO   ============================================================
2026-09-25 08:28:15 [PcorgSync] INFO   
2026-09-25 08:28:15 [PcorgSync] INFO   Dernier sync : 2026-09-25 06:18:19.100000
2026-09-25 08:28:15 [PcorgSync] INFO   Connexion SQL Server...
2026-09-25 08:28:15 [PcorgSync] INFO     Driver ODBC : ODBC Driver 18 for SQL Server
2026-09-25 08:28:15 [PcorgSync] INFO     Port résolu via SQL Browser : 65422
2026-09-25 08:28:15 [PcorgSync] INFO     Connecté à 10.34.0.4,65422
2026-09-25 08:28:15 [PcorgSync] INFO   Récupération par lots de 1000...
2026-09-25 08:28:15 [PcorgSync] INFO   
2026-09-25 08:28:15 [PcorgSync] INFO   Aucun nouveau message. Rien à synchroniser.
2026-09-25 08:28:15 [PcorgSync] INFO Sync terminee avec succes
2026-09-25 08:33:14 [PcorgSync] INFO Lancement sync incremental
2026-09-25 08:33:15 [PcorgSync] INFO     Messages SQL récupérés : 1
2026-09-25 08:33:15 [PcorgSync] INFO     Documents upsertés : 1
2026-09-25 08:33:15 [PcorgSync] INFO     Répartition par événement :
2026-09-25 08:33:15 [PcorgSync] INFO       24H CAMIONS 2026: 1
2026-09-25 08:33:15 [PcorgSync] INFO     Répartition par catégorie :
2026-09-25 08:33:15 [PcorgSync] INFO       PCO.Information: 1
2026-09-25 08:33:15 [PcorgSync] INFO     Curseur DateWrite : 2026-09-25 06:28:41.510000
2026-09-25 08:33:15 [PcorgSync] INFO     Config pcorg : aucune nouvelle valeur
2026-09-25 08:33:15 [PcorgSync] INFO     Total en base : 29620 docs (29620 attribués, 2688 avec GPS)
2026-09-25 08:33:15 [PcorgSync] INFO   ============================================================
2026-09-25 08:33:15 [PcorgSync] INFO Sync terminee avec succes
2026-09-25 08:38:44 [PcorgSync] INFO Lancement sync incremental
2026-09-25 08:38:45 [PcorgSync] INFO     Messages SQL récupérés : 1
2026-09-25 08:38:45 [PcorgSync] INFO     Documents upsertés : 1
2026-09-25 08:38:45 [PcorgSync] INFO     Répartition par événement :
2026-09-25 08:38:45 [PcorgSync] INFO       24H CAMIONS 2026: 1
2026-09-25 08:38:45 [PcorgSync] INFO     Répartition par catégorie :
2026-09-25 08:38:45 [PcorgSync] INFO       PCO.Technique: 1
2026-09-25 08:38:45 [PcorgSync] INFO     Curseur DateWrite : 2026-09-25 06:34:47.217000
2026-09-25 08:38:45 [PcorgSync] INFO     Config pcorg : aucune nouvelle valeur
2026-09-25 08:38:45 [PcorgSync] INFO     Total en base : 29620 docs (29620 attribués, 2688 avec GPS)
2026-09-25 08:38:45 [PcorgSync] INFO   ============================================================
2026-09-25 08:38:45 [PcorgSync] INFO Sync terminee avec succes
2026-09-25 08:43:38 [PcorgSync] INFO Lancement sync incremental
2026-09-25 08:43:39 [PcorgSync] INFO   ============================================================
2026-09-25 08:43:39 [PcorgSync] INFO   
2026-09-25 08:43:39 [PcorgSync] INFO   Dernier sync : 2026-09-25 06:34:47.217000
2026-09-25 08:43:39 [PcorgSync] INFO   Connexion SQL Server...
2026-09-25 08:43:39 [PcorgSync] INFO     Driver ODBC : ODBC Driver 18 for SQL Server
2026-09-25 08:43:39 [PcorgSync] INFO     Port résolu via SQL Browser : 65422
2026-09-25 08:43:39 [PcorgSync] INFO     Connecté à 10.34.0.4,65422
2026-09-25 08:43:39 [PcorgSync] INFO   Récupération par lots de 1000...
2026-09-25 08:43:39 [PcorgSync] INFO   
2026-09-25 08:43:39 [PcorgSync] INFO   Aucun nouveau message. Rien à synchroniser.
2026-09-25 08:43:39 [PcorgSync] INFO Sync terminee avec succes
2026-09-25 08:48:14 [PcorgSync] INFO Lancement sync incremental
2026-09-25 08:48:15 [PcorgSync] INFO   ============================================================
2026-09-25 08:48:15 [PcorgSync] INFO   
2026-09-25 08:48:15 [PcorgSync] INFO   Dernier sync : 2026-09-25 06:34:47.217000
2026-09-25 08:48:15 [PcorgSync] INFO   Connexion SQL Server...
2026-09-25 08:48:15 [PcorgSync] INFO     Driver ODBC : ODBC Driver 18 for SQL Server
2026-09-25 08:48:15 [PcorgSync] INFO     Port résolu via SQL Browser : 65422
2026-09-25 08:48:15 [PcorgSync] INFO     Connecté à 10.34.0.4,65422
2026-09-25 08:48:15 [PcorgSync] INFO   Récupération par lots de 1000...
2026-09-25 08:48:15 [PcorgSync] INFO   
2026-09-25 08:48:15 [PcorgSync] INFO   Aucun nouveau message. Rien à synchroniser.
2026-09-25 08:48:15 [PcorgSync] INFO Sync terminee avec succes
2026-09-25 08:53:44 [PcorgSync] INFO Lancement sync incremental
2026-09-25 08:53:45 [PcorgSync] INFO     Documents upsertés : 2
2026-09-25 08:53:45 [PcorgSync] INFO     Répartition par événement :
2026-09-25 08:53:45 [PcorgSync] INFO       24H CAMIONS 2026: 2
2026-09-25 08:53:45 [PcorgSync] INFO     Répartition par catégorie :
2026-09-25 08:53:45 [PcorgSync] INFO       PCO.Information: 1
2026-09-25 08:53:45 [PcorgSync] INFO       PCS.Information: 1
2026-09-25 08:53:45 [PcorgSync] INFO     Curseur DateWrite : 2026-09-25 06:53:05.143000
2026-09-25 08:53:45 [PcorgSync] INFO     Config pcorg : aucune nouvelle valeur
2026-09-25 08:53:45 [PcorgSync] INFO     Total en base : 29622 docs (29622 attribués, 2688 avec GPS)
2026-09-25 08:53:45 [PcorgSync] INFO   ============================================================
2026-09-25 08:53:45 [PcorgSync] INFO Sync terminee avec succes
2026-09-25 08:58:14 [PcorgSync] INFO Lancement sync incremental
2026-09-25 08:58:15 [PcorgSync] INFO     Documents upsertés : 2
2026-09-25 08:58:15 [PcorgSync] INFO     Répartition par événement :
2026-09-25 08:58:15 [PcorgSync] INFO       24H CAMIONS 2026: 2
2026-09-25 08:58:15 [PcorgSync] INFO     Répartition par catégorie :
2026-09-25 08:58:15 [PcorgSync] INFO       PCS.Information: 1
2026-09-25 08:58:15 [PcorgSync] INFO       PCO.Fourriere: 1
2026-09-25 08:58:15 [PcorgSync] INFO     Curseur DateWrite : 2026-09-25 06:54:53.027000
2026-09-25 08:58:15 [PcorgSync] INFO     Config pcorg : aucune nouvelle valeur
2026-09-25 08:58:15 [PcorgSync] INFO     Total en base : 29623 docs (29623 attribués, 2689 avec GPS)
2026-09-25 08:58:15 [PcorgSync] INFO   ============================================================
2026-09-25 08:58:15 [PcorgSync] INFO Sync terminee avec succes
2026-09-25 09:03:14 [PcorgSync] INFO Lancement sync incremental
2026-09-25 09:03:15 [PcorgSync] INFO     Messages SQL récupérés : 1
2026-09-25 09:03:15 [PcorgSync] INFO     Documents upsertés : 1
2026-09-25 09:03:15 [PcorgSync] INFO     Répartition par événement :
2026-09-25 09:03:15 [PcorgSync] INFO       24H CAMIONS 2026: 1
2026-09-25 09:03:15 [PcorgSync] INFO     Répartition par catégorie :
2026-09-25 09:03:15 [PcorgSync] INFO       PCO.Fourriere: 1
2026-09-25 09:03:15 [PcorgSync] INFO     Curseur DateWrite : 2026-09-25 06:58:54.173000
2026-09-25 09:03:15 [PcorgSync] INFO     Config pcorg : aucune nouvelle valeur
2026-09-25 09:03:15 [PcorgSync] INFO     Total en base : 29623 docs (29623 attribués, 2689 avec GPS)
2026-09-25 09:03:15 [PcorgSync] INFO   ============================================================
2026-09-25 09:03:15 [PcorgSync] INFO Sync terminee avec succes
2026-09-25 09:08:25 [PcorgSync] INFO Lancement sync incremental
2026-09-25 09:08:27 [PcorgSync] INFO     Documents upsertés : 2
2026-09-25 09:08:27 [PcorgSync] INFO     Répartition par événement :
2026-09-25 09:08:27 [PcorgSync] INFO       24H CAMIONS 2026: 2
2026-09-25 09:08:27 [PcorgSync] INFO     Répartition par catégorie :
2026-09-25 09:08:27 [PcorgSync] INFO       PCO.Technique: 1
2026-09-25 09:08:27 [PcorgSync] INFO       PCO.Fourriere: 1
2026-09-25 09:08:27 [PcorgSync] INFO     Curseur DateWrite : 2026-09-25 07:07:07.847000
2026-09-25 09:08:27 [PcorgSync] INFO     Config pcorg : aucune nouvelle valeur
2026-09-25 09:08:27 [PcorgSync] INFO     Total en base : 29624 docs (29624 attribués, 2690 avec GPS)
2026-09-25 09:08:27 [PcorgSync] INFO   ============================================================
2026-09-25 09:08:27 [PcorgSync] INFO Sync terminee avec succes
2026-09-25 09:13:44 [PcorgSync] INFO Lancement sync incremental
2026-09-25 09:13:45 [PcorgSync] INFO   ============================================================
2026-09-25 09:13:45 [PcorgSync] INFO   
2026-09-25 09:13:45 [PcorgSync] INFO   Dernier sync : 2026-09-25 07:07:07.847000
2026-09-25 09:13:45 [PcorgSync] INFO   Connexion SQL Server...
2026-09-25 09:13:45 [PcorgSync] INFO     Driver ODBC : ODBC Driver 18 for SQL Server
2026-09-25 09:13:45 [PcorgSync] INFO     Port résolu via SQL Browser : 65422
2026-09-25 09:13:45 [PcorgSync] INFO     Connecté à 10.34.0.4,65422
2026-09-25 09:13:45 [PcorgSync] INFO   Récupération par lots de 1000...
2026-09-25 09:13:45 [PcorgSync] INFO   
2026-09-25 09:13:45 [PcorgSync] INFO   Aucun nouveau message. Rien à synchroniser.
2026-09-25 09:13:45 [PcorgSync] INFO Sync terminee avec succes
2026-09-25 09:18:14 [PcorgSync] INFO Lancement sync incremental
2026-09-25 09:18:15 [PcorgSync] INFO   ============================================================
2026-09-25 09:18:15 [PcorgSync] INFO   
2026-09-25 09:18:15 [PcorgSync] INFO   Dernier sync : 2026-09-25 07:07:07.847000
2026-09-25 09:18:15 [PcorgSync] INFO   Connexion SQL Server...
2026-09-25 09:18:15 [PcorgSync] INFO     Driver ODBC : ODBC Driver 18 for SQL Server
2026-09-25 09:18:15 [PcorgSync] INFO     Port résolu via SQL Browser : 65422
2026-09-25 09:18:15 [PcorgSync] INFO     Connecté à 10.34.0.4,65422
2026-09-25 09:18:15 [PcorgSync] INFO   Récupération par lots de 1000...
2026-09-25 09:18:15 [PcorgSync] INFO   
2026-09-25 09:18:15 [PcorgSync] INFO   Aucun nouveau message. Rien à synchroniser.
2026-09-25 09:18:15 [PcorgSync] INFO Sync terminee avec succes
2026-09-25 09:23:44 [PcorgSync] INFO Lancement sync incremental
2026-09-25 09:23:45 [PcorgSync] INFO     Messages SQL récupérés : 1
2026-09-25 09:23:45 [PcorgSync] INFO     Documents upsertés : 1
2026-09-25 09:23:45 [PcorgSync] INFO     Répartition par événement :
2026-09-25 09:23:45 [PcorgSync] INFO       24H CAMIONS 2026: 1
2026-09-25 09:23:45 [PcorgSync] INFO     Répartition par catégorie :
2026-09-25 09:23:45 [PcorgSync] INFO       PCO.Technique: 1
2026-09-25 09:23:45 [PcorgSync] INFO     Curseur DateWrite : 2026-09-25 07:20:39.470000
2026-09-25 09:23:45 [PcorgSync] INFO     Config pcorg : aucune nouvelle valeur
2026-09-25 09:23:45 [PcorgSync] INFO     Total en base : 29625 docs (29625 attribués, 2691 avec GPS)
2026-09-25 09:23:45 [PcorgSync] INFO   ============================================================
2026-09-25 09:23:45 [PcorgSync] INFO Sync terminee avec succes
2026-09-25 09:28:23 [PcorgSync] INFO Lancement sync incremental
2026-09-25 09:28:24 [PcorgSync] INFO   ============================================================
2026-09-25 09:28:24 [PcorgSync] INFO   
2026-09-25 09:28:24 [PcorgSync] INFO   Dernier sync : 2026-09-25 07:20:39.470000
2026-09-25 09:28:24 [PcorgSync] INFO   Connexion SQL Server...
2026-09-25 09:28:24 [PcorgSync] INFO     Driver ODBC : ODBC Driver 18 for SQL Server
2026-09-25 09:28:24 [PcorgSync] INFO     Port résolu via SQL Browser : 65422
2026-09-25 09:28:24 [PcorgSync] INFO     Connecté à 10.34.0.4,65422
2026-09-25 09:28:24 [PcorgSync] INFO   Récupération par lots de 1000...
2026-09-25 09:28:24 [PcorgSync] INFO   
2026-09-25 09:28:24 [PcorgSync] INFO   Aucun nouveau message. Rien à synchroniser.
2026-09-25 09:28:24 [PcorgSync] INFO Sync terminee avec succes
2026-09-25 09:33:14 [PcorgSync] INFO Lancement sync incremental
2026-09-25 09:33:15 [PcorgSync] INFO     Messages SQL récupérés : 1
2026-09-25 09:33:15 [PcorgSync] INFO     Documents upsertés : 1
2026-09-25 09:33:15 [PcorgSync] INFO     Répartition par événement :
2026-09-25 09:33:15 [PcorgSync] INFO       24H CAMIONS 2026: 1
2026-09-25 09:33:15 [PcorgSync] INFO     Répartition par catégorie :
2026-09-25 09:33:15 [PcorgSync] INFO       PCO.Technique: 1
2026-09-25 09:33:15 [PcorgSync] INFO     Curseur DateWrite : 2026-09-25 07:31:09.900000
2026-09-25 09:33:15 [PcorgSync] INFO     Config pcorg : aucune nouvelle valeur
2026-09-25 09:33:15 [PcorgSync] INFO     Total en base : 29626 docs (29626 attribués, 2692 avec GPS)
2026-09-25 09:33:15 [PcorgSync] INFO   ============================================================
2026-09-25 09:33:15 [PcorgSync] INFO Sync terminee avec succes
2026-09-25 09:38:44 [PcorgSync] INFO Lancement sync incremental
2026-09-25 09:38:45 [PcorgSync] INFO   ============================================================
2026-09-25 09:38:45 [PcorgSync] INFO   
2026-09-25 09:38:45 [PcorgSync] INFO   Dernier sync : 2026-09-25 07:31:09.900000
2026-09-25 09:38:45 [PcorgSync] INFO   Connexion SQL Server...
2026-09-25 09:38:45 [PcorgSync] INFO     Driver ODBC : ODBC Driver 18 for SQL Server
2026-09-25 09:38:45 [PcorgSync] INFO     Port résolu via SQL Browser : 65422
2026-09-25 09:38:45 [PcorgSync] INFO     Connecté à 10.34.0.4,65422
2026-09-25 09:38:45 [PcorgSync] INFO   Récupération par lots de 1000...
2026-09-25 09:38:45 [PcorgSync] INFO   
2026-09-25 09:38:45 [PcorgSync] INFO   Aucun nouveau message. Rien à synchroniser.
2026-09-25 09:38:45 [PcorgSync] INFO Sync terminee avec succes
2026-09-25 09:43:29 [PcorgSync] INFO Lancement sync incremental
2026-09-25 09:43:30 [PcorgSync] INFO     Messages SQL récupérés : 3
2026-09-25 09:43:30 [PcorgSync] INFO     Documents upsertés : 3
2026-09-25 09:43:30 [PcorgSync] INFO     Répartition par événement :
2026-09-25 09:43:30 [PcorgSync] INFO       24H CAMIONS 2026: 3
2026-09-25 09:43:30 [PcorgSync] INFO     Répartition par catégorie :
2026-09-25 09:43:30 [PcorgSync] INFO       PCO.Technique: 3
2026-09-25 09:43:30 [PcorgSync] INFO     Curseur DateWrite : 2026-09-25 07:41:06.760000
2026-09-25 09:43:30 [PcorgSync] INFO     Config pcorg : aucune nouvelle valeur
2026-09-25 09:43:30 [PcorgSync] INFO     Total en base : 29628 docs (29628 attribués, 2694 avec GPS)
2026-09-25 09:43:30 [PcorgSync] INFO   ============================================================
2026-09-25 09:43:30 [PcorgSync] INFO Sync terminee avec succes
2026-09-25 09:48:29 [PcorgSync] INFO Lancement sync incremental
2026-09-25 09:48:30 [PcorgSync] INFO     Messages SQL récupérés : 1
2026-09-25 09:48:30 [PcorgSync] INFO     Documents upsertés : 1
2026-09-25 09:48:30 [PcorgSync] INFO     Répartition par événement :
2026-09-25 09:48:30 [PcorgSync] INFO       24H CAMIONS 2026: 1
2026-09-25 09:48:30 [PcorgSync] INFO     Répartition par catégorie :
2026-09-25 09:48:30 [PcorgSync] INFO       PCO.Information: 1
2026-09-25 09:48:30 [PcorgSync] INFO     Curseur DateWrite : 2026-09-25 07:46:33.757000
2026-09-25 09:48:30 [PcorgSync] INFO     Config pcorg : aucune nouvelle valeur
2026-09-25 09:48:30 [PcorgSync] INFO     Total en base : 29628 docs (29628 attribués, 2694 avec GPS)
2026-09-25 09:48:30 [PcorgSync] INFO   ============================================================
2026-09-25 09:48:30 [PcorgSync] INFO Sync terminee avec succes
2026-09-25 09:53:39 [PcorgSync] INFO Lancement sync incremental
2026-09-25 09:53:39 [PcorgSync] INFO   ============================================================
2026-09-25 09:53:39 [PcorgSync] INFO   
2026-09-25 09:53:39 [PcorgSync] INFO   Dernier sync : 2026-09-25 07:46:33.757000
2026-09-25 09:53:39 [PcorgSync] INFO   Connexion SQL Server...
2026-09-25 09:53:39 [PcorgSync] INFO     Driver ODBC : ODBC Driver 18 for SQL Server
2026-09-25 09:53:39 [PcorgSync] INFO     Port résolu via SQL Browser : 65422
2026-09-25 09:53:39 [PcorgSync] INFO     Connecté à 10.34.0.4,65422
2026-09-25 09:53:39 [PcorgSync] INFO   Récupération par lots de 1000...
2026-09-25 09:53:39 [PcorgSync] INFO   
2026-09-25 09:53:39 [PcorgSync] INFO   Aucun nouveau message. Rien à synchroniser.
2026-09-25 09:53:39 [PcorgSync] INFO Sync terminee avec succes
2026-09-25 09:58:14 [PcorgSync] INFO Lancement sync incremental
2026-09-25 09:58:15 [PcorgSync] INFO     Messages SQL récupérés : 1
2026-09-25 09:58:15 [PcorgSync] INFO     Documents upsertés : 1
2026-09-25 09:58:15 [PcorgSync] INFO     Répartition par événement :
2026-09-25 09:58:15 [PcorgSync] INFO       24H CAMIONS 2026: 1
2026-09-25 09:58:15 [PcorgSync] INFO     Répartition par catégorie :
2026-09-25 09:58:15 [PcorgSync] INFO       PCO.Information: 1
2026-09-25 09:58:15 [PcorgSync] INFO     Curseur DateWrite : 2026-09-25 07:57:47.450000
2026-09-25 09:58:15 [PcorgSync] INFO     Config pcorg : aucune nouvelle valeur
2026-09-25 09:58:15 [PcorgSync] INFO     Total en base : 29629 docs (29629 attribués, 2694 avec GPS)
2026-09-25 09:58:15 [PcorgSync] INFO   ============================================================
2026-09-25 09:58:15 [PcorgSync] INFO Sync terminee avec succes
2026-09-25 10:03:14 [PcorgSync] INFO Lancement sync incremental
2026-09-25 10:03:15 [PcorgSync] INFO   ============================================================
2026-09-25 10:03:15 [PcorgSync] INFO   
2026-09-25 10:03:15 [PcorgSync] INFO   Dernier sync : 2026-09-25 07:57:47.450000
2026-09-25 10:03:15 [PcorgSync] INFO   Connexion SQL Server...
2026-09-25 10:03:15 [PcorgSync] INFO     Driver ODBC : ODBC Driver 18 for SQL Server
2026-09-25 10:03:15 [PcorgSync] INFO     Port résolu via SQL Browser : 65422
2026-09-25 10:03:15 [PcorgSync] INFO     Connecté à 10.34.0.4,65422
2026-09-25 10:03:15 [PcorgSync] INFO   Récupération par lots de 1000...
2026-09-25 10:03:15 [PcorgSync] INFO   
2026-09-25 10:03:15 [PcorgSync] INFO   Aucun nouveau message. Rien à synchroniser.
2026-09-25 10:03:15 [PcorgSync] INFO Sync terminee avec succes
2026-09-25 10:08:29 [PcorgSync] INFO Lancement sync incremental
2026-09-25 10:08:30 [PcorgSync] INFO     Documents upsertés : 2
2026-09-25 10:08:30 [PcorgSync] INFO     Répartition par événement :
2026-09-25 10:08:30 [PcorgSync] INFO       24H CAMIONS 2026: 2
2026-09-25 10:08:30 [PcorgSync] INFO     Répartition par catégorie :
2026-09-25 10:08:30 [PcorgSync] INFO       PCO.MainCourante: 1
2026-09-25 10:08:30 [PcorgSync] INFO       PCO.Technique: 1
2026-09-25 10:08:30 [PcorgSync] INFO     Curseur DateWrite : 2026-09-25 08:06:00.650000
2026-09-25 10:08:30 [PcorgSync] INFO     Config pcorg : aucune nouvelle valeur
2026-09-25 10:08:30 [PcorgSync] INFO     Total en base : 29631 docs (29631 attribués, 2695 avec GPS)
2026-09-25 10:08:30 [PcorgSync] INFO   ============================================================
2026-09-25 10:08:30 [PcorgSync] INFO Sync terminee avec succes
2026-09-25 10:13:44 [PcorgSync] INFO Lancement sync incremental
2026-09-25 10:13:45 [PcorgSync] INFO   ============================================================
2026-09-25 10:13:45 [PcorgSync] INFO   
2026-09-25 10:13:45 [PcorgSync] INFO   Dernier sync : 2026-09-25 08:06:00.650000
2026-09-25 10:13:45 [PcorgSync] INFO   Connexion SQL Server...
2026-09-25 10:13:45 [PcorgSync] INFO     Driver ODBC : ODBC Driver 18 for SQL Server
2026-09-25 10:13:45 [PcorgSync] INFO     Port résolu via SQL Browser : 65422
2026-09-25 10:13:45 [PcorgSync] INFO     Connecté à 10.34.0.4,65422
2026-09-25 10:13:45 [PcorgSync] INFO   Récupération par lots de 1000...
2026-09-25 10:13:45 [PcorgSync] INFO   
2026-09-25 10:13:45 [PcorgSync] INFO   Aucun nouveau message. Rien à synchroniser.
2026-09-25 10:13:45 [PcorgSync] INFO Sync terminee avec succes
2026-09-25 10:18:14 [PcorgSync] INFO Lancement sync incremental
2026-09-25 10:18:15 [PcorgSync] INFO     Messages SQL récupérés : 1
2026-09-25 10:18:15 [PcorgSync] INFO     Documents upsertés : 1
2026-09-25 10:18:15 [PcorgSync] INFO     Répartition par événement :
2026-09-25 10:18:15 [PcorgSync] INFO       24H CAMIONS 2026: 1
2026-09-25 10:18:15 [PcorgSync] INFO     Répartition par catégorie :
2026-09-25 10:18:15 [PcorgSync] INFO       PCS.Surete: 1
2026-09-25 10:18:15 [PcorgSync] INFO     Curseur DateWrite : 2026-09-25 08:16:26.470000
2026-09-25 10:18:15 [PcorgSync] INFO     Config pcorg : aucune nouvelle valeur
2026-09-25 10:18:15 [PcorgSync] INFO     Total en base : 29632 docs (29632 attribués, 2695 avec GPS)
2026-09-25 10:18:15 [PcorgSync] INFO   ============================================================
2026-09-25 10:18:15 [PcorgSync] INFO Sync terminee avec succes
2026-09-25 10:23:29 [PcorgSync] INFO Lancement sync incremental
2026-09-25 10:23:30 [PcorgSync] INFO   ============================================================
2026-09-25 10:23:30 [PcorgSync] INFO   
2026-09-25 10:23:30 [PcorgSync] INFO   Dernier sync : 2026-09-25 08:16:26.470000
2026-09-25 10:23:30 [PcorgSync] INFO   Connexion SQL Server...
2026-09-25 10:23:30 [PcorgSync] INFO     Driver ODBC : ODBC Driver 18 for SQL Server
2026-09-25 10:23:30 [PcorgSync] INFO     Port résolu via SQL Browser : 65422
2026-09-25 10:23:30 [PcorgSync] INFO     Connecté à 10.34.0.4,65422
2026-09-25 10:23:30 [PcorgSync] INFO   Récupération par lots de 1000...
2026-09-25 10:23:30 [PcorgSync] INFO   
2026-09-25 10:23:30 [PcorgSync] INFO   Aucun nouveau message. Rien à synchroniser.
2026-09-25 10:23:30 [PcorgSync] INFO Sync terminee avec succes
2026-09-25 10:28:14 [PcorgSync] INFO Lancement sync incremental
2026-09-25 10:28:15 [PcorgSync] INFO   ============================================================
2026-09-25 10:28:15 [PcorgSync] INFO   
2026-09-25 10:28:15 [PcorgSync] INFO   Dernier sync : 2026-09-25 08:16:26.470000
2026-09-25 10:28:15 [PcorgSync] INFO   Connexion SQL Server...
2026-09-25 10:28:15 [PcorgSync] INFO     Driver ODBC : ODBC Driver 18 for SQL Server
2026-09-25 10:28:15 [PcorgSync] INFO     Port résolu via SQL Browser : 65422
2026-09-25 10:28:15 [PcorgSync] INFO     Connecté à 10.34.0.4,65422
2026-09-25 10:28:15 [PcorgSync] INFO   Récupération par lots de 1000...
2026-09-25 10:28:15 [PcorgSync] INFO   
2026-09-25 10:28:15 [PcorgSync] INFO   Aucun nouveau message. Rien à synchroniser.
2026-09-25 10:28:15 [PcorgSync] INFO Sync terminee avec succes
2026-09-25 10:33:39 [PcorgSync] INFO Lancement sync incremental
2026-09-25 10:33:40 [PcorgSync] INFO     Messages SQL récupérés : 1
2026-09-25 10:33:40 [PcorgSync] INFO     Documents upsertés : 1
2026-09-25 10:33:40 [PcorgSync] INFO     Répartition par événement :
2026-09-25 10:33:40 [PcorgSync] INFO       24H CAMIONS 2026: 1
2026-09-25 10:33:40 [PcorgSync] INFO     Répartition par catégorie :
2026-09-25 10:33:40 [PcorgSync] INFO       PCO.Information: 1
2026-09-25 10:33:40 [PcorgSync] INFO     Curseur DateWrite : 2026-09-25 08:30:54.673000
2026-09-25 10:33:40 [PcorgSync] INFO     Config pcorg : aucune nouvelle valeur
2026-09-25 10:33:40 [PcorgSync] INFO     Total en base : 29632 docs (29632 attribués, 2695 avec GPS)
2026-09-25 10:33:40 [PcorgSync] INFO   ============================================================
2026-09-25 10:33:40 [PcorgSync] INFO Sync terminee avec succes
2026-09-25 10:38:44 [PcorgSync] INFO Lancement sync incremental
2026-09-25 10:38:45 [PcorgSync] INFO     Messages SQL récupérés : 1
2026-09-25 10:38:45 [PcorgSync] INFO     Documents upsertés : 1
2026-09-25 10:38:45 [PcorgSync] INFO     Répartition par événement :
2026-09-25 10:38:45 [PcorgSync] INFO       24H CAMIONS 2026: 1
2026-09-25 10:38:45 [PcorgSync] INFO     Répartition par catégorie :
2026-09-25 10:38:45 [PcorgSync] INFO       PCO.Information: 1
2026-09-25 10:38:45 [PcorgSync] INFO     Curseur DateWrite : 2026-09-25 08:30:54.673000
2026-09-25 10:38:45 [PcorgSync] INFO     Config pcorg : aucune nouvelle valeur
2026-09-25 10:38:45 [PcorgSync] INFO     Total en base : 29632 docs (29632 attribués, 2695 avec GPS)
2026-09-25 10:38:45 [PcorgSync] INFO   ============================================================
2026-09-25 10:38:45 [PcorgSync] INFO Sync terminee avec succes
2026-09-25 10:43:29 [PcorgSync] INFO Lancement sync incremental
2026-09-25 10:43:30 [PcorgSync] INFO     Documents upsertés : 2
2026-09-25 10:43:30 [PcorgSync] INFO     Répartition par événement :
2026-09-25 10:43:30 [PcorgSync] INFO       24H CAMIONS 2026: 2
2026-09-25 10:43:30 [PcorgSync] INFO     Répartition par catégorie :
2026-09-25 10:43:30 [PcorgSync] INFO       PCO.Information: 1
2026-09-25 10:43:30 [PcorgSync] INFO       PCO.Fourriere: 1
2026-09-25 10:43:30 [PcorgSync] INFO     Curseur DateWrite : 2026-09-25 08:42:02.680000
2026-09-25 10:43:30 [PcorgSync] INFO     Config pcorg : aucune nouvelle valeur
2026-09-25 10:43:30 [PcorgSync] INFO     Total en base : 29632 docs (29632 attribués, 2695 avec GPS)
2026-09-25 10:43:30 [PcorgSync] INFO   ============================================================
2026-09-25 10:43:30 [PcorgSync] INFO Sync terminee avec succes
2026-09-25 10:48:14 [PcorgSync] INFO Lancement sync incremental
2026-09-25 10:48:15 [PcorgSync] INFO   ============================================================
2026-09-25 10:48:15 [PcorgSync] INFO   
2026-09-25 10:48:15 [PcorgSync] INFO   Dernier sync : 2026-09-25 08:42:02.680000
2026-09-25 10:48:15 [PcorgSync] INFO   Connexion SQL Server...
2026-09-25 10:48:15 [PcorgSync] INFO     Driver ODBC : ODBC Driver 18 for SQL Server
2026-09-25 10:48:15 [PcorgSync] INFO     Port résolu via SQL Browser : 65422
2026-09-25 10:48:15 [PcorgSync] INFO     Connecté à 10.34.0.4,65422
2026-09-25 10:48:15 [PcorgSync] INFO   Récupération par lots de 1000...
2026-09-25 10:48:15 [PcorgSync] INFO   
2026-09-25 10:48:15 [PcorgSync] INFO   Aucun nouveau message. Rien à synchroniser.
2026-09-25 10:48:15 [PcorgSync] INFO Sync terminee avec succes
2026-09-25 10:53:23 [PcorgSync] INFO Lancement sync incremental
2026-09-25 10:53:25 [PcorgSync] INFO     Messages SQL récupérés : 1
2026-09-25 10:53:25 [PcorgSync] INFO     Documents upsertés : 1
2026-09-25 10:53:25 [PcorgSync] INFO     Répartition par événement :
2026-09-25 10:53:25 [PcorgSync] INFO       24H CAMIONS 2026: 1
2026-09-25 10:53:25 [PcorgSync] INFO     Répartition par catégorie :
2026-09-25 10:53:25 [PcorgSync] INFO       PCO.Information: 1
2026-09-25 10:53:25 [PcorgSync] INFO     Curseur DateWrite : 2026-09-25 08:51:26.360000
2026-09-25 10:53:25 [PcorgSync] INFO     Config pcorg : aucune nouvelle valeur
2026-09-25 10:53:25 [PcorgSync] INFO     Total en base : 29632 docs (29632 attribués, 2695 avec GPS)
2026-09-25 10:53:25 [PcorgSync] INFO   ============================================================
2026-09-25 10:53:25 [PcorgSync] INFO Sync terminee avec succes
2026-09-25 10:58:39 [PcorgSync] INFO Lancement sync incremental
2026-09-25 10:58:40 [PcorgSync] INFO     Messages SQL récupérés : 1
2026-09-25 10:58:40 [PcorgSync] INFO     Documents upsertés : 1
2026-09-25 10:58:40 [PcorgSync] INFO     Répartition par événement :
2026-09-25 10:58:40 [PcorgSync] INFO       24H CAMIONS 2026: 1
2026-09-25 10:58:40 [PcorgSync] INFO     Répartition par catégorie :
2026-09-25 10:58:40 [PcorgSync] INFO       PCO.Information: 1
2026-09-25 10:58:40 [PcorgSync] INFO     Curseur DateWrite : 2026-09-25 08:55:02.707000
2026-09-25 10:58:40 [PcorgSync] INFO     Config pcorg : aucune nouvelle valeur
2026-09-25 10:58:40 [PcorgSync] INFO     Total en base : 29633 docs (29633 attribués, 2695 avec GPS)
2026-09-25 10:58:40 [PcorgSync] INFO   ============================================================
2026-09-25 10:58:40 [PcorgSync] INFO Sync terminee avec succes
2026-09-25 11:03:14 [PcorgSync] INFO Lancement sync incremental
2026-09-25 11:03:15 [PcorgSync] INFO   ============================================================
2026-09-25 11:03:15 [PcorgSync] INFO   
2026-09-25 11:03:15 [PcorgSync] INFO   Dernier sync : 2026-09-25 08:55:02.707000
2026-09-25 11:03:15 [PcorgSync] INFO   Connexion SQL Server...
2026-09-25 11:03:15 [PcorgSync] INFO     Driver ODBC : ODBC Driver 18 for SQL Server
2026-09-25 11:03:15 [PcorgSync] INFO     Port résolu via SQL Browser : 65422
2026-09-25 11:03:15 [PcorgSync] INFO     Connecté à 10.34.0.4,65422
2026-09-25 11:03:15 [PcorgSync] INFO   Récupération par lots de 1000...
2026-09-25 11:03:15 [PcorgSync] INFO   
2026-09-25 11:03:15 [PcorgSync] INFO   Aucun nouveau message. Rien à synchroniser.
2026-09-25 11:03:15 [PcorgSync] INFO Sync terminee avec succes
2026-09-25 11:08:14 [PcorgSync] INFO Lancement sync incremental
2026-09-25 11:08:15 [PcorgSync] INFO   ============================================================
2026-09-25 11:08:15 [PcorgSync] INFO   
2026-09-25 11:08:15 [PcorgSync] INFO   Dernier sync : 2026-09-25 08:55:02.707000
2026-09-25 11:08:15 [PcorgSync] INFO   Connexion SQL Server...
2026-09-25 11:08:15 [PcorgSync] INFO     Driver ODBC : ODBC Driver 18 for SQL Server
2026-09-25 11:08:15 [PcorgSync] INFO     Port résolu via SQL Browser : 65422
2026-09-25 11:08:15 [PcorgSync] INFO     Connecté à 10.34.0.4,65422
2026-09-25 11:08:15 [PcorgSync] INFO   Récupération par lots de 1000...
2026-09-25 11:08:15 [PcorgSync] INFO   
2026-09-25 11:08:15 [PcorgSync] INFO   Aucun nouveau message. Rien à synchroniser.
2026-09-25 11:08:15 [PcorgSync] INFO Sync terminee avec succes
2026-09-25 11:13:29 [PcorgSync] INFO Lancement sync incremental
2026-09-25 11:13:30 [PcorgSync] INFO     Messages SQL récupérés : 1
2026-09-25 11:13:30 [PcorgSync] INFO     Documents upsertés : 1
2026-09-25 11:13:30 [PcorgSync] INFO     Répartition par événement :
2026-09-25 11:13:30 [PcorgSync] INFO       24H CAMIONS 2026: 1
2026-09-25 11:13:30 [PcorgSync] INFO     Répartition par catégorie :
2026-09-25 11:13:30 [PcorgSync] INFO       PCO.Technique: 1
2026-09-25 11:13:30 [PcorgSync] INFO     Curseur DateWrite : 2026-09-25 09:11:06.197000
2026-09-25 11:13:30 [PcorgSync] INFO     Config pcorg : aucune nouvelle valeur
2026-09-25 11:13:30 [PcorgSync] INFO     Total en base : 29634 docs (29634 attribués, 2696 avec GPS)
2026-09-25 11:13:30 [PcorgSync] INFO   ============================================================
2026-09-25 11:13:30 [PcorgSync] INFO Sync terminee avec succes
2026-09-25 11:18:24 [PcorgSync] INFO Lancement sync incremental
2026-09-25 11:18:25 [PcorgSync] INFO     Messages SQL récupérés : 2
2026-09-25 11:18:25 [PcorgSync] INFO     Documents upsertés : 2
2026-09-25 11:18:25 [PcorgSync] INFO     Répartition par événement :
2026-09-25 11:18:25 [PcorgSync] INFO       24H CAMIONS 2026: 2
2026-09-25 11:18:25 [PcorgSync] INFO     Répartition par catégorie :
2026-09-25 11:18:25 [PcorgSync] INFO       PCO.Technique: 2
2026-09-25 11:18:25 [PcorgSync] INFO     Curseur DateWrite : 2026-09-25 09:17:41.877000
2026-09-25 11:18:25 [PcorgSync] INFO     Config pcorg : aucune nouvelle valeur
2026-09-25 11:18:25 [PcorgSync] INFO     Total en base : 29636 docs (29636 attribués, 2698 avec GPS)
2026-09-25 11:18:25 [PcorgSync] INFO   ============================================================
2026-09-25 11:18:25 [PcorgSync] INFO Sync terminee avec succes
2026-09-25 11:23:39 [PcorgSync] INFO Lancement sync incremental
2026-09-25 11:23:40 [PcorgSync] INFO     Documents upsertés : 2
2026-09-25 11:23:40 [PcorgSync] INFO     Répartition par événement :
2026-09-25 11:23:40 [PcorgSync] INFO       24H CAMIONS 2026: 2
2026-09-25 11:23:40 [PcorgSync] INFO     Répartition par catégorie :
2026-09-25 11:23:40 [PcorgSync] INFO       PCO.Technique: 1
2026-09-25 11:23:40 [PcorgSync] INFO       PCS.Surete: 1
2026-09-25 11:23:40 [PcorgSync] INFO     Curseur DateWrite : 2026-09-25 09:21:29.510000
2026-09-25 11:23:40 [PcorgSync] INFO     Config pcorg : aucune nouvelle valeur
2026-09-25 11:23:40 [PcorgSync] INFO     Total en base : 29637 docs (29637 attribués, 2698 avec GPS)
2026-09-25 11:23:40 [PcorgSync] INFO   ============================================================
2026-09-25 11:23:40 [PcorgSync] INFO Sync terminee avec succes
2026-09-25 11:28:29 [PcorgSync] INFO Lancement sync incremental
2026-09-25 11:28:30 [PcorgSync] INFO     Messages SQL récupérés : 1
2026-09-25 11:28:30 [PcorgSync] INFO     Documents upsertés : 1
2026-09-25 11:28:30 [PcorgSync] INFO     Répartition par événement :
2026-09-25 11:28:30 [PcorgSync] INFO       24H CAMIONS 2026: 1
2026-09-25 11:28:30 [PcorgSync] INFO     Répartition par catégorie :
2026-09-25 11:28:30 [PcorgSync] INFO       PCO.Technique: 1
2026-09-25 11:28:30 [PcorgSync] INFO     Curseur DateWrite : 2026-09-25 09:27:31.330000
2026-09-25 11:28:30 [PcorgSync] INFO     Config pcorg : aucune nouvelle valeur
2026-09-25 11:28:30 [PcorgSync] INFO     Total en base : 29639 docs (29639 attribués, 2700 avec GPS)
2026-09-25 11:28:30 [PcorgSync] INFO   ============================================================
2026-09-25 11:28:30 [PcorgSync] INFO Sync terminee avec succes
2026-09-25 11:33:14 [PcorgSync] INFO Lancement sync incremental
2026-09-25 11:33:15 [PcorgSync] INFO   ============================================================
2026-09-25 11:33:15 [PcorgSync] INFO   
2026-09-25 11:33:15 [PcorgSync] INFO   Dernier sync : 2026-09-25 09:27:31.330000
2026-09-25 11:33:15 [PcorgSync] INFO   Connexion SQL Server...
2026-09-25 11:33:15 [PcorgSync] INFO     Driver ODBC : ODBC Driver 18 for SQL Server
2026-09-25 11:33:15 [PcorgSync] INFO     Port résolu via SQL Browser : 65422
2026-09-25 11:33:15 [PcorgSync] INFO     Connecté à 10.34.0.4,65422
2026-09-25 11:33:15 [PcorgSync] INFO   Récupération par lots de 1000...
2026-09-25 11:33:15 [PcorgSync] INFO   
2026-09-25 11:33:15 [PcorgSync] INFO   Aucun nouveau message. Rien à synchroniser.
2026-09-25 11:33:15 [PcorgSync] INFO Sync terminee avec succes
2026-09-25 11:38:44 [PcorgSync] INFO Lancement sync incremental
2026-09-25 11:38:45 [PcorgSync] INFO   ============================================================
2026-09-25 11:38:45 [PcorgSync] INFO   
2026-09-25 11:38:45 [PcorgSync] INFO   Dernier sync : 2026-09-25 09:27:31.330000
2026-09-25 11:38:45 [PcorgSync] INFO   Connexion SQL Server...
2026-09-25 11:38:45 [PcorgSync] INFO     Driver ODBC : ODBC Driver 18 for SQL Server
2026-09-25 11:38:45 [PcorgSync] INFO     Port résolu via SQL Browser : 65422
2026-09-25 11:38:45 [PcorgSync] INFO     Connecté à 10.34.0.4,65422
2026-09-25 11:38:45 [PcorgSync] INFO   Récupération par lots de 1000...
2026-09-25 11:38:45 [PcorgSync] INFO   
2026-09-25 11:38:45 [PcorgSync] INFO   Aucun nouveau message. Rien à synchroniser.
2026-09-25 11:38:45 [PcorgSync] INFO Sync terminee avec succes
2026-09-25 11:43:29 [PcorgSync] INFO Lancement sync incremental
2026-09-25 11:43:30 [PcorgSync] INFO     Messages SQL récupérés : 1
2026-09-25 11:43:30 [PcorgSync] INFO     Documents upsertés : 1
2026-09-25 11:43:30 [PcorgSync] INFO     Répartition par événement :
2026-09-25 11:43:30 [PcorgSync] INFO       24H CAMIONS 2026: 1
2026-09-25 11:43:30 [PcorgSync] INFO     Répartition par catégorie :
2026-09-25 11:43:30 [PcorgSync] INFO       PCO.Information: 1
2026-09-25 11:43:30 [PcorgSync] INFO     Curseur DateWrite : 2026-09-25 09:39:14.260000
2026-09-25 11:43:30 [PcorgSync] INFO     Config pcorg : aucune nouvelle valeur
2026-09-25 11:43:30 [PcorgSync] INFO     Total en base : 29640 docs (29640 attribués, 2701 avec GPS)
2026-09-25 11:43:30 [PcorgSync] INFO   ============================================================
2026-09-25 11:43:30 [PcorgSync] INFO Sync terminee avec succes
2026-09-25 11:48:14 [PcorgSync] INFO Lancement sync incremental
2026-09-25 11:48:15 [PcorgSync] INFO   ============================================================
2026-09-25 11:48:15 [PcorgSync] INFO   
2026-09-25 11:48:15 [PcorgSync] INFO   Dernier sync : 2026-09-25 09:39:14.260000
2026-09-25 11:48:15 [PcorgSync] INFO   Connexion SQL Server...
2026-09-25 11:48:15 [PcorgSync] INFO     Driver ODBC : ODBC Driver 18 for SQL Server
2026-09-25 11:48:15 [PcorgSync] INFO     Port résolu via SQL Browser : 65422
2026-09-25 11:48:15 [PcorgSync] INFO     Connecté à 10.34.0.4,65422
2026-09-25 11:48:15 [PcorgSync] INFO   Récupération par lots de 1000...
2026-09-25 11:48:15 [PcorgSync] INFO   
2026-09-25 11:48:15 [PcorgSync] INFO   Aucun nouveau message. Rien à synchroniser.
2026-09-25 11:48:15 [PcorgSync] INFO Sync terminee avec succes
2026-09-25 11:53:29 [PcorgSync] INFO Lancement sync incremental
2026-09-25 11:53:30 [PcorgSync] INFO     Messages SQL récupérés : 1
2026-09-25 11:53:30 [PcorgSync] INFO     Documents upsertés : 1
2026-09-25 11:53:30 [PcorgSync] INFO     Répartition par événement :
2026-09-25 11:53:30 [PcorgSync] INFO       24H CAMIONS 2026: 1
2026-09-25 11:53:30 [PcorgSync] INFO     Répartition par catégorie :
2026-09-25 11:53:30 [PcorgSync] INFO       PCO.Information: 1
2026-09-25 11:53:30 [PcorgSync] INFO     Curseur DateWrite : 2026-09-25 09:49:56.843000
2026-09-25 11:53:30 [PcorgSync] INFO     Config pcorg : aucune nouvelle valeur
2026-09-25 11:53:30 [PcorgSync] INFO     Total en base : 29642 docs (29642 attribués, 2702 avec GPS)
2026-09-25 11:53:30 [PcorgSync] INFO   ============================================================
2026-09-25 11:53:30 [PcorgSync] INFO Sync terminee avec succes
2026-09-25 11:58:23 [PcorgSync] INFO Lancement sync incremental
2026-09-25 11:58:25 [PcorgSync] INFO     Documents upsertés : 2
2026-09-25 11:58:25 [PcorgSync] INFO     Répartition par événement :
2026-09-25 11:58:25 [PcorgSync] INFO       24H CAMIONS 2026: 2
2026-09-25 11:58:25 [PcorgSync] INFO     Répartition par catégorie :
2026-09-25 11:58:25 [PcorgSync] INFO       PCO.Information: 1
2026-09-25 11:58:25 [PcorgSync] INFO       PCO.Fourriere: 1
2026-09-25 11:58:25 [PcorgSync] INFO     Curseur DateWrite : 2026-09-25 09:54:42.100000
2026-09-25 11:58:25 [PcorgSync] INFO     Config pcorg : aucune nouvelle valeur
2026-09-25 11:58:25 [PcorgSync] INFO     Total en base : 29643 docs (29643 attribués, 2703 avec GPS)
2026-09-25 11:58:25 [PcorgSync] INFO   ============================================================
2026-09-25 11:58:25 [PcorgSync] INFO Sync terminee avec succes
2026-09-25 12:03:14 [PcorgSync] INFO Lancement sync incremental
2026-09-25 12:03:15 [PcorgSync] INFO     Documents upsertés : 2
2026-09-25 12:03:15 [PcorgSync] INFO     Répartition par événement :
2026-09-25 12:03:15 [PcorgSync] INFO       24H CAMIONS 2026: 2
2026-09-25 12:03:15 [PcorgSync] INFO     Répartition par catégorie :
2026-09-25 12:03:15 [PcorgSync] INFO       PCO.Fourriere: 1
2026-09-25 12:03:15 [PcorgSync] INFO       PCO.Technique: 1
2026-09-25 12:03:15 [PcorgSync] INFO     Curseur DateWrite : 2026-09-25 09:59:54.713000
2026-09-25 12:03:15 [PcorgSync] INFO     Config pcorg : aucune nouvelle valeur
2026-09-25 12:03:15 [PcorgSync] INFO     Total en base : 29643 docs (29643 attribués, 2703 avec GPS)
2026-09-25 12:03:15 [PcorgSync] INFO   ============================================================
2026-09-25 12:03:15 [PcorgSync] INFO Sync terminee avec succes
2026-09-25 12:08:44 [PcorgSync] INFO Lancement sync incremental
2026-09-25 12:08:45 [PcorgSync] INFO     Documents upsertés : 2
2026-09-25 12:08:45 [PcorgSync] INFO     Répartition par événement :
2026-09-25 12:08:45 [PcorgSync] INFO       24H CAMIONS 2026: 2
2026-09-25 12:08:45 [PcorgSync] INFO     Répartition par catégorie :
2026-09-25 12:08:45 [PcorgSync] INFO       PCO.Technique: 1
2026-09-25 12:08:45 [PcorgSync] INFO       PCO.MainCourante: 1
2026-09-25 12:08:45 [PcorgSync] INFO     Curseur DateWrite : 2026-09-25 10:05:56.080000
2026-09-25 12:08:45 [PcorgSync] INFO     Config pcorg : aucune nouvelle valeur
2026-09-25 12:08:45 [PcorgSync] INFO     Total en base : 29644 docs (29644 attribués, 2703 avec GPS)
2026-09-25 12:08:45 [PcorgSync] INFO   ============================================================
2026-09-25 12:08:45 [PcorgSync] INFO Sync terminee avec succes
2026-09-25 12:13:39 [PcorgSync] INFO Lancement sync incremental
2026-09-25 12:13:40 [PcorgSync] INFO     Messages SQL récupérés : 1
2026-09-25 12:13:40 [PcorgSync] INFO     Documents upsertés : 1
2026-09-25 12:13:40 [PcorgSync] INFO     Répartition par événement :
2026-09-25 12:13:40 [PcorgSync] INFO       24H CAMIONS 2026: 1
2026-09-25 12:13:40 [PcorgSync] INFO     Répartition par catégorie :
2026-09-25 12:13:40 [PcorgSync] INFO       PCO.Information: 1
2026-09-25 12:13:40 [PcorgSync] INFO     Curseur DateWrite : 2026-09-25 10:10:25.557000
2026-09-25 12:13:40 [PcorgSync] INFO     Config pcorg : aucune nouvelle valeur
2026-09-25 12:13:40 [PcorgSync] INFO     Total en base : 29644 docs (29644 attribués, 2703 avec GPS)
2026-09-25 12:13:40 [PcorgSync] INFO   ============================================================
2026-09-25 12:13:40 [PcorgSync] INFO Sync terminee avec succes
2026-09-25 12:18:24 [PcorgSync] INFO Lancement sync incremental
2026-09-25 12:18:24 [PcorgSync] INFO   ============================================================
2026-09-25 12:18:24 [PcorgSync] INFO   
2026-09-25 12:18:24 [PcorgSync] INFO   Dernier sync : 2026-09-25 10:10:25.557000
2026-09-25 12:18:24 [PcorgSync] INFO   Connexion SQL Server...
2026-09-25 12:18:24 [PcorgSync] INFO     Driver ODBC : ODBC Driver 18 for SQL Server
2026-09-25 12:18:24 [PcorgSync] INFO     Port résolu via SQL Browser : 65422
2026-09-25 12:18:24 [PcorgSync] INFO     Connecté à 10.34.0.4,65422
2026-09-25 12:18:24 [PcorgSync] INFO   Récupération par lots de 1000...
2026-09-25 12:18:24 [PcorgSync] INFO   
2026-09-25 12:18:24 [PcorgSync] INFO   Aucun nouveau message. Rien à synchroniser.
2026-09-25 12:18:24 [PcorgSync] INFO Sync terminee avec succes
2026-09-25 12:23:44 [PcorgSync] INFO Lancement sync incremental
2026-09-25 12:23:45 [PcorgSync] INFO     Messages SQL récupérés : 1
2026-09-25 12:23:45 [PcorgSync] INFO     Documents upsertés : 1
2026-09-25 12:23:45 [PcorgSync] INFO     Répartition par événement :
2026-09-25 12:23:45 [PcorgSync] INFO       24H CAMIONS 2026: 1
2026-09-25 12:23:45 [PcorgSync] INFO     Répartition par catégorie :
2026-09-25 12:23:45 [PcorgSync] INFO       PCS.Surete: 1
2026-09-25 12:23:45 [PcorgSync] INFO     Curseur DateWrite : 2026-09-25 10:23:17.543000
2026-09-25 12:23:45 [PcorgSync] INFO     Config pcorg : aucune nouvelle valeur
2026-09-25 12:23:45 [PcorgSync] INFO     Total en base : 29645 docs (29645 attribués, 2703 avec GPS)
2026-09-25 12:23:45 [PcorgSync] INFO   ============================================================
2026-09-25 12:23:45 [PcorgSync] INFO Sync terminee avec succes
2026-09-25 12:28:14 [PcorgSync] INFO Lancement sync incremental
2026-09-25 12:28:15 [PcorgSync] INFO     Messages SQL récupérés : 1
2026-09-25 12:28:15 [PcorgSync] INFO     Documents upsertés : 1
2026-09-25 12:28:15 [PcorgSync] INFO     Répartition par événement :
2026-09-25 12:28:15 [PcorgSync] INFO       24H CAMIONS 2026: 1
2026-09-25 12:28:15 [PcorgSync] INFO     Répartition par catégorie :
2026-09-25 12:28:15 [PcorgSync] INFO       PCS.Surete: 1
2026-09-25 12:28:15 [PcorgSync] INFO     Curseur DateWrite : 2026-09-25 10:23:17.543000
2026-09-25 12:28:15 [PcorgSync] INFO     Config pcorg : aucune nouvelle valeur
2026-09-25 12:28:15 [PcorgSync] INFO     Total en base : 29645 docs (29645 attribués, 2703 avec GPS)
2026-09-25 12:28:15 [PcorgSync] INFO   ============================================================
2026-09-25 12:28:15 [PcorgSync] INFO Sync terminee avec succes
2026-09-25 12:33:14 [PcorgSync] INFO Lancement sync incremental
2026-09-25 12:33:15 [PcorgSync] INFO     Répartition par événement :
2026-09-25 12:33:15 [PcorgSync] INFO       24H CAMIONS 2026: 3
2026-09-25 12:33:15 [PcorgSync] INFO     Répartition par catégorie :
2026-09-25 12:33:15 [PcorgSync] INFO       PCS.Surete: 1
2026-09-25 12:33:15 [PcorgSync] INFO       PCO.Information: 1
2026-09-25 12:33:15 [PcorgSync] INFO       PCO.Fourriere: 1
2026-09-25 12:33:15 [PcorgSync] INFO     Curseur DateWrite : 2026-09-25 10:31:37.220000
2026-09-25 12:33:15 [PcorgSync] INFO     Config pcorg : aucune nouvelle valeur
2026-09-25 12:33:15 [PcorgSync] INFO     Total en base : 29647 docs (29647 attribués, 2704 avec GPS)
2026-09-25 12:33:15 [PcorgSync] INFO   ============================================================
2026-09-25 12:33:15 [PcorgSync] INFO Sync terminee avec succes
2026-09-25 12:38:44 [PcorgSync] INFO Lancement sync incremental
2026-09-25 12:38:45 [PcorgSync] INFO   ============================================================
2026-09-25 12:38:45 [PcorgSync] INFO   
2026-09-25 12:38:45 [PcorgSync] INFO   Dernier sync : 2026-09-25 10:31:37.220000
2026-09-25 12:38:45 [PcorgSync] INFO   Connexion SQL Server...
2026-09-25 12:38:45 [PcorgSync] INFO     Driver ODBC : ODBC Driver 18 for SQL Server
2026-09-25 12:38:45 [PcorgSync] INFO     Port résolu via SQL Browser : 65422
2026-09-25 12:38:45 [PcorgSync] INFO     Connecté à 10.34.0.4,65422
2026-09-25 12:38:45 [PcorgSync] INFO   Récupération par lots de 1000...
2026-09-25 12:38:45 [PcorgSync] INFO   
2026-09-25 12:38:45 [PcorgSync] INFO   Aucun nouveau message. Rien à synchroniser.
2026-09-25 12:38:45 [PcorgSync] INFO Sync terminee avec succes
2026-09-25 12:43:29 [PcorgSync] INFO Lancement sync incremental
2026-09-25 12:43:30 [PcorgSync] INFO   ============================================================
2026-09-25 12:43:30 [PcorgSync] INFO   
2026-09-25 12:43:30 [PcorgSync] INFO   Dernier sync : 2026-09-25 10:31:37.220000
2026-09-25 12:43:30 [PcorgSync] INFO   Connexion SQL Server...
2026-09-25 12:43:30 [PcorgSync] INFO     Driver ODBC : ODBC Driver 18 for SQL Server
2026-09-25 12:43:30 [PcorgSync] INFO     Port résolu via SQL Browser : 65422
2026-09-25 12:43:30 [PcorgSync] INFO     Connecté à 10.34.0.4,65422
2026-09-25 12:43:30 [PcorgSync] INFO   Récupération par lots de 1000...
2026-09-25 12:43:30 [PcorgSync] INFO   
2026-09-25 12:43:30 [PcorgSync] INFO   Aucun nouveau message. Rien à synchroniser.
2026-09-25 12:43:30 [PcorgSync] INFO Sync terminee avec succes
2026-09-25 12:48:14 [PcorgSync] INFO Lancement sync incremental
2026-09-25 12:48:15 [PcorgSync] INFO   ============================================================
2026-09-25 12:48:15 [PcorgSync] INFO   
2026-09-25 12:48:15 [PcorgSync] INFO   Dernier sync : 2026-09-25 10:31:37.220000
2026-09-25 12:48:15 [PcorgSync] INFO   Connexion SQL Server...
2026-09-25 12:48:15 [PcorgSync] INFO     Driver ODBC : ODBC Driver 18 for SQL Server
2026-09-25 12:48:15 [PcorgSync] INFO     Port résolu via SQL Browser : 65422
2026-09-25 12:48:15 [PcorgSync] INFO     Connecté à 10.34.0.4,65422
2026-09-25 12:48:15 [PcorgSync] INFO   Récupération par lots de 1000...
2026-09-25 12:48:15 [PcorgSync] INFO   
2026-09-25 12:48:15 [PcorgSync] INFO   Aucun nouveau message. Rien à synchroniser.
2026-09-25 12:48:15 [PcorgSync] INFO Sync terminee avec succes
2026-09-25 12:53:39 [PcorgSync] INFO Lancement sync incremental
2026-09-25 12:53:40 [PcorgSync] INFO     Messages SQL récupérés : 1
2026-09-25 12:53:40 [PcorgSync] INFO     Documents upsertés : 1
2026-09-25 12:53:40 [PcorgSync] INFO     Répartition par événement :
2026-09-25 12:53:40 [PcorgSync] INFO       24H CAMIONS 2026: 1
2026-09-25 12:53:40 [PcorgSync] INFO     Répartition par catégorie :
2026-09-25 12:53:40 [PcorgSync] INFO       PCO.Information: 1
2026-09-25 12:53:40 [PcorgSync] INFO     Curseur DateWrite : 2026-09-25 10:49:36.967000
2026-09-25 12:53:40 [PcorgSync] INFO     Config pcorg : aucune nouvelle valeur
2026-09-25 12:53:40 [PcorgSync] INFO     Total en base : 29648 docs (29648 attribués, 2704 avec GPS)
2026-09-25 12:53:40 [PcorgSync] INFO   ============================================================
2026-09-25 12:53:40 [PcorgSync] INFO Sync terminee avec succes
2026-09-25 12:58:14 [PcorgSync] INFO Lancement sync incremental
2026-09-25 12:58:15 [PcorgSync] INFO     Messages SQL récupérés : 1
2026-09-25 12:58:15 [PcorgSync] INFO     Documents upsertés : 1
2026-09-25 12:58:15 [PcorgSync] INFO     Répartition par événement :
2026-09-25 12:58:15 [PcorgSync] INFO       24H CAMIONS 2026: 1
2026-09-25 12:58:15 [PcorgSync] INFO     Répartition par catégorie :
2026-09-25 12:58:15 [PcorgSync] INFO       PCO.Information: 1
2026-09-25 12:58:15 [PcorgSync] INFO     Curseur DateWrite : 2026-09-25 10:54:03.753000
2026-09-25 12:58:15 [PcorgSync] INFO     Config pcorg : aucune nouvelle valeur
2026-09-25 12:58:15 [PcorgSync] INFO     Total en base : 29649 docs (29649 attribués, 2704 avec GPS)
2026-09-25 12:58:15 [PcorgSync] INFO   ============================================================
2026-09-25 12:58:15 [PcorgSync] INFO Sync terminee avec succes
2026-09-25 13:03:39 [PcorgSync] INFO Lancement sync incremental
2026-09-25 13:03:40 [PcorgSync] INFO     Messages SQL récupérés : 2
2026-09-25 13:03:40 [PcorgSync] INFO     Documents upsertés : 2
2026-09-25 13:03:40 [PcorgSync] INFO     Répartition par événement :
2026-09-25 13:03:40 [PcorgSync] INFO       24H CAMIONS 2026: 2
2026-09-25 13:03:40 [PcorgSync] INFO     Répartition par catégorie :
2026-09-25 13:03:40 [PcorgSync] INFO       PCO.Information: 2
2026-09-25 13:03:40 [PcorgSync] INFO     Curseur DateWrite : 2026-09-25 10:59:51
2026-09-25 13:03:40 [PcorgSync] INFO     Config pcorg : aucune nouvelle valeur
2026-09-25 13:03:40 [PcorgSync] INFO     Total en base : 29649 docs (29649 attribués, 2704 avec GPS)
2026-09-25 13:03:40 [PcorgSync] INFO   ============================================================
2026-09-25 13:03:40 [PcorgSync] INFO Sync terminee avec succes
2026-09-25 13:08:44 [PcorgSync] INFO Lancement sync incremental
2026-09-25 13:08:46 [PcorgSync] INFO     Messages SQL récupérés : 2
2026-09-25 13:08:46 [PcorgSync] INFO     Documents upsertés : 2
2026-09-25 13:08:46 [PcorgSync] INFO     Répartition par événement :
2026-09-25 13:08:46 [PcorgSync] INFO       24H CAMIONS 2026: 2
2026-09-25 13:08:46 [PcorgSync] INFO     Répartition par catégorie :
2026-09-25 13:08:46 [PcorgSync] INFO       PCO.Information: 2
2026-09-25 13:08:46 [PcorgSync] INFO     Curseur DateWrite : 2026-09-25 11:05:49.920000
2026-09-25 13:08:46 [PcorgSync] INFO     Config pcorg : aucune nouvelle valeur
2026-09-25 13:08:46 [PcorgSync] INFO     Total en base : 29649 docs (29649 attribués, 2704 avec GPS)
2026-09-25 13:08:46 [PcorgSync] INFO   ============================================================
2026-09-25 13:08:46 [PcorgSync] INFO Sync terminee avec succes
2026-09-25 13:13:42 [PcorgSync] INFO Lancement sync incremental
2026-09-25 13:13:43 [PcorgSync] INFO     Messages SQL récupérés : 1
2026-09-25 13:13:43 [PcorgSync] INFO     Documents upsertés : 1
2026-09-25 13:13:43 [PcorgSync] INFO     Répartition par événement :
2026-09-25 13:13:43 [PcorgSync] INFO       24H CAMIONS 2026: 1
2026-09-25 13:13:43 [PcorgSync] INFO     Répartition par catégorie :
2026-09-25 13:13:43 [PcorgSync] INFO       PCO.Technique: 1
2026-09-25 13:13:43 [PcorgSync] INFO     Curseur DateWrite : 2026-09-25 11:09:12.330000
2026-09-25 13:13:43 [PcorgSync] INFO     Config pcorg : aucune nouvelle valeur
2026-09-25 13:13:43 [PcorgSync] INFO     Total en base : 29649 docs (29649 attribués, 2704 avec GPS)
2026-09-25 13:13:43 [PcorgSync] INFO   ============================================================
2026-09-25 13:13:43 [PcorgSync] INFO Sync terminee avec succes
2026-09-25 13:18:44 [PcorgSync] INFO Lancement sync incremental
2026-09-25 13:18:45 [PcorgSync] INFO     Messages SQL récupérés : 1
2026-09-25 13:18:45 [PcorgSync] INFO     Documents upsertés : 1
2026-09-25 13:18:45 [PcorgSync] INFO     Répartition par événement :
2026-09-25 13:18:45 [PcorgSync] INFO       24H CAMIONS 2026: 1
2026-09-25 13:18:45 [PcorgSync] INFO     Répartition par catégorie :
2026-09-25 13:18:45 [PcorgSync] INFO       PCO.Information: 1
2026-09-25 13:18:45 [PcorgSync] INFO     Curseur DateWrite : 2026-09-25 11:13:55.220000
2026-09-25 13:18:45 [PcorgSync] INFO     Config pcorg : aucune nouvelle valeur
2026-09-25 13:18:45 [PcorgSync] INFO     Total en base : 29650 docs (29650 attribués, 2704 avec GPS)
2026-09-25 13:18:45 [PcorgSync] INFO   ============================================================
2026-09-25 13:18:45 [PcorgSync] INFO Sync terminee avec succes
2026-09-25 13:23:29 [PcorgSync] INFO Lancement sync incremental
2026-09-25 13:23:30 [PcorgSync] INFO     Messages SQL récupérés : 1
2026-09-25 13:23:30 [PcorgSync] INFO     Documents upsertés : 1
2026-09-25 13:23:30 [PcorgSync] INFO     Répartition par événement :
2026-09-25 13:23:30 [PcorgSync] INFO       24H CAMIONS 2026: 1
2026-09-25 13:23:30 [PcorgSync] INFO     Répartition par catégorie :
2026-09-25 13:23:30 [PcorgSync] INFO       PCO.Technique: 1
2026-09-25 13:23:30 [PcorgSync] INFO     Curseur DateWrite : 2026-09-25 11:22:27.597000
2026-09-25 13:23:30 [PcorgSync] INFO     Config pcorg : aucune nouvelle valeur
2026-09-25 13:23:30 [PcorgSync] INFO     Total en base : 29650 docs (29650 attribués, 2704 avec GPS)
2026-09-25 13:23:30 [PcorgSync] INFO   ============================================================
2026-09-25 13:23:30 [PcorgSync] INFO Sync terminee avec succes
2026-09-25 13:28:14 [PcorgSync] INFO Lancement sync incremental
2026-09-25 13:28:15 [PcorgSync] INFO     Documents upsertés : 3
2026-09-25 13:28:15 [PcorgSync] INFO     Répartition par événement :
2026-09-25 13:28:15 [PcorgSync] INFO       24H CAMIONS 2026: 3
2026-09-25 13:28:15 [PcorgSync] INFO     Répartition par catégorie :
2026-09-25 13:28:15 [PcorgSync] INFO       PCO.Technique: 2
2026-09-25 13:28:15 [PcorgSync] INFO       PCS.Surete: 1
2026-09-25 13:28:15 [PcorgSync] INFO     Curseur DateWrite : 2026-09-25 11:26:37.690000
2026-09-25 13:28:15 [PcorgSync] INFO     Config pcorg : aucune nouvelle valeur
2026-09-25 13:28:15 [PcorgSync] INFO     Total en base : 29652 docs (29652 attribués, 2705 avec GPS)
2026-09-25 13:28:15 [PcorgSync] INFO   ============================================================
2026-09-25 13:28:15 [PcorgSync] INFO Sync terminee avec succes
2026-09-25 13:33:39 [PcorgSync] INFO Lancement sync incremental
2026-09-25 13:33:40 [PcorgSync] INFO     Documents upsertés : 2
2026-09-25 13:33:40 [PcorgSync] INFO     Répartition par événement :
2026-09-25 13:33:40 [PcorgSync] INFO       24H CAMIONS 2026: 2
2026-09-25 13:33:40 [PcorgSync] INFO     Répartition par catégorie :
2026-09-25 13:33:40 [PcorgSync] INFO       PCO.Technique: 1
2026-09-25 13:33:40 [PcorgSync] INFO       PCO.Information: 1
2026-09-25 13:33:40 [PcorgSync] INFO     Curseur DateWrite : 2026-09-25 11:30:42.747000
2026-09-25 13:33:40 [PcorgSync] INFO     Config pcorg : aucune nouvelle valeur
2026-09-25 13:33:40 [PcorgSync] INFO     Total en base : 29652 docs (29652 attribués, 2705 avec GPS)
2026-09-25 13:33:40 [PcorgSync] INFO   ============================================================
2026-09-25 13:33:40 [PcorgSync] INFO Sync terminee avec succes
2026-09-25 13:38:44 [PcorgSync] INFO Lancement sync incremental
2026-09-25 13:38:45 [PcorgSync] INFO     Répartition par événement :
2026-09-25 13:38:45 [PcorgSync] INFO       24H CAMIONS 2026: 3
2026-09-25 13:38:45 [PcorgSync] INFO     Répartition par catégorie :
2026-09-25 13:38:45 [PcorgSync] INFO       PCO.Fourriere: 1
2026-09-25 13:38:45 [PcorgSync] INFO       PCO.Information: 1
2026-09-25 13:38:45 [PcorgSync] INFO       PCO.Technique: 1
2026-09-25 13:38:45 [PcorgSync] INFO     Curseur DateWrite : 2026-09-25 11:36:54.367000
2026-09-25 13:38:45 [PcorgSync] INFO     Config pcorg : aucune nouvelle valeur
2026-09-25 13:38:45 [PcorgSync] INFO     Total en base : 29653 docs (29653 attribués, 2705 avec GPS)
2026-09-25 13:38:45 [PcorgSync] INFO   ============================================================
2026-09-25 13:38:45 [PcorgSync] INFO Sync terminee avec succes
2026-09-25 13:43:24 [PcorgSync] INFO Lancement sync incremental
2026-09-25 13:43:25 [PcorgSync] INFO     Messages SQL récupérés : 2
2026-09-25 13:43:25 [PcorgSync] INFO     Documents upsertés : 2
2026-09-25 13:43:25 [PcorgSync] INFO     Répartition par événement :
2026-09-25 13:43:25 [PcorgSync] INFO       24H CAMIONS 2026: 2
2026-09-25 13:43:25 [PcorgSync] INFO     Répartition par catégorie :
2026-09-25 13:43:25 [PcorgSync] INFO       PCO.Technique: 2
2026-09-25 13:43:25 [PcorgSync] INFO     Curseur DateWrite : 2026-09-25 11:40:01.137000
2026-09-25 13:43:25 [PcorgSync] INFO     Config pcorg : aucune nouvelle valeur
2026-09-25 13:43:25 [PcorgSync] INFO     Total en base : 29653 docs (29653 attribués, 2705 avec GPS)
2026-09-25 13:43:25 [PcorgSync] INFO   ============================================================
2026-09-25 13:43:25 [PcorgSync] INFO Sync terminee avec succes
2026-09-25 13:48:14 [PcorgSync] INFO Lancement sync incremental
2026-09-25 13:48:15 [PcorgSync] INFO   ============================================================
2026-09-25 13:48:15 [PcorgSync] INFO   
2026-09-25 13:48:15 [PcorgSync] INFO   Dernier sync : 2026-09-25 11:40:01.137000
2026-09-25 13:48:15 [PcorgSync] INFO   Connexion SQL Server...
2026-09-25 13:48:15 [PcorgSync] INFO     Driver ODBC : ODBC Driver 18 for SQL Server
2026-09-25 13:48:15 [PcorgSync] INFO     Port résolu via SQL Browser : 65422
2026-09-25 13:48:15 [PcorgSync] INFO     Connecté à 10.34.0.4,65422
2026-09-25 13:48:15 [PcorgSync] INFO   Récupération par lots de 1000...
2026-09-25 13:48:15 [PcorgSync] INFO   
2026-09-25 13:48:15 [PcorgSync] INFO   Aucun nouveau message. Rien à synchroniser.
2026-09-25 13:48:15 [PcorgSync] INFO Sync terminee avec succes
2026-09-25 13:53:29 [PcorgSync] INFO Lancement sync incremental
2026-09-25 13:53:30 [PcorgSync] INFO     Documents upsertés : 6
2026-09-25 13:53:30 [PcorgSync] INFO     Répartition par événement :
2026-09-25 13:53:30 [PcorgSync] INFO       24H CAMIONS 2026: 6
2026-09-25 13:53:30 [PcorgSync] INFO     Répartition par catégorie :
2026-09-25 13:53:30 [PcorgSync] INFO       PCO.Technique: 4
2026-09-25 13:53:30 [PcorgSync] INFO       PCO.Information: 2
2026-09-25 13:53:30 [PcorgSync] INFO     Curseur DateWrite : 2026-09-25 11:53:15.923000
2026-09-25 13:53:30 [PcorgSync] INFO     Config pcorg : aucune nouvelle valeur
2026-09-25 13:53:30 [PcorgSync] INFO     Total en base : 29653 docs (29653 attribués, 2705 avec GPS)
2026-09-25 13:53:30 [PcorgSync] INFO   ============================================================
2026-09-25 13:53:30 [PcorgSync] INFO Sync terminee avec succes
2026-09-25 13:58:14 [PcorgSync] INFO Lancement sync incremental
2026-09-25 13:58:15 [PcorgSync] INFO     Documents upsertés : 2
2026-09-25 13:58:15 [PcorgSync] INFO     Répartition par événement :
2026-09-25 13:58:15 [PcorgSync] INFO       24H CAMIONS 2026: 2
2026-09-25 13:58:15 [PcorgSync] INFO     Répartition par catégorie :
2026-09-25 13:58:15 [PcorgSync] INFO       PCO.Technique: 1
2026-09-25 13:58:15 [PcorgSync] INFO       PCO.Information: 1
2026-09-25 13:58:15 [PcorgSync] INFO     Curseur DateWrite : 2026-09-25 11:55:28.333000
2026-09-25 13:58:15 [PcorgSync] INFO     Config pcorg : aucune nouvelle valeur
2026-09-25 13:58:15 [PcorgSync] INFO     Total en base : 29653 docs (29653 attribués, 2705 avec GPS)
2026-09-25 13:58:15 [PcorgSync] INFO   ============================================================
2026-09-25 13:58:15 [PcorgSync] INFO Sync terminee avec succes
2026-09-25 14:03:39 [PcorgSync] INFO Lancement sync incremental
2026-09-25 14:03:40 [PcorgSync] INFO     Messages SQL récupérés : 1
2026-09-25 14:03:40 [PcorgSync] INFO     Documents upsertés : 1
2026-09-25 14:03:40 [PcorgSync] INFO     Répartition par événement :
2026-09-25 14:03:40 [PcorgSync] INFO       24H CAMIONS 2026: 1
2026-09-25 14:03:40 [PcorgSync] INFO     Répartition par catégorie :
2026-09-25 14:03:40 [PcorgSync] INFO       PCO.Information: 1
2026-09-25 14:03:40 [PcorgSync] INFO     Curseur DateWrite : 2026-09-25 11:55:28.333000
2026-09-25 14:03:40 [PcorgSync] INFO     Config pcorg : aucune nouvelle valeur
2026-09-25 14:03:40 [PcorgSync] INFO     Total en base : 29653 docs (29653 attribués, 2705 avec GPS)
2026-09-25 14:03:40 [PcorgSync] INFO   ============================================================
2026-09-25 14:03:40 [PcorgSync] INFO Sync terminee avec succes
2026-09-25 14:08:39 [PcorgSync] INFO Lancement sync incremental
2026-09-25 14:08:40 [PcorgSync] INFO     Messages SQL récupérés : 1
2026-09-25 14:08:40 [PcorgSync] INFO     Documents upsertés : 1
2026-09-25 14:08:40 [PcorgSync] INFO     Répartition par événement :
2026-09-25 14:08:40 [PcorgSync] INFO       24H CAMIONS 2026: 1
2026-09-25 14:08:40 [PcorgSync] INFO     Répartition par catégorie :
2026-09-25 14:08:40 [PcorgSync] INFO       PCO.Information: 1
2026-09-25 14:08:40 [PcorgSync] INFO     Curseur DateWrite : 2026-09-25 11:55:28.333000
2026-09-25 14:08:40 [PcorgSync] INFO     Config pcorg : aucune nouvelle valeur
2026-09-25 14:08:40 [PcorgSync] INFO     Total en base : 29653 docs (29653 attribués, 2705 avec GPS)
2026-09-25 14:08:40 [PcorgSync] INFO   ============================================================
2026-09-25 14:08:40 [PcorgSync] INFO Sync terminee avec succes
2026-09-25 14:13:39 [PcorgSync] INFO Lancement sync incremental
2026-09-25 14:13:40 [PcorgSync] INFO     Documents upsertés : 2
2026-09-25 14:13:40 [PcorgSync] INFO     Répartition par événement :
2026-09-25 14:13:40 [PcorgSync] INFO       24H CAMIONS 2026: 2
2026-09-25 14:13:40 [PcorgSync] INFO     Répartition par catégorie :
2026-09-25 14:13:40 [PcorgSync] INFO       PCO.Fourriere: 1
2026-09-25 14:13:40 [PcorgSync] INFO       PCO.Information: 1
2026-09-25 14:13:40 [PcorgSync] INFO     Curseur DateWrite : 2026-09-25 12:11:41.847000
2026-09-25 14:13:40 [PcorgSync] INFO     Config pcorg : aucune nouvelle valeur
2026-09-25 14:13:40 [PcorgSync] INFO     Total en base : 29653 docs (29653 attribués, 2705 avec GPS)
2026-09-25 14:13:40 [PcorgSync] INFO   ============================================================
2026-09-25 14:13:40 [PcorgSync] INFO Sync terminee avec succes
2026-09-25 14:18:14 [PcorgSync] INFO Lancement sync incremental
2026-09-25 14:18:15 [PcorgSync] INFO     Messages SQL récupérés : 2
2026-09-25 14:18:15 [PcorgSync] INFO     Documents upsertés : 2
2026-09-25 14:18:15 [PcorgSync] INFO     Répartition par événement :
2026-09-25 14:18:15 [PcorgSync] INFO       24H CAMIONS 2026: 2
2026-09-25 14:18:15 [PcorgSync] INFO     Répartition par catégorie :
2026-09-25 14:18:15 [PcorgSync] INFO       PCO.Fourriere: 2
2026-09-25 14:18:15 [PcorgSync] INFO     Curseur DateWrite : 2026-09-25 12:18:01.950000
2026-09-25 14:18:15 [PcorgSync] INFO     Config pcorg : aucune nouvelle valeur
2026-09-25 14:18:15 [PcorgSync] INFO     Total en base : 29653 docs (29653 attribués, 2705 avec GPS)
2026-09-25 14:18:15 [PcorgSync] INFO   ============================================================
2026-09-25 14:18:15 [PcorgSync] INFO Sync terminee avec succes
2026-09-25 14:23:39 [PcorgSync] INFO Lancement sync incremental
2026-09-25 14:23:40 [PcorgSync] INFO   ============================================================
2026-09-25 14:23:40 [PcorgSync] INFO   
2026-09-25 14:23:40 [PcorgSync] INFO   Dernier sync : 2026-09-25 12:18:01.950000
2026-09-25 14:23:40 [PcorgSync] INFO   Connexion SQL Server...
2026-09-25 14:23:40 [PcorgSync] INFO     Driver ODBC : ODBC Driver 18 for SQL Server
2026-09-25 14:23:40 [PcorgSync] INFO     Port résolu via SQL Browser : 65422
2026-09-25 14:23:40 [PcorgSync] INFO     Connecté à 10.34.0.4,65422
2026-09-25 14:23:40 [PcorgSync] INFO   Récupération par lots de 1000...
2026-09-25 14:23:40 [PcorgSync] INFO   
2026-09-25 14:23:40 [PcorgSync] INFO   Aucun nouveau message. Rien à synchroniser.
2026-09-25 14:23:40 [PcorgSync] INFO Sync terminee avec succes
2026-09-25 14:28:14 [PcorgSync] INFO Lancement sync incremental
2026-09-25 14:28:15 [PcorgSync] INFO     Messages SQL récupérés : 2
2026-09-25 14:28:15 [PcorgSync] INFO     Documents upsertés : 2
2026-09-25 14:28:15 [PcorgSync] INFO     Répartition par événement :
2026-09-25 14:28:15 [PcorgSync] INFO       24H CAMIONS 2026: 2
2026-09-25 14:28:15 [PcorgSync] INFO     Répartition par catégorie :
2026-09-25 14:28:15 [PcorgSync] INFO       PCO.Fourriere: 2
2026-09-25 14:28:15 [PcorgSync] INFO     Curseur DateWrite : 2026-09-25 12:26:23.697000
2026-09-25 14:28:15 [PcorgSync] INFO     Config pcorg : aucune nouvelle valeur
2026-09-25 14:28:15 [PcorgSync] INFO     Total en base : 29653 docs (29653 attribués, 2705 avec GPS)
2026-09-25 14:28:15 [PcorgSync] INFO   ============================================================
2026-09-25 14:28:15 [PcorgSync] INFO Sync terminee avec succes
2026-09-25 14:33:39 [PcorgSync] INFO Lancement sync incremental
2026-09-25 14:33:40 [PcorgSync] INFO   ============================================================
2026-09-25 14:33:40 [PcorgSync] INFO   
2026-09-25 14:33:40 [PcorgSync] INFO   Dernier sync : 2026-09-25 12:26:23.697000
2026-09-25 14:33:40 [PcorgSync] INFO   Connexion SQL Server...
2026-09-25 14:33:40 [PcorgSync] INFO     Driver ODBC : ODBC Driver 18 for SQL Server
2026-09-25 14:33:40 [PcorgSync] INFO     Port résolu via SQL Browser : 65422
2026-09-25 14:33:40 [PcorgSync] INFO     Connecté à 10.34.0.4,65422
2026-09-25 14:33:40 [PcorgSync] INFO   Récupération par lots de 1000...
2026-09-25 14:33:40 [PcorgSync] INFO   
2026-09-25 14:33:40 [PcorgSync] INFO   Aucun nouveau message. Rien à synchroniser.
2026-09-25 14:33:40 [PcorgSync] INFO Sync terminee avec succes
2026-09-25 14:38:44 [PcorgSync] INFO Lancement sync incremental
2026-09-25 14:38:45 [PcorgSync] INFO   ============================================================
2026-09-25 14:38:45 [PcorgSync] INFO   
2026-09-25 14:38:45 [PcorgSync] INFO   Dernier sync : 2026-09-25 12:26:23.697000
2026-09-25 14:38:45 [PcorgSync] INFO   Connexion SQL Server...
2026-09-25 14:38:45 [PcorgSync] INFO     Driver ODBC : ODBC Driver 18 for SQL Server
2026-09-25 14:38:45 [PcorgSync] INFO     Port résolu via SQL Browser : 65422
2026-09-25 14:38:45 [PcorgSync] INFO     Connecté à 10.34.0.4,65422
2026-09-25 14:38:45 [PcorgSync] INFO   Récupération par lots de 1000...
2026-09-25 14:38:45 [PcorgSync] INFO   
2026-09-25 14:38:45 [PcorgSync] INFO   Aucun nouveau message. Rien à synchroniser.
2026-09-25 14:38:45 [PcorgSync] INFO Sync terminee avec succes
2026-09-25 14:43:39 [PcorgSync] INFO Lancement sync incremental
2026-09-25 14:43:40 [PcorgSync] INFO   ============================================================
2026-09-25 14:43:40 [PcorgSync] INFO   
2026-09-25 14:43:40 [PcorgSync] INFO   Dernier sync : 2026-09-25 12:26:23.697000
2026-09-25 14:43:40 [PcorgSync] INFO   Connexion SQL Server...
2026-09-25 14:43:40 [PcorgSync] INFO     Driver ODBC : ODBC Driver 18 for SQL Server
2026-09-25 14:43:40 [PcorgSync] INFO     Port résolu via SQL Browser : 65422
2026-09-25 14:43:40 [PcorgSync] INFO     Connecté à 10.34.0.4,65422
2026-09-25 14:43:40 [PcorgSync] INFO   Récupération par lots de 1000...
2026-09-25 14:43:40 [PcorgSync] INFO   
2026-09-25 14:43:40 [PcorgSync] INFO   Aucun nouveau message. Rien à synchroniser.
2026-09-25 14:43:40 [PcorgSync] INFO Sync terminee avec succes
2026-09-25 14:48:14 [PcorgSync] INFO Lancement sync incremental
2026-09-25 14:48:15 [PcorgSync] INFO   ============================================================
2026-09-25 14:48:15 [PcorgSync] INFO   
2026-09-25 14:48:15 [PcorgSync] INFO   Dernier sync : 2026-09-25 12:26:23.697000
2026-09-25 14:48:15 [PcorgSync] INFO   Connexion SQL Server...
2026-09-25 14:48:15 [PcorgSync] INFO     Driver ODBC : ODBC Driver 18 for SQL Server
2026-09-25 14:48:15 [PcorgSync] INFO     Port résolu via SQL Browser : 65422
2026-09-25 14:48:15 [PcorgSync] INFO     Connecté à 10.34.0.4,65422
2026-09-25 14:48:15 [PcorgSync] INFO   Récupération par lots de 1000...
2026-09-25 14:48:15 [PcorgSync] INFO   
2026-09-25 14:48:15 [PcorgSync] INFO   Aucun nouveau message. Rien à synchroniser.
2026-09-25 14:48:15 [PcorgSync] INFO Sync terminee avec succes
2026-09-25 14:53:44 [PcorgSync] INFO Lancement sync incremental
2026-09-25 14:53:45 [PcorgSync] INFO     Messages SQL récupérés : 1
2026-09-25 14:53:45 [PcorgSync] INFO     Documents upsertés : 1
2026-09-25 14:53:45 [PcorgSync] INFO     Répartition par événement :
2026-09-25 14:53:45 [PcorgSync] INFO       24H CAMIONS 2026: 1
2026-09-25 14:53:45 [PcorgSync] INFO     Répartition par catégorie :
2026-09-25 14:53:45 [PcorgSync] INFO       PCS.Surete: 1
2026-09-25 14:53:45 [PcorgSync] INFO     Curseur DateWrite : 2026-09-25 12:51:34.370000
2026-09-25 14:53:45 [PcorgSync] INFO     Config pcorg : aucune nouvelle valeur
2026-09-25 14:53:45 [PcorgSync] INFO     Total en base : 29654 docs (29654 attribués, 2705 avec GPS)
2026-09-25 14:53:45 [PcorgSync] INFO   ============================================================
2026-09-25 14:53:45 [PcorgSync] INFO Sync terminee avec succes
2026-09-25 14:58:14 [PcorgSync] INFO Lancement sync incremental
2026-09-25 14:58:15 [PcorgSync] INFO   ============================================================
2026-09-25 14:58:15 [PcorgSync] INFO   
2026-09-25 14:58:15 [PcorgSync] INFO   Dernier sync : 2026-09-25 12:51:34.370000
2026-09-25 14:58:15 [PcorgSync] INFO   Connexion SQL Server...
2026-09-25 14:58:15 [PcorgSync] INFO     Driver ODBC : ODBC Driver 18 for SQL Server
2026-09-25 14:58:15 [PcorgSync] INFO     Port résolu via SQL Browser : 65422
2026-09-25 14:58:15 [PcorgSync] INFO     Connecté à 10.34.0.4,65422
2026-09-25 14:58:15 [PcorgSync] INFO   Récupération par lots de 1000...
2026-09-25 14:58:15 [PcorgSync] INFO   
2026-09-25 14:58:15 [PcorgSync] INFO   Aucun nouveau message. Rien à synchroniser.
2026-09-25 14:58:15 [PcorgSync] INFO Sync terminee avec succes
2026-09-25 15:03:24 [PcorgSync] INFO Lancement sync incremental
2026-09-25 15:03:25 [PcorgSync] INFO     Messages SQL récupérés : 1
2026-09-25 15:03:25 [PcorgSync] INFO     Documents upsertés : 1
2026-09-25 15:03:25 [PcorgSync] INFO     Répartition par événement :
2026-09-25 15:03:25 [PcorgSync] INFO       24H CAMIONS 2026: 1
2026-09-25 15:03:25 [PcorgSync] INFO     Répartition par catégorie :
2026-09-25 15:03:25 [PcorgSync] INFO       PCO.Securite: 1
2026-09-25 15:03:25 [PcorgSync] INFO     Curseur DateWrite : 2026-09-25 13:02:33.213000
2026-09-25 15:03:25 [PcorgSync] INFO     Config pcorg : aucune nouvelle valeur
2026-09-25 15:03:25 [PcorgSync] INFO     Total en base : 29655 docs (29655 attribués, 2706 avec GPS)
2026-09-25 15:03:25 [PcorgSync] INFO   ============================================================
2026-09-25 15:03:25 [PcorgSync] INFO Sync terminee avec succes
2026-09-25 15:08:44 [PcorgSync] INFO Lancement sync incremental
2026-09-25 15:08:45 [PcorgSync] INFO     Documents upsertés : 2
2026-09-25 15:08:45 [PcorgSync] INFO     Répartition par événement :
2026-09-25 15:08:45 [PcorgSync] INFO       24H CAMIONS 2026: 2
2026-09-25 15:08:45 [PcorgSync] INFO     Répartition par catégorie :
2026-09-25 15:08:45 [PcorgSync] INFO       PCO.Securite: 1
2026-09-25 15:08:45 [PcorgSync] INFO       PCS.Surete: 1
2026-09-25 15:08:45 [PcorgSync] INFO     Curseur DateWrite : 2026-09-25 13:03:58.687000
2026-09-25 15:08:45 [PcorgSync] INFO     Config pcorg : aucune nouvelle valeur
2026-09-25 15:08:45 [PcorgSync] INFO     Total en base : 29655 docs (29655 attribués, 2706 avec GPS)
2026-09-25 15:08:45 [PcorgSync] INFO   ============================================================
2026-09-25 15:08:45 [PcorgSync] INFO Sync terminee avec succes
2026-09-25 15:13:39 [PcorgSync] INFO Lancement sync incremental
2026-09-25 15:13:40 [PcorgSync] INFO   ============================================================
2026-09-25 15:13:40 [PcorgSync] INFO   
2026-09-25 15:13:40 [PcorgSync] INFO   Dernier sync : 2026-09-25 13:03:58.687000
2026-09-25 15:13:40 [PcorgSync] INFO   Connexion SQL Server...
2026-09-25 15:13:40 [PcorgSync] INFO     Driver ODBC : ODBC Driver 18 for SQL Server
2026-09-25 15:13:40 [PcorgSync] INFO     Port résolu via SQL Browser : 65422
2026-09-25 15:13:40 [PcorgSync] INFO     Connecté à 10.34.0.4,65422
2026-09-25 15:13:40 [PcorgSync] INFO   Récupération par lots de 1000...
2026-09-25 15:13:40 [PcorgSync] INFO   
2026-09-25 15:13:40 [PcorgSync] INFO   Aucun nouveau message. Rien à synchroniser.
2026-09-25 15:13:40 [PcorgSync] INFO Sync terminee avec succes
2026-09-25 15:18:14 [PcorgSync] INFO Lancement sync incremental
2026-09-25 15:18:15 [PcorgSync] INFO     Messages SQL récupérés : 2
2026-09-25 15:18:15 [PcorgSync] INFO     Documents upsertés : 2
2026-09-25 15:18:15 [PcorgSync] INFO     Répartition par événement :
2026-09-25 15:18:15 [PcorgSync] INFO       24H CAMIONS 2026: 2
2026-09-25 15:18:15 [PcorgSync] INFO     Répartition par catégorie :
2026-09-25 15:18:15 [PcorgSync] INFO       PCO.Technique: 2
2026-09-25 15:18:15 [PcorgSync] INFO     Curseur DateWrite : 2026-09-25 13:18:02.123000
2026-09-25 15:18:15 [PcorgSync] INFO     Config pcorg : aucune nouvelle valeur
2026-09-25 15:18:15 [PcorgSync] INFO     Total en base : 29657 docs (29657 attribués, 2708 avec GPS)
2026-09-25 15:18:15 [PcorgSync] INFO   ============================================================
2026-09-25 15:18:15 [PcorgSync] INFO Sync terminee avec succes
2026-09-25 15:23:29 [PcorgSync] INFO Lancement sync incremental
2026-09-25 15:23:31 [PcorgSync] INFO     Répartition par événement :
2026-09-25 15:23:31 [PcorgSync] INFO       24H CAMIONS 2026: 3
2026-09-25 15:23:31 [PcorgSync] INFO     Répartition par catégorie :
2026-09-25 15:23:31 [PcorgSync] INFO       PCO.Technique: 1
2026-09-25 15:23:31 [PcorgSync] INFO       PCO.Information: 1
2026-09-25 15:23:31 [PcorgSync] INFO       PCO.Securite: 1
2026-09-25 15:23:31 [PcorgSync] INFO     Curseur DateWrite : 2026-09-25 13:21:15.520000
2026-09-25 15:23:31 [PcorgSync] INFO     Config pcorg : aucune nouvelle valeur
2026-09-25 15:23:31 [PcorgSync] INFO     Total en base : 29659 docs (29659 attribués, 2709 avec GPS)
2026-09-25 15:23:31 [PcorgSync] INFO   ============================================================
2026-09-25 15:23:31 [PcorgSync] INFO Sync terminee avec succes
2026-09-25 15:28:14 [PcorgSync] INFO Lancement sync incremental
2026-09-25 15:28:15 [PcorgSync] INFO     Documents upsertés : 2
2026-09-25 15:28:15 [PcorgSync] INFO     Répartition par événement :
2026-09-25 15:28:15 [PcorgSync] INFO       24H CAMIONS 2026: 2
2026-09-25 15:28:15 [PcorgSync] INFO     Répartition par catégorie :
2026-09-25 15:28:15 [PcorgSync] INFO       PCO.Technique: 1
2026-09-25 15:28:15 [PcorgSync] INFO       PCO.Information: 1
2026-09-25 15:28:15 [PcorgSync] INFO     Curseur DateWrite : 2026-09-25 13:28:01.207000
2026-09-25 15:28:15 [PcorgSync] INFO     Config pcorg : aucune nouvelle valeur
2026-09-25 15:28:15 [PcorgSync] INFO     Total en base : 29660 docs (29660 attribués, 2710 avec GPS)
2026-09-25 15:28:15 [PcorgSync] INFO   ============================================================
2026-09-25 15:28:15 [PcorgSync] INFO Sync terminee avec succes
2026-09-25 15:33:14 [PcorgSync] INFO Lancement sync incremental
2026-09-25 15:33:15 [PcorgSync] INFO   ============================================================
2026-09-25 15:33:15 [PcorgSync] INFO   
2026-09-25 15:33:15 [PcorgSync] INFO   Dernier sync : 2026-09-25 13:28:01.207000
2026-09-25 15:33:15 [PcorgSync] INFO   Connexion SQL Server...
2026-09-25 15:33:15 [PcorgSync] INFO     Driver ODBC : ODBC Driver 18 for SQL Server
2026-09-25 15:33:15 [PcorgSync] INFO     Port résolu via SQL Browser : 65422
2026-09-25 15:33:15 [PcorgSync] INFO     Connecté à 10.34.0.4,65422
2026-09-25 15:33:15 [PcorgSync] INFO   Récupération par lots de 1000...
2026-09-25 15:33:15 [PcorgSync] INFO   
2026-09-25 15:33:15 [PcorgSync] INFO   Aucun nouveau message. Rien à synchroniser.
2026-09-25 15:33:15 [PcorgSync] INFO Sync terminee avec succes
2026-09-25 15:38:44 [PcorgSync] INFO Lancement sync incremental
2026-09-25 15:38:45 [PcorgSync] INFO     Messages SQL récupérés : 1
2026-09-25 15:38:45 [PcorgSync] INFO     Documents upsertés : 1
2026-09-25 15:38:45 [PcorgSync] INFO     Répartition par événement :
2026-09-25 15:38:45 [PcorgSync] INFO       24H CAMIONS 2026: 1
2026-09-25 15:38:45 [PcorgSync] INFO     Répartition par catégorie :
2026-09-25 15:38:45 [PcorgSync] INFO       PCO.Fourriere: 1
2026-09-25 15:38:45 [PcorgSync] INFO     Curseur DateWrite : 2026-09-25 13:34:54.387000
2026-09-25 15:38:45 [PcorgSync] INFO     Config pcorg : aucune nouvelle valeur
2026-09-25 15:38:45 [PcorgSync] INFO     Total en base : 29660 docs (29660 attribués, 2710 avec GPS)
2026-09-25 15:38:45 [PcorgSync] INFO   ============================================================
2026-09-25 15:38:45 [PcorgSync] INFO Sync terminee avec succes
2026-09-25 15:43:29 [PcorgSync] INFO Lancement sync incremental
2026-09-25 15:43:30 [PcorgSync] INFO     Messages SQL récupérés : 1
2026-09-25 15:43:30 [PcorgSync] INFO     Documents upsertés : 1
2026-09-25 15:43:30 [PcorgSync] INFO     Répartition par événement :
2026-09-25 15:43:30 [PcorgSync] INFO       24H CAMIONS 2026: 1
2026-09-25 15:43:30 [PcorgSync] INFO     Répartition par catégorie :
2026-09-25 15:43:30 [PcorgSync] INFO       PCO.Securite: 1
2026-09-25 15:43:30 [PcorgSync] INFO     Curseur DateWrite : 2026-09-25 13:39:23.370000
2026-09-25 15:43:30 [PcorgSync] INFO     Config pcorg : aucune nouvelle valeur
2026-09-25 15:43:30 [PcorgSync] INFO     Total en base : 29660 docs (29660 attribués, 2710 avec GPS)
2026-09-25 15:43:30 [PcorgSync] INFO   ============================================================
2026-09-25 15:43:30 [PcorgSync] INFO Sync terminee avec succes
2026-09-25 15:48:14 [PcorgSync] INFO Lancement sync incremental
2026-09-25 15:48:15 [PcorgSync] INFO   ============================================================
2026-09-25 15:48:15 [PcorgSync] INFO   
2026-09-25 15:48:15 [PcorgSync] INFO   Dernier sync : 2026-09-25 13:39:23.370000
2026-09-25 15:48:15 [PcorgSync] INFO   Connexion SQL Server...
2026-09-25 15:48:15 [PcorgSync] INFO     Driver ODBC : ODBC Driver 18 for SQL Server
2026-09-25 15:48:15 [PcorgSync] INFO     Port résolu via SQL Browser : 65422
2026-09-25 15:48:15 [PcorgSync] INFO     Connecté à 10.34.0.4,65422
2026-09-25 15:48:15 [PcorgSync] INFO   Récupération par lots de 1000...
2026-09-25 15:48:15 [PcorgSync] INFO   
2026-09-25 15:48:15 [PcorgSync] INFO   Aucun nouveau message. Rien à synchroniser.
2026-09-25 15:48:15 [PcorgSync] INFO Sync terminee avec succes
2026-09-25 15:53:44 [PcorgSync] INFO Lancement sync incremental
2026-09-25 15:53:45 [PcorgSync] INFO     Documents upsertés : 2
2026-09-25 15:53:45 [PcorgSync] INFO     Répartition par événement :
2026-09-25 15:53:45 [PcorgSync] INFO       24H CAMIONS 2026: 2
2026-09-25 15:53:45 [PcorgSync] INFO     Répartition par catégorie :
2026-09-25 15:53:45 [PcorgSync] INFO       PCO.Technique: 1
2026-09-25 15:53:45 [PcorgSync] INFO       PCO.Securite: 1
2026-09-25 15:53:45 [PcorgSync] INFO     Curseur DateWrite : 2026-09-25 13:52:22.727000
2026-09-25 15:53:45 [PcorgSync] INFO     Config pcorg : aucune nouvelle valeur
2026-09-25 15:53:45 [PcorgSync] INFO     Total en base : 29662 docs (29662 attribués, 2712 avec GPS)
2026-09-25 15:53:45 [PcorgSync] INFO   ============================================================
2026-09-25 15:53:45 [PcorgSync] INFO Sync terminee avec succes
2026-09-25 15:58:29 [PcorgSync] INFO Lancement sync incremental
2026-09-25 15:58:30 [PcorgSync] INFO     Messages SQL récupérés : 2
2026-09-25 15:58:30 [PcorgSync] INFO     Documents upsertés : 2
2026-09-25 15:58:30 [PcorgSync] INFO     Répartition par événement :
2026-09-25 15:58:30 [PcorgSync] INFO       24H CAMIONS 2026: 2
2026-09-25 15:58:30 [PcorgSync] INFO     Répartition par catégorie :
2026-09-25 15:58:30 [PcorgSync] INFO       PCO.Technique: 2
2026-09-25 15:58:30 [PcorgSync] INFO     Curseur DateWrite : 2026-09-25 13:55:15.813000
2026-09-25 15:58:30 [PcorgSync] INFO     Config pcorg : aucune nouvelle valeur
2026-09-25 15:58:30 [PcorgSync] INFO     Total en base : 29663 docs (29663 attribués, 2713 avec GPS)
2026-09-25 15:58:30 [PcorgSync] INFO   ============================================================
2026-09-25 15:58:30 [PcorgSync] INFO Sync terminee avec succes
2026-09-25 16:03:39 [PcorgSync] INFO Lancement sync incremental
2026-09-25 16:03:40 [PcorgSync] INFO     Documents upsertés : 2
2026-09-25 16:03:40 [PcorgSync] INFO     Répartition par événement :
2026-09-25 16:03:40 [PcorgSync] INFO       24H CAMIONS 2026: 2
2026-09-25 16:03:40 [PcorgSync] INFO     Répartition par catégorie :
2026-09-25 16:03:40 [PcorgSync] INFO       PCO.Technique: 1
2026-09-25 16:03:40 [PcorgSync] INFO       PCO.Information: 1
2026-09-25 16:03:40 [PcorgSync] INFO     Curseur DateWrite : 2026-09-25 13:58:41.497000
2026-09-25 16:03:40 [PcorgSync] INFO     Config pcorg : aucune nouvelle valeur
2026-09-25 16:03:40 [PcorgSync] INFO     Total en base : 29664 docs (29664 attribués, 2713 avec GPS)
2026-09-25 16:03:40 [PcorgSync] INFO   ============================================================
2026-09-25 16:03:40 [PcorgSync] INFO Sync terminee avec succes
2026-09-25 16:08:44 [PcorgSync] INFO Lancement sync incremental
2026-09-25 16:08:46 [PcorgSync] INFO     Messages SQL récupérés : 1
2026-09-25 16:08:46 [PcorgSync] INFO     Documents upsertés : 1
2026-09-25 16:08:46 [PcorgSync] INFO     Répartition par événement :
2026-09-25 16:08:46 [PcorgSync] INFO       24H CAMIONS 2026: 1
2026-09-25 16:08:46 [PcorgSync] INFO     Répartition par catégorie :
2026-09-25 16:08:46 [PcorgSync] INFO       PCO.Technique: 1
2026-09-25 16:08:46 [PcorgSync] INFO     Curseur DateWrite : 2026-09-25 14:05:28.310000
2026-09-25 16:08:46 [PcorgSync] INFO     Config pcorg : aucune nouvelle valeur
2026-09-25 16:08:46 [PcorgSync] INFO     Total en base : 29664 docs (29664 attribués, 2713 avec GPS)
2026-09-25 16:08:46 [PcorgSync] INFO   ============================================================
2026-09-25 16:08:46 [PcorgSync] INFO Sync terminee avec succes
2026-09-25 16:13:39 [PcorgSync] INFO Lancement sync incremental
2026-09-25 16:13:40 [PcorgSync] INFO   ============================================================
2026-09-25 16:13:40 [PcorgSync] INFO   
2026-09-25 16:13:40 [PcorgSync] INFO   Dernier sync : 2026-09-25 14:05:28.310000
2026-09-25 16:13:40 [PcorgSync] INFO   Connexion SQL Server...
2026-09-25 16:13:40 [PcorgSync] INFO     Driver ODBC : ODBC Driver 18 for SQL Server
2026-09-25 16:13:40 [PcorgSync] INFO     Port résolu via SQL Browser : 65422
2026-09-25 16:13:40 [PcorgSync] INFO     Connecté à 10.34.0.4,65422
2026-09-25 16:13:40 [PcorgSync] INFO   Récupération par lots de 1000...
2026-09-25 16:13:40 [PcorgSync] INFO   
2026-09-25 16:13:40 [PcorgSync] INFO   Aucun nouveau message. Rien à synchroniser.
2026-09-25 16:13:40 [PcorgSync] INFO Sync terminee avec succes
2026-09-25 16:18:14 [PcorgSync] INFO Lancement sync incremental
2026-09-25 16:18:15 [PcorgSync] INFO   ============================================================
2026-09-25 16:18:15 [PcorgSync] INFO   
2026-09-25 16:18:15 [PcorgSync] INFO   Dernier sync : 2026-09-25 14:05:28.310000
2026-09-25 16:18:15 [PcorgSync] INFO   Connexion SQL Server...
2026-09-25 16:18:15 [PcorgSync] INFO     Driver ODBC : ODBC Driver 18 for SQL Server
2026-09-25 16:18:15 [PcorgSync] INFO     Port résolu via SQL Browser : 65422
2026-09-25 16:18:15 [PcorgSync] INFO     Connecté à 10.34.0.4,65422
2026-09-25 16:18:15 [PcorgSync] INFO   Récupération par lots de 1000...
2026-09-25 16:18:15 [PcorgSync] INFO   
2026-09-25 16:18:15 [PcorgSync] INFO   Aucun nouveau message. Rien à synchroniser.
2026-09-25 16:18:15 [PcorgSync] INFO Sync terminee avec succes
2026-09-25 16:23:44 [PcorgSync] INFO Lancement sync incremental
2026-09-25 16:23:45 [PcorgSync] INFO     Messages SQL récupérés : 1
2026-09-25 16:23:45 [PcorgSync] INFO     Documents upsertés : 1
2026-09-25 16:23:45 [PcorgSync] INFO     Répartition par événement :
2026-09-25 16:23:45 [PcorgSync] INFO       24H CAMIONS 2026: 1
2026-09-25 16:23:45 [PcorgSync] INFO     Répartition par catégorie :
2026-09-25 16:23:45 [PcorgSync] INFO       PCO.Technique: 1
2026-09-25 16:23:45 [PcorgSync] INFO     Curseur DateWrite : 2026-09-25 14:19:34.703000
2026-09-25 16:23:45 [PcorgSync] INFO     Config pcorg : aucune nouvelle valeur
2026-09-25 16:23:45 [PcorgSync] INFO     Total en base : 29664 docs (29664 attribués, 2713 avec GPS)
2026-09-25 16:23:45 [PcorgSync] INFO   ============================================================
2026-09-25 16:23:45 [PcorgSync] INFO Sync terminee avec succes
2026-09-25 16:28:29 [PcorgSync] INFO Lancement sync incremental
2026-09-25 16:28:30 [PcorgSync] INFO     Répartition par événement :
2026-09-25 16:28:30 [PcorgSync] INFO       24H CAMIONS 2026: 3
2026-09-25 16:28:30 [PcorgSync] INFO     Répartition par catégorie :
2026-09-25 16:28:30 [PcorgSync] INFO       PCO.Technique: 1
2026-09-25 16:28:30 [PcorgSync] INFO       PCO.Securite: 1
2026-09-25 16:28:30 [PcorgSync] INFO       PCO.Information: 1
2026-09-25 16:28:30 [PcorgSync] INFO     Curseur DateWrite : 2026-09-25 14:28:01.973000
2026-09-25 16:28:30 [PcorgSync] INFO     Config pcorg : aucune nouvelle valeur
2026-09-25 16:28:30 [PcorgSync] INFO     Total en base : 29665 docs (29665 attribués, 2713 avec GPS)
2026-09-25 16:28:30 [PcorgSync] INFO   ============================================================
2026-09-25 16:28:30 [PcorgSync] INFO Sync terminee avec succes
2026-09-25 16:33:14 [PcorgSync] INFO Lancement sync incremental
2026-09-25 16:33:15 [PcorgSync] INFO     Répartition par événement :
2026-09-25 16:33:15 [PcorgSync] INFO       24H CAMIONS 2026: 3
2026-09-25 16:33:15 [PcorgSync] INFO     Répartition par catégorie :
2026-09-25 16:33:15 [PcorgSync] INFO       PCO.Information: 1
2026-09-25 16:33:15 [PcorgSync] INFO       PCO.Technique: 1
2026-09-25 16:33:15 [PcorgSync] INFO       PCO.Securite: 1
2026-09-25 16:33:15 [PcorgSync] INFO     Curseur DateWrite : 2026-09-25 14:30:08.080000
2026-09-25 16:33:15 [PcorgSync] INFO     Config pcorg : aucune nouvelle valeur
2026-09-25 16:33:15 [PcorgSync] INFO     Total en base : 29666 docs (29666 attribués, 2714 avec GPS)
2026-09-25 16:33:15 [PcorgSync] INFO   ============================================================
2026-09-25 16:33:15 [PcorgSync] INFO Sync terminee avec succes
2026-09-25 16:38:29 [PcorgSync] INFO Lancement sync incremental
2026-09-25 16:38:30 [PcorgSync] INFO     Documents upsertés : 2
2026-09-25 16:38:30 [PcorgSync] INFO     Répartition par événement :
2026-09-25 16:38:30 [PcorgSync] INFO       24H CAMIONS 2026: 2
2026-09-25 16:38:30 [PcorgSync] INFO     Répartition par catégorie :
2026-09-25 16:38:30 [PcorgSync] INFO       PCO.Information: 1
2026-09-25 16:38:30 [PcorgSync] INFO       PCS.Surete: 1
2026-09-25 16:38:30 [PcorgSync] INFO     Curseur DateWrite : 2026-09-25 14:35:59.690000
2026-09-25 16:38:30 [PcorgSync] INFO     Config pcorg : aucune nouvelle valeur
2026-09-25 16:38:30 [PcorgSync] INFO     Total en base : 29668 docs (29668 attribués, 2714 avec GPS)
2026-09-25 16:38:30 [PcorgSync] INFO   ============================================================
2026-09-25 16:38:30 [PcorgSync] INFO Sync terminee avec succes
2026-09-25 16:43:29 [PcorgSync] INFO Lancement sync incremental
2026-09-25 16:43:30 [PcorgSync] INFO   ============================================================
2026-09-25 16:43:30 [PcorgSync] INFO   
2026-09-25 16:43:30 [PcorgSync] INFO   Dernier sync : 2026-09-25 14:35:59.690000
2026-09-25 16:43:30 [PcorgSync] INFO   Connexion SQL Server...
2026-09-25 16:43:30 [PcorgSync] INFO     Driver ODBC : ODBC Driver 18 for SQL Server
2026-09-25 16:43:30 [PcorgSync] INFO     Port résolu via SQL Browser : 65422
2026-09-25 16:43:30 [PcorgSync] INFO     Connecté à 10.34.0.4,65422
2026-09-25 16:43:30 [PcorgSync] INFO   Récupération par lots de 1000...
2026-09-25 16:43:30 [PcorgSync] INFO   
2026-09-25 16:43:30 [PcorgSync] INFO   Aucun nouveau message. Rien à synchroniser.
2026-09-25 16:43:30 [PcorgSync] INFO Sync terminee avec succes
2026-09-25 16:48:14 [PcorgSync] INFO Lancement sync incremental
2026-09-25 16:48:15 [PcorgSync] INFO   ============================================================
2026-09-25 16:48:15 [PcorgSync] INFO   
2026-09-25 16:48:15 [PcorgSync] INFO   Dernier sync : 2026-09-25 14:35:59.690000
2026-09-25 16:48:15 [PcorgSync] INFO   Connexion SQL Server...
2026-09-25 16:48:15 [PcorgSync] INFO     Driver ODBC : ODBC Driver 18 for SQL Server
2026-09-25 16:48:15 [PcorgSync] INFO     Port résolu via SQL Browser : 65422
2026-09-25 16:48:15 [PcorgSync] INFO     Connecté à 10.34.0.4,65422
2026-09-25 16:48:15 [PcorgSync] INFO   Récupération par lots de 1000...
2026-09-25 16:48:15 [PcorgSync] INFO   
2026-09-25 16:48:15 [PcorgSync] INFO   Aucun nouveau message. Rien à synchroniser.
2026-09-25 16:48:15 [PcorgSync] INFO Sync terminee avec succes
2026-09-25 16:53:39 [PcorgSync] INFO Lancement sync incremental
2026-09-25 16:53:40 [PcorgSync] INFO     Messages SQL récupérés : 1
2026-09-25 16:53:40 [PcorgSync] INFO     Documents upsertés : 1
2026-09-25 16:53:40 [PcorgSync] INFO     Répartition par événement :
2026-09-25 16:53:40 [PcorgSync] INFO       24H CAMIONS 2026: 1
2026-09-25 16:53:40 [PcorgSync] INFO     Répartition par catégorie :
2026-09-25 16:53:40 [PcorgSync] INFO       PCO.Information: 1
2026-09-25 16:53:40 [PcorgSync] INFO     Curseur DateWrite : 2026-09-25 14:50:33.570000
2026-09-25 16:53:40 [PcorgSync] INFO     Config pcorg : aucune nouvelle valeur
2026-09-25 16:53:40 [PcorgSync] INFO     Total en base : 29669 docs (29669 attribués, 2714 avec GPS)
2026-09-25 16:53:40 [PcorgSync] INFO   ============================================================
2026-09-25 16:53:40 [PcorgSync] INFO Sync terminee avec succes
2026-09-25 16:58:14 [PcorgSync] INFO Lancement sync incremental
2026-09-25 16:58:15 [PcorgSync] INFO   ============================================================
2026-09-25 16:58:15 [PcorgSync] INFO   
2026-09-25 16:58:15 [PcorgSync] INFO   Dernier sync : 2026-09-25 14:50:33.570000
2026-09-25 16:58:15 [PcorgSync] INFO   Connexion SQL Server...
2026-09-25 16:58:15 [PcorgSync] INFO     Driver ODBC : ODBC Driver 18 for SQL Server
2026-09-25 16:58:15 [PcorgSync] INFO     Port résolu via SQL Browser : 65422
2026-09-25 16:58:15 [PcorgSync] INFO     Connecté à 10.34.0.4,65422
2026-09-25 16:58:15 [PcorgSync] INFO   Récupération par lots de 1000...
2026-09-25 16:58:15 [PcorgSync] INFO   
2026-09-25 16:58:15 [PcorgSync] INFO   Aucun nouveau message. Rien à synchroniser.
2026-09-25 16:58:15 [PcorgSync] INFO Sync terminee avec succes
2026-09-25 17:03:24 [PcorgSync] INFO Lancement sync incremental
2026-09-25 17:03:25 [PcorgSync] INFO   ============================================================
2026-09-25 17:03:25 [PcorgSync] INFO   
2026-09-25 17:03:25 [PcorgSync] INFO   Dernier sync : 2026-09-25 14:50:33.570000
2026-09-25 17:03:25 [PcorgSync] INFO   Connexion SQL Server...
2026-09-25 17:03:25 [PcorgSync] INFO     Driver ODBC : ODBC Driver 18 for SQL Server
2026-09-25 17:03:25 [PcorgSync] INFO     Port résolu via SQL Browser : 65422
2026-09-25 17:03:25 [PcorgSync] INFO     Connecté à 10.34.0.4,65422
2026-09-25 17:03:25 [PcorgSync] INFO   Récupération par lots de 1000...
2026-09-25 17:03:25 [PcorgSync] INFO   
2026-09-25 17:03:25 [PcorgSync] INFO   Aucun nouveau message. Rien à synchroniser.
2026-09-25 17:03:25 [PcorgSync] INFO Sync terminee avec succes
2026-09-25 17:08:44 [PcorgSync] INFO Lancement sync incremental
2026-09-25 17:08:46 [PcorgSync] INFO     Messages SQL récupérés : 2
2026-09-25 17:08:46 [PcorgSync] INFO     Documents upsertés : 2
2026-09-25 17:08:46 [PcorgSync] INFO     Répartition par événement :
2026-09-25 17:08:46 [PcorgSync] INFO       24H CAMIONS 2026: 2
2026-09-25 17:08:46 [PcorgSync] INFO     Répartition par catégorie :
2026-09-25 17:08:46 [PcorgSync] INFO       PCO.Information: 2
2026-09-25 17:08:46 [PcorgSync] INFO     Curseur DateWrite : 2026-09-25 15:06:53.127000
2026-09-25 17:08:46 [PcorgSync] INFO     Config pcorg : aucune nouvelle valeur
2026-09-25 17:08:46 [PcorgSync] INFO     Total en base : 29669 docs (29669 attribués, 2714 avec GPS)
2026-09-25 17:08:46 [PcorgSync] INFO   ============================================================
2026-09-25 17:08:46 [PcorgSync] INFO Sync terminee avec succes
2026-09-25 17:13:39 [PcorgSync] INFO Lancement sync incremental
2026-09-25 17:13:40 [PcorgSync] INFO   ============================================================
2026-09-25 17:13:40 [PcorgSync] INFO   
2026-09-25 17:13:40 [PcorgSync] INFO   Dernier sync : 2026-09-25 15:06:53.127000
2026-09-25 17:13:40 [PcorgSync] INFO   Connexion SQL Server...
2026-09-25 17:13:40 [PcorgSync] INFO     Driver ODBC : ODBC Driver 18 for SQL Server
2026-09-25 17:13:40 [PcorgSync] INFO     Port résolu via SQL Browser : 65422
2026-09-25 17:13:40 [PcorgSync] INFO     Connecté à 10.34.0.4,65422
2026-09-25 17:13:40 [PcorgSync] INFO   Récupération par lots de 1000...
2026-09-25 17:13:40 [PcorgSync] INFO   
2026-09-25 17:13:40 [PcorgSync] INFO   Aucun nouveau message. Rien à synchroniser.
2026-09-25 17:13:40 [PcorgSync] INFO Sync terminee avec succes
2026-09-25 17:18:14 [PcorgSync] INFO Lancement sync incremental
2026-09-25 17:18:15 [PcorgSync] INFO     Messages SQL récupérés : 2
2026-09-25 17:18:15 [PcorgSync] INFO     Documents upsertés : 2
2026-09-25 17:18:15 [PcorgSync] INFO     Répartition par événement :
2026-09-25 17:18:15 [PcorgSync] INFO       24H CAMIONS 2026: 2
2026-09-25 17:18:15 [PcorgSync] INFO     Répartition par catégorie :
2026-09-25 17:18:15 [PcorgSync] INFO       PCO.Technique: 2
2026-09-25 17:18:15 [PcorgSync] INFO     Curseur DateWrite : 2026-09-25 15:16:21.547000
2026-09-25 17:18:15 [PcorgSync] INFO     Config pcorg : aucune nouvelle valeur
2026-09-25 17:18:15 [PcorgSync] INFO     Total en base : 29670 docs (29670 attribués, 2715 avec GPS)
2026-09-25 17:18:15 [PcorgSync] INFO   ============================================================
2026-09-25 17:18:15 [PcorgSync] INFO Sync terminee avec succes
2026-09-25 17:23:14 [PcorgSync] INFO Lancement sync incremental
2026-09-25 17:23:15 [PcorgSync] INFO   ============================================================
2026-09-25 17:23:15 [PcorgSync] INFO   
2026-09-25 17:23:15 [PcorgSync] INFO   Dernier sync : 2026-09-25 15:16:21.547000
2026-09-25 17:23:15 [PcorgSync] INFO   Connexion SQL Server...
2026-09-25 17:23:15 [PcorgSync] INFO     Driver ODBC : ODBC Driver 18 for SQL Server
2026-09-25 17:23:15 [PcorgSync] INFO     Port résolu via SQL Browser : 65422
2026-09-25 17:23:15 [PcorgSync] INFO     Connecté à 10.34.0.4,65422
2026-09-25 17:23:15 [PcorgSync] INFO   Récupération par lots de 1000...
2026-09-25 17:23:15 [PcorgSync] INFO   
2026-09-25 17:23:15 [PcorgSync] INFO   Aucun nouveau message. Rien à synchroniser.
2026-09-25 17:23:15 [PcorgSync] INFO Sync terminee avec succes
2026-09-25 17:28:14 [PcorgSync] INFO Lancement sync incremental
2026-09-25 17:28:15 [PcorgSync] INFO     Messages SQL récupérés : 1
2026-09-25 17:28:15 [PcorgSync] INFO     Documents upsertés : 1
2026-09-25 17:28:15 [PcorgSync] INFO     Répartition par événement :
2026-09-25 17:28:15 [PcorgSync] INFO       24H CAMIONS 2026: 1
2026-09-25 17:28:15 [PcorgSync] INFO     Répartition par catégorie :
2026-09-25 17:28:15 [PcorgSync] INFO       PCO.Technique: 1
2026-09-25 17:28:15 [PcorgSync] INFO     Curseur DateWrite : 2026-09-25 15:25:25.710000
2026-09-25 17:28:15 [PcorgSync] INFO     Config pcorg : aucune nouvelle valeur
2026-09-25 17:28:15 [PcorgSync] INFO     Total en base : 29671 docs (29671 attribués, 2716 avec GPS)
2026-09-25 17:28:15 [PcorgSync] INFO   ============================================================
2026-09-25 17:28:15 [PcorgSync] INFO Sync terminee avec succes
2026-09-25 17:33:14 [PcorgSync] INFO Lancement sync incremental
2026-09-25 17:33:15 [PcorgSync] INFO     Documents upsertés : 2
2026-09-25 17:33:15 [PcorgSync] INFO     Répartition par événement :
2026-09-25 17:33:15 [PcorgSync] INFO       24H CAMIONS 2026: 2
2026-09-25 17:33:15 [PcorgSync] INFO     Répartition par catégorie :
2026-09-25 17:33:15 [PcorgSync] INFO       PCO.Technique: 1
2026-09-25 17:33:15 [PcorgSync] INFO       PCO.MainCourante: 1
2026-09-25 17:33:15 [PcorgSync] INFO     Curseur DateWrite : 2026-09-25 15:32:02.903000
2026-09-25 17:33:15 [PcorgSync] INFO     Config pcorg : aucune nouvelle valeur
2026-09-25 17:33:15 [PcorgSync] INFO     Total en base : 29672 docs (29672 attribués, 2716 avec GPS)
2026-09-25 17:33:15 [PcorgSync] INFO   ============================================================
2026-09-25 17:33:15 [PcorgSync] INFO Sync terminee avec succes
2026-09-25 17:38:44 [PcorgSync] INFO Lancement sync incremental
2026-09-25 17:38:45 [PcorgSync] INFO     Messages SQL récupérés : 1
2026-09-25 17:38:45 [PcorgSync] INFO     Documents upsertés : 1
2026-09-25 17:38:45 [PcorgSync] INFO     Répartition par événement :
2026-09-25 17:38:45 [PcorgSync] INFO       24H CAMIONS 2026: 1
2026-09-25 17:38:45 [PcorgSync] INFO     Répartition par catégorie :
2026-09-25 17:38:45 [PcorgSync] INFO       PCO.MainCourante: 1
2026-09-25 17:38:45 [PcorgSync] INFO     Curseur DateWrite : 2026-09-25 15:32:02.903000
2026-09-25 17:38:45 [PcorgSync] INFO     Config pcorg : aucune nouvelle valeur
2026-09-25 17:38:45 [PcorgSync] INFO     Total en base : 29672 docs (29672 attribués, 2716 avec GPS)
2026-09-25 17:38:45 [PcorgSync] INFO   ============================================================
2026-09-25 17:38:45 [PcorgSync] INFO Sync terminee avec succes
2026-09-25 17:43:44 [PcorgSync] INFO Lancement sync incremental
2026-09-25 17:43:45 [PcorgSync] INFO     Messages SQL récupérés : 1
2026-09-25 17:43:45 [PcorgSync] INFO     Documents upsertés : 1
2026-09-25 17:43:45 [PcorgSync] INFO     Répartition par événement :
2026-09-25 17:43:45 [PcorgSync] INFO       24H CAMIONS 2026: 1
2026-09-25 17:43:45 [PcorgSync] INFO     Répartition par catégorie :
2026-09-25 17:43:45 [PcorgSync] INFO       PCO.MainCourante: 1
2026-09-25 17:43:45 [PcorgSync] INFO     Curseur DateWrite : 2026-09-25 15:32:02.903000
2026-09-25 17:43:45 [PcorgSync] INFO     Config pcorg : aucune nouvelle valeur
2026-09-25 17:43:45 [PcorgSync] INFO     Total en base : 29672 docs (29672 attribués, 2716 avec GPS)
2026-09-25 17:43:45 [PcorgSync] INFO   ============================================================
2026-09-25 17:43:45 [PcorgSync] INFO Sync terminee avec succes
2026-09-25 17:48:39 [PcorgSync] INFO Lancement sync incremental
2026-09-25 17:48:40 [PcorgSync] INFO     Messages SQL récupérés : 1
2026-09-25 17:48:40 [PcorgSync] INFO     Documents upsertés : 1
2026-09-25 17:48:40 [PcorgSync] INFO     Répartition par événement :
2026-09-25 17:48:40 [PcorgSync] INFO       24H CAMIONS 2026: 1
2026-09-25 17:48:40 [PcorgSync] INFO     Répartition par catégorie :
2026-09-25 17:48:40 [PcorgSync] INFO       PCO.MainCourante: 1
2026-09-25 17:48:40 [PcorgSync] INFO     Curseur DateWrite : 2026-09-25 15:32:02.903000
2026-09-25 17:48:40 [PcorgSync] INFO     Config pcorg : aucune nouvelle valeur
2026-09-25 17:48:40 [PcorgSync] INFO     Total en base : 29672 docs (29672 attribués, 2716 avec GPS)
2026-09-25 17:48:40 [PcorgSync] INFO   ============================================================
2026-09-25 17:48:40 [PcorgSync] INFO Sync terminee avec succes
2026-09-25 17:53:39 [PcorgSync] INFO Lancement sync incremental
2026-09-25 17:53:40 [PcorgSync] INFO     Documents upsertés : 2
2026-09-25 17:53:40 [PcorgSync] INFO     Répartition par événement :
2026-09-25 17:53:40 [PcorgSync] INFO       24H CAMIONS 2026: 2
2026-09-25 17:53:40 [PcorgSync] INFO     Répartition par catégorie :
2026-09-25 17:53:40 [PcorgSync] INFO       PCO.MainCourante: 1
2026-09-25 17:53:40 [PcorgSync] INFO       PCO.Technique: 1
2026-09-25 17:53:40 [PcorgSync] INFO     Curseur DateWrite : 2026-09-25 15:50:25.640000
2026-09-25 17:53:40 [PcorgSync] INFO     Config pcorg : aucune nouvelle valeur
2026-09-25 17:53:40 [PcorgSync] INFO     Total en base : 29673 docs (29673 attribués, 2717 avec GPS)
2026-09-25 17:53:40 [PcorgSync] INFO   ============================================================
2026-09-25 17:53:40 [PcorgSync] INFO Sync terminee avec succes
2026-09-25 17:58:14 [PcorgSync] INFO Lancement sync incremental
2026-09-25 17:58:15 [PcorgSync] INFO   ============================================================
2026-09-25 17:58:15 [PcorgSync] INFO   
2026-09-25 17:58:15 [PcorgSync] INFO   Dernier sync : 2026-09-25 15:50:25.640000
2026-09-25 17:58:15 [PcorgSync] INFO   Connexion SQL Server...
2026-09-25 17:58:15 [PcorgSync] INFO     Driver ODBC : ODBC Driver 18 for SQL Server
2026-09-25 17:58:15 [PcorgSync] INFO     Port résolu via SQL Browser : 65422
2026-09-25 17:58:15 [PcorgSync] INFO     Connecté à 10.34.0.4,65422
2026-09-25 17:58:15 [PcorgSync] INFO   Récupération par lots de 1000...
2026-09-25 17:58:15 [PcorgSync] INFO   
2026-09-25 17:58:15 [PcorgSync] INFO   Aucun nouveau message. Rien à synchroniser.
2026-09-25 17:58:15 [PcorgSync] INFO Sync terminee avec succes
2026-09-25 18:03:44 [PcorgSync] INFO Lancement sync incremental
2026-09-25 18:03:45 [PcorgSync] INFO     Documents upsertés : 2
2026-09-25 18:03:45 [PcorgSync] INFO     Répartition par événement :
2026-09-25 18:03:45 [PcorgSync] INFO       24H CAMIONS 2026: 2
2026-09-25 18:03:45 [PcorgSync] INFO     Répartition par catégorie :
2026-09-25 18:03:45 [PcorgSync] INFO       PCO.Fourriere: 1
2026-09-25 18:03:45 [PcorgSync] INFO       PCO.Securite: 1
2026-09-25 18:03:45 [PcorgSync] INFO     Curseur DateWrite : 2026-09-25 16:03:42.297000
2026-09-25 18:03:45 [PcorgSync] INFO     Config pcorg : aucune nouvelle valeur
2026-09-25 18:03:45 [PcorgSync] INFO     Total en base : 29675 docs (29675 attribués, 2719 avec GPS)
2026-09-25 18:03:45 [PcorgSync] INFO   ============================================================
2026-09-25 18:03:45 [PcorgSync] INFO Sync terminee avec succes
2026-09-25 18:08:24 [PcorgSync] INFO Lancement sync incremental
2026-09-25 18:08:25 [PcorgSync] INFO     Messages SQL récupérés : 1
2026-09-25 18:08:25 [PcorgSync] INFO     Documents upsertés : 1
2026-09-25 18:08:25 [PcorgSync] INFO     Répartition par événement :
2026-09-25 18:08:25 [PcorgSync] INFO       24H CAMIONS 2026: 1
2026-09-25 18:08:25 [PcorgSync] INFO     Répartition par catégorie :
2026-09-25 18:08:25 [PcorgSync] INFO       PCO.Fourriere: 1
2026-09-25 18:08:25 [PcorgSync] INFO     Curseur DateWrite : 2026-09-25 16:06:13.157000
2026-09-25 18:08:25 [PcorgSync] INFO     Config pcorg : aucune nouvelle valeur
2026-09-25 18:08:25 [PcorgSync] INFO     Total en base : 29676 docs (29676 attribués, 2720 avec GPS)
2026-09-25 18:08:25 [PcorgSync] INFO   ============================================================
2026-09-25 18:08:25 [PcorgSync] INFO Sync terminee avec succes
2026-09-25 18:13:39 [PcorgSync] INFO Lancement sync incremental
2026-09-25 18:13:40 [PcorgSync] INFO     Documents upsertés : 3
2026-09-25 18:13:40 [PcorgSync] INFO     Répartition par événement :
2026-09-25 18:13:40 [PcorgSync] INFO       24H CAMIONS 2026: 3
2026-09-25 18:13:40 [PcorgSync] INFO     Répartition par catégorie :
2026-09-25 18:13:40 [PcorgSync] INFO       PCO.Technique: 2
2026-09-25 18:13:40 [PcorgSync] INFO       PCO.Information: 1
2026-09-25 18:13:40 [PcorgSync] INFO     Curseur DateWrite : 2026-09-25 16:13:16.427000
2026-09-25 18:13:40 [PcorgSync] INFO     Config pcorg : aucune nouvelle valeur
2026-09-25 18:13:40 [PcorgSync] INFO     Total en base : 29677 docs (29677 attribués, 2720 avec GPS)
2026-09-25 18:13:40 [PcorgSync] INFO   ============================================================
2026-09-25 18:13:40 [PcorgSync] INFO Sync terminee avec succes
2026-09-25 18:18:14 [PcorgSync] INFO Lancement sync incremental
2026-09-25 18:18:15 [PcorgSync] INFO     Messages SQL récupérés : 1
2026-09-25 18:18:15 [PcorgSync] INFO     Documents upsertés : 1
2026-09-25 18:18:15 [PcorgSync] INFO     Répartition par événement :
2026-09-25 18:18:15 [PcorgSync] INFO       24H CAMIONS 2026: 1
2026-09-25 18:18:15 [PcorgSync] INFO     Répartition par catégorie :
2026-09-25 18:18:15 [PcorgSync] INFO       PCO.Securite: 1
2026-09-25 18:18:15 [PcorgSync] INFO     Curseur DateWrite : 2026-09-25 16:17:29.330000
2026-09-25 18:18:15 [PcorgSync] INFO     Config pcorg : aucune nouvelle valeur
2026-09-25 18:18:15 [PcorgSync] INFO     Total en base : 29678 docs (29678 attribués, 2721 avec GPS)
2026-09-25 18:18:15 [PcorgSync] INFO   ============================================================
2026-09-25 18:18:15 [PcorgSync] INFO Sync terminee avec succes
2026-09-25 18:23:44 [PcorgSync] INFO Lancement sync incremental
2026-09-25 18:23:45 [PcorgSync] INFO   ============================================================
2026-09-25 18:23:45 [PcorgSync] INFO   
2026-09-25 18:23:45 [PcorgSync] INFO   Dernier sync : 2026-09-25 16:17:29.330000
2026-09-25 18:23:45 [PcorgSync] INFO   Connexion SQL Server...
2026-09-25 18:23:45 [PcorgSync] INFO     Driver ODBC : ODBC Driver 18 for SQL Server
2026-09-25 18:23:45 [PcorgSync] INFO     Port résolu via SQL Browser : 65422
2026-09-25 18:23:45 [PcorgSync] INFO     Connecté à 10.34.0.4,65422
2026-09-25 18:23:45 [PcorgSync] INFO   Récupération par lots de 1000...
2026-09-25 18:23:45 [PcorgSync] INFO   
2026-09-25 18:23:45 [PcorgSync] INFO   Aucun nouveau message. Rien à synchroniser.
2026-09-25 18:23:45 [PcorgSync] INFO Sync terminee avec succes
2026-09-25 18:28:39 [PcorgSync] INFO Lancement sync incremental
2026-09-25 18:28:40 [PcorgSync] INFO   ============================================================
2026-09-25 18:28:40 [PcorgSync] INFO   
2026-09-25 18:28:40 [PcorgSync] INFO   Dernier sync : 2026-09-25 16:17:29.330000
2026-09-25 18:28:40 [PcorgSync] INFO   Connexion SQL Server...
2026-09-25 18:28:40 [PcorgSync] INFO     Driver ODBC : ODBC Driver 18 for SQL Server
2026-09-25 18:28:40 [PcorgSync] INFO     Port résolu via SQL Browser : 65422
2026-09-25 18:28:40 [PcorgSync] INFO     Connecté à 10.34.0.4,65422
2026-09-25 18:28:40 [PcorgSync] INFO   Récupération par lots de 1000...
2026-09-25 18:28:40 [PcorgSync] INFO   
2026-09-25 18:28:40 [PcorgSync] INFO   Aucun nouveau message. Rien à synchroniser.
2026-09-25 18:28:40 [PcorgSync] INFO Sync terminee avec succes
2026-09-25 18:33:14 [PcorgSync] INFO Lancement sync incremental
2026-09-25 18:33:15 [PcorgSync] INFO     Documents upsertés : 2
2026-09-25 18:33:15 [PcorgSync] INFO     Répartition par événement :
2026-09-25 18:33:15 [PcorgSync] INFO       24H CAMIONS 2026: 2
2026-09-25 18:33:15 [PcorgSync] INFO     Répartition par catégorie :
2026-09-25 18:33:15 [PcorgSync] INFO       PCO.Information: 1
2026-09-25 18:33:15 [PcorgSync] INFO       PCO.Technique: 1
2026-09-25 18:33:15 [PcorgSync] INFO     Curseur DateWrite : 2026-09-25 16:32:36.797000
2026-09-25 18:33:15 [PcorgSync] INFO     Config pcorg : aucune nouvelle valeur
2026-09-25 18:33:15 [PcorgSync] INFO     Total en base : 29678 docs (29678 attribués, 2721 avec GPS)
2026-09-25 18:33:15 [PcorgSync] INFO   ============================================================
2026-09-25 18:33:15 [PcorgSync] INFO Sync terminee avec succes
2026-09-25 18:38:44 [PcorgSync] INFO Lancement sync incremental
2026-09-25 18:38:45 [PcorgSync] INFO     Messages SQL récupérés : 1
2026-09-25 18:38:45 [PcorgSync] INFO     Documents upsertés : 1
2026-09-25 18:38:45 [PcorgSync] INFO     Répartition par événement :
2026-09-25 18:38:45 [PcorgSync] INFO       24H CAMIONS 2026: 1
2026-09-25 18:38:45 [PcorgSync] INFO     Répartition par catégorie :
2026-09-25 18:38:45 [PcorgSync] INFO       PCO.Information: 1
2026-09-25 18:38:45 [PcorgSync] INFO     Curseur DateWrite : 2026-09-25 16:36:53.097000
2026-09-25 18:38:45 [PcorgSync] INFO     Config pcorg : aucune nouvelle valeur
2026-09-25 18:38:45 [PcorgSync] INFO     Total en base : 29679 docs (29679 attribués, 2721 avec GPS)
2026-09-25 18:38:45 [PcorgSync] INFO   ============================================================
2026-09-25 18:38:45 [PcorgSync] INFO Sync terminee avec succes
2026-09-25 18:43:29 [PcorgSync] INFO Lancement sync incremental
2026-09-25 18:43:30 [PcorgSync] INFO     Documents upsertés : 3
2026-09-25 18:43:30 [PcorgSync] INFO     Répartition par événement :
2026-09-25 18:43:30 [PcorgSync] INFO       24H CAMIONS 2026: 3
2026-09-25 18:43:30 [PcorgSync] INFO     Répartition par catégorie :
2026-09-25 18:43:30 [PcorgSync] INFO       PCO.Information: 2
2026-09-25 18:43:30 [PcorgSync] INFO       PCO.Technique: 1
2026-09-25 18:43:30 [PcorgSync] INFO     Curseur DateWrite : 2026-09-25 16:43:09.307000
2026-09-25 18:43:30 [PcorgSync] INFO     Config pcorg : aucune nouvelle valeur
2026-09-25 18:43:30 [PcorgSync] INFO     Total en base : 29681 docs (29681 attribués, 2723 avec GPS)
2026-09-25 18:43:30 [PcorgSync] INFO   ============================================================
2026-09-25 18:43:30 [PcorgSync] INFO Sync terminee avec succes
2026-09-25 18:48:14 [PcorgSync] INFO Lancement sync incremental
2026-09-25 18:48:15 [PcorgSync] INFO     Messages SQL récupérés : 1
2026-09-25 18:48:15 [PcorgSync] INFO     Documents upsertés : 1
2026-09-25 18:48:15 [PcorgSync] INFO     Répartition par événement :
2026-09-25 18:48:15 [PcorgSync] INFO       24H CAMIONS 2026: 1
2026-09-25 18:48:15 [PcorgSync] INFO     Répartition par catégorie :
2026-09-25 18:48:15 [PcorgSync] INFO       PCO.Information: 1
2026-09-25 18:48:15 [PcorgSync] INFO     Curseur DateWrite : 2026-09-25 16:46:13.753000
2026-09-25 18:48:15 [PcorgSync] INFO     Config pcorg : aucune nouvelle valeur
2026-09-25 18:48:15 [PcorgSync] INFO     Total en base : 29681 docs (29681 attribués, 2723 avec GPS)
2026-09-25 18:48:15 [PcorgSync] INFO   ============================================================
2026-09-25 18:48:15 [PcorgSync] INFO Sync terminee avec succes
2026-09-25 18:53:29 [PcorgSync] INFO Lancement sync incremental
2026-09-25 18:53:30 [PcorgSync] INFO     Répartition par événement :
2026-09-25 18:53:30 [PcorgSync] INFO       24H CAMIONS 2026: 5
2026-09-25 18:53:30 [PcorgSync] INFO     Répartition par catégorie :
2026-09-25 18:53:30 [PcorgSync] INFO       PCO.Information: 2
2026-09-25 18:53:30 [PcorgSync] INFO       PCS.Information: 2
2026-09-25 18:53:30 [PcorgSync] INFO       PCO.Securite: 1
2026-09-25 18:53:30 [PcorgSync] INFO     Curseur DateWrite : 2026-09-25 16:52:57.107000
2026-09-25 18:53:30 [PcorgSync] INFO     Config pcorg : aucune nouvelle valeur
2026-09-25 18:53:30 [PcorgSync] INFO     Total en base : 29682 docs (29682 attribués, 2723 avec GPS)
2026-09-25 18:53:30 [PcorgSync] INFO   ============================================================
2026-09-25 18:53:30 [PcorgSync] INFO Sync terminee avec succes
2026-09-25 18:58:14 [PcorgSync] INFO Lancement sync incremental
2026-09-25 18:58:15 [PcorgSync] INFO     Répartition par événement :
2026-09-25 18:58:15 [PcorgSync] INFO       24H CAMIONS 2026: 3
2026-09-25 18:58:15 [PcorgSync] INFO     Répartition par catégorie :
2026-09-25 18:58:15 [PcorgSync] INFO       PCS.Information: 1
2026-09-25 18:58:15 [PcorgSync] INFO       PCO.Technique: 1
2026-09-25 18:58:15 [PcorgSync] INFO       PCO.Information: 1
2026-09-25 18:58:15 [PcorgSync] INFO     Curseur DateWrite : 2026-09-25 16:56:24.170000
2026-09-25 18:58:15 [PcorgSync] INFO     Config pcorg : aucune nouvelle valeur
2026-09-25 18:58:15 [PcorgSync] INFO     Total en base : 29683 docs (29683 attribués, 2723 avec GPS)
2026-09-25 18:58:15 [PcorgSync] INFO   ============================================================
2026-09-25 18:58:15 [PcorgSync] INFO Sync terminee avec succes
2026-09-25 19:03:29 [PcorgSync] INFO Lancement sync incremental
2026-09-25 19:03:30 [PcorgSync] INFO     Messages SQL récupérés : 2
2026-09-25 19:03:30 [PcorgSync] INFO     Documents upsertés : 2
2026-09-25 19:03:30 [PcorgSync] INFO     Répartition par événement :
2026-09-25 19:03:30 [PcorgSync] INFO       24H CAMIONS 2026: 2
2026-09-25 19:03:30 [PcorgSync] INFO     Répartition par catégorie :
2026-09-25 19:03:30 [PcorgSync] INFO       PCO.Technique: 2
2026-09-25 19:03:30 [PcorgSync] INFO     Curseur DateWrite : 2026-09-25 17:02:56.517000
2026-09-25 19:03:30 [PcorgSync] INFO     Config pcorg : aucune nouvelle valeur
2026-09-25 19:03:30 [PcorgSync] INFO     Total en base : 29684 docs (29684 attribués, 2724 avec GPS)
2026-09-25 19:03:30 [PcorgSync] INFO   ============================================================
2026-09-25 19:03:30 [PcorgSync] INFO Sync terminee avec succes
2026-09-25 19:08:29 [PcorgSync] INFO Lancement sync incremental
2026-09-25 19:08:30 [PcorgSync] INFO   ============================================================
2026-09-25 19:08:30 [PcorgSync] INFO   
2026-09-25 19:08:30 [PcorgSync] INFO   Dernier sync : 2026-09-25 17:02:56.517000
2026-09-25 19:08:30 [PcorgSync] INFO   Connexion SQL Server...
2026-09-25 19:08:30 [PcorgSync] INFO     Driver ODBC : ODBC Driver 18 for SQL Server
2026-09-25 19:08:30 [PcorgSync] INFO     Port résolu via SQL Browser : 65422
2026-09-25 19:08:30 [PcorgSync] INFO     Connecté à 10.34.0.4,65422
2026-09-25 19:08:30 [PcorgSync] INFO   Récupération par lots de 1000...
2026-09-25 19:08:30 [PcorgSync] INFO   
2026-09-25 19:08:30 [PcorgSync] INFO   Aucun nouveau message. Rien à synchroniser.
2026-09-25 19:08:30 [PcorgSync] INFO Sync terminee avec succes
2026-09-25 19:13:39 [PcorgSync] INFO Lancement sync incremental
2026-09-25 19:13:40 [PcorgSync] INFO     Messages SQL récupérés : 2
2026-09-25 19:13:40 [PcorgSync] INFO     Documents upsertés : 2
2026-09-25 19:13:40 [PcorgSync] INFO     Répartition par événement :
2026-09-25 19:13:40 [PcorgSync] INFO       24H CAMIONS 2026: 2
2026-09-25 19:13:40 [PcorgSync] INFO     Répartition par catégorie :
2026-09-25 19:13:40 [PcorgSync] INFO       PCO.Technique: 2
2026-09-25 19:13:40 [PcorgSync] INFO     Curseur DateWrite : 2026-09-25 17:10:00.513000
2026-09-25 19:13:40 [PcorgSync] INFO     Config pcorg : aucune nouvelle valeur
2026-09-25 19:13:40 [PcorgSync] INFO     Total en base : 29684 docs (29684 attribués, 2724 avec GPS)
2026-09-25 19:13:40 [PcorgSync] INFO   ============================================================
2026-09-25 19:13:40 [PcorgSync] INFO Sync terminee avec succes
2026-09-25 19:18:14 [PcorgSync] INFO Lancement sync incremental
2026-09-25 19:18:15 [PcorgSync] INFO     Documents upsertés : 2
2026-09-25 19:18:15 [PcorgSync] INFO     Répartition par événement :
2026-09-25 19:18:15 [PcorgSync] INFO       24H CAMIONS 2026: 2
2026-09-25 19:18:15 [PcorgSync] INFO     Répartition par catégorie :
2026-09-25 19:18:15 [PcorgSync] INFO       PCO.Technique: 1
2026-09-25 19:18:15 [PcorgSync] INFO       PCO.Information: 1
2026-09-25 19:18:15 [PcorgSync] INFO     Curseur DateWrite : 2026-09-25 17:15:57.010000
2026-09-25 19:18:15 [PcorgSync] INFO     Config pcorg : aucune nouvelle valeur
2026-09-25 19:18:15 [PcorgSync] INFO     Total en base : 29685 docs (29685 attribués, 2724 avec GPS)
2026-09-25 19:18:15 [PcorgSync] INFO   ============================================================
2026-09-25 19:18:15 [PcorgSync] INFO Sync terminee avec succes
2026-09-25 19:23:29 [PcorgSync] INFO Lancement sync incremental
2026-09-25 19:23:30 [PcorgSync] INFO     Répartition par événement :
2026-09-25 19:23:30 [PcorgSync] INFO       24H CAMIONS 2026: 3
2026-09-25 19:23:30 [PcorgSync] INFO     Répartition par catégorie :
2026-09-25 19:23:30 [PcorgSync] INFO       PCO.Information: 1
2026-09-25 19:23:30 [PcorgSync] INFO       PCO.Securite: 1
2026-09-25 19:23:30 [PcorgSync] INFO       PCO.Fourriere: 1
2026-09-25 19:23:30 [PcorgSync] INFO     Curseur DateWrite : 2026-09-25 17:22:14.403000
2026-09-25 19:23:30 [PcorgSync] INFO     Config pcorg : aucune nouvelle valeur
2026-09-25 19:23:30 [PcorgSync] INFO     Total en base : 29687 docs (29687 attribués, 2726 avec GPS)
2026-09-25 19:23:30 [PcorgSync] INFO   ============================================================
2026-09-25 19:23:30 [PcorgSync] INFO Sync terminee avec succes
2026-09-25 19:28:14 [PcorgSync] INFO Lancement sync incremental
2026-09-25 19:28:15 [PcorgSync] INFO     Répartition par événement :
2026-09-25 19:28:15 [PcorgSync] INFO       24H CAMIONS 2026: 3
2026-09-25 19:28:15 [PcorgSync] INFO     Répartition par catégorie :
2026-09-25 19:28:15 [PcorgSync] INFO       PCO.Fourriere: 1
2026-09-25 19:28:15 [PcorgSync] INFO       PCO.Technique: 1
2026-09-25 19:28:15 [PcorgSync] INFO       PCS.Surete: 1
2026-09-25 19:28:15 [PcorgSync] INFO     Curseur DateWrite : 2026-09-25 17:27:25.127000
2026-09-25 19:28:15 [PcorgSync] INFO     Config pcorg : aucune nouvelle valeur
2026-09-25 19:28:15 [PcorgSync] INFO     Total en base : 29688 docs (29688 attribués, 2726 avec GPS)
2026-09-25 19:28:15 [PcorgSync] INFO   ============================================================
2026-09-25 19:28:15 [PcorgSync] INFO Sync terminee avec succes
2026-09-25 19:33:14 [PcorgSync] INFO Lancement sync incremental
2026-09-25 19:33:15 [PcorgSync] INFO   ============================================================
2026-09-25 19:33:15 [PcorgSync] INFO   
2026-09-25 19:33:15 [PcorgSync] INFO   Dernier sync : 2026-09-25 17:27:25.127000
2026-09-25 19:33:15 [PcorgSync] INFO   Connexion SQL Server...
2026-09-25 19:33:15 [PcorgSync] INFO     Driver ODBC : ODBC Driver 18 for SQL Server
2026-09-25 19:33:15 [PcorgSync] INFO     Port résolu via SQL Browser : 65422
2026-09-25 19:33:15 [PcorgSync] INFO     Connecté à 10.34.0.4,65422
2026-09-25 19:33:15 [PcorgSync] INFO   Récupération par lots de 1000...
2026-09-25 19:33:15 [PcorgSync] INFO   
2026-09-25 19:33:15 [PcorgSync] INFO   Aucun nouveau message. Rien à synchroniser.
2026-09-25 19:33:15 [PcorgSync] INFO Sync terminee avec succes
2026-09-25 19:38:44 [PcorgSync] INFO Lancement sync incremental
2026-09-25 19:38:45 [PcorgSync] INFO     Documents upsertés : 2
2026-09-25 19:38:45 [PcorgSync] INFO     Répartition par événement :
2026-09-25 19:38:45 [PcorgSync] INFO       24H CAMIONS 2026: 2
2026-09-25 19:38:45 [PcorgSync] INFO     Répartition par catégorie :
2026-09-25 19:38:45 [PcorgSync] INFO       PCO.Information: 1
2026-09-25 19:38:45 [PcorgSync] INFO       PCO.Technique: 1
2026-09-25 19:38:45 [PcorgSync] INFO     Curseur DateWrite : 2026-09-25 17:35:26.290000
2026-09-25 19:38:45 [PcorgSync] INFO     Config pcorg : aucune nouvelle valeur
2026-09-25 19:38:45 [PcorgSync] INFO     Total en base : 29688 docs (29688 attribués, 2726 avec GPS)
2026-09-25 19:38:45 [PcorgSync] INFO   ============================================================
2026-09-25 19:38:45 [PcorgSync] INFO Sync terminee avec succes
2026-09-25 19:43:40 [PcorgSync] INFO Lancement sync incremental
2026-09-25 19:43:41 [PcorgSync] INFO   ============================================================
2026-09-25 19:43:41 [PcorgSync] INFO   
2026-09-25 19:43:41 [PcorgSync] INFO   Dernier sync : 2026-09-25 17:35:26.290000
2026-09-25 19:43:41 [PcorgSync] INFO   Connexion SQL Server...
2026-09-25 19:43:41 [PcorgSync] INFO     Driver ODBC : ODBC Driver 18 for SQL Server
2026-09-25 19:43:41 [PcorgSync] INFO     Port résolu via SQL Browser : 65422
2026-09-25 19:43:41 [PcorgSync] INFO     Connecté à 10.34.0.4,65422
2026-09-25 19:43:41 [PcorgSync] INFO   Récupération par lots de 1000...
2026-09-25 19:43:41 [PcorgSync] INFO   
2026-09-25 19:43:41 [PcorgSync] INFO   Aucun nouveau message. Rien à synchroniser.
2026-09-25 19:43:41 [PcorgSync] INFO Sync terminee avec succes
2026-09-25 19:48:14 [PcorgSync] INFO Lancement sync incremental
2026-09-25 19:48:15 [PcorgSync] INFO     Messages SQL récupérés : 1
2026-09-25 19:48:15 [PcorgSync] INFO     Documents upsertés : 1
2026-09-25 19:48:15 [PcorgSync] INFO     Répartition par événement :
2026-09-25 19:48:15 [PcorgSync] INFO       24H CAMIONS 2026: 1
2026-09-25 19:48:15 [PcorgSync] INFO     Répartition par catégorie :
2026-09-25 19:48:15 [PcorgSync] INFO       PCO.Technique: 1
2026-09-25 19:48:15 [PcorgSync] INFO     Curseur DateWrite : 2026-09-25 17:47:42.577000
2026-09-25 19:48:15 [PcorgSync] INFO     Config pcorg : aucune nouvelle valeur
2026-09-25 19:48:15 [PcorgSync] INFO     Total en base : 29688 docs (29688 attribués, 2726 avec GPS)
2026-09-25 19:48:15 [PcorgSync] INFO   ============================================================
2026-09-25 19:48:15 [PcorgSync] INFO Sync terminee avec succes
2026-09-25 19:53:14 [PcorgSync] INFO Lancement sync incremental
2026-09-25 19:53:15 [PcorgSync] INFO   ============================================================
2026-09-25 19:53:15 [PcorgSync] INFO   
2026-09-25 19:53:15 [PcorgSync] INFO   Dernier sync : 2026-09-25 17:47:42.577000
2026-09-25 19:53:15 [PcorgSync] INFO   Connexion SQL Server...
2026-09-25 19:53:15 [PcorgSync] INFO     Driver ODBC : ODBC Driver 18 for SQL Server
2026-09-25 19:53:15 [PcorgSync] INFO     Port résolu via SQL Browser : 65422
2026-09-25 19:53:15 [PcorgSync] INFO     Connecté à 10.34.0.4,65422
2026-09-25 19:53:15 [PcorgSync] INFO   Récupération par lots de 1000...
2026-09-25 19:53:15 [PcorgSync] INFO   
2026-09-25 19:53:15 [PcorgSync] INFO   Aucun nouveau message. Rien à synchroniser.
2026-09-25 19:53:15 [PcorgSync] INFO Sync terminee avec succes
2026-09-25 19:58:14 [PcorgSync] INFO Lancement sync incremental
2026-09-25 19:58:15 [PcorgSync] INFO     Documents upsertés : 3
2026-09-25 19:58:15 [PcorgSync] INFO     Répartition par événement :
2026-09-25 19:58:15 [PcorgSync] INFO       24H CAMIONS 2026: 3
2026-09-25 19:58:15 [PcorgSync] INFO     Répartition par catégorie :
2026-09-25 19:58:15 [PcorgSync] INFO       PCO.Technique: 2
2026-09-25 19:58:15 [PcorgSync] INFO       PCO.Fourriere: 1
2026-09-25 19:58:15 [PcorgSync] INFO     Curseur DateWrite : 2026-09-25 17:57:33.920000
2026-09-25 19:58:15 [PcorgSync] INFO     Config pcorg : aucune nouvelle valeur
2026-09-25 19:58:15 [PcorgSync] INFO     Total en base : 29688 docs (29688 attribués, 2726 avec GPS)
2026-09-25 19:58:15 [PcorgSync] INFO   ============================================================
2026-09-25 19:58:15 [PcorgSync] INFO Sync terminee avec succes
2026-09-25 20:03:39 [PcorgSync] INFO Lancement sync incremental
2026-09-25 20:03:40 [PcorgSync] INFO     Documents upsertés : 2
2026-09-25 20:03:40 [PcorgSync] INFO     Répartition par événement :
2026-09-25 20:03:40 [PcorgSync] INFO       24H CAMIONS 2026: 2
2026-09-25 20:03:40 [PcorgSync] INFO     Répartition par catégorie :
2026-09-25 20:03:40 [PcorgSync] INFO       PCO.Securite: 1
2026-09-25 20:03:40 [PcorgSync] INFO       PCO.Technique: 1
2026-09-25 20:03:40 [PcorgSync] INFO     Curseur DateWrite : 2026-09-25 17:59:36.100000
2026-09-25 20:03:40 [PcorgSync] INFO     Config pcorg : aucune nouvelle valeur
2026-09-25 20:03:40 [PcorgSync] INFO     Total en base : 29688 docs (29688 attribués, 2726 avec GPS)
2026-09-25 20:03:40 [PcorgSync] INFO   ============================================================
2026-09-25 20:03:40 [PcorgSync] INFO Sync terminee avec succes
2026-09-25 20:08:39 [PcorgSync] INFO Lancement sync incremental
2026-09-25 20:08:40 [PcorgSync] INFO     Messages SQL récupérés : 1
2026-09-25 20:08:40 [PcorgSync] INFO     Documents upsertés : 1
2026-09-25 20:08:40 [PcorgSync] INFO     Répartition par événement :
2026-09-25 20:08:40 [PcorgSync] INFO       24H CAMIONS 2026: 1
2026-09-25 20:08:40 [PcorgSync] INFO     Répartition par catégorie :
2026-09-25 20:08:40 [PcorgSync] INFO       PCO.MainCourante: 1
2026-09-25 20:08:40 [PcorgSync] INFO     Curseur DateWrite : 2026-09-25 18:04:41.003000
2026-09-25 20:08:40 [PcorgSync] INFO     Config pcorg : aucune nouvelle valeur
2026-09-25 20:08:40 [PcorgSync] INFO     Total en base : 29688 docs (29688 attribués, 2726 avec GPS)
2026-09-25 20:08:40 [PcorgSync] INFO   ============================================================
2026-09-25 20:08:40 [PcorgSync] INFO Sync terminee avec succes
2026-09-25 20:13:40 [PcorgSync] INFO Lancement sync incremental
2026-09-25 20:13:42 [PcorgSync] INFO     Messages SQL récupérés : 1
2026-09-25 20:13:42 [PcorgSync] INFO     Documents upsertés : 1
2026-09-25 20:13:42 [PcorgSync] INFO     Répartition par événement :
2026-09-25 20:13:42 [PcorgSync] INFO       24H CAMIONS 2026: 1
2026-09-25 20:13:42 [PcorgSync] INFO     Répartition par catégorie :
2026-09-25 20:13:42 [PcorgSync] INFO       PCO.MainCourante: 1
2026-09-25 20:13:42 [PcorgSync] INFO     Curseur DateWrite : 2026-09-25 18:04:41.003000
2026-09-25 20:13:42 [PcorgSync] INFO     Config pcorg : aucune nouvelle valeur
2026-09-25 20:13:42 [PcorgSync] INFO     Total en base : 29688 docs (29688 attribués, 2726 avec GPS)
2026-09-25 20:13:42 [PcorgSync] INFO   ============================================================
2026-09-25 20:13:42 [PcorgSync] INFO Sync terminee avec succes
2026-09-25 20:18:14 [PcorgSync] INFO Lancement sync incremental
2026-09-25 20:18:15 [PcorgSync] INFO     Messages SQL récupérés : 1
2026-09-25 20:18:15 [PcorgSync] INFO     Documents upsertés : 1
2026-09-25 20:18:15 [PcorgSync] INFO     Répartition par événement :
2026-09-25 20:18:15 [PcorgSync] INFO       24H CAMIONS 2026: 1
2026-09-25 20:18:15 [PcorgSync] INFO     Répartition par catégorie :
2026-09-25 20:18:15 [PcorgSync] INFO       PCO.MainCourante: 1
2026-09-25 20:18:15 [PcorgSync] INFO     Curseur DateWrite : 2026-09-25 18:04:41.003000
2026-09-25 20:18:15 [PcorgSync] INFO     Config pcorg : aucune nouvelle valeur
2026-09-25 20:18:15 [PcorgSync] INFO     Total en base : 29688 docs (29688 attribués, 2726 avec GPS)
2026-09-25 20:18:15 [PcorgSync] INFO   ============================================================
2026-09-25 20:18:15 [PcorgSync] INFO Sync terminee avec succes
2026-09-25 20:23:14 [PcorgSync] INFO Lancement sync incremental
2026-09-25 20:23:15 [PcorgSync] INFO     Messages SQL récupérés : 1
2026-09-25 20:23:15 [PcorgSync] INFO     Documents upsertés : 1
2026-09-25 20:23:15 [PcorgSync] INFO     Répartition par événement :
2026-09-25 20:23:15 [PcorgSync] INFO       24H CAMIONS 2026: 1
2026-09-25 20:23:15 [PcorgSync] INFO     Répartition par catégorie :
2026-09-25 20:23:15 [PcorgSync] INFO       PCO.MainCourante: 1
2026-09-25 20:23:15 [PcorgSync] INFO     Curseur DateWrite : 2026-09-25 18:04:41.003000
2026-09-25 20:23:15 [PcorgSync] INFO     Config pcorg : aucune nouvelle valeur
2026-09-25 20:23:15 [PcorgSync] INFO     Total en base : 29688 docs (29688 attribués, 2726 avec GPS)
2026-09-25 20:23:15 [PcorgSync] INFO   ============================================================
2026-09-25 20:23:15 [PcorgSync] INFO Sync terminee avec succes
2026-09-25 20:28:14 [PcorgSync] INFO Lancement sync incremental
2026-09-25 20:28:15 [PcorgSync] INFO     Messages SQL récupérés : 1
2026-09-25 20:28:15 [PcorgSync] INFO     Documents upsertés : 1
2026-09-25 20:28:15 [PcorgSync] INFO     Répartition par événement :
2026-09-25 20:28:15 [PcorgSync] INFO       24H CAMIONS 2026: 1
2026-09-25 20:28:15 [PcorgSync] INFO     Répartition par catégorie :
2026-09-25 20:28:15 [PcorgSync] INFO       PCO.MainCourante: 1
2026-09-25 20:28:15 [PcorgSync] INFO     Curseur DateWrite : 2026-09-25 18:04:41.003000
2026-09-25 20:28:15 [PcorgSync] INFO     Config pcorg : aucune nouvelle valeur
2026-09-25 20:28:15 [PcorgSync] INFO     Total en base : 29688 docs (29688 attribués, 2726 avec GPS)
2026-09-25 20:28:15 [PcorgSync] INFO   ============================================================
2026-09-25 20:28:15 [PcorgSync] INFO Sync terminee avec succes
2026-09-25 20:33:14 [PcorgSync] INFO Lancement sync incremental
2026-09-25 20:33:15 [PcorgSync] INFO     Messages SQL récupérés : 1
2026-09-25 20:33:15 [PcorgSync] INFO     Documents upsertés : 1
2026-09-25 20:33:15 [PcorgSync] INFO     Répartition par événement :
2026-09-25 20:33:15 [PcorgSync] INFO       24H CAMIONS 2026: 1
2026-09-25 20:33:15 [PcorgSync] INFO     Répartition par catégorie :
2026-09-25 20:33:15 [PcorgSync] INFO       PCO.MainCourante: 1
2026-09-25 20:33:15 [PcorgSync] INFO     Curseur DateWrite : 2026-09-25 18:04:41.003000
2026-09-25 20:33:15 [PcorgSync] INFO     Config pcorg : aucune nouvelle valeur
2026-09-25 20:33:15 [PcorgSync] INFO     Total en base : 29688 docs (29688 attribués, 2726 avec GPS)
2026-09-25 20:33:15 [PcorgSync] INFO   ============================================================
2026-09-25 20:33:15 [PcorgSync] INFO Sync terminee avec succes
2026-09-25 20:38:44 [PcorgSync] INFO Lancement sync incremental
2026-09-25 20:38:45 [PcorgSync] INFO     Messages SQL récupérés : 1
2026-09-25 20:38:45 [PcorgSync] INFO     Documents upsertés : 1
2026-09-25 20:38:45 [PcorgSync] INFO     Répartition par événement :
2026-09-25 20:38:45 [PcorgSync] INFO       24H CAMIONS 2026: 1
2026-09-25 20:38:45 [PcorgSync] INFO     Répartition par catégorie :
2026-09-25 20:38:45 [PcorgSync] INFO       PCO.MainCourante: 1
2026-09-25 20:38:45 [PcorgSync] INFO     Curseur DateWrite : 2026-09-25 18:04:41.003000
2026-09-25 20:38:45 [PcorgSync] INFO     Config pcorg : aucune nouvelle valeur
2026-09-25 20:38:45 [PcorgSync] INFO     Total en base : 29688 docs (29688 attribués, 2726 avec GPS)
2026-09-25 20:38:45 [PcorgSync] INFO   ============================================================
2026-09-25 20:38:45 [PcorgSync] INFO Sync terminee avec succes
2026-09-25 20:43:24 [PcorgSync] INFO Lancement sync incremental
2026-09-25 20:43:25 [PcorgSync] INFO     Documents upsertés : 2
2026-09-25 20:43:25 [PcorgSync] INFO     Répartition par événement :
2026-09-25 20:43:25 [PcorgSync] INFO       24H CAMIONS 2026: 2
2026-09-25 20:43:25 [PcorgSync] INFO     Répartition par catégorie :
2026-09-25 20:43:25 [PcorgSync] INFO       PCO.MainCourante: 1
2026-09-25 20:43:25 [PcorgSync] INFO       PCO.Information: 1
2026-09-25 20:43:25 [PcorgSync] INFO     Curseur DateWrite : 2026-09-25 18:42:42.873000
2026-09-25 20:43:25 [PcorgSync] INFO     Config pcorg : aucune nouvelle valeur
2026-09-25 20:43:25 [PcorgSync] INFO     Total en base : 29688 docs (29688 attribués, 2726 avec GPS)
2026-09-25 20:43:25 [PcorgSync] INFO   ============================================================
2026-09-25 20:43:25 [PcorgSync] INFO Sync terminee avec succes
2026-09-25 20:48:39 [PcorgSync] INFO Lancement sync incremental
2026-09-25 20:48:40 [PcorgSync] INFO     Documents upsertés : 2
2026-09-25 20:48:40 [PcorgSync] INFO     Répartition par événement :
2026-09-25 20:48:40 [PcorgSync] INFO       24H CAMIONS 2026: 2
2026-09-25 20:48:40 [PcorgSync] INFO     Répartition par catégorie :
2026-09-25 20:48:40 [PcorgSync] INFO       PCO.Information: 1
2026-09-25 20:48:40 [PcorgSync] INFO       PCO.Securite: 1
2026-09-25 20:48:40 [PcorgSync] INFO     Curseur DateWrite : 2026-09-25 18:44:20.357000
2026-09-25 20:48:40 [PcorgSync] INFO     Config pcorg : aucune nouvelle valeur
2026-09-25 20:48:40 [PcorgSync] INFO     Total en base : 29689 docs (29689 attribués, 2727 avec GPS)
2026-09-25 20:48:40 [PcorgSync] INFO   ============================================================
2026-09-25 20:48:40 [PcorgSync] INFO Sync terminee avec succes
2026-09-25 20:53:44 [PcorgSync] INFO Lancement sync incremental
2026-09-25 20:53:45 [PcorgSync] INFO     Messages SQL récupérés : 1
2026-09-25 20:53:45 [PcorgSync] INFO     Documents upsertés : 1
2026-09-25 20:53:45 [PcorgSync] INFO     Répartition par événement :
2026-09-25 20:53:45 [PcorgSync] INFO       24H CAMIONS 2026: 1
2026-09-25 20:53:45 [PcorgSync] INFO     Répartition par catégorie :
2026-09-25 20:53:45 [PcorgSync] INFO       PCO.Securite: 1
2026-09-25 20:53:45 [PcorgSync] INFO     Curseur DateWrite : 2026-09-25 18:50:41.603000
2026-09-25 20:53:45 [PcorgSync] INFO     Config pcorg : aucune nouvelle valeur
2026-09-25 20:53:45 [PcorgSync] INFO     Total en base : 29689 docs (29689 attribués, 2727 avec GPS)
2026-09-25 20:53:45 [PcorgSync] INFO   ============================================================
2026-09-25 20:53:45 [PcorgSync] INFO Sync terminee avec succes
2026-09-25 20:58:14 [PcorgSync] INFO Lancement sync incremental
2026-09-25 20:58:15 [PcorgSync] INFO     Messages SQL récupérés : 1
2026-09-25 20:58:15 [PcorgSync] INFO     Documents upsertés : 1
2026-09-25 20:58:15 [PcorgSync] INFO     Répartition par événement :
2026-09-25 20:58:15 [PcorgSync] INFO       24H CAMIONS 2026: 1
2026-09-25 20:58:15 [PcorgSync] INFO     Répartition par catégorie :
2026-09-25 20:58:15 [PcorgSync] INFO       PCO.Securite: 1
2026-09-25 20:58:15 [PcorgSync] INFO     Curseur DateWrite : 2026-09-25 18:50:41.603000
2026-09-25 20:58:15 [PcorgSync] INFO     Config pcorg : aucune nouvelle valeur
2026-09-25 20:58:15 [PcorgSync] INFO     Total en base : 29689 docs (29689 attribués, 2727 avec GPS)
2026-09-25 20:58:15 [PcorgSync] INFO   ============================================================
2026-09-25 20:58:15 [PcorgSync] INFO Sync terminee avec succes
2026-09-25 21:03:14 [PcorgSync] INFO Lancement sync incremental
2026-09-25 21:03:15 [PcorgSync] INFO     Documents upsertés : 2
2026-09-25 21:03:15 [PcorgSync] INFO     Répartition par événement :
2026-09-25 21:03:15 [PcorgSync] INFO       24H CAMIONS 2026: 2
2026-09-25 21:03:15 [PcorgSync] INFO     Répartition par catégorie :
2026-09-25 21:03:15 [PcorgSync] INFO       PCO.Securite: 1
2026-09-25 21:03:15 [PcorgSync] INFO       PCO.Information: 1
2026-09-25 21:03:15 [PcorgSync] INFO     Curseur DateWrite : 2026-09-25 19:02:10.523000
2026-09-25 21:03:15 [PcorgSync] INFO     Config pcorg : aucune nouvelle valeur
2026-09-25 21:03:15 [PcorgSync] INFO     Total en base : 29689 docs (29689 attribués, 2727 avec GPS)
2026-09-25 21:03:15 [PcorgSync] INFO   ============================================================
2026-09-25 21:03:15 [PcorgSync] INFO Sync terminee avec succes
2026-09-25 21:08:29 [PcorgSync] INFO Lancement sync incremental
2026-09-25 21:08:30 [PcorgSync] INFO     Documents upsertés : 2
2026-09-25 21:08:30 [PcorgSync] INFO     Répartition par événement :
2026-09-25 21:08:30 [PcorgSync] INFO       24H CAMIONS 2026: 2
2026-09-25 21:08:30 [PcorgSync] INFO     Répartition par catégorie :
2026-09-25 21:08:30 [PcorgSync] INFO       PCO.Information: 1
2026-09-25 21:08:30 [PcorgSync] INFO       PCO.Securite: 1
2026-09-25 21:08:30 [PcorgSync] INFO     Curseur DateWrite : 2026-09-25 19:06:18.723000
2026-09-25 21:08:30 [PcorgSync] INFO     Config pcorg : aucune nouvelle valeur
2026-09-25 21:08:30 [PcorgSync] INFO     Total en base : 29689 docs (29689 attribués, 2727 avec GPS)
2026-09-25 21:08:30 [PcorgSync] INFO   ============================================================
2026-09-25 21:08:30 [PcorgSync] INFO Sync terminee avec succes
2026-09-25 21:13:39 [PcorgSync] INFO Lancement sync incremental
2026-09-25 21:13:40 [PcorgSync] INFO     Documents upsertés : 2
2026-09-25 21:13:40 [PcorgSync] INFO     Répartition par événement :
2026-09-25 21:13:40 [PcorgSync] INFO       24H CAMIONS 2026: 2
2026-09-25 21:13:40 [PcorgSync] INFO     Répartition par catégorie :
2026-09-25 21:13:40 [PcorgSync] INFO       PCO.Securite: 1
2026-09-25 21:13:40 [PcorgSync] INFO       PCO.Technique: 1
2026-09-25 21:13:40 [PcorgSync] INFO     Curseur DateWrite : 2026-09-25 19:12:59.503000
2026-09-25 21:13:40 [PcorgSync] INFO     Config pcorg : aucune nouvelle valeur
2026-09-25 21:13:40 [PcorgSync] INFO     Total en base : 29690 docs (29690 attribués, 2728 avec GPS)
2026-09-25 21:13:40 [PcorgSync] INFO   ============================================================
2026-09-25 21:13:40 [PcorgSync] INFO Sync terminee avec succes
2026-09-25 21:18:14 [PcorgSync] INFO Lancement sync incremental
2026-09-25 21:18:16 [PcorgSync] INFO     Documents upsertés : 3
2026-09-25 21:18:16 [PcorgSync] INFO     Répartition par événement :
2026-09-25 21:18:16 [PcorgSync] INFO       24H CAMIONS 2026: 3
2026-09-25 21:18:16 [PcorgSync] INFO     Répartition par catégorie :
2026-09-25 21:18:16 [PcorgSync] INFO       PCO.Securite: 2
2026-09-25 21:18:16 [PcorgSync] INFO       PCO.Technique: 1
2026-09-25 21:18:16 [PcorgSync] INFO     Curseur DateWrite : 2026-09-25 19:18:05.097000
2026-09-25 21:18:16 [PcorgSync] INFO     Config pcorg : aucune nouvelle valeur
2026-09-25 21:18:16 [PcorgSync] INFO     Total en base : 29690 docs (29690 attribués, 2728 avec GPS)
2026-09-25 21:18:16 [PcorgSync] INFO   ============================================================
2026-09-25 21:18:16 [PcorgSync] INFO Sync terminee avec succes
2026-09-25 21:23:44 [PcorgSync] INFO Lancement sync incremental
2026-09-25 21:23:45 [PcorgSync] INFO     Messages SQL récupérés : 2
2026-09-25 21:23:45 [PcorgSync] INFO     Documents upsertés : 2
2026-09-25 21:23:45 [PcorgSync] INFO     Répartition par événement :
2026-09-25 21:23:45 [PcorgSync] INFO       24H CAMIONS 2026: 2
2026-09-25 21:23:45 [PcorgSync] INFO     Répartition par catégorie :
2026-09-25 21:23:45 [PcorgSync] INFO       PCO.Information: 2
2026-09-25 21:23:45 [PcorgSync] INFO     Curseur DateWrite : 2026-09-25 19:23:14.543000
2026-09-25 21:23:45 [PcorgSync] INFO     Config pcorg : aucune nouvelle valeur
2026-09-25 21:23:45 [PcorgSync] INFO     Total en base : 29690 docs (29690 attribués, 2728 avec GPS)
2026-09-25 21:23:45 [PcorgSync] INFO   ============================================================
2026-09-25 21:23:45 [PcorgSync] INFO Sync terminee avec succes
2026-09-25 21:28:14 [PcorgSync] INFO Lancement sync incremental
2026-09-25 21:28:15 [PcorgSync] INFO     Messages SQL récupérés : 1
2026-09-25 21:28:15 [PcorgSync] INFO     Documents upsertés : 1
2026-09-25 21:28:15 [PcorgSync] INFO     Répartition par événement :
2026-09-25 21:28:15 [PcorgSync] INFO       24H CAMIONS 2026: 1
2026-09-25 21:28:15 [PcorgSync] INFO     Répartition par catégorie :
2026-09-25 21:28:15 [PcorgSync] INFO       PCO.Information: 1
2026-09-25 21:28:15 [PcorgSync] INFO     Curseur DateWrite : 2026-09-25 19:23:14.543000
2026-09-25 21:28:15 [PcorgSync] INFO     Config pcorg : aucune nouvelle valeur
2026-09-25 21:28:15 [PcorgSync] INFO     Total en base : 29690 docs (29690 attribués, 2728 avec GPS)
2026-09-25 21:28:15 [PcorgSync] INFO   ============================================================
2026-09-25 21:28:15 [PcorgSync] INFO Sync terminee avec succes
2026-09-25 21:33:14 [PcorgSync] INFO Lancement sync incremental
2026-09-25 21:33:15 [PcorgSync] INFO     Documents upsertés : 2
2026-09-25 21:33:15 [PcorgSync] INFO     Répartition par événement :
2026-09-25 21:33:15 [PcorgSync] INFO       24H CAMIONS 2026: 2
2026-09-25 21:33:15 [PcorgSync] INFO     Répartition par catégorie :
2026-09-25 21:33:15 [PcorgSync] INFO       PCO.Information: 1
2026-09-25 21:33:15 [PcorgSync] INFO       PCS.Information: 1
2026-09-25 21:33:15 [PcorgSync] INFO     Curseur DateWrite : 2026-09-25 19:31:53.900000
2026-09-25 21:33:15 [PcorgSync] INFO     Config pcorg : aucune nouvelle valeur
2026-09-25 21:33:15 [PcorgSync] INFO     Total en base : 29690 docs (29690 attribués, 2728 avec GPS)
2026-09-25 21:33:15 [PcorgSync] INFO   ============================================================
2026-09-25 21:33:15 [PcorgSync] INFO Sync terminee avec succes
2026-09-25 21:38:44 [PcorgSync] INFO Lancement sync incremental
2026-09-25 21:38:45 [PcorgSync] INFO   ============================================================
2026-09-25 21:38:45 [PcorgSync] INFO   
2026-09-25 21:38:45 [PcorgSync] INFO   Dernier sync : 2026-09-25 19:31:53.900000
2026-09-25 21:38:45 [PcorgSync] INFO   Connexion SQL Server...
2026-09-25 21:38:45 [PcorgSync] INFO     Driver ODBC : ODBC Driver 18 for SQL Server
2026-09-25 21:38:45 [PcorgSync] INFO     Port résolu via SQL Browser : 65422
2026-09-25 21:38:45 [PcorgSync] INFO     Connecté à 10.34.0.4,65422
2026-09-25 21:38:45 [PcorgSync] INFO   Récupération par lots de 1000...
2026-09-25 21:38:45 [PcorgSync] INFO   
2026-09-25 21:38:45 [PcorgSync] INFO   Aucun nouveau message. Rien à synchroniser.
2026-09-25 21:38:45 [PcorgSync] INFO Sync terminee avec succes
2026-09-25 21:43:29 [PcorgSync] INFO Lancement sync incremental
2026-09-25 21:43:30 [PcorgSync] INFO   ============================================================
2026-09-25 21:43:30 [PcorgSync] INFO   
2026-09-25 21:43:30 [PcorgSync] INFO   Dernier sync : 2026-09-25 19:31:53.900000
2026-09-25 21:43:30 [PcorgSync] INFO   Connexion SQL Server...
2026-09-25 21:43:30 [PcorgSync] INFO     Driver ODBC : ODBC Driver 18 for SQL Server
2026-09-25 21:43:30 [PcorgSync] INFO     Port résolu via SQL Browser : 65422
2026-09-25 21:43:30 [PcorgSync] INFO     Connecté à 10.34.0.4,65422
2026-09-25 21:43:30 [PcorgSync] INFO   Récupération par lots de 1000...
2026-09-25 21:43:30 [PcorgSync] INFO   
2026-09-25 21:43:30 [PcorgSync] INFO   Aucun nouveau message. Rien à synchroniser.
2026-09-25 21:43:30 [PcorgSync] INFO Sync terminee avec succes
2026-09-25 21:48:39 [PcorgSync] INFO Lancement sync incremental
2026-09-25 21:48:40 [PcorgSync] INFO     Messages SQL récupérés : 1
2026-09-25 21:48:40 [PcorgSync] INFO     Documents upsertés : 1
2026-09-25 21:48:40 [PcorgSync] INFO     Répartition par événement :
2026-09-25 21:48:40 [PcorgSync] INFO       24H CAMIONS 2026: 1
2026-09-25 21:48:40 [PcorgSync] INFO     Répartition par catégorie :
2026-09-25 21:48:40 [PcorgSync] INFO       PCO.Technique: 1
2026-09-25 21:48:40 [PcorgSync] INFO     Curseur DateWrite : 2026-09-25 19:45:31.077000
2026-09-25 21:48:40 [PcorgSync] INFO     Config pcorg : aucune nouvelle valeur
2026-09-25 21:48:40 [PcorgSync] INFO     Total en base : 29690 docs (29690 attribués, 2728 avec GPS)
2026-09-25 21:48:40 [PcorgSync] INFO   ============================================================
2026-09-25 21:48:40 [PcorgSync] INFO Sync terminee avec succes
2026-09-25 21:53:39 [PcorgSync] INFO Lancement sync incremental
2026-09-25 21:53:40 [PcorgSync] INFO   ============================================================
2026-09-25 21:53:40 [PcorgSync] INFO   
2026-09-25 21:53:40 [PcorgSync] INFO   Dernier sync : 2026-09-25 19:45:31.077000
2026-09-25 21:53:40 [PcorgSync] INFO   Connexion SQL Server...
2026-09-25 21:53:40 [PcorgSync] INFO     Driver ODBC : ODBC Driver 18 for SQL Server
2026-09-25 21:53:40 [PcorgSync] INFO     Port résolu via SQL Browser : 65422
2026-09-25 21:53:40 [PcorgSync] INFO     Connecté à 10.34.0.4,65422
2026-09-25 21:53:40 [PcorgSync] INFO   Récupération par lots de 1000...
2026-09-25 21:53:40 [PcorgSync] INFO   
2026-09-25 21:53:40 [PcorgSync] INFO   Aucun nouveau message. Rien à synchroniser.
2026-09-25 21:53:40 [PcorgSync] INFO Sync terminee avec succes
2026-09-25 21:58:14 [PcorgSync] INFO Lancement sync incremental
2026-09-25 21:58:15 [PcorgSync] INFO     Messages SQL récupérés : 1
2026-09-25 21:58:15 [PcorgSync] INFO     Documents upsertés : 1
2026-09-25 21:58:15 [PcorgSync] INFO     Répartition par événement :
2026-09-25 21:58:15 [PcorgSync] INFO       24H CAMIONS 2026: 1
2026-09-25 21:58:15 [PcorgSync] INFO     Répartition par catégorie :
2026-09-25 21:58:15 [PcorgSync] INFO       PCO.Information: 1
2026-09-25 21:58:15 [PcorgSync] INFO     Curseur DateWrite : 2026-09-25 19:56:26.870000
2026-09-25 21:58:15 [PcorgSync] INFO     Config pcorg : aucune nouvelle valeur
2026-09-25 21:58:15 [PcorgSync] INFO     Total en base : 29691 docs (29691 attribués, 2728 avec GPS)
2026-09-25 21:58:15 [PcorgSync] INFO   ============================================================
2026-09-25 21:58:15 [PcorgSync] INFO Sync terminee avec succes
2026-09-25 22:03:14 [PcorgSync] INFO Lancement sync incremental
2026-09-25 22:03:15 [PcorgSync] INFO   ============================================================
2026-09-25 22:03:15 [PcorgSync] INFO   
2026-09-25 22:03:15 [PcorgSync] INFO   Dernier sync : 2026-09-25 19:56:26.870000
2026-09-25 22:03:15 [PcorgSync] INFO   Connexion SQL Server...
2026-09-25 22:03:15 [PcorgSync] INFO     Driver ODBC : ODBC Driver 18 for SQL Server
2026-09-25 22:03:15 [PcorgSync] INFO     Port résolu via SQL Browser : 65422
2026-09-25 22:03:15 [PcorgSync] INFO     Connecté à 10.34.0.4,65422
2026-09-25 22:03:15 [PcorgSync] INFO   Récupération par lots de 1000...
2026-09-25 22:03:15 [PcorgSync] INFO   
2026-09-25 22:03:15 [PcorgSync] INFO   Aucun nouveau message. Rien à synchroniser.
2026-09-25 22:03:15 [PcorgSync] INFO Sync terminee avec succes
2026-09-25 22:08:44 [PcorgSync] INFO Lancement sync incremental
2026-09-25 22:08:45 [PcorgSync] INFO   ============================================================
2026-09-25 22:08:45 [PcorgSync] INFO   
2026-09-25 22:08:45 [PcorgSync] INFO   Dernier sync : 2026-09-25 19:56:26.870000
2026-09-25 22:08:45 [PcorgSync] INFO   Connexion SQL Server...
2026-09-25 22:08:45 [PcorgSync] INFO     Driver ODBC : ODBC Driver 18 for SQL Server
2026-09-25 22:08:45 [PcorgSync] INFO     Port résolu via SQL Browser : 65422
2026-09-25 22:08:45 [PcorgSync] INFO     Connecté à 10.34.0.4,65422
2026-09-25 22:08:45 [PcorgSync] INFO   Récupération par lots de 1000...
2026-09-25 22:08:45 [PcorgSync] INFO   
2026-09-25 22:08:45 [PcorgSync] INFO   Aucun nouveau message. Rien à synchroniser.
2026-09-25 22:08:45 [PcorgSync] INFO Sync terminee avec succes
2026-09-25 22:13:39 [PcorgSync] INFO Lancement sync incremental
2026-09-25 22:13:40 [PcorgSync] INFO   ============================================================
2026-09-25 22:13:40 [PcorgSync] INFO   
2026-09-25 22:13:40 [PcorgSync] INFO   Dernier sync : 2026-09-25 19:56:26.870000
2026-09-25 22:13:40 [PcorgSync] INFO   Connexion SQL Server...
2026-09-25 22:13:40 [PcorgSync] INFO     Driver ODBC : ODBC Driver 18 for SQL Server
2026-09-25 22:13:40 [PcorgSync] INFO     Port résolu via SQL Browser : 65422
2026-09-25 22:13:40 [PcorgSync] INFO     Connecté à 10.34.0.4,65422
2026-09-25 22:13:40 [PcorgSync] INFO   Récupération par lots de 1000...
2026-09-25 22:13:40 [PcorgSync] INFO   
2026-09-25 22:13:40 [PcorgSync] INFO   Aucun nouveau message. Rien à synchroniser.
2026-09-25 22:13:40 [PcorgSync] INFO Sync terminee avec succes
2026-09-25 22:18:14 [PcorgSync] INFO Lancement sync incremental
2026-09-25 22:18:15 [PcorgSync] INFO   ============================================================
2026-09-25 22:18:15 [PcorgSync] INFO   
2026-09-25 22:18:15 [PcorgSync] INFO   Dernier sync : 2026-09-25 19:56:26.870000
2026-09-25 22:18:15 [PcorgSync] INFO   Connexion SQL Server...
2026-09-25 22:18:15 [PcorgSync] INFO     Driver ODBC : ODBC Driver 18 for SQL Server
2026-09-25 22:18:15 [PcorgSync] INFO     Port résolu via SQL Browser : 65422
2026-09-25 22:18:15 [PcorgSync] INFO     Connecté à 10.34.0.4,65422
2026-09-25 22:18:15 [PcorgSync] INFO   Récupération par lots de 1000...
2026-09-25 22:18:15 [PcorgSync] INFO   
2026-09-25 22:18:15 [PcorgSync] INFO   Aucun nouveau message. Rien à synchroniser.
2026-09-25 22:18:15 [PcorgSync] INFO Sync terminee avec succes
2026-09-25 22:23:44 [PcorgSync] INFO Lancement sync incremental
2026-09-25 22:23:45 [PcorgSync] INFO   ============================================================
2026-09-25 22:23:45 [PcorgSync] INFO   
2026-09-25 22:23:45 [PcorgSync] INFO   Dernier sync : 2026-09-25 19:56:26.870000
2026-09-25 22:23:45 [PcorgSync] INFO   Connexion SQL Server...
2026-09-25 22:23:45 [PcorgSync] INFO     Driver ODBC : ODBC Driver 18 for SQL Server
2026-09-25 22:23:45 [PcorgSync] INFO     Port résolu via SQL Browser : 65422
2026-09-25 22:23:45 [PcorgSync] INFO     Connecté à 10.34.0.4,65422
2026-09-25 22:23:45 [PcorgSync] INFO   Récupération par lots de 1000...
2026-09-25 22:23:45 [PcorgSync] INFO   
2026-09-25 22:23:45 [PcorgSync] INFO   Aucun nouveau message. Rien à synchroniser.
2026-09-25 22:23:45 [PcorgSync] INFO Sync terminee avec succes
2026-09-25 22:28:14 [PcorgSync] INFO Lancement sync incremental
2026-09-25 22:28:15 [PcorgSync] INFO     Messages SQL récupérés : 1
2026-09-25 22:28:15 [PcorgSync] INFO     Documents upsertés : 1
2026-09-25 22:28:15 [PcorgSync] INFO     Répartition par événement :
2026-09-25 22:28:15 [PcorgSync] INFO       24H CAMIONS 2026: 1
2026-09-25 22:28:15 [PcorgSync] INFO     Répartition par catégorie :
2026-09-25 22:28:15 [PcorgSync] INFO       PCO.Securite: 1
2026-09-25 22:28:15 [PcorgSync] INFO     Curseur DateWrite : 2026-09-25 20:26:36.570000
2026-09-25 22:28:15 [PcorgSync] INFO     Config pcorg : aucune nouvelle valeur
2026-09-25 22:28:15 [PcorgSync] INFO     Total en base : 29692 docs (29692 attribués, 2729 avec GPS)
2026-09-25 22:28:15 [PcorgSync] INFO   ============================================================
2026-09-25 22:28:15 [PcorgSync] INFO Sync terminee avec succes
2026-09-25 22:33:24 [PcorgSync] INFO Lancement sync incremental
2026-09-25 22:33:25 [PcorgSync] INFO     Messages SQL récupérés : 1
2026-09-25 22:33:25 [PcorgSync] INFO     Documents upsertés : 1
2026-09-25 22:33:25 [PcorgSync] INFO     Répartition par événement :
2026-09-25 22:33:25 [PcorgSync] INFO       24H CAMIONS 2026: 1
2026-09-25 22:33:25 [PcorgSync] INFO     Répartition par catégorie :
2026-09-25 22:33:25 [PcorgSync] INFO       PCO.Securite: 1
2026-09-25 22:33:25 [PcorgSync] INFO     Curseur DateWrite : 2026-09-25 20:32:46.183000
2026-09-25 22:33:25 [PcorgSync] INFO     Config pcorg : aucune nouvelle valeur
2026-09-25 22:33:25 [PcorgSync] INFO     Total en base : 29692 docs (29692 attribués, 2729 avec GPS)
2026-09-25 22:33:25 [PcorgSync] INFO   ============================================================
2026-09-25 22:33:25 [PcorgSync] INFO Sync terminee avec succes
2026-09-25 22:38:44 [PcorgSync] INFO Lancement sync incremental
2026-09-25 22:38:46 [PcorgSync] INFO     Messages SQL récupérés : 1
2026-09-25 22:38:46 [PcorgSync] INFO     Documents upsertés : 1
2026-09-25 22:38:46 [PcorgSync] INFO     Répartition par événement :
2026-09-25 22:38:46 [PcorgSync] INFO       24H CAMIONS 2026: 1
2026-09-25 22:38:46 [PcorgSync] INFO     Répartition par catégorie :
2026-09-25 22:38:46 [PcorgSync] INFO       PCO.Securite: 1
2026-09-25 22:38:46 [PcorgSync] INFO     Curseur DateWrite : 2026-09-25 20:32:46.183000
2026-09-25 22:38:46 [PcorgSync] INFO     Config pcorg : aucune nouvelle valeur
2026-09-25 22:38:46 [PcorgSync] INFO     Total en base : 29692 docs (29692 attribués, 2729 avec GPS)
2026-09-25 22:38:46 [PcorgSync] INFO   ============================================================
2026-09-25 22:38:46 [PcorgSync] INFO Sync terminee avec succes
2026-09-25 22:43:39 [PcorgSync] INFO Lancement sync incremental
2026-09-25 22:43:40 [PcorgSync] INFO     Messages SQL récupérés : 1
2026-09-25 22:43:40 [PcorgSync] INFO     Documents upsertés : 1
2026-09-25 22:43:40 [PcorgSync] INFO     Répartition par événement :
2026-09-25 22:43:40 [PcorgSync] INFO       24H CAMIONS 2026: 1
2026-09-25 22:43:40 [PcorgSync] INFO     Répartition par catégorie :
2026-09-25 22:43:40 [PcorgSync] INFO       PCO.Securite: 1
2026-09-25 22:43:40 [PcorgSync] INFO     Curseur DateWrite : 2026-09-25 20:32:46.183000
2026-09-25 22:43:40 [PcorgSync] INFO     Config pcorg : aucune nouvelle valeur
2026-09-25 22:43:40 [PcorgSync] INFO     Total en base : 29692 docs (29692 attribués, 2729 avec GPS)
2026-09-25 22:43:40 [PcorgSync] INFO   ============================================================
2026-09-25 22:43:40 [PcorgSync] INFO Sync terminee avec succes
2026-09-25 22:48:14 [PcorgSync] INFO Lancement sync incremental
2026-09-25 22:48:15 [PcorgSync] INFO     Messages SQL récupérés : 1
2026-09-25 22:48:15 [PcorgSync] INFO     Documents upsertés : 1
2026-09-25 22:48:15 [PcorgSync] INFO     Répartition par événement :
2026-09-25 22:48:15 [PcorgSync] INFO       24H CAMIONS 2026: 1
2026-09-25 22:48:15 [PcorgSync] INFO     Répartition par catégorie :
2026-09-25 22:48:15 [PcorgSync] INFO       PCO.Securite: 1
2026-09-25 22:48:15 [PcorgSync] INFO     Curseur DateWrite : 2026-09-25 20:45:07.550000
2026-09-25 22:48:15 [PcorgSync] INFO     Config pcorg : aucune nouvelle valeur
2026-09-25 22:48:15 [PcorgSync] INFO     Total en base : 29692 docs (29692 attribués, 2729 avec GPS)
2026-09-25 22:48:15 [PcorgSync] INFO   ============================================================
2026-09-25 22:48:15 [PcorgSync] INFO Sync terminee avec succes
2026-09-25 22:53:44 [PcorgSync] INFO Lancement sync incremental
2026-09-25 22:53:45 [PcorgSync] INFO   ============================================================
2026-09-25 22:53:45 [PcorgSync] INFO   
2026-09-25 22:53:45 [PcorgSync] INFO   Dernier sync : 2026-09-25 20:45:07.550000
2026-09-25 22:53:45 [PcorgSync] INFO   Connexion SQL Server...
2026-09-25 22:53:45 [PcorgSync] INFO     Driver ODBC : ODBC Driver 18 for SQL Server
2026-09-25 22:53:45 [PcorgSync] INFO     Port résolu via SQL Browser : 65422
2026-09-25 22:53:45 [PcorgSync] INFO     Connecté à 10.34.0.4,65422
2026-09-25 22:53:45 [PcorgSync] INFO   Récupération par lots de 1000...
2026-09-25 22:53:45 [PcorgSync] INFO   
2026-09-25 22:53:45 [PcorgSync] INFO   Aucun nouveau message. Rien à synchroniser.
2026-09-25 22:53:45 [PcorgSync] INFO Sync terminee avec succes
2026-09-25 22:58:29 [PcorgSync] INFO Lancement sync incremental
2026-09-25 22:58:30 [PcorgSync] INFO   ============================================================
2026-09-25 22:58:30 [PcorgSync] INFO   
2026-09-25 22:58:30 [PcorgSync] INFO   Dernier sync : 2026-09-25 20:45:07.550000
2026-09-25 22:58:30 [PcorgSync] INFO   Connexion SQL Server...
2026-09-25 22:58:30 [PcorgSync] INFO     Driver ODBC : ODBC Driver 18 for SQL Server
2026-09-25 22:58:30 [PcorgSync] INFO     Port résolu via SQL Browser : 65422
2026-09-25 22:58:30 [PcorgSync] INFO     Connecté à 10.34.0.4,65422
2026-09-25 22:58:30 [PcorgSync] INFO   Récupération par lots de 1000...
2026-09-25 22:58:30 [PcorgSync] INFO   
2026-09-25 22:58:30 [PcorgSync] INFO   Aucun nouveau message. Rien à synchroniser.
2026-09-25 22:58:30 [PcorgSync] INFO Sync terminee avec succes
2026-09-25 23:03:14 [PcorgSync] INFO Lancement sync incremental
2026-09-25 23:03:15 [PcorgSync] INFO   ============================================================
2026-09-25 23:03:15 [PcorgSync] INFO   
2026-09-25 23:03:15 [PcorgSync] INFO   Dernier sync : 2026-09-25 20:45:07.550000
2026-09-25 23:03:15 [PcorgSync] INFO   Connexion SQL Server...
2026-09-25 23:03:15 [PcorgSync] INFO     Driver ODBC : ODBC Driver 18 for SQL Server
2026-09-25 23:03:15 [PcorgSync] INFO     Port résolu via SQL Browser : 65422
2026-09-25 23:03:15 [PcorgSync] INFO     Connecté à 10.34.0.4,65422
2026-09-25 23:03:15 [PcorgSync] INFO   Récupération par lots de 1000...
2026-09-25 23:03:15 [PcorgSync] INFO   
2026-09-25 23:03:15 [PcorgSync] INFO   Aucun nouveau message. Rien à synchroniser.
2026-09-25 23:03:15 [PcorgSync] INFO Sync terminee avec succes
2026-09-25 23:08:44 [PcorgSync] INFO Lancement sync incremental
2026-09-25 23:08:45 [PcorgSync] INFO     Messages SQL récupérés : 1
2026-09-25 23:08:45 [PcorgSync] INFO     Documents upsertés : 1
2026-09-25 23:08:45 [PcorgSync] INFO     Répartition par événement :
2026-09-25 23:08:45 [PcorgSync] INFO       24H CAMIONS 2026: 1
2026-09-25 23:08:45 [PcorgSync] INFO     Répartition par catégorie :
2026-09-25 23:08:45 [PcorgSync] INFO       PCO.Securite: 1
2026-09-25 23:08:45 [PcorgSync] INFO     Curseur DateWrite : 2026-09-25 21:05:20.060000
2026-09-25 23:08:45 [PcorgSync] INFO     Config pcorg : aucune nouvelle valeur
2026-09-25 23:08:45 [PcorgSync] INFO     Total en base : 29692 docs (29692 attribués, 2729 avec GPS)
2026-09-25 23:08:45 [PcorgSync] INFO   ============================================================
2026-09-25 23:08:45 [PcorgSync] INFO Sync terminee avec succes
2026-09-25 23:13:29 [PcorgSync] INFO Lancement sync incremental
2026-09-25 23:13:30 [PcorgSync] INFO   ============================================================
2026-09-25 23:13:30 [PcorgSync] INFO   
2026-09-25 23:13:30 [PcorgSync] INFO   Dernier sync : 2026-09-25 21:05:20.060000
2026-09-25 23:13:30 [PcorgSync] INFO   Connexion SQL Server...
2026-09-25 23:13:30 [PcorgSync] INFO     Driver ODBC : ODBC Driver 18 for SQL Server
2026-09-25 23:13:30 [PcorgSync] INFO     Port résolu via SQL Browser : 65422
2026-09-25 23:13:30 [PcorgSync] INFO     Connecté à 10.34.0.4,65422
2026-09-25 23:13:30 [PcorgSync] INFO   Récupération par lots de 1000...
2026-09-25 23:13:30 [PcorgSync] INFO   
2026-09-25 23:13:30 [PcorgSync] INFO   Aucun nouveau message. Rien à synchroniser.
2026-09-25 23:13:30 [PcorgSync] INFO Sync terminee avec succes
2026-09-25 23:18:14 [PcorgSync] INFO Lancement sync incremental
2026-09-25 23:18:15 [PcorgSync] INFO   ============================================================
2026-09-25 23:18:15 [PcorgSync] INFO   
2026-09-25 23:18:15 [PcorgSync] INFO   Dernier sync : 2026-09-25 21:05:20.060000
2026-09-25 23:18:15 [PcorgSync] INFO   Connexion SQL Server...
2026-09-25 23:18:15 [PcorgSync] INFO     Driver ODBC : ODBC Driver 18 for SQL Server
2026-09-25 23:18:15 [PcorgSync] INFO     Port résolu via SQL Browser : 65422
2026-09-25 23:18:15 [PcorgSync] INFO     Connecté à 10.34.0.4,65422
2026-09-25 23:18:15 [PcorgSync] INFO   Récupération par lots de 1000...
2026-09-25 23:18:15 [PcorgSync] INFO   
2026-09-25 23:18:15 [PcorgSync] INFO   Aucun nouveau message. Rien à synchroniser.
2026-09-25 23:18:15 [PcorgSync] INFO Sync terminee avec succes
2026-09-25 23:23:44 [PcorgSync] INFO Lancement sync incremental
2026-09-25 23:23:45 [PcorgSync] INFO   ============================================================
2026-09-25 23:23:45 [PcorgSync] INFO   
2026-09-25 23:23:45 [PcorgSync] INFO   Dernier sync : 2026-09-25 21:05:20.060000
2026-09-25 23:23:45 [PcorgSync] INFO   Connexion SQL Server...
2026-09-25 23:23:45 [PcorgSync] INFO     Driver ODBC : ODBC Driver 18 for SQL Server
2026-09-25 23:23:45 [PcorgSync] INFO     Port résolu via SQL Browser : 65422
2026-09-25 23:23:45 [PcorgSync] INFO     Connecté à 10.34.0.4,65422
2026-09-25 23:23:45 [PcorgSync] INFO   Récupération par lots de 1000...
2026-09-25 23:23:45 [PcorgSync] INFO   
2026-09-25 23:23:45 [PcorgSync] INFO   Aucun nouveau message. Rien à synchroniser.
2026-09-25 23:23:45 [PcorgSync] INFO Sync terminee avec succes
2026-09-25 23:28:14 [PcorgSync] INFO Lancement sync incremental
2026-09-25 23:28:15 [PcorgSync] INFO     Messages SQL récupérés : 1
2026-09-25 23:28:15 [PcorgSync] INFO     Documents upsertés : 1
2026-09-25 23:28:15 [PcorgSync] INFO     Répartition par événement :
2026-09-25 23:28:15 [PcorgSync] INFO       24H CAMIONS 2026: 1
2026-09-25 23:28:15 [PcorgSync] INFO     Répartition par catégorie :
2026-09-25 23:28:15 [PcorgSync] INFO       PCS.Surete: 1
2026-09-25 23:28:15 [PcorgSync] INFO     Curseur DateWrite : 2026-09-25 21:27:15.380000
2026-09-25 23:28:15 [PcorgSync] INFO     Config pcorg : aucune nouvelle valeur
2026-09-25 23:28:15 [PcorgSync] INFO     Total en base : 29693 docs (29693 attribués, 2729 avec GPS)
2026-09-25 23:28:15 [PcorgSync] INFO   ============================================================
2026-09-25 23:28:15 [PcorgSync] INFO Sync terminee avec succes
2026-09-25 23:33:24 [PcorgSync] INFO Lancement sync incremental
2026-09-25 23:33:25 [PcorgSync] INFO   ============================================================
2026-09-25 23:33:25 [PcorgSync] INFO   
2026-09-25 23:33:25 [PcorgSync] INFO   Dernier sync : 2026-09-25 21:27:15.380000
2026-09-25 23:33:25 [PcorgSync] INFO   Connexion SQL Server...
2026-09-25 23:33:25 [PcorgSync] INFO     Driver ODBC : ODBC Driver 18 for SQL Server
2026-09-25 23:33:25 [PcorgSync] INFO     Port résolu via SQL Browser : 65422
2026-09-25 23:33:25 [PcorgSync] INFO     Connecté à 10.34.0.4,65422
2026-09-25 23:33:25 [PcorgSync] INFO   Récupération par lots de 1000...
2026-09-25 23:33:25 [PcorgSync] INFO   
2026-09-25 23:33:25 [PcorgSync] INFO   Aucun nouveau message. Rien à synchroniser.
2026-09-25 23:33:25 [PcorgSync] INFO Sync terminee avec succes
2026-09-25 23:38:44 [PcorgSync] INFO Lancement sync incremental
2026-09-25 23:38:45 [PcorgSync] INFO     Messages SQL récupérés : 1
2026-09-25 23:38:45 [PcorgSync] INFO     Documents upsertés : 1
2026-09-25 23:38:45 [PcorgSync] INFO     Répartition par événement :
2026-09-25 23:38:45 [PcorgSync] INFO       24H CAMIONS 2026: 1
2026-09-25 23:38:45 [PcorgSync] INFO     Répartition par catégorie :
2026-09-25 23:38:45 [PcorgSync] INFO       PCS.Surete: 1
2026-09-25 23:38:45 [PcorgSync] INFO     Curseur DateWrite : 2026-09-25 21:38:07.463000
2026-09-25 23:38:45 [PcorgSync] INFO     Config pcorg : aucune nouvelle valeur
2026-09-25 23:38:45 [PcorgSync] INFO     Total en base : 29694 docs (29694 attribués, 2729 avec GPS)
2026-09-25 23:38:45 [PcorgSync] INFO   ============================================================
2026-09-25 23:38:45 [PcorgSync] INFO Sync terminee avec succes
2026-09-25 23:43:39 [PcorgSync] INFO Lancement sync incremental
2026-09-25 23:43:40 [PcorgSync] INFO     Messages SQL récupérés : 1
2026-09-25 23:43:40 [PcorgSync] INFO     Documents upsertés : 1
2026-09-25 23:43:40 [PcorgSync] INFO     Répartition par événement :
2026-09-25 23:43:40 [PcorgSync] INFO       24H CAMIONS 2026: 1
2026-09-25 23:43:40 [PcorgSync] INFO     Répartition par catégorie :
2026-09-25 23:43:40 [PcorgSync] INFO       PCS.Surete: 1
2026-09-25 23:43:40 [PcorgSync] INFO     Curseur DateWrite : 2026-09-25 21:38:07.463000
2026-09-25 23:43:40 [PcorgSync] INFO     Config pcorg : aucune nouvelle valeur
2026-09-25 23:43:40 [PcorgSync] INFO     Total en base : 29694 docs (29694 attribués, 2729 avec GPS)
2026-09-25 23:43:40 [PcorgSync] INFO   ============================================================
2026-09-25 23:43:40 [PcorgSync] INFO Sync terminee avec succes
2026-09-25 23:48:14 [PcorgSync] INFO Lancement sync incremental
2026-09-25 23:48:15 [PcorgSync] INFO     Messages SQL récupérés : 1
2026-09-25 23:48:15 [PcorgSync] INFO     Documents upsertés : 1
2026-09-25 23:48:15 [PcorgSync] INFO     Répartition par événement :
2026-09-25 23:48:15 [PcorgSync] INFO       24H CAMIONS 2026: 1
2026-09-25 23:48:15 [PcorgSync] INFO     Répartition par catégorie :
2026-09-25 23:48:15 [PcorgSync] INFO       PCS.Surete: 1
2026-09-25 23:48:15 [PcorgSync] INFO     Curseur DateWrite : 2026-09-25 21:38:07.463000
2026-09-25 23:48:15 [PcorgSync] INFO     Config pcorg : aucune nouvelle valeur
2026-09-25 23:48:15 [PcorgSync] INFO     Total en base : 29694 docs (29694 attribués, 2729 avec GPS)
2026-09-25 23:48:15 [PcorgSync] INFO   ============================================================
2026-09-25 23:48:15 [PcorgSync] INFO Sync terminee avec succes
2026-09-25 23:53:29 [PcorgSync] INFO Lancement sync incremental
2026-09-25 23:53:30 [PcorgSync] INFO     Messages SQL récupérés : 1
2026-09-25 23:53:30 [PcorgSync] INFO     Documents upsertés : 1
2026-09-25 23:53:30 [PcorgSync] INFO     Répartition par événement :
2026-09-25 23:53:30 [PcorgSync] INFO       24H CAMIONS 2026: 1
2026-09-25 23:53:30 [PcorgSync] INFO     Répartition par catégorie :
2026-09-25 23:53:30 [PcorgSync] INFO       PCS.Surete: 1
2026-09-25 23:53:30 [PcorgSync] INFO     Curseur DateWrite : 2026-09-25 21:38:07.463000
2026-09-25 23:53:30 [PcorgSync] INFO     Config pcorg : aucune nouvelle valeur
2026-09-25 23:53:30 [PcorgSync] INFO     Total en base : 29694 docs (29694 attribués, 2729 avec GPS)
2026-09-25 23:53:30 [PcorgSync] INFO   ============================================================
2026-09-25 23:53:30 [PcorgSync] INFO Sync terminee avec succes
2026-09-25 23:58:29 [PcorgSync] INFO Lancement sync incremental
2026-09-25 23:58:30 [PcorgSync] INFO     Messages SQL récupérés : 1
2026-09-25 23:58:30 [PcorgSync] INFO     Documents upsertés : 1
2026-09-25 23:58:30 [PcorgSync] INFO     Répartition par événement :
2026-09-25 23:58:30 [PcorgSync] INFO       24H CAMIONS 2026: 1
2026-09-25 23:58:30 [PcorgSync] INFO     Répartition par catégorie :
2026-09-25 23:58:30 [PcorgSync] INFO       PCS.Surete: 1
2026-09-25 23:58:30 [PcorgSync] INFO     Curseur DateWrite : 2026-09-25 21:38:07.463000
2026-09-25 23:58:30 [PcorgSync] INFO     Config pcorg : aucune nouvelle valeur
2026-09-25 23:58:30 [PcorgSync] INFO     Total en base : 29694 docs (29694 attribués, 2729 avec GPS)
2026-09-25 23:58:30 [PcorgSync] INFO   ============================================================
2026-09-25 23:58:30 [PcorgSync] INFO Sync terminee avec succes
2026-09-26 00:03:39 [PcorgSync] INFO Lancement sync incremental
2026-09-26 00:03:40 [PcorgSync] INFO     Messages SQL récupérés : 1
2026-09-26 00:03:40 [PcorgSync] INFO     Documents upsertés : 1
2026-09-26 00:03:40 [PcorgSync] INFO     Répartition par événement :
2026-09-26 00:03:40 [PcorgSync] INFO       24H CAMIONS 2026: 1
2026-09-26 00:03:40 [PcorgSync] INFO     Répartition par catégorie :
2026-09-26 00:03:40 [PcorgSync] INFO       PCS.Surete: 1
2026-09-26 00:03:40 [PcorgSync] INFO     Curseur DateWrite : 2026-09-25 21:38:07.463000
2026-09-26 00:03:40 [PcorgSync] INFO     Config pcorg : aucune nouvelle valeur
2026-09-26 00:03:40 [PcorgSync] INFO     Total en base : 29694 docs (29694 attribués, 2729 avec GPS)
2026-09-26 00:03:40 [PcorgSync] INFO   ============================================================
2026-09-26 00:03:40 [PcorgSync] INFO Sync terminee avec succes
2026-09-26 00:08:44 [PcorgSync] INFO Lancement sync incremental
2026-09-26 00:08:45 [PcorgSync] INFO     Messages SQL récupérés : 1
2026-09-26 00:08:45 [PcorgSync] INFO     Documents upsertés : 1
2026-09-26 00:08:45 [PcorgSync] INFO     Répartition par événement :
2026-09-26 00:08:45 [PcorgSync] INFO       24H CAMIONS 2026: 1
2026-09-26 00:08:45 [PcorgSync] INFO     Répartition par catégorie :
2026-09-26 00:08:45 [PcorgSync] INFO       PCS.Surete: 1
2026-09-26 00:08:45 [PcorgSync] INFO     Curseur DateWrite : 2026-09-25 21:38:07.463000
2026-09-26 00:08:45 [PcorgSync] INFO     Config pcorg : aucune nouvelle valeur
2026-09-26 00:08:45 [PcorgSync] INFO     Total en base : 29694 docs (29694 attribués, 2729 avec GPS)
2026-09-26 00:08:45 [PcorgSync] INFO   ============================================================
2026-09-26 00:08:45 [PcorgSync] INFO Sync terminee avec succes
2026-09-26 00:13:29 [PcorgSync] INFO Lancement sync incremental
2026-09-26 00:13:30 [PcorgSync] INFO     Messages SQL récupérés : 1
2026-09-26 00:13:30 [PcorgSync] INFO     Documents upsertés : 1
2026-09-26 00:13:30 [PcorgSync] INFO     Répartition par événement :
2026-09-26 00:13:30 [PcorgSync] INFO       24H CAMIONS 2026: 1
2026-09-26 00:13:30 [PcorgSync] INFO     Répartition par catégorie :
2026-09-26 00:13:30 [PcorgSync] INFO       PCS.Surete: 1
2026-09-26 00:13:30 [PcorgSync] INFO     Curseur DateWrite : 2026-09-25 21:38:07.463000
2026-09-26 00:13:30 [PcorgSync] INFO     Config pcorg : aucune nouvelle valeur
2026-09-26 00:13:30 [PcorgSync] INFO     Total en base : 29694 docs (29694 attribués, 2729 avec GPS)
2026-09-26 00:13:30 [PcorgSync] INFO   ============================================================
2026-09-26 00:13:30 [PcorgSync] INFO Sync terminee avec succes
2026-09-26 00:18:14 [PcorgSync] INFO Lancement sync incremental
2026-09-26 00:18:15 [PcorgSync] INFO     Documents upsertés : 2
2026-09-26 00:18:15 [PcorgSync] INFO     Répartition par événement :
2026-09-26 00:18:15 [PcorgSync] INFO       24H CAMIONS 2026: 2
2026-09-26 00:18:15 [PcorgSync] INFO     Répartition par catégorie :
2026-09-26 00:18:15 [PcorgSync] INFO       PCS.Surete: 1
2026-09-26 00:18:15 [PcorgSync] INFO       PCO.Securite: 1
2026-09-26 00:18:15 [PcorgSync] INFO     Curseur DateWrite : 2026-09-25 22:15:04.157000
2026-09-26 00:18:15 [PcorgSync] INFO     Config pcorg : aucune nouvelle valeur
2026-09-26 00:18:15 [PcorgSync] INFO     Total en base : 29695 docs (29695 attribués, 2730 avec GPS)
2026-09-26 00:18:15 [PcorgSync] INFO   ============================================================
2026-09-26 00:18:15 [PcorgSync] INFO Sync terminee avec succes
2026-09-26 00:23:24 [PcorgSync] INFO Lancement sync incremental
2026-09-26 00:23:25 [PcorgSync] INFO   ============================================================
2026-09-26 00:23:25 [PcorgSync] INFO   
2026-09-26 00:23:25 [PcorgSync] INFO   Dernier sync : 2026-09-25 22:15:04.157000
2026-09-26 00:23:25 [PcorgSync] INFO   Connexion SQL Server...
2026-09-26 00:23:25 [PcorgSync] INFO     Driver ODBC : ODBC Driver 18 for SQL Server
2026-09-26 00:23:25 [PcorgSync] INFO     Port résolu via SQL Browser : 65422
2026-09-26 00:23:25 [PcorgSync] INFO     Connecté à 10.34.0.4,65422
2026-09-26 00:23:25 [PcorgSync] INFO   Récupération par lots de 1000...
2026-09-26 00:23:25 [PcorgSync] INFO   
2026-09-26 00:23:25 [PcorgSync] INFO   Aucun nouveau message. Rien à synchroniser.
2026-09-26 00:23:25 [PcorgSync] INFO Sync terminee avec succes
2026-09-26 00:28:39 [PcorgSync] INFO Lancement sync incremental
2026-09-26 00:28:40 [PcorgSync] INFO   ============================================================
2026-09-26 00:28:40 [PcorgSync] INFO   
2026-09-26 00:28:40 [PcorgSync] INFO   Dernier sync : 2026-09-25 22:15:04.157000
2026-09-26 00:28:40 [PcorgSync] INFO   Connexion SQL Server...
2026-09-26 00:28:40 [PcorgSync] INFO     Driver ODBC : ODBC Driver 18 for SQL Server
2026-09-26 00:28:40 [PcorgSync] INFO     Port résolu via SQL Browser : 65422
2026-09-26 00:28:40 [PcorgSync] INFO     Connecté à 10.34.0.4,65422
2026-09-26 00:28:40 [PcorgSync] INFO   Récupération par lots de 1000...
2026-09-26 00:28:40 [PcorgSync] INFO   
2026-09-26 00:28:40 [PcorgSync] INFO   Aucun nouveau message. Rien à synchroniser.
2026-09-26 00:28:40 [PcorgSync] INFO Sync terminee avec succes
2026-09-26 00:33:24 [PcorgSync] INFO Lancement sync incremental
2026-09-26 00:33:25 [PcorgSync] INFO   ============================================================
2026-09-26 00:33:25 [PcorgSync] INFO   
2026-09-26 00:33:25 [PcorgSync] INFO   Dernier sync : 2026-09-25 22:15:04.157000
2026-09-26 00:33:25 [PcorgSync] INFO   Connexion SQL Server...
2026-09-26 00:33:25 [PcorgSync] INFO     Driver ODBC : ODBC Driver 18 for SQL Server
2026-09-26 00:33:25 [PcorgSync] INFO     Port résolu via SQL Browser : 65422
2026-09-26 00:33:25 [PcorgSync] INFO     Connecté à 10.34.0.4,65422
2026-09-26 00:33:25 [PcorgSync] INFO   Récupération par lots de 1000...
2026-09-26 00:33:25 [PcorgSync] INFO   
2026-09-26 00:33:25 [PcorgSync] INFO   Aucun nouveau message. Rien à synchroniser.
2026-09-26 00:33:25 [PcorgSync] INFO Sync terminee avec succes
2026-09-26 00:38:29 [PcorgSync] INFO Lancement sync incremental
2026-09-26 00:38:30 [PcorgSync] INFO   ============================================================
2026-09-26 00:38:30 [PcorgSync] INFO   
2026-09-26 00:38:30 [PcorgSync] INFO   Dernier sync : 2026-09-25 22:15:04.157000
2026-09-26 00:38:30 [PcorgSync] INFO   Connexion SQL Server...
2026-09-26 00:38:30 [PcorgSync] INFO     Driver ODBC : ODBC Driver 18 for SQL Server
2026-09-26 00:38:30 [PcorgSync] INFO     Port résolu via SQL Browser : 65422
2026-09-26 00:38:30 [PcorgSync] INFO     Connecté à 10.34.0.4,65422
2026-09-26 00:38:30 [PcorgSync] INFO   Récupération par lots de 1000...
2026-09-26 00:38:30 [PcorgSync] INFO   
2026-09-26 00:38:30 [PcorgSync] INFO   Aucun nouveau message. Rien à synchroniser.
2026-09-26 00:38:30 [PcorgSync] INFO Sync terminee avec succes
2026-09-26 00:43:29 [PcorgSync] INFO Lancement sync incremental
2026-09-26 00:43:30 [PcorgSync] INFO   ============================================================
2026-09-26 00:43:30 [PcorgSync] INFO   
2026-09-26 00:43:30 [PcorgSync] INFO   Dernier sync : 2026-09-25 22:15:04.157000
2026-09-26 00:43:30 [PcorgSync] INFO   Connexion SQL Server...
2026-09-26 00:43:30 [PcorgSync] INFO     Driver ODBC : ODBC Driver 18 for SQL Server
2026-09-26 00:43:30 [PcorgSync] INFO     Port résolu via SQL Browser : 65422
2026-09-26 00:43:30 [PcorgSync] INFO     Connecté à 10.34.0.4,65422
2026-09-26 00:43:30 [PcorgSync] INFO   Récupération par lots de 1000...
2026-09-26 00:43:30 [PcorgSync] INFO   
2026-09-26 00:43:30 [PcorgSync] INFO   Aucun nouveau message. Rien à synchroniser.
2026-09-26 00:43:30 [PcorgSync] INFO Sync terminee avec succes
2026-09-26 00:48:14 [PcorgSync] INFO Lancement sync incremental
2026-09-26 00:48:15 [PcorgSync] INFO   ============================================================
2026-09-26 00:48:15 [PcorgSync] INFO   
2026-09-26 00:48:15 [PcorgSync] INFO   Dernier sync : 2026-09-25 22:15:04.157000
2026-09-26 00:48:15 [PcorgSync] INFO   Connexion SQL Server...
2026-09-26 00:48:15 [PcorgSync] INFO     Driver ODBC : ODBC Driver 18 for SQL Server
2026-09-26 00:48:15 [PcorgSync] INFO     Port résolu via SQL Browser : 65422
2026-09-26 00:48:15 [PcorgSync] INFO     Connecté à 10.34.0.4,65422
2026-09-26 00:48:15 [PcorgSync] INFO   Récupération par lots de 1000...
2026-09-26 00:48:15 [PcorgSync] INFO   
2026-09-26 00:48:15 [PcorgSync] INFO   Aucun nouveau message. Rien à synchroniser.
2026-09-26 00:48:15 [PcorgSync] INFO Sync terminee avec succes
2026-09-26 00:53:44 [PcorgSync] INFO Lancement sync incremental
2026-09-26 00:53:45 [PcorgSync] INFO   ============================================================
2026-09-26 00:53:45 [PcorgSync] INFO   
2026-09-26 00:53:45 [PcorgSync] INFO   Dernier sync : 2026-09-25 22:15:04.157000
2026-09-26 00:53:45 [PcorgSync] INFO   Connexion SQL Server...
2026-09-26 00:53:45 [PcorgSync] INFO     Driver ODBC : ODBC Driver 18 for SQL Server
2026-09-26 00:53:45 [PcorgSync] INFO     Port résolu via SQL Browser : 65422
2026-09-26 00:53:45 [PcorgSync] INFO     Connecté à 10.34.0.4,65422
2026-09-26 00:53:45 [PcorgSync] INFO   Récupération par lots de 1000...
2026-09-26 00:53:45 [PcorgSync] INFO   
2026-09-26 00:53:45 [PcorgSync] INFO   Aucun nouveau message. Rien à synchroniser.
2026-09-26 00:53:45 [PcorgSync] INFO Sync terminee avec succes
2026-09-26 00:58:29 [PcorgSync] INFO Lancement sync incremental
2026-09-26 00:58:30 [PcorgSync] INFO   ============================================================
2026-09-26 00:58:30 [PcorgSync] INFO   
2026-09-26 00:58:30 [PcorgSync] INFO   Dernier sync : 2026-09-25 22:15:04.157000
2026-09-26 00:58:30 [PcorgSync] INFO   Connexion SQL Server...
2026-09-26 00:58:30 [PcorgSync] INFO     Driver ODBC : ODBC Driver 18 for SQL Server
2026-09-26 00:58:30 [PcorgSync] INFO     Port résolu via SQL Browser : 65422
2026-09-26 00:58:30 [PcorgSync] INFO     Connecté à 10.34.0.4,65422
2026-09-26 00:58:30 [PcorgSync] INFO   Récupération par lots de 1000...
2026-09-26 00:58:30 [PcorgSync] INFO   
2026-09-26 00:58:30 [PcorgSync] INFO   Aucun nouveau message. Rien à synchroniser.
2026-09-26 00:58:30 [PcorgSync] INFO Sync terminee avec succes
2026-09-26 01:03:32 [PcorgSync] INFO Lancement sync incremental
2026-09-26 01:03:33 [PcorgSync] INFO     Documents upsertés : 2
2026-09-26 01:03:33 [PcorgSync] INFO     Répartition par événement :
2026-09-26 01:03:33 [PcorgSync] INFO       24H CAMIONS 2026: 2
2026-09-26 01:03:33 [PcorgSync] INFO     Répartition par catégorie :
2026-09-26 01:03:33 [PcorgSync] INFO       PCO.Securite: 1
2026-09-26 01:03:33 [PcorgSync] INFO       PCO.Secours: 1
2026-09-26 01:03:33 [PcorgSync] INFO     Curseur DateWrite : 2026-09-25 23:03:06.897000
2026-09-26 01:03:33 [PcorgSync] INFO     Config pcorg : aucune nouvelle valeur
2026-09-26 01:03:33 [PcorgSync] INFO     Total en base : 29696 docs (29696 attribués, 2731 avec GPS)
2026-09-26 01:03:33 [PcorgSync] INFO   ============================================================
2026-09-26 01:03:33 [PcorgSync] INFO Sync terminee avec succes
2026-09-26 01:08:24 [PcorgSync] INFO Lancement sync incremental
2026-09-26 01:08:26 [PcorgSync] INFO     Messages SQL récupérés : 1
2026-09-26 01:08:26 [PcorgSync] INFO     Documents upsertés : 1
2026-09-26 01:08:26 [PcorgSync] INFO     Répartition par événement :
2026-09-26 01:08:26 [PcorgSync] INFO       24H CAMIONS 2026: 1
2026-09-26 01:08:26 [PcorgSync] INFO     Répartition par catégorie :
2026-09-26 01:08:26 [PcorgSync] INFO       PCO.Information: 1
2026-09-26 01:08:26 [PcorgSync] INFO     Curseur DateWrite : 2026-09-25 23:07:03.030000
2026-09-26 01:08:26 [PcorgSync] INFO     Config pcorg : aucune nouvelle valeur
2026-09-26 01:08:26 [PcorgSync] INFO     Total en base : 29697 docs (29697 attribués, 2731 avec GPS)
2026-09-26 01:08:26 [PcorgSync] INFO   ============================================================
2026-09-26 01:08:26 [PcorgSync] INFO Sync terminee avec succes
2026-09-26 01:13:39 [PcorgSync] INFO Lancement sync incremental
2026-09-26 01:13:40 [PcorgSync] INFO       24H CAMIONS 2026: 5
2026-09-26 01:13:40 [PcorgSync] INFO     Répartition par catégorie :
2026-09-26 01:13:40 [PcorgSync] INFO       PCO.Fourriere: 2
2026-09-26 01:13:40 [PcorgSync] INFO       PCO.Secours: 1
2026-09-26 01:13:40 [PcorgSync] INFO       PCO.Technique: 1
2026-09-26 01:13:40 [PcorgSync] INFO       PCO.Securite: 1
2026-09-26 01:13:40 [PcorgSync] INFO     Curseur DateWrite : 2026-09-25 23:11:53.883000
2026-09-26 01:13:40 [PcorgSync] INFO     Config pcorg : aucune nouvelle valeur
2026-09-26 01:13:40 [PcorgSync] INFO     Total en base : 29699 docs (29699 attribués, 2733 avec GPS)
2026-09-26 01:13:40 [PcorgSync] INFO   ============================================================
2026-09-26 01:13:41 [PcorgSync] INFO Sync terminee avec succes
2026-09-26 01:18:14 [PcorgSync] INFO Lancement sync incremental
2026-09-26 01:18:15 [PcorgSync] INFO     Répartition par événement :
2026-09-26 01:18:15 [PcorgSync] INFO       24H CAMIONS 2026: 3
2026-09-26 01:18:15 [PcorgSync] INFO     Répartition par catégorie :
2026-09-26 01:18:15 [PcorgSync] INFO       PCO.Fourriere: 1
2026-09-26 01:18:15 [PcorgSync] INFO       PCO.Securite: 1
2026-09-26 01:18:15 [PcorgSync] INFO       PCO.Secours: 1
2026-09-26 01:18:15 [PcorgSync] INFO     Curseur DateWrite : 2026-09-25 23:16:48.010000
2026-09-26 01:18:15 [PcorgSync] INFO     Config pcorg : aucune nouvelle valeur
2026-09-26 01:18:15 [PcorgSync] INFO     Total en base : 29699 docs (29699 attribués, 2733 avec GPS)
2026-09-26 01:18:15 [PcorgSync] INFO   ============================================================
2026-09-26 01:18:15 [PcorgSync] INFO Sync terminee avec succes
2026-09-26 01:23:31 [PcorgSync] INFO Lancement sync incremental
2026-09-26 01:23:33 [PcorgSync] INFO     Messages SQL récupérés : 1
2026-09-26 01:23:33 [PcorgSync] INFO     Documents upsertés : 1
2026-09-26 01:23:33 [PcorgSync] INFO     Répartition par événement :
2026-09-26 01:23:33 [PcorgSync] INFO       24H CAMIONS 2026: 1
2026-09-26 01:23:33 [PcorgSync] INFO     Répartition par catégorie :
2026-09-26 01:23:33 [PcorgSync] INFO       PCO.Information: 1
2026-09-26 01:23:33 [PcorgSync] INFO     Curseur DateWrite : 2026-09-25 23:21:31.703000
2026-09-26 01:23:33 [PcorgSync] INFO     Config pcorg : aucune nouvelle valeur
2026-09-26 01:23:33 [PcorgSync] INFO     Total en base : 29700 docs (29700 attribués, 2733 avec GPS)
2026-09-26 01:23:33 [PcorgSync] INFO   ============================================================
2026-09-26 01:23:33 [PcorgSync] INFO Sync terminee avec succes
2026-09-26 01:28:14 [PcorgSync] INFO Lancement sync incremental
2026-09-26 01:28:15 [PcorgSync] INFO     Messages SQL récupérés : 1
2026-09-26 01:28:15 [PcorgSync] INFO     Documents upsertés : 1
2026-09-26 01:28:15 [PcorgSync] INFO     Répartition par événement :
2026-09-26 01:28:15 [PcorgSync] INFO       24H CAMIONS 2026: 1
2026-09-26 01:28:15 [PcorgSync] INFO     Répartition par catégorie :
2026-09-26 01:28:15 [PcorgSync] INFO       PCO.Information: 1
2026-09-26 01:28:15 [PcorgSync] INFO     Curseur DateWrite : 2026-09-25 23:21:31.703000
2026-09-26 01:28:15 [PcorgSync] INFO     Config pcorg : aucune nouvelle valeur
2026-09-26 01:28:15 [PcorgSync] INFO     Total en base : 29700 docs (29700 attribués, 2733 avec GPS)
2026-09-26 01:28:15 [PcorgSync] INFO   ============================================================
2026-09-26 01:28:15 [PcorgSync] INFO Sync terminee avec succes
2026-09-26 01:33:24 [PcorgSync] INFO Lancement sync incremental
2026-09-26 01:33:25 [PcorgSync] INFO     Documents upsertés : 2
2026-09-26 01:33:25 [PcorgSync] INFO     Répartition par événement :
2026-09-26 01:33:25 [PcorgSync] INFO       24H CAMIONS 2026: 2
2026-09-26 01:33:25 [PcorgSync] INFO     Répartition par catégorie :
2026-09-26 01:33:25 [PcorgSync] INFO       PCO.Information: 1
2026-09-26 01:33:25 [PcorgSync] INFO       PCO.Secours: 1
2026-09-26 01:33:25 [PcorgSync] INFO     Curseur DateWrite : 2026-09-25 23:29:15.963000
2026-09-26 01:33:25 [PcorgSync] INFO     Config pcorg : aucune nouvelle valeur
2026-09-26 01:33:25 [PcorgSync] INFO     Total en base : 29701 docs (29701 attribués, 2734 avec GPS)
2026-09-26 01:33:25 [PcorgSync] INFO   ============================================================
2026-09-26 01:33:26 [PcorgSync] INFO Sync terminee avec succes
2026-09-26 01:38:44 [PcorgSync] INFO Lancement sync incremental
2026-09-26 01:38:45 [PcorgSync] INFO     Messages SQL récupérés : 1
2026-09-26 01:38:45 [PcorgSync] INFO     Documents upsertés : 1
2026-09-26 01:38:45 [PcorgSync] INFO     Répartition par événement :
2026-09-26 01:38:45 [PcorgSync] INFO       24H CAMIONS 2026: 1
2026-09-26 01:38:45 [PcorgSync] INFO     Répartition par catégorie :
2026-09-26 01:38:45 [PcorgSync] INFO       PCO.Secours: 1
2026-09-26 01:38:45 [PcorgSync] INFO     Curseur DateWrite : 2026-09-25 23:29:15.963000
2026-09-26 01:38:45 [PcorgSync] INFO     Config pcorg : aucune nouvelle valeur
2026-09-26 01:38:45 [PcorgSync] INFO     Total en base : 29701 docs (29701 attribués, 2734 avec GPS)
2026-09-26 01:38:45 [PcorgSync] INFO   ============================================================
2026-09-26 01:38:45 [PcorgSync] INFO Sync terminee avec succes
2026-09-26 01:43:39 [PcorgSync] INFO Lancement sync incremental
2026-09-26 01:43:41 [PcorgSync] INFO     Messages SQL récupérés : 1
2026-09-26 01:43:41 [PcorgSync] INFO     Documents upsertés : 1
2026-09-26 01:43:41 [PcorgSync] INFO     Répartition par événement :
2026-09-26 01:43:41 [PcorgSync] INFO       24H CAMIONS 2026: 1
2026-09-26 01:43:41 [PcorgSync] INFO     Répartition par catégorie :
2026-09-26 01:43:41 [PcorgSync] INFO       PCO.Secours: 1
2026-09-26 01:43:41 [PcorgSync] INFO     Curseur DateWrite : 2026-09-25 23:29:15.963000
2026-09-26 01:43:41 [PcorgSync] INFO     Config pcorg : aucune nouvelle valeur
2026-09-26 01:43:41 [PcorgSync] INFO     Total en base : 29701 docs (29701 attribués, 2734 avec GPS)
2026-09-26 01:43:41 [PcorgSync] INFO   ============================================================
2026-09-26 01:43:41 [PcorgSync] INFO Sync terminee avec succes
2026-09-26 01:48:14 [PcorgSync] INFO Lancement sync incremental
2026-09-26 01:48:15 [PcorgSync] INFO     Messages SQL récupérés : 1
2026-09-26 01:48:15 [PcorgSync] INFO     Documents upsertés : 1
2026-09-26 01:48:15 [PcorgSync] INFO     Répartition par événement :
2026-09-26 01:48:15 [PcorgSync] INFO       24H CAMIONS 2026: 1
2026-09-26 01:48:15 [PcorgSync] INFO     Répartition par catégorie :
2026-09-26 01:48:15 [PcorgSync] INFO       PCO.Secours: 1
2026-09-26 01:48:15 [PcorgSync] INFO     Curseur DateWrite : 2026-09-25 23:29:15.963000
2026-09-26 01:48:15 [PcorgSync] INFO     Config pcorg : aucune nouvelle valeur
2026-09-26 01:48:15 [PcorgSync] INFO     Total en base : 29701 docs (29701 attribués, 2734 avec GPS)
2026-09-26 01:48:15 [PcorgSync] INFO   ============================================================
2026-09-26 01:48:16 [PcorgSync] INFO Sync terminee avec succes
2026-09-26 01:53:44 [PcorgSync] INFO Lancement sync incremental
2026-09-26 01:53:45 [PcorgSync] INFO     Messages SQL récupérés : 1
2026-09-26 01:53:45 [PcorgSync] INFO     Documents upsertés : 1
2026-09-26 01:53:45 [PcorgSync] INFO     Répartition par événement :
2026-09-26 01:53:45 [PcorgSync] INFO       24H CAMIONS 2026: 1
2026-09-26 01:53:45 [PcorgSync] INFO     Répartition par catégorie :
2026-09-26 01:53:45 [PcorgSync] INFO       PCO.Secours: 1
2026-09-26 01:53:45 [PcorgSync] INFO     Curseur DateWrite : 2026-09-25 23:29:15.963000
2026-09-26 01:53:45 [PcorgSync] INFO     Config pcorg : aucune nouvelle valeur
2026-09-26 01:53:45 [PcorgSync] INFO     Total en base : 29701 docs (29701 attribués, 2734 avec GPS)
2026-09-26 01:53:45 [PcorgSync] INFO   ============================================================
2026-09-26 01:53:45 [PcorgSync] INFO Sync terminee avec succes
2026-09-26 01:58:14 [PcorgSync] INFO Lancement sync incremental
2026-09-26 01:58:15 [PcorgSync] INFO     Messages SQL récupérés : 1
2026-09-26 01:58:15 [PcorgSync] INFO     Documents upsertés : 1
2026-09-26 01:58:15 [PcorgSync] INFO     Répartition par événement :
2026-09-26 01:58:15 [PcorgSync] INFO       24H CAMIONS 2026: 1
2026-09-26 01:58:15 [PcorgSync] INFO     Répartition par catégorie :
2026-09-26 01:58:15 [PcorgSync] INFO       PCO.Secours: 1
2026-09-26 01:58:15 [PcorgSync] INFO     Curseur DateWrite : 2026-09-25 23:29:15.963000
2026-09-26 01:58:15 [PcorgSync] INFO     Config pcorg : aucune nouvelle valeur
2026-09-26 01:58:15 [PcorgSync] INFO     Total en base : 29701 docs (29701 attribués, 2734 avec GPS)
2026-09-26 01:58:15 [PcorgSync] INFO   ============================================================
2026-09-26 01:58:15 [PcorgSync] INFO Sync terminee avec succes
2026-09-26 02:03:14 [PcorgSync] INFO Lancement sync incremental
2026-09-26 02:03:15 [PcorgSync] INFO     Messages SQL récupérés : 1
2026-09-26 02:03:15 [PcorgSync] INFO     Documents upsertés : 1
2026-09-26 02:03:15 [PcorgSync] INFO     Répartition par événement :
2026-09-26 02:03:15 [PcorgSync] INFO       24H CAMIONS 2026: 1
2026-09-26 02:03:15 [PcorgSync] INFO     Répartition par catégorie :
2026-09-26 02:03:15 [PcorgSync] INFO       PCO.Secours: 1
2026-09-26 02:03:15 [PcorgSync] INFO     Curseur DateWrite : 2026-09-25 23:29:15.963000
2026-09-26 02:03:15 [PcorgSync] INFO     Config pcorg : aucune nouvelle valeur
2026-09-26 02:03:15 [PcorgSync] INFO     Total en base : 29701 docs (29701 attribués, 2734 avec GPS)
2026-09-26 02:03:15 [PcorgSync] INFO   ============================================================
2026-09-26 02:03:15 [PcorgSync] INFO Sync terminee avec succes
2026-09-26 02:08:44 [PcorgSync] INFO Lancement sync incremental
2026-09-26 02:08:45 [PcorgSync] INFO     Messages SQL récupérés : 1
2026-09-26 02:08:45 [PcorgSync] INFO     Documents upsertés : 1
2026-09-26 02:08:45 [PcorgSync] INFO     Répartition par événement :
2026-09-26 02:08:45 [PcorgSync] INFO       24H CAMIONS 2026: 1
2026-09-26 02:08:45 [PcorgSync] INFO     Répartition par catégorie :
2026-09-26 02:08:45 [PcorgSync] INFO       PCO.Secours: 1
2026-09-26 02:08:45 [PcorgSync] INFO     Curseur DateWrite : 2026-09-25 23:29:15.963000
2026-09-26 02:08:45 [PcorgSync] INFO     Config pcorg : aucune nouvelle valeur
2026-09-26 02:08:45 [PcorgSync] INFO     Total en base : 29701 docs (29701 attribués, 2734 avec GPS)
2026-09-26 02:08:45 [PcorgSync] INFO   ============================================================
2026-09-26 02:08:45 [PcorgSync] INFO Sync terminee avec succes
2026-09-26 02:13:29 [PcorgSync] INFO Lancement sync incremental
2026-09-26 02:13:30 [PcorgSync] INFO     Messages SQL récupérés : 1
2026-09-26 02:13:30 [PcorgSync] INFO     Documents upsertés : 1
2026-09-26 02:13:30 [PcorgSync] INFO     Répartition par événement :
2026-09-26 02:13:30 [PcorgSync] INFO       24H CAMIONS 2026: 1
2026-09-26 02:13:30 [PcorgSync] INFO     Répartition par catégorie :
2026-09-26 02:13:30 [PcorgSync] INFO       PCO.Secours: 1
2026-09-26 02:13:30 [PcorgSync] INFO     Curseur DateWrite : 2026-09-25 23:29:15.963000
2026-09-26 02:13:30 [PcorgSync] INFO     Config pcorg : aucune nouvelle valeur
2026-09-26 02:13:30 [PcorgSync] INFO     Total en base : 29701 docs (29701 attribués, 2734 avec GPS)
2026-09-26 02:13:30 [PcorgSync] INFO   ============================================================
2026-09-26 02:13:30 [PcorgSync] INFO Sync terminee avec succes
2026-09-26 02:18:14 [PcorgSync] INFO Lancement sync incremental
2026-09-26 02:18:16 [PcorgSync] INFO     Messages SQL récupérés : 1
2026-09-26 02:18:16 [PcorgSync] INFO     Documents upsertés : 1
2026-09-26 02:18:16 [PcorgSync] INFO     Répartition par événement :
2026-09-26 02:18:16 [PcorgSync] INFO       24H CAMIONS 2026: 1
2026-09-26 02:18:16 [PcorgSync] INFO     Répartition par catégorie :
2026-09-26 02:18:16 [PcorgSync] INFO       PCO.Secours: 1
2026-09-26 02:18:16 [PcorgSync] INFO     Curseur DateWrite : 2026-09-25 23:29:15.963000
2026-09-26 02:18:16 [PcorgSync] INFO     Config pcorg : aucune nouvelle valeur
2026-09-26 02:18:16 [PcorgSync] INFO     Total en base : 29701 docs (29701 attribués, 2734 avec GPS)
2026-09-26 02:18:16 [PcorgSync] INFO   ============================================================
2026-09-26 02:18:16 [PcorgSync] INFO Sync terminee avec succes
2026-09-26 02:23:44 [PcorgSync] INFO Lancement sync incremental
2026-09-26 02:23:46 [PcorgSync] INFO     Messages SQL récupérés : 1
2026-09-26 02:23:46 [PcorgSync] INFO     Documents upsertés : 1
2026-09-26 02:23:46 [PcorgSync] INFO     Répartition par événement :
2026-09-26 02:23:46 [PcorgSync] INFO       24H CAMIONS 2026: 1
2026-09-26 02:23:46 [PcorgSync] INFO     Répartition par catégorie :
2026-09-26 02:23:46 [PcorgSync] INFO       PCO.Secours: 1
2026-09-26 02:23:46 [PcorgSync] INFO     Curseur DateWrite : 2026-09-25 23:29:15.963000
2026-09-26 02:23:46 [PcorgSync] INFO     Config pcorg : aucune nouvelle valeur
2026-09-26 02:23:46 [PcorgSync] INFO     Total en base : 29701 docs (29701 attribués, 2734 avec GPS)
2026-09-26 02:23:46 [PcorgSync] INFO   ============================================================
2026-09-26 02:23:46 [PcorgSync] INFO Sync terminee avec succes
2026-09-26 02:28:14 [PcorgSync] INFO Lancement sync incremental
2026-09-26 02:28:16 [PcorgSync] INFO     Messages SQL récupérés : 1
2026-09-26 02:28:16 [PcorgSync] INFO     Documents upsertés : 1
2026-09-26 02:28:16 [PcorgSync] INFO     Répartition par événement :
2026-09-26 02:28:16 [PcorgSync] INFO       24H CAMIONS 2026: 1
2026-09-26 02:28:16 [PcorgSync] INFO     Répartition par catégorie :
2026-09-26 02:28:16 [PcorgSync] INFO       PCO.Secours: 1
2026-09-26 02:28:16 [PcorgSync] INFO     Curseur DateWrite : 2026-09-25 23:29:15.963000
2026-09-26 02:28:16 [PcorgSync] INFO     Config pcorg : aucune nouvelle valeur
2026-09-26 02:28:16 [PcorgSync] INFO     Total en base : 29701 docs (29701 attribués, 2734 avec GPS)
2026-09-26 02:28:16 [PcorgSync] INFO   ============================================================
2026-09-26 02:28:16 [PcorgSync] INFO Sync terminee avec succes
2026-09-26 02:33:24 [PcorgSync] INFO Lancement sync incremental
2026-09-26 02:33:26 [PcorgSync] INFO     Messages SQL récupérés : 1
2026-09-26 02:33:26 [PcorgSync] INFO     Documents upsertés : 1
2026-09-26 02:33:26 [PcorgSync] INFO     Répartition par événement :
2026-09-26 02:33:26 [PcorgSync] INFO       24H CAMIONS 2026: 1
2026-09-26 02:33:26 [PcorgSync] INFO     Répartition par catégorie :
2026-09-26 02:33:26 [PcorgSync] INFO       PCO.Secours: 1
2026-09-26 02:33:26 [PcorgSync] INFO     Curseur DateWrite : 2026-09-25 23:29:15.963000
2026-09-26 02:33:26 [PcorgSync] INFO     Config pcorg : aucune nouvelle valeur
2026-09-26 02:33:26 [PcorgSync] INFO     Total en base : 29701 docs (29701 attribués, 2734 avec GPS)
2026-09-26 02:33:26 [PcorgSync] INFO   ============================================================
2026-09-26 02:33:26 [PcorgSync] INFO Sync terminee avec succes
2026-09-26 02:38:14 [PcorgSync] INFO Lancement sync incremental
2026-09-26 02:38:16 [PcorgSync] INFO     Messages SQL récupérés : 1
2026-09-26 02:38:16 [PcorgSync] INFO     Documents upsertés : 1
2026-09-26 02:38:16 [PcorgSync] INFO     Répartition par événement :
2026-09-26 02:38:16 [PcorgSync] INFO       24H CAMIONS 2026: 1
2026-09-26 02:38:16 [PcorgSync] INFO     Répartition par catégorie :
2026-09-26 02:38:16 [PcorgSync] INFO       PCO.Secours: 1
2026-09-26 02:38:16 [PcorgSync] INFO     Curseur DateWrite : 2026-09-25 23:29:15.963000
2026-09-26 02:38:16 [PcorgSync] INFO     Config pcorg : aucune nouvelle valeur
2026-09-26 02:38:16 [PcorgSync] INFO     Total en base : 29701 docs (29701 attribués, 2734 avec GPS)
2026-09-26 02:38:16 [PcorgSync] INFO   ============================================================
2026-09-26 02:38:16 [PcorgSync] INFO Sync terminee avec succes
2026-09-26 02:43:24 [PcorgSync] INFO Lancement sync incremental
2026-09-26 02:43:25 [PcorgSync] INFO     Messages SQL récupérés : 1
2026-09-26 02:43:25 [PcorgSync] INFO     Documents upsertés : 1
2026-09-26 02:43:25 [PcorgSync] INFO     Répartition par événement :
2026-09-26 02:43:25 [PcorgSync] INFO       24H CAMIONS 2026: 1
2026-09-26 02:43:25 [PcorgSync] INFO     Répartition par catégorie :
2026-09-26 02:43:25 [PcorgSync] INFO       PCO.Secours: 1
2026-09-26 02:43:25 [PcorgSync] INFO     Curseur DateWrite : 2026-09-25 23:29:15.963000
2026-09-26 02:43:25 [PcorgSync] INFO     Config pcorg : aucune nouvelle valeur
2026-09-26 02:43:25 [PcorgSync] INFO     Total en base : 29701 docs (29701 attribués, 2734 avec GPS)
2026-09-26 02:43:25 [PcorgSync] INFO   ============================================================
2026-09-26 02:43:26 [PcorgSync] INFO Sync terminee avec succes
2026-09-26 02:48:29 [PcorgSync] INFO Lancement sync incremental
2026-09-26 02:48:30 [PcorgSync] INFO     Messages SQL récupérés : 1
2026-09-26 02:48:30 [PcorgSync] INFO     Documents upsertés : 1
2026-09-26 02:48:30 [PcorgSync] INFO     Répartition par événement :
2026-09-26 02:48:30 [PcorgSync] INFO       24H CAMIONS 2026: 1
2026-09-26 02:48:30 [PcorgSync] INFO     Répartition par catégorie :
2026-09-26 02:48:30 [PcorgSync] INFO       PCO.Secours: 1
2026-09-26 02:48:30 [PcorgSync] INFO     Curseur DateWrite : 2026-09-25 23:29:15.963000
2026-09-26 02:48:30 [PcorgSync] INFO     Config pcorg : aucune nouvelle valeur
2026-09-26 02:48:30 [PcorgSync] INFO     Total en base : 29701 docs (29701 attribués, 2734 avec GPS)
2026-09-26 02:48:30 [PcorgSync] INFO   ============================================================
2026-09-26 02:48:30 [PcorgSync] INFO Sync terminee avec succes
2026-09-26 02:53:29 [PcorgSync] INFO Lancement sync incremental
2026-09-26 02:53:30 [PcorgSync] INFO     Messages SQL récupérés : 1
2026-09-26 02:53:30 [PcorgSync] INFO     Documents upsertés : 1
2026-09-26 02:53:30 [PcorgSync] INFO     Répartition par événement :
2026-09-26 02:53:30 [PcorgSync] INFO       24H CAMIONS 2026: 1
2026-09-26 02:53:30 [PcorgSync] INFO     Répartition par catégorie :
2026-09-26 02:53:30 [PcorgSync] INFO       PCO.Secours: 1
2026-09-26 02:53:30 [PcorgSync] INFO     Curseur DateWrite : 2026-09-25 23:29:15.963000
2026-09-26 02:53:30 [PcorgSync] INFO     Config pcorg : aucune nouvelle valeur
2026-09-26 02:53:30 [PcorgSync] INFO     Total en base : 29701 docs (29701 attribués, 2734 avec GPS)
2026-09-26 02:53:30 [PcorgSync] INFO   ============================================================
2026-09-26 02:53:30 [PcorgSync] INFO Sync terminee avec succes
2026-09-26 02:58:14 [PcorgSync] INFO Lancement sync incremental
2026-09-26 02:58:16 [PcorgSync] INFO     Messages SQL récupérés : 2
2026-09-26 02:58:16 [PcorgSync] INFO     Documents upsertés : 2
2026-09-26 02:58:16 [PcorgSync] INFO     Répartition par événement :
2026-09-26 02:58:16 [PcorgSync] INFO       24H CAMIONS 2026: 2
2026-09-26 02:58:16 [PcorgSync] INFO     Répartition par catégorie :
2026-09-26 02:58:16 [PcorgSync] INFO       PCO.Secours: 2
2026-09-26 02:58:16 [PcorgSync] INFO     Curseur DateWrite : 2026-09-26 00:53:57.857000
2026-09-26 02:58:16 [PcorgSync] INFO     Config pcorg : aucune nouvelle valeur
2026-09-26 02:58:16 [PcorgSync] INFO     Total en base : 29702 docs (29702 attribués, 2735 avec GPS)
2026-09-26 02:58:16 [PcorgSync] INFO   ============================================================
2026-09-26 02:58:16 [PcorgSync] INFO Sync terminee avec succes
2026-09-26 03:03:14 [PcorgSync] INFO Lancement sync incremental
2026-09-26 03:03:15 [PcorgSync] INFO     Messages SQL récupérés : 1
2026-09-26 03:03:15 [PcorgSync] INFO     Documents upsertés : 1
2026-09-26 03:03:15 [PcorgSync] INFO     Répartition par événement :
2026-09-26 03:03:15 [PcorgSync] INFO       24H CAMIONS 2026: 1
2026-09-26 03:03:15 [PcorgSync] INFO     Répartition par catégorie :
2026-09-26 03:03:15 [PcorgSync] INFO       PCO.Securite: 1
2026-09-26 03:03:15 [PcorgSync] INFO     Curseur DateWrite : 2026-09-26 01:03:12.400000
2026-09-26 03:03:15 [PcorgSync] INFO     Config pcorg : aucune nouvelle valeur
2026-09-26 03:03:15 [PcorgSync] INFO     Total en base : 29703 docs (29703 attribués, 2736 avec GPS)
2026-09-26 03:03:15 [PcorgSync] INFO   ============================================================
2026-09-26 03:03:15 [PcorgSync] INFO Sync terminee avec succes
2026-09-26 03:08:44 [PcorgSync] INFO Lancement sync incremental
2026-09-26 03:08:45 [PcorgSync] INFO   ============================================================
2026-09-26 03:08:45 [PcorgSync] INFO   
2026-09-26 03:08:45 [PcorgSync] INFO   Dernier sync : 2026-09-26 01:03:12.400000
2026-09-26 03:08:45 [PcorgSync] INFO   Connexion SQL Server...
2026-09-26 03:08:45 [PcorgSync] INFO     Driver ODBC : ODBC Driver 18 for SQL Server
2026-09-26 03:08:45 [PcorgSync] INFO     Port résolu via SQL Browser : 65422
2026-09-26 03:08:45 [PcorgSync] INFO     Connecté à 10.34.0.4,65422
2026-09-26 03:08:45 [PcorgSync] INFO   Récupération par lots de 1000...
2026-09-26 03:08:45 [PcorgSync] INFO   
2026-09-26 03:08:45 [PcorgSync] INFO   Aucun nouveau message. Rien à synchroniser.
2026-09-26 03:08:45 [PcorgSync] INFO Sync terminee avec succes
2026-09-26 03:13:29 [PcorgSync] INFO Lancement sync incremental
2026-09-26 03:13:30 [PcorgSync] INFO     Messages SQL récupérés : 2
2026-09-26 03:13:30 [PcorgSync] INFO     Documents upsertés : 2
2026-09-26 03:13:30 [PcorgSync] INFO     Répartition par événement :
2026-09-26 03:13:30 [PcorgSync] INFO       24H CAMIONS 2026: 2
2026-09-26 03:13:30 [PcorgSync] INFO     Répartition par catégorie :
2026-09-26 03:13:30 [PcorgSync] INFO       PCO.Secours: 2
2026-09-26 03:13:30 [PcorgSync] INFO     Curseur DateWrite : 2026-09-26 01:13:19.797000
2026-09-26 03:13:30 [PcorgSync] INFO     Config pcorg : aucune nouvelle valeur
2026-09-26 03:13:30 [PcorgSync] INFO     Total en base : 29704 docs (29704 attribués, 2737 avec GPS)
2026-09-26 03:13:30 [PcorgSync] INFO   ============================================================
2026-09-26 03:13:30 [PcorgSync] INFO Sync terminee avec succes
2026-09-26 03:18:14 [PcorgSync] INFO Lancement sync incremental
2026-09-26 03:18:15 [PcorgSync] INFO   ============================================================
2026-09-26 03:18:15 [PcorgSync] INFO   
2026-09-26 03:18:15 [PcorgSync] INFO   Dernier sync : 2026-09-26 01:13:19.797000
2026-09-26 03:18:15 [PcorgSync] INFO   Connexion SQL Server...
2026-09-26 03:18:15 [PcorgSync] INFO     Driver ODBC : ODBC Driver 18 for SQL Server
2026-09-26 03:18:15 [PcorgSync] INFO     Port résolu via SQL Browser : 65422
2026-09-26 03:18:15 [PcorgSync] INFO     Connecté à 10.34.0.4,65422
2026-09-26 03:18:15 [PcorgSync] INFO   Récupération par lots de 1000...
2026-09-26 03:18:15 [PcorgSync] INFO   
2026-09-26 03:18:15 [PcorgSync] INFO   Aucun nouveau message. Rien à synchroniser.
2026-09-26 03:18:15 [PcorgSync] INFO Sync terminee avec succes
2026-09-26 03:23:44 [PcorgSync] INFO Lancement sync incremental
2026-09-26 03:23:45 [PcorgSync] INFO     Messages SQL récupérés : 1
2026-09-26 03:23:45 [PcorgSync] INFO     Documents upsertés : 1
2026-09-26 03:23:45 [PcorgSync] INFO     Répartition par événement :
2026-09-26 03:23:45 [PcorgSync] INFO       24H CAMIONS 2026: 1
2026-09-26 03:23:45 [PcorgSync] INFO     Répartition par catégorie :
2026-09-26 03:23:45 [PcorgSync] INFO       PCO.Securite: 1
2026-09-26 03:23:45 [PcorgSync] INFO     Curseur DateWrite : 2026-09-26 01:22:47.097000
2026-09-26 03:23:45 [PcorgSync] INFO     Config pcorg : aucune nouvelle valeur
2026-09-26 03:23:45 [PcorgSync] INFO     Total en base : 29704 docs (29704 attribués, 2737 avec GPS)
2026-09-26 03:23:45 [PcorgSync] INFO   ============================================================
2026-09-26 03:23:45 [PcorgSync] INFO Sync terminee avec succes
2026-09-26 03:28:14 [PcorgSync] INFO Lancement sync incremental
2026-09-26 03:28:15 [PcorgSync] INFO   ============================================================
2026-09-26 03:28:15 [PcorgSync] INFO   
2026-09-26 03:28:15 [PcorgSync] INFO   Dernier sync : 2026-09-26 01:22:47.097000
2026-09-26 03:28:15 [PcorgSync] INFO   Connexion SQL Server...
2026-09-26 03:28:15 [PcorgSync] INFO     Driver ODBC : ODBC Driver 18 for SQL Server
2026-09-26 03:28:15 [PcorgSync] INFO     Port résolu via SQL Browser : 65422
2026-09-26 03:28:15 [PcorgSync] INFO     Connecté à 10.34.0.4,65422
2026-09-26 03:28:15 [PcorgSync] INFO   Récupération par lots de 1000...
2026-09-26 03:28:15 [PcorgSync] INFO   
2026-09-26 03:28:15 [PcorgSync] INFO   Aucun nouveau message. Rien à synchroniser.
2026-09-26 03:28:15 [PcorgSync] INFO Sync terminee avec succes
2026-09-26 03:33:14 [PcorgSync] INFO Lancement sync incremental
2026-09-26 03:33:15 [PcorgSync] INFO     Messages SQL récupérés : 1
2026-09-26 03:33:15 [PcorgSync] INFO     Documents upsertés : 1
2026-09-26 03:33:15 [PcorgSync] INFO     Répartition par événement :
2026-09-26 03:33:15 [PcorgSync] INFO       24H CAMIONS 2026: 1
2026-09-26 03:33:15 [PcorgSync] INFO     Répartition par catégorie :
2026-09-26 03:33:15 [PcorgSync] INFO       PCO.Securite: 1
2026-09-26 03:33:15 [PcorgSync] INFO     Curseur DateWrite : 2026-09-26 01:32:42.597000
2026-09-26 03:33:15 [PcorgSync] INFO     Config pcorg : aucune nouvelle valeur
2026-09-26 03:33:15 [PcorgSync] INFO     Total en base : 29704 docs (29704 attribués, 2737 avec GPS)
2026-09-26 03:33:15 [PcorgSync] INFO   ============================================================
2026-09-26 03:33:15 [PcorgSync] INFO Sync terminee avec succes
2026-09-26 03:38:29 [PcorgSync] INFO Lancement sync incremental
2026-09-26 03:38:30 [PcorgSync] INFO   ============================================================
2026-09-26 03:38:30 [PcorgSync] INFO   
2026-09-26 03:38:30 [PcorgSync] INFO   Dernier sync : 2026-09-26 01:32:42.597000
2026-09-26 03:38:30 [PcorgSync] INFO   Connexion SQL Server...
2026-09-26 03:38:30 [PcorgSync] INFO     Driver ODBC : ODBC Driver 18 for SQL Server
2026-09-26 03:38:30 [PcorgSync] INFO     Port résolu via SQL Browser : 65422
2026-09-26 03:38:30 [PcorgSync] INFO     Connecté à 10.34.0.4,65422
2026-09-26 03:38:30 [PcorgSync] INFO   Récupération par lots de 1000...
2026-09-26 03:38:30 [PcorgSync] INFO   
2026-09-26 03:38:30 [PcorgSync] INFO   Aucun nouveau message. Rien à synchroniser.
2026-09-26 03:38:30 [PcorgSync] INFO Sync terminee avec succes
2026-09-26 03:43:39 [PcorgSync] INFO Lancement sync incremental
2026-09-26 03:43:40 [PcorgSync] INFO   ============================================================
2026-09-26 03:43:40 [PcorgSync] INFO   
2026-09-26 03:43:40 [PcorgSync] INFO   Dernier sync : 2026-09-26 01:32:42.597000
2026-09-26 03:43:40 [PcorgSync] INFO   Connexion SQL Server...
2026-09-26 03:43:40 [PcorgSync] INFO     Driver ODBC : ODBC Driver 18 for SQL Server
2026-09-26 03:43:40 [PcorgSync] INFO     Port résolu via SQL Browser : 65422
2026-09-26 03:43:40 [PcorgSync] INFO     Connecté à 10.34.0.4,65422
2026-09-26 03:43:40 [PcorgSync] INFO   Récupération par lots de 1000...
2026-09-26 03:43:40 [PcorgSync] INFO   
2026-09-26 03:43:40 [PcorgSync] INFO   Aucun nouveau message. Rien à synchroniser.
2026-09-26 03:43:40 [PcorgSync] INFO Sync terminee avec succes
2026-09-26 03:48:14 [PcorgSync] INFO Lancement sync incremental
2026-09-26 03:48:15 [PcorgSync] INFO   ============================================================
2026-09-26 03:48:15 [PcorgSync] INFO   
2026-09-26 03:48:15 [PcorgSync] INFO   Dernier sync : 2026-09-26 01:32:42.597000
2026-09-26 03:48:15 [PcorgSync] INFO   Connexion SQL Server...
2026-09-26 03:48:15 [PcorgSync] INFO     Driver ODBC : ODBC Driver 18 for SQL Server
2026-09-26 03:48:15 [PcorgSync] INFO     Port résolu via SQL Browser : 65422
2026-09-26 03:48:15 [PcorgSync] INFO     Connecté à 10.34.0.4,65422
2026-09-26 03:48:15 [PcorgSync] INFO   Récupération par lots de 1000...
2026-09-26 03:48:15 [PcorgSync] INFO   
2026-09-26 03:48:15 [PcorgSync] INFO   Aucun nouveau message. Rien à synchroniser.
2026-09-26 03:48:15 [PcorgSync] INFO Sync terminee avec succes
2026-09-26 03:53:29 [PcorgSync] INFO Lancement sync incremental
2026-09-26 03:53:30 [PcorgSync] INFO   ============================================================
2026-09-26 03:53:30 [PcorgSync] INFO   
2026-09-26 03:53:30 [PcorgSync] INFO   Dernier sync : 2026-09-26 01:32:42.597000
2026-09-26 03:53:30 [PcorgSync] INFO   Connexion SQL Server...
2026-09-26 03:53:30 [PcorgSync] INFO     Driver ODBC : ODBC Driver 18 for SQL Server
2026-09-26 03:53:30 [PcorgSync] INFO     Port résolu via SQL Browser : 65422
2026-09-26 03:53:30 [PcorgSync] INFO     Connecté à 10.34.0.4,65422
2026-09-26 03:53:30 [PcorgSync] INFO   Récupération par lots de 1000...
2026-09-26 03:53:30 [PcorgSync] INFO   
2026-09-26 03:53:30 [PcorgSync] INFO   Aucun nouveau message. Rien à synchroniser.
2026-09-26 03:53:30 [PcorgSync] INFO Sync terminee avec succes
2026-09-26 03:58:14 [PcorgSync] INFO Lancement sync incremental
2026-09-26 03:58:16 [PcorgSync] INFO     Documents upsertés : 2
2026-09-26 03:58:16 [PcorgSync] INFO     Répartition par événement :
2026-09-26 03:58:16 [PcorgSync] INFO       24H CAMIONS 2026: 2
2026-09-26 03:58:16 [PcorgSync] INFO     Répartition par catégorie :
2026-09-26 03:58:16 [PcorgSync] INFO       PCO.Secours: 1
2026-09-26 03:58:16 [PcorgSync] INFO       PCO.Securite: 1
2026-09-26 03:58:16 [PcorgSync] INFO     Curseur DateWrite : 2026-09-26 01:55:40.963000
2026-09-26 03:58:16 [PcorgSync] INFO     Config pcorg : aucune nouvelle valeur
2026-09-26 03:58:16 [PcorgSync] INFO     Total en base : 29704 docs (29704 attribués, 2737 avec GPS)
2026-09-26 03:58:16 [PcorgSync] INFO   ============================================================
2026-09-26 03:58:16 [PcorgSync] INFO Sync terminee avec succes
2026-09-26 04:03:14 [PcorgSync] INFO Lancement sync incremental
2026-09-26 04:03:15 [PcorgSync] INFO     Documents upsertés : 3
2026-09-26 04:03:15 [PcorgSync] INFO     Répartition par événement :
2026-09-26 04:03:15 [PcorgSync] INFO       24H CAMIONS 2026: 3
2026-09-26 04:03:15 [PcorgSync] INFO     Répartition par catégorie :
2026-09-26 04:03:15 [PcorgSync] INFO       PCO.Secours: 2
2026-09-26 04:03:15 [PcorgSync] INFO       PCO.Securite: 1
2026-09-26 04:03:15 [PcorgSync] INFO     Curseur DateWrite : 2026-09-26 02:03:14.227000
2026-09-26 04:03:15 [PcorgSync] INFO     Config pcorg : aucune nouvelle valeur
2026-09-26 04:03:15 [PcorgSync] INFO     Total en base : 29705 docs (29705 attribués, 2738 avec GPS)
2026-09-26 04:03:15 [PcorgSync] INFO   ============================================================
2026-09-26 04:03:15 [PcorgSync] INFO Sync terminee avec succes
2026-09-26 04:08:44 [PcorgSync] INFO Lancement sync incremental
2026-09-26 04:08:45 [PcorgSync] INFO     Messages SQL récupérés : 1
2026-09-26 04:08:45 [PcorgSync] INFO     Documents upsertés : 1
2026-09-26 04:08:45 [PcorgSync] INFO     Répartition par événement :
2026-09-26 04:08:45 [PcorgSync] INFO       24H CAMIONS 2026: 1
2026-09-26 04:08:45 [PcorgSync] INFO     Répartition par catégorie :
2026-09-26 04:08:45 [PcorgSync] INFO       PCO.Secours: 1
2026-09-26 04:08:45 [PcorgSync] INFO     Curseur DateWrite : 2026-09-26 02:06:06.663000
2026-09-26 04:08:45 [PcorgSync] INFO     Config pcorg : aucune nouvelle valeur
2026-09-26 04:08:45 [PcorgSync] INFO     Total en base : 29706 docs (29706 attribués, 2739 avec GPS)
2026-09-26 04:08:45 [PcorgSync] INFO   ============================================================
2026-09-26 04:08:45 [PcorgSync] INFO Sync terminee avec succes
2026-09-26 04:13:39 [PcorgSync] INFO Lancement sync incremental
2026-09-26 04:13:40 [PcorgSync] INFO     Messages SQL récupérés : 1
2026-09-26 04:13:40 [PcorgSync] INFO     Documents upsertés : 1
2026-09-26 04:13:40 [PcorgSync] INFO     Répartition par événement :
2026-09-26 04:13:40 [PcorgSync] INFO       24H CAMIONS 2026: 1
2026-09-26 04:13:40 [PcorgSync] INFO     Répartition par catégorie :
2026-09-26 04:13:40 [PcorgSync] INFO       PCO.Secours: 1
2026-09-26 04:13:40 [PcorgSync] INFO     Curseur DateWrite : 2026-09-26 02:06:06.663000
2026-09-26 04:13:40 [PcorgSync] INFO     Config pcorg : aucune nouvelle valeur
2026-09-26 04:13:40 [PcorgSync] INFO     Total en base : 29706 docs (29706 attribués, 2739 avec GPS)
2026-09-26 04:13:40 [PcorgSync] INFO   ============================================================
2026-09-26 04:13:40 [PcorgSync] INFO Sync terminee avec succes
2026-09-26 04:18:14 [PcorgSync] INFO Lancement sync incremental
2026-09-26 04:18:15 [PcorgSync] INFO     Messages SQL récupérés : 1
2026-09-26 04:18:15 [PcorgSync] INFO     Documents upsertés : 1
2026-09-26 04:18:15 [PcorgSync] INFO     Répartition par événement :
2026-09-26 04:18:15 [PcorgSync] INFO       24H CAMIONS 2026: 1
2026-09-26 04:18:15 [PcorgSync] INFO     Répartition par catégorie :
2026-09-26 04:18:15 [PcorgSync] INFO       PCO.Secours: 1
2026-09-26 04:18:15 [PcorgSync] INFO     Curseur DateWrite : 2026-09-26 02:06:06.663000
2026-09-26 04:18:15 [PcorgSync] INFO     Config pcorg : aucune nouvelle valeur
2026-09-26 04:18:15 [PcorgSync] INFO     Total en base : 29706 docs (29706 attribués, 2739 avec GPS)
2026-09-26 04:18:15 [PcorgSync] INFO   ============================================================
2026-09-26 04:18:15 [PcorgSync] INFO Sync terminee avec succes
2026-09-26 04:23:29 [PcorgSync] INFO Lancement sync incremental
2026-09-26 04:23:30 [PcorgSync] INFO     Messages SQL récupérés : 1
2026-09-26 04:23:30 [PcorgSync] INFO     Documents upsertés : 1
2026-09-26 04:23:30 [PcorgSync] INFO     Répartition par événement :
2026-09-26 04:23:30 [PcorgSync] INFO       24H CAMIONS 2026: 1
2026-09-26 04:23:30 [PcorgSync] INFO     Répartition par catégorie :
2026-09-26 04:23:30 [PcorgSync] INFO       PCO.Secours: 1
2026-09-26 04:23:30 [PcorgSync] INFO     Curseur DateWrite : 2026-09-26 02:06:06.663000
2026-09-26 04:23:30 [PcorgSync] INFO     Config pcorg : aucune nouvelle valeur
2026-09-26 04:23:30 [PcorgSync] INFO     Total en base : 29706 docs (29706 attribués, 2739 avec GPS)
2026-09-26 04:23:30 [PcorgSync] INFO   ============================================================
2026-09-26 04:23:30 [PcorgSync] INFO Sync terminee avec succes
2026-09-26 04:28:39 [PcorgSync] INFO Lancement sync incremental
2026-09-26 04:28:41 [PcorgSync] INFO     Messages SQL récupérés : 1
2026-09-26 04:28:41 [PcorgSync] INFO     Documents upsertés : 1
2026-09-26 04:28:41 [PcorgSync] INFO     Répartition par événement :
2026-09-26 04:28:41 [PcorgSync] INFO       24H CAMIONS 2026: 1
2026-09-26 04:28:41 [PcorgSync] INFO     Répartition par catégorie :
2026-09-26 04:28:41 [PcorgSync] INFO       PCO.Secours: 1
2026-09-26 04:28:41 [PcorgSync] INFO     Curseur DateWrite : 2026-09-26 02:06:06.663000
2026-09-26 04:28:41 [PcorgSync] INFO     Config pcorg : aucune nouvelle valeur
2026-09-26 04:28:41 [PcorgSync] INFO     Total en base : 29706 docs (29706 attribués, 2739 avec GPS)
2026-09-26 04:28:41 [PcorgSync] INFO   ============================================================
2026-09-26 04:28:41 [PcorgSync] INFO Sync terminee avec succes
2026-09-26 04:33:14 [PcorgSync] INFO Lancement sync incremental
2026-09-26 04:33:15 [PcorgSync] INFO     Messages SQL récupérés : 1
2026-09-26 04:33:15 [PcorgSync] INFO     Documents upsertés : 1
2026-09-26 04:33:15 [PcorgSync] INFO     Répartition par événement :
2026-09-26 04:33:15 [PcorgSync] INFO       24H CAMIONS 2026: 1
2026-09-26 04:33:15 [PcorgSync] INFO     Répartition par catégorie :
2026-09-26 04:33:15 [PcorgSync] INFO       PCO.Secours: 1
2026-09-26 04:33:15 [PcorgSync] INFO     Curseur DateWrite : 2026-09-26 02:06:06.663000
2026-09-26 04:33:15 [PcorgSync] INFO     Config pcorg : aucune nouvelle valeur
2026-09-26 04:33:15 [PcorgSync] INFO     Total en base : 29706 docs (29706 attribués, 2739 avec GPS)
2026-09-26 04:33:15 [PcorgSync] INFO   ============================================================
2026-09-26 04:33:16 [PcorgSync] INFO Sync terminee avec succes
2026-09-26 04:38:44 [PcorgSync] INFO Lancement sync incremental
2026-09-26 04:38:45 [PcorgSync] INFO     Messages SQL récupérés : 1
2026-09-26 04:38:45 [PcorgSync] INFO     Documents upsertés : 1
2026-09-26 04:38:45 [PcorgSync] INFO     Répartition par événement :
2026-09-26 04:38:45 [PcorgSync] INFO       24H CAMIONS 2026: 1
2026-09-26 04:38:45 [PcorgSync] INFO     Répartition par catégorie :
2026-09-26 04:38:45 [PcorgSync] INFO       PCO.Secours: 1
2026-09-26 04:38:45 [PcorgSync] INFO     Curseur DateWrite : 2026-09-26 02:06:06.663000
2026-09-26 04:38:45 [PcorgSync] INFO     Config pcorg : aucune nouvelle valeur
2026-09-26 04:38:45 [PcorgSync] INFO     Total en base : 29706 docs (29706 attribués, 2739 avec GPS)
2026-09-26 04:38:45 [PcorgSync] INFO   ============================================================
2026-09-26 04:38:45 [PcorgSync] INFO Sync terminee avec succes
2026-09-26 04:43:39 [PcorgSync] INFO Lancement sync incremental
2026-09-26 04:43:41 [PcorgSync] INFO     Messages SQL récupérés : 1
2026-09-26 04:43:41 [PcorgSync] INFO     Documents upsertés : 1
2026-09-26 04:43:41 [PcorgSync] INFO     Répartition par événement :
2026-09-26 04:43:41 [PcorgSync] INFO       24H CAMIONS 2026: 1
2026-09-26 04:43:41 [PcorgSync] INFO     Répartition par catégorie :
2026-09-26 04:43:41 [PcorgSync] INFO       PCO.Secours: 1
2026-09-26 04:43:41 [PcorgSync] INFO     Curseur DateWrite : 2026-09-26 02:06:06.663000
2026-09-26 04:43:41 [PcorgSync] INFO     Config pcorg : aucune nouvelle valeur
2026-09-26 04:43:41 [PcorgSync] INFO     Total en base : 29706 docs (29706 attribués, 2739 avec GPS)
2026-09-26 04:43:41 [PcorgSync] INFO   ============================================================
2026-09-26 04:43:41 [PcorgSync] INFO Sync terminee avec succes
2026-09-26 04:48:39 [PcorgSync] INFO Lancement sync incremental
2026-09-26 04:48:41 [PcorgSync] INFO     Messages SQL récupérés : 1
2026-09-26 04:48:41 [PcorgSync] INFO     Documents upsertés : 1
2026-09-26 04:48:41 [PcorgSync] INFO     Répartition par événement :
2026-09-26 04:48:41 [PcorgSync] INFO       24H CAMIONS 2026: 1
2026-09-26 04:48:41 [PcorgSync] INFO     Répartition par catégorie :
2026-09-26 04:48:41 [PcorgSync] INFO       PCO.Secours: 1
2026-09-26 04:48:41 [PcorgSync] INFO     Curseur DateWrite : 2026-09-26 02:06:06.663000
2026-09-26 04:48:41 [PcorgSync] INFO     Config pcorg : aucune nouvelle valeur
2026-09-26 04:48:41 [PcorgSync] INFO     Total en base : 29706 docs (29706 attribués, 2739 avec GPS)
2026-09-26 04:48:41 [PcorgSync] INFO   ============================================================
2026-09-26 04:48:41 [PcorgSync] INFO Sync terminee avec succes
2026-09-26 04:53:39 [PcorgSync] INFO Lancement sync incremental
2026-09-26 04:53:41 [PcorgSync] INFO     Documents upsertés : 2
2026-09-26 04:53:41 [PcorgSync] INFO     Répartition par événement :
2026-09-26 04:53:41 [PcorgSync] INFO       24H CAMIONS 2026: 2
2026-09-26 04:53:41 [PcorgSync] INFO     Répartition par catégorie :
2026-09-26 04:53:41 [PcorgSync] INFO       PCO.Secours: 1
2026-09-26 04:53:41 [PcorgSync] INFO       PCO.Technique: 1
2026-09-26 04:53:41 [PcorgSync] INFO     Curseur DateWrite : 2026-09-26 02:52:36.743000
2026-09-26 04:53:41 [PcorgSync] INFO     Config pcorg : aucune nouvelle valeur
2026-09-26 04:53:41 [PcorgSync] INFO     Total en base : 29707 docs (29707 attribués, 2740 avec GPS)
2026-09-26 04:53:41 [PcorgSync] INFO   ============================================================
2026-09-26 04:53:41 [PcorgSync] INFO Sync terminee avec succes
2026-09-26 04:58:14 [PcorgSync] INFO Lancement sync incremental
2026-09-26 04:58:15 [PcorgSync] INFO     Messages SQL récupérés : 1
2026-09-26 04:58:15 [PcorgSync] INFO     Documents upsertés : 1
2026-09-26 04:58:15 [PcorgSync] INFO     Répartition par événement :
2026-09-26 04:58:15 [PcorgSync] INFO       24H CAMIONS 2026: 1
2026-09-26 04:58:15 [PcorgSync] INFO     Répartition par catégorie :
2026-09-26 04:58:15 [PcorgSync] INFO       PCO.Technique: 1
2026-09-26 04:58:15 [PcorgSync] INFO     Curseur DateWrite : 2026-09-26 02:52:36.743000
2026-09-26 04:58:15 [PcorgSync] INFO     Config pcorg : aucune nouvelle valeur
2026-09-26 04:58:15 [PcorgSync] INFO     Total en base : 29707 docs (29707 attribués, 2740 avec GPS)
2026-09-26 04:58:15 [PcorgSync] INFO   ============================================================
2026-09-26 04:58:15 [PcorgSync] INFO Sync terminee avec succes
2026-09-26 05:03:14 [PcorgSync] INFO Lancement sync incremental
2026-09-26 05:03:15 [PcorgSync] INFO     Messages SQL récupérés : 1
2026-09-26 05:03:15 [PcorgSync] INFO     Documents upsertés : 1
2026-09-26 05:03:15 [PcorgSync] INFO     Répartition par événement :
2026-09-26 05:03:15 [PcorgSync] INFO       24H CAMIONS 2026: 1
2026-09-26 05:03:15 [PcorgSync] INFO     Répartition par catégorie :
2026-09-26 05:03:15 [PcorgSync] INFO       PCO.Technique: 1
2026-09-26 05:03:15 [PcorgSync] INFO     Curseur DateWrite : 2026-09-26 02:52:36.743000
2026-09-26 05:03:15 [PcorgSync] INFO     Config pcorg : aucune nouvelle valeur
2026-09-26 05:03:15 [PcorgSync] INFO     Total en base : 29707 docs (29707 attribués, 2740 avec GPS)
2026-09-26 05:03:15 [PcorgSync] INFO   ============================================================
2026-09-26 05:03:15 [PcorgSync] INFO Sync terminee avec succes
2026-09-26 05:08:39 [PcorgSync] INFO Lancement sync incremental
2026-09-26 05:08:41 [PcorgSync] INFO     Messages SQL récupérés : 1
2026-09-26 05:08:41 [PcorgSync] INFO     Documents upsertés : 1
2026-09-26 05:08:41 [PcorgSync] INFO     Répartition par événement :
2026-09-26 05:08:41 [PcorgSync] INFO       24H CAMIONS 2026: 1
2026-09-26 05:08:41 [PcorgSync] INFO     Répartition par catégorie :
2026-09-26 05:08:41 [PcorgSync] INFO       PCO.Technique: 1
2026-09-26 05:08:41 [PcorgSync] INFO     Curseur DateWrite : 2026-09-26 02:52:36.743000
2026-09-26 05:08:41 [PcorgSync] INFO     Config pcorg : aucune nouvelle valeur
2026-09-26 05:08:41 [PcorgSync] INFO     Total en base : 29707 docs (29707 attribués, 2740 avec GPS)
2026-09-26 05:08:41 [PcorgSync] INFO   ============================================================
2026-09-26 05:08:41 [PcorgSync] INFO Sync terminee avec succes
2026-09-26 05:13:39 [PcorgSync] INFO Lancement sync incremental
2026-09-26 05:13:42 [PcorgSync] INFO     Messages SQL récupérés : 1
2026-09-26 05:13:42 [PcorgSync] INFO     Documents upsertés : 1
2026-09-26 05:13:42 [PcorgSync] INFO     Répartition par événement :
2026-09-26 05:13:42 [PcorgSync] INFO       24H CAMIONS 2026: 1
2026-09-26 05:13:42 [PcorgSync] INFO     Répartition par catégorie :
2026-09-26 05:13:42 [PcorgSync] INFO       PCO.Technique: 1
2026-09-26 05:13:42 [PcorgSync] INFO     Curseur DateWrite : 2026-09-26 02:52:36.743000
2026-09-26 05:13:42 [PcorgSync] INFO     Config pcorg : aucune nouvelle valeur
2026-09-26 05:13:42 [PcorgSync] INFO     Total en base : 29707 docs (29707 attribués, 2740 avec GPS)
2026-09-26 05:13:42 [PcorgSync] INFO   ============================================================
2026-09-26 05:13:42 [PcorgSync] INFO Sync terminee avec succes
2026-09-26 05:18:14 [PcorgSync] INFO Lancement sync incremental
2026-09-26 05:18:15 [PcorgSync] INFO     Documents upsertés : 3
2026-09-26 05:18:15 [PcorgSync] INFO     Répartition par événement :
2026-09-26 05:18:15 [PcorgSync] INFO       24H CAMIONS 2026: 3
2026-09-26 05:18:15 [PcorgSync] INFO     Répartition par catégorie :
2026-09-26 05:18:15 [PcorgSync] INFO       PCS.Surete: 2
2026-09-26 05:18:15 [PcorgSync] INFO       PCO.Technique: 1
2026-09-26 05:18:15 [PcorgSync] INFO     Curseur DateWrite : 2026-09-26 03:17:50.360000
2026-09-26 05:18:15 [PcorgSync] INFO     Config pcorg : aucune nouvelle valeur
2026-09-26 05:18:15 [PcorgSync] INFO     Total en base : 29709 docs (29709 attribués, 2740 avec GPS)
2026-09-26 05:18:15 [PcorgSync] INFO   ============================================================
2026-09-26 05:18:15 [PcorgSync] INFO Sync terminee avec succes
2026-09-26 05:23:44 [PcorgSync] INFO Lancement sync incremental
2026-09-26 05:23:45 [PcorgSync] INFO     Messages SQL récupérés : 1
2026-09-26 05:23:45 [PcorgSync] INFO     Documents upsertés : 1
2026-09-26 05:23:45 [PcorgSync] INFO     Répartition par événement :
2026-09-26 05:23:45 [PcorgSync] INFO       24H CAMIONS 2026: 1
2026-09-26 05:23:45 [PcorgSync] INFO     Répartition par catégorie :
2026-09-26 05:23:45 [PcorgSync] INFO       PCS.Surete: 1
2026-09-26 05:23:45 [PcorgSync] INFO     Curseur DateWrite : 2026-09-26 03:18:43.650000
2026-09-26 05:23:45 [PcorgSync] INFO     Config pcorg : aucune nouvelle valeur
2026-09-26 05:23:45 [PcorgSync] INFO     Total en base : 29710 docs (29710 attribués, 2740 avec GPS)
2026-09-26 05:23:45 [PcorgSync] INFO   ============================================================
2026-09-26 05:23:45 [PcorgSync] INFO Sync terminee avec succes
2026-09-26 05:28:14 [PcorgSync] INFO Lancement sync incremental
2026-09-26 05:28:15 [PcorgSync] INFO   ============================================================
2026-09-26 05:28:15 [PcorgSync] INFO   
2026-09-26 05:28:15 [PcorgSync] INFO   Dernier sync : 2026-09-26 03:18:43.650000
2026-09-26 05:28:15 [PcorgSync] INFO   Connexion SQL Server...
2026-09-26 05:28:15 [PcorgSync] INFO     Driver ODBC : ODBC Driver 18 for SQL Server
2026-09-26 05:28:15 [PcorgSync] INFO     Port résolu via SQL Browser : 65422
2026-09-26 05:28:15 [PcorgSync] INFO     Connecté à 10.34.0.4,65422
2026-09-26 05:28:15 [PcorgSync] INFO   Récupération par lots de 1000...
2026-09-26 05:28:15 [PcorgSync] INFO   
2026-09-26 05:28:15 [PcorgSync] INFO   Aucun nouveau message. Rien à synchroniser.
2026-09-26 05:28:15 [PcorgSync] INFO Sync terminee avec succes
2026-09-26 05:33:24 [PcorgSync] INFO Lancement sync incremental
2026-09-26 05:33:25 [PcorgSync] INFO   ============================================================
2026-09-26 05:33:25 [PcorgSync] INFO   
2026-09-26 05:33:25 [PcorgSync] INFO   Dernier sync : 2026-09-26 03:18:43.650000
2026-09-26 05:33:25 [PcorgSync] INFO   Connexion SQL Server...
2026-09-26 05:33:25 [PcorgSync] INFO     Driver ODBC : ODBC Driver 18 for SQL Server
2026-09-26 05:33:25 [PcorgSync] INFO     Port résolu via SQL Browser : 65422
2026-09-26 05:33:25 [PcorgSync] INFO     Connecté à 10.34.0.4,65422
2026-09-26 05:33:25 [PcorgSync] INFO   Récupération par lots de 1000...
2026-09-26 05:33:25 [PcorgSync] INFO   
2026-09-26 05:33:25 [PcorgSync] INFO   Aucun nouveau message. Rien à synchroniser.
2026-09-26 05:33:25 [PcorgSync] INFO Sync terminee avec succes
2026-09-26 05:38:14 [PcorgSync] INFO Lancement sync incremental
2026-09-26 05:38:15 [PcorgSync] INFO     Documents upsertés : 3
2026-09-26 05:38:15 [PcorgSync] INFO     Répartition par événement :
2026-09-26 05:38:15 [PcorgSync] INFO       24H CAMIONS 2026: 3
2026-09-26 05:38:15 [PcorgSync] INFO     Répartition par catégorie :
2026-09-26 05:38:15 [PcorgSync] INFO       PCO.Secours: 2
2026-09-26 05:38:15 [PcorgSync] INFO       PCO.Securite: 1
2026-09-26 05:38:15 [PcorgSync] INFO     Curseur DateWrite : 2026-09-26 03:38:07.733000
2026-09-26 05:38:15 [PcorgSync] INFO     Config pcorg : aucune nouvelle valeur
2026-09-26 05:38:15 [PcorgSync] INFO     Total en base : 29710 docs (29710 attribués, 2740 avec GPS)
2026-09-26 05:38:15 [PcorgSync] INFO   ============================================================
2026-09-26 05:38:15 [PcorgSync] INFO Sync terminee avec succes
2026-09-26 05:43:39 [PcorgSync] INFO Lancement sync incremental
2026-09-26 05:43:41 [PcorgSync] INFO     Documents upsertés : 2
2026-09-26 05:43:41 [PcorgSync] INFO     Répartition par événement :
2026-09-26 05:43:41 [PcorgSync] INFO       24H CAMIONS 2026: 2
2026-09-26 05:43:41 [PcorgSync] INFO     Répartition par catégorie :
2026-09-26 05:43:41 [PcorgSync] INFO       PCO.Securite: 1
2026-09-26 05:43:41 [PcorgSync] INFO       PCO.Secours: 1
2026-09-26 05:43:41 [PcorgSync] INFO     Curseur DateWrite : 2026-09-26 03:42:42.673000
2026-09-26 05:43:41 [PcorgSync] INFO     Config pcorg : aucune nouvelle valeur
2026-09-26 05:43:41 [PcorgSync] INFO     Total en base : 29711 docs (29711 attribués, 2741 avec GPS)
2026-09-26 05:43:41 [PcorgSync] INFO   ============================================================
2026-09-26 05:43:41 [PcorgSync] INFO Sync terminee avec succes
2026-09-26 05:48:14 [PcorgSync] INFO Lancement sync incremental
2026-09-26 05:48:15 [PcorgSync] INFO     Messages SQL récupérés : 1
2026-09-26 05:48:15 [PcorgSync] INFO     Documents upsertés : 1
2026-09-26 05:48:15 [PcorgSync] INFO     Répartition par événement :
2026-09-26 05:48:15 [PcorgSync] INFO       24H CAMIONS 2026: 1
2026-09-26 05:48:15 [PcorgSync] INFO     Répartition par catégorie :
2026-09-26 05:48:15 [PcorgSync] INFO       PCO.Secours: 1
2026-09-26 05:48:15 [PcorgSync] INFO     Curseur DateWrite : 2026-09-26 03:42:42.673000
2026-09-26 05:48:15 [PcorgSync] INFO     Config pcorg : aucune nouvelle valeur
2026-09-26 05:48:15 [PcorgSync] INFO     Total en base : 29711 docs (29711 attribués, 2741 avec GPS)
2026-09-26 05:48:15 [PcorgSync] INFO   ============================================================
2026-09-26 05:48:15 [PcorgSync] INFO Sync terminee avec succes
2026-09-26 05:53:29 [PcorgSync] INFO Lancement sync incremental
2026-09-26 05:53:30 [PcorgSync] INFO     Messages SQL récupérés : 1
2026-09-26 05:53:30 [PcorgSync] INFO     Documents upsertés : 1
2026-09-26 05:53:30 [PcorgSync] INFO     Répartition par événement :
2026-09-26 05:53:30 [PcorgSync] INFO       24H CAMIONS 2026: 1
2026-09-26 05:53:30 [PcorgSync] INFO     Répartition par catégorie :
2026-09-26 05:53:30 [PcorgSync] INFO       PCO.Secours: 1
2026-09-26 05:53:30 [PcorgSync] INFO     Curseur DateWrite : 2026-09-26 03:42:42.673000
2026-09-26 05:53:30 [PcorgSync] INFO     Config pcorg : aucune nouvelle valeur
2026-09-26 05:53:30 [PcorgSync] INFO     Total en base : 29711 docs (29711 attribués, 2741 avec GPS)
2026-09-26 05:53:30 [PcorgSync] INFO   ============================================================
2026-09-26 05:53:30 [PcorgSync] INFO Sync terminee avec succes
2026-09-26 05:58:14 [PcorgSync] INFO Lancement sync incremental
2026-09-26 05:58:16 [PcorgSync] INFO     Documents upsertés : 2
2026-09-26 05:58:16 [PcorgSync] INFO     Répartition par événement :
2026-09-26 05:58:16 [PcorgSync] INFO       24H CAMIONS 2026: 2
2026-09-26 05:58:16 [PcorgSync] INFO     Répartition par catégorie :
2026-09-26 05:58:16 [PcorgSync] INFO       PCO.Secours: 1
2026-09-26 05:58:16 [PcorgSync] INFO       PCO.Technique: 1
2026-09-26 05:58:16 [PcorgSync] INFO     Curseur DateWrite : 2026-09-26 03:55:46.980000
2026-09-26 05:58:16 [PcorgSync] INFO     Config pcorg : aucune nouvelle valeur
2026-09-26 05:58:16 [PcorgSync] INFO     Total en base : 29712 docs (29712 attribués, 2742 avec GPS)
2026-09-26 05:58:16 [PcorgSync] INFO   ============================================================
2026-09-26 05:58:16 [PcorgSync] INFO Sync terminee avec succes
2026-09-26 06:03:14 [PcorgSync] INFO Lancement sync incremental
2026-09-26 06:03:16 [PcorgSync] INFO     Documents upsertés : 2
2026-09-26 06:03:16 [PcorgSync] INFO     Répartition par événement :
2026-09-26 06:03:16 [PcorgSync] INFO       24H CAMIONS 2026: 2
2026-09-26 06:03:16 [PcorgSync] INFO     Répartition par catégorie :
2026-09-26 06:03:16 [PcorgSync] INFO       PCO.Secours: 1
2026-09-26 06:03:16 [PcorgSync] INFO       PCO.Securite: 1
2026-09-26 06:03:16 [PcorgSync] INFO     Curseur DateWrite : 2026-09-26 04:01:00.010000
2026-09-26 06:03:16 [PcorgSync] INFO     Config pcorg : aucune nouvelle valeur
2026-09-26 06:03:16 [PcorgSync] INFO     Total en base : 29712 docs (29712 attribués, 2742 avec GPS)
2026-09-26 06:03:16 [PcorgSync] INFO   ============================================================
2026-09-26 06:03:16 [PcorgSync] INFO Sync terminee avec succes
2026-09-26 06:08:44 [PcorgSync] INFO Lancement sync incremental
2026-09-26 06:08:45 [PcorgSync] INFO     Répartition par événement :
2026-09-26 06:08:45 [PcorgSync] INFO       24H CAMIONS 2026: 3
2026-09-26 06:08:45 [PcorgSync] INFO     Répartition par catégorie :
2026-09-26 06:08:45 [PcorgSync] INFO       PCO.Securite: 1
2026-09-26 06:08:45 [PcorgSync] INFO       PCO.Secours: 1
2026-09-26 06:08:45 [PcorgSync] INFO       PCO.MainCourante: 1
2026-09-26 06:08:45 [PcorgSync] INFO     Curseur DateWrite : 2026-09-26 04:08:23.567000
2026-09-26 06:08:45 [PcorgSync] INFO     Config pcorg : aucune nouvelle valeur
2026-09-26 06:08:45 [PcorgSync] INFO     Total en base : 29713 docs (29713 attribués, 2742 avec GPS)
2026-09-26 06:08:45 [PcorgSync] INFO   ============================================================
2026-09-26 06:08:45 [PcorgSync] INFO Sync terminee avec succes
2026-09-26 06:13:39 [PcorgSync] INFO Lancement sync incremental
2026-09-26 06:13:41 [PcorgSync] INFO     Messages SQL récupérés : 1
2026-09-26 06:13:41 [PcorgSync] INFO     Documents upsertés : 1
2026-09-26 06:13:41 [PcorgSync] INFO     Répartition par événement :
2026-09-26 06:13:41 [PcorgSync] INFO       24H CAMIONS 2026: 1
2026-09-26 06:13:41 [PcorgSync] INFO     Répartition par catégorie :
2026-09-26 06:13:41 [PcorgSync] INFO       PCO.Technique: 1
2026-09-26 06:13:41 [PcorgSync] INFO     Curseur DateWrite : 2026-09-26 04:09:53.683000
2026-09-26 06:13:41 [PcorgSync] INFO     Config pcorg : aucune nouvelle valeur
2026-09-26 06:13:41 [PcorgSync] INFO     Total en base : 29714 docs (29714 attribués, 2743 avec GPS)
2026-09-26 06:13:41 [PcorgSync] INFO   ============================================================
2026-09-26 06:13:41 [PcorgSync] INFO Sync terminee avec succes
2026-09-26 06:18:44 [PcorgSync] INFO Lancement sync incremental
2026-09-26 06:18:45 [PcorgSync] INFO     Documents upsertés : 4
2026-09-26 06:18:45 [PcorgSync] INFO     Répartition par événement :
2026-09-26 06:18:45 [PcorgSync] INFO       24H CAMIONS 2026: 4
2026-09-26 06:18:45 [PcorgSync] INFO     Répartition par catégorie :
2026-09-26 06:18:45 [PcorgSync] INFO       PCO.MainCourante: 3
2026-09-26 06:18:45 [PcorgSync] INFO       PCO.Technique: 1
2026-09-26 06:18:45 [PcorgSync] INFO     Curseur DateWrite : 2026-09-26 04:18:35.960000
2026-09-26 06:18:45 [PcorgSync] INFO     Config pcorg : aucune nouvelle valeur
2026-09-26 06:18:45 [PcorgSync] INFO     Total en base : 29717 docs (29717 attribués, 2743 avec GPS)
2026-09-26 06:18:45 [PcorgSync] INFO   ============================================================
2026-09-26 06:18:45 [PcorgSync] INFO Sync terminee avec succes
2026-09-26 06:23:44 [PcorgSync] INFO Lancement sync incremental
2026-09-26 06:23:45 [PcorgSync] INFO     Messages SQL récupérés : 1
2026-09-26 06:23:45 [PcorgSync] INFO     Documents upsertés : 1
2026-09-26 06:23:45 [PcorgSync] INFO     Répartition par événement :
2026-09-26 06:23:45 [PcorgSync] INFO       24H CAMIONS 2026: 1
2026-09-26 06:23:45 [PcorgSync] INFO     Répartition par catégorie :
2026-09-26 06:23:45 [PcorgSync] INFO       PCO.MainCourante: 1
2026-09-26 06:23:45 [PcorgSync] INFO     Curseur DateWrite : 2026-09-26 04:20:31.620000
2026-09-26 06:23:45 [PcorgSync] INFO     Config pcorg : aucune nouvelle valeur
2026-09-26 06:23:45 [PcorgSync] INFO     Total en base : 29718 docs (29718 attribués, 2743 avec GPS)
2026-09-26 06:23:45 [PcorgSync] INFO   ============================================================
2026-09-26 06:23:45 [PcorgSync] INFO Sync terminee avec succes
2026-09-26 06:28:14 [PcorgSync] INFO Lancement sync incremental
2026-09-26 06:28:15 [PcorgSync] INFO   ============================================================
2026-09-26 06:28:15 [PcorgSync] INFO   
2026-09-26 06:28:15 [PcorgSync] INFO   Dernier sync : 2026-09-26 04:20:31.620000
2026-09-26 06:28:15 [PcorgSync] INFO   Connexion SQL Server...
2026-09-26 06:28:15 [PcorgSync] INFO     Driver ODBC : ODBC Driver 18 for SQL Server
2026-09-26 06:28:15 [PcorgSync] INFO     Port résolu via SQL Browser : 65422
2026-09-26 06:28:15 [PcorgSync] INFO     Connecté à 10.34.0.4,65422
2026-09-26 06:28:15 [PcorgSync] INFO   Récupération par lots de 1000...
2026-09-26 06:28:15 [PcorgSync] INFO   
2026-09-26 06:28:15 [PcorgSync] INFO   Aucun nouveau message. Rien à synchroniser.
2026-09-26 06:28:15 [PcorgSync] INFO Sync terminee avec succes
2026-09-26 06:33:39 [PcorgSync] INFO Lancement sync incremental
2026-09-26 06:33:40 [PcorgSync] INFO   ============================================================
2026-09-26 06:33:40 [PcorgSync] INFO   
2026-09-26 06:33:40 [PcorgSync] INFO   Dernier sync : 2026-09-26 04:20:31.620000
2026-09-26 06:33:40 [PcorgSync] INFO   Connexion SQL Server...
2026-09-26 06:33:40 [PcorgSync] INFO     Driver ODBC : ODBC Driver 18 for SQL Server
2026-09-26 06:33:40 [PcorgSync] INFO     Port résolu via SQL Browser : 65422
2026-09-26 06:33:40 [PcorgSync] INFO     Connecté à 10.34.0.4,65422
2026-09-26 06:33:40 [PcorgSync] INFO   Récupération par lots de 1000...
2026-09-26 06:33:40 [PcorgSync] INFO   
2026-09-26 06:33:40 [PcorgSync] INFO   Aucun nouveau message. Rien à synchroniser.
2026-09-26 06:33:40 [PcorgSync] INFO Sync terminee avec succes
2026-09-26 06:38:44 [PcorgSync] INFO Lancement sync incremental
2026-09-26 06:38:46 [PcorgSync] INFO     Messages SQL récupérés : 1
2026-09-26 06:38:46 [PcorgSync] INFO     Documents upsertés : 1
2026-09-26 06:38:46 [PcorgSync] INFO     Répartition par événement :
2026-09-26 06:38:46 [PcorgSync] INFO       24H CAMIONS 2026: 1
2026-09-26 06:38:46 [PcorgSync] INFO     Répartition par catégorie :
2026-09-26 06:38:46 [PcorgSync] INFO       PCO.Information: 1
2026-09-26 06:38:46 [PcorgSync] INFO     Curseur DateWrite : 2026-09-26 04:37:42.500000
2026-09-26 06:38:46 [PcorgSync] INFO     Config pcorg : aucune nouvelle valeur
2026-09-26 06:38:46 [PcorgSync] INFO     Total en base : 29719 docs (29719 attribués, 2743 avec GPS)
2026-09-26 06:38:46 [PcorgSync] INFO   ============================================================
2026-09-26 06:38:46 [PcorgSync] INFO Sync terminee avec succes
2026-09-26 06:43:38 [PcorgSync] INFO Lancement sync incremental
2026-09-26 06:43:39 [PcorgSync] INFO   ============================================================
2026-09-26 06:43:39 [PcorgSync] INFO   
2026-09-26 06:43:39 [PcorgSync] INFO   Dernier sync : 2026-09-26 04:37:42.500000
2026-09-26 06:43:39 [PcorgSync] INFO   Connexion SQL Server...
2026-09-26 06:43:39 [PcorgSync] INFO     Driver ODBC : ODBC Driver 18 for SQL Server
2026-09-26 06:43:39 [PcorgSync] INFO     Port résolu via SQL Browser : 65422
2026-09-26 06:43:39 [PcorgSync] INFO     Connecté à 10.34.0.4,65422
2026-09-26 06:43:39 [PcorgSync] INFO   Récupération par lots de 1000...
2026-09-26 06:43:39 [PcorgSync] INFO   
2026-09-26 06:43:39 [PcorgSync] INFO   Aucun nouveau message. Rien à synchroniser.
2026-09-26 06:43:39 [PcorgSync] INFO Sync terminee avec succes
2026-09-26 06:48:14 [PcorgSync] INFO Lancement sync incremental
2026-09-26 06:48:15 [PcorgSync] INFO     Messages SQL récupérés : 2
2026-09-26 06:48:15 [PcorgSync] INFO     Documents upsertés : 2
2026-09-26 06:48:15 [PcorgSync] INFO     Répartition par événement :
2026-09-26 06:48:15 [PcorgSync] INFO       24H CAMIONS 2026: 2
2026-09-26 06:48:15 [PcorgSync] INFO     Répartition par catégorie :
2026-09-26 06:48:15 [PcorgSync] INFO       PCO.MainCourante: 2
2026-09-26 06:48:15 [PcorgSync] INFO     Curseur DateWrite : 2026-09-26 04:47:03.100000
2026-09-26 06:48:15 [PcorgSync] INFO     Config pcorg : aucune nouvelle valeur
2026-09-26 06:48:15 [PcorgSync] INFO     Total en base : 29720 docs (29720 attribués, 2743 avec GPS)
2026-09-26 06:48:15 [PcorgSync] INFO   ============================================================
2026-09-26 06:48:15 [PcorgSync] INFO Sync terminee avec succes
2026-09-26 06:53:38 [PcorgSync] INFO Lancement sync incremental
2026-09-26 06:53:39 [PcorgSync] INFO   ============================================================
2026-09-26 06:53:39 [PcorgSync] INFO   
2026-09-26 06:53:39 [PcorgSync] INFO   Dernier sync : 2026-09-26 04:47:03.100000
2026-09-26 06:53:39 [PcorgSync] INFO   Connexion SQL Server...
2026-09-26 06:53:39 [PcorgSync] INFO     Driver ODBC : ODBC Driver 18 for SQL Server
2026-09-26 06:53:39 [PcorgSync] INFO     Port résolu via SQL Browser : 65422
2026-09-26 06:53:39 [PcorgSync] INFO     Connecté à 10.34.0.4,65422
2026-09-26 06:53:39 [PcorgSync] INFO   Récupération par lots de 1000...
2026-09-26 06:53:39 [PcorgSync] INFO   
2026-09-26 06:53:39 [PcorgSync] INFO   Aucun nouveau message. Rien à synchroniser.
2026-09-26 06:53:39 [PcorgSync] INFO Sync terminee avec succes
2026-09-26 06:58:14 [PcorgSync] INFO Lancement sync incremental
2026-09-26 06:58:15 [PcorgSync] INFO     Messages SQL récupérés : 1
2026-09-26 06:58:15 [PcorgSync] INFO     Documents upsertés : 1
2026-09-26 06:58:15 [PcorgSync] INFO     Répartition par événement :
2026-09-26 06:58:15 [PcorgSync] INFO       24H CAMIONS 2026: 1
2026-09-26 06:58:15 [PcorgSync] INFO     Répartition par catégorie :
2026-09-26 06:58:15 [PcorgSync] INFO       PCO.Technique: 1
2026-09-26 06:58:15 [PcorgSync] INFO     Curseur DateWrite : 2026-09-26 04:54:10.993000
2026-09-26 06:58:15 [PcorgSync] INFO     Config pcorg : aucune nouvelle valeur
2026-09-26 06:58:15 [PcorgSync] INFO     Total en base : 29720 docs (29720 attribués, 2743 avec GPS)
2026-09-26 06:58:15 [PcorgSync] INFO   ============================================================
2026-09-26 06:58:15 [PcorgSync] INFO Sync terminee avec succes
2026-09-26 07:03:14 [PcorgSync] INFO Lancement sync incremental
2026-09-26 07:03:15 [PcorgSync] INFO     Messages SQL récupérés : 2
2026-09-26 07:03:15 [PcorgSync] INFO     Documents upsertés : 2
2026-09-26 07:03:15 [PcorgSync] INFO     Répartition par événement :
2026-09-26 07:03:15 [PcorgSync] INFO       24H CAMIONS 2026: 2
2026-09-26 07:03:15 [PcorgSync] INFO     Répartition par catégorie :
2026-09-26 07:03:15 [PcorgSync] INFO       PCO.Technique: 2
2026-09-26 07:03:15 [PcorgSync] INFO     Curseur DateWrite : 2026-09-26 05:00:12.870000
2026-09-26 07:03:15 [PcorgSync] INFO     Config pcorg : aucune nouvelle valeur
2026-09-26 07:03:15 [PcorgSync] INFO     Total en base : 29720 docs (29720 attribués, 2743 avec GPS)
2026-09-26 07:03:15 [PcorgSync] INFO   ============================================================
2026-09-26 07:03:15 [PcorgSync] INFO Sync terminee avec succes
2026-09-26 07:08:44 [PcorgSync] INFO Lancement sync incremental
2026-09-26 07:08:45 [PcorgSync] INFO     Messages SQL récupérés : 1
2026-09-26 07:08:45 [PcorgSync] INFO     Documents upsertés : 1
2026-09-26 07:08:45 [PcorgSync] INFO     Répartition par événement :
2026-09-26 07:08:45 [PcorgSync] INFO       24H CAMIONS 2026: 1
2026-09-26 07:08:45 [PcorgSync] INFO     Répartition par catégorie :
2026-09-26 07:08:45 [PcorgSync] INFO       PCO.Information: 1
2026-09-26 07:08:45 [PcorgSync] INFO     Curseur DateWrite : 2026-09-26 05:04:19.940000
2026-09-26 07:08:45 [PcorgSync] INFO     Config pcorg : aucune nouvelle valeur
2026-09-26 07:08:45 [PcorgSync] INFO     Total en base : 29721 docs (29721 attribués, 2743 avec GPS)
2026-09-26 07:08:45 [PcorgSync] INFO   ============================================================
2026-09-26 07:08:45 [PcorgSync] INFO Sync terminee avec succes
2026-09-26 07:13:38 [PcorgSync] INFO Lancement sync incremental
2026-09-26 07:13:40 [PcorgSync] INFO     Documents upsertés : 2
2026-09-26 07:13:40 [PcorgSync] INFO     Répartition par événement :
2026-09-26 07:13:40 [PcorgSync] INFO       24H CAMIONS 2026: 2
2026-09-26 07:13:40 [PcorgSync] INFO     Répartition par catégorie :
2026-09-26 07:13:40 [PcorgSync] INFO       PCO.Technique: 1
2026-09-26 07:13:40 [PcorgSync] INFO       PCO.Information: 1
2026-09-26 07:13:40 [PcorgSync] INFO     Curseur DateWrite : 2026-09-26 05:13:23.033000
2026-09-26 07:13:40 [PcorgSync] INFO     Config pcorg : aucune nouvelle valeur
2026-09-26 07:13:40 [PcorgSync] INFO     Total en base : 29721 docs (29721 attribués, 2743 avec GPS)
2026-09-26 07:13:40 [PcorgSync] INFO   ============================================================
2026-09-26 07:13:40 [PcorgSync] INFO Sync terminee avec succes
2026-09-26 07:18:14 [PcorgSync] INFO Lancement sync incremental
2026-09-26 07:18:15 [PcorgSync] INFO     Documents upsertés : 2
2026-09-26 07:18:15 [PcorgSync] INFO     Répartition par événement :
2026-09-26 07:18:15 [PcorgSync] INFO       24H CAMIONS 2026: 2
2026-09-26 07:18:15 [PcorgSync] INFO     Répartition par catégorie :
2026-09-26 07:18:15 [PcorgSync] INFO       PCO.Information: 1
2026-09-26 07:18:15 [PcorgSync] INFO       PCO.Technique: 1
2026-09-26 07:18:15 [PcorgSync] INFO     Curseur DateWrite : 2026-09-26 05:15:48.230000
2026-09-26 07:18:15 [PcorgSync] INFO     Config pcorg : aucune nouvelle valeur
2026-09-26 07:18:15 [PcorgSync] INFO     Total en base : 29721 docs (29721 attribués, 2743 avec GPS)
2026-09-26 07:18:15 [PcorgSync] INFO   ============================================================
2026-09-26 07:18:15 [PcorgSync] INFO Sync terminee avec succes
2026-09-26 07:23:44 [PcorgSync] INFO Lancement sync incremental
2026-09-26 07:23:45 [PcorgSync] INFO     Messages SQL récupérés : 2
2026-09-26 07:23:45 [PcorgSync] INFO     Documents upsertés : 2
2026-09-26 07:23:45 [PcorgSync] INFO     Répartition par événement :
2026-09-26 07:23:45 [PcorgSync] INFO       24H CAMIONS 2026: 2
2026-09-26 07:23:45 [PcorgSync] INFO     Répartition par catégorie :
2026-09-26 07:23:45 [PcorgSync] INFO       PCO.Technique: 2
2026-09-26 07:23:45 [PcorgSync] INFO     Curseur DateWrite : 2026-09-26 05:23:10.047000
2026-09-26 07:23:45 [PcorgSync] INFO     Config pcorg : aucune nouvelle valeur
2026-09-26 07:23:45 [PcorgSync] INFO     Total en base : 29721 docs (29721 attribués, 2743 avec GPS)
2026-09-26 07:23:45 [PcorgSync] INFO   ============================================================
2026-09-26 07:23:45 [PcorgSync] INFO Sync terminee avec succes
2026-09-26 07:28:14 [PcorgSync] INFO Lancement sync incremental
2026-09-26 07:28:15 [PcorgSync] INFO   ============================================================
2026-09-26 07:28:15 [PcorgSync] INFO   
2026-09-26 07:28:15 [PcorgSync] INFO   Dernier sync : 2026-09-26 05:23:10.047000
2026-09-26 07:28:15 [PcorgSync] INFO   Connexion SQL Server...
2026-09-26 07:28:15 [PcorgSync] INFO     Driver ODBC : ODBC Driver 18 for SQL Server
2026-09-26 07:28:15 [PcorgSync] INFO     Port résolu via SQL Browser : 65422
2026-09-26 07:28:15 [PcorgSync] INFO     Connecté à 10.34.0.4,65422
2026-09-26 07:28:15 [PcorgSync] INFO   Récupération par lots de 1000...
2026-09-26 07:28:15 [PcorgSync] INFO   
2026-09-26 07:28:15 [PcorgSync] INFO   Aucun nouveau message. Rien à synchroniser.
2026-09-26 07:28:15 [PcorgSync] INFO Sync terminee avec succes
2026-09-26 07:33:14 [PcorgSync] INFO Lancement sync incremental
2026-09-26 07:33:15 [PcorgSync] INFO     Messages SQL récupérés : 1
2026-09-26 07:33:15 [PcorgSync] INFO     Documents upsertés : 1
2026-09-26 07:33:15 [PcorgSync] INFO     Répartition par événement :
2026-09-26 07:33:15 [PcorgSync] INFO       24H CAMIONS 2026: 1
2026-09-26 07:33:15 [PcorgSync] INFO     Répartition par catégorie :
2026-09-26 07:33:15 [PcorgSync] INFO       PCO.Technique: 1
2026-09-26 07:33:15 [PcorgSync] INFO     Curseur DateWrite : 2026-09-26 05:33:11.827000
2026-09-26 07:33:15 [PcorgSync] INFO     Config pcorg : aucune nouvelle valeur
2026-09-26 07:33:15 [PcorgSync] INFO     Total en base : 29721 docs (29721 attribués, 2743 avec GPS)
2026-09-26 07:33:15 [PcorgSync] INFO   ============================================================
2026-09-26 07:33:15 [PcorgSync] INFO Sync terminee avec succes
2026-09-26 07:38:44 [PcorgSync] INFO Lancement sync incremental
2026-09-26 07:38:45 [PcorgSync] INFO     Documents upsertés : 2
2026-09-26 07:38:45 [PcorgSync] INFO     Répartition par événement :
2026-09-26 07:38:45 [PcorgSync] INFO       24H CAMIONS 2026: 2
2026-09-26 07:38:45 [PcorgSync] INFO     Répartition par catégorie :
2026-09-26 07:38:45 [PcorgSync] INFO       PCO.Technique: 1
2026-09-26 07:38:45 [PcorgSync] INFO       PCS.Information: 1
2026-09-26 07:38:45 [PcorgSync] INFO     Curseur DateWrite : 2026-09-26 05:37:37.580000
2026-09-26 07:38:45 [PcorgSync] INFO     Config pcorg : aucune nouvelle valeur
2026-09-26 07:38:45 [PcorgSync] INFO     Total en base : 29722 docs (29722 attribués, 2743 avec GPS)
2026-09-26 07:38:45 [PcorgSync] INFO   ============================================================
2026-09-26 07:38:45 [PcorgSync] INFO Sync terminee avec succes
2026-09-26 07:43:38 [PcorgSync] INFO Lancement sync incremental
2026-09-26 07:43:40 [PcorgSync] INFO     Documents upsertés : 2
2026-09-26 07:43:40 [PcorgSync] INFO     Répartition par événement :
2026-09-26 07:43:40 [PcorgSync] INFO       24H CAMIONS 2026: 2
2026-09-26 07:43:40 [PcorgSync] INFO     Répartition par catégorie :
2026-09-26 07:43:40 [PcorgSync] INFO       PCO.Fourriere: 1
2026-09-26 07:43:40 [PcorgSync] INFO       PCO.Information: 1
2026-09-26 07:43:40 [PcorgSync] INFO     Curseur DateWrite : 2026-09-26 05:43:18.417000
2026-09-26 07:43:40 [PcorgSync] INFO     Config pcorg : aucune nouvelle valeur
2026-09-26 07:43:40 [PcorgSync] INFO     Total en base : 29724 docs (29724 attribués, 2744 avec GPS)
2026-09-26 07:43:40 [PcorgSync] INFO   ============================================================
2026-09-26 07:43:40 [PcorgSync] INFO Sync terminee avec succes
2026-09-26 07:48:14 [PcorgSync] INFO Lancement sync incremental
2026-09-26 07:48:15 [PcorgSync] INFO     Messages SQL récupérés : 1
2026-09-26 07:48:15 [PcorgSync] INFO     Documents upsertés : 1
2026-09-26 07:48:15 [PcorgSync] INFO     Répartition par événement :
2026-09-26 07:48:15 [PcorgSync] INFO       24H CAMIONS 2026: 1
2026-09-26 07:48:15 [PcorgSync] INFO     Répartition par catégorie :
2026-09-26 07:48:15 [PcorgSync] INFO       PCO.Technique: 1
2026-09-26 07:48:15 [PcorgSync] INFO     Curseur DateWrite : 2026-09-26 05:43:50.483000
2026-09-26 07:48:15 [PcorgSync] INFO     Config pcorg : aucune nouvelle valeur
2026-09-26 07:48:15 [PcorgSync] INFO     Total en base : 29724 docs (29724 attribués, 2744 avec GPS)
2026-09-26 07:48:15 [PcorgSync] INFO   ============================================================
2026-09-26 07:48:15 [PcorgSync] INFO Sync terminee avec succes
2026-09-26 07:53:29 [PcorgSync] INFO Lancement sync incremental
2026-09-26 07:53:30 [PcorgSync] INFO     Documents upsertés : 2
2026-09-26 07:53:30 [PcorgSync] INFO     Répartition par événement :
2026-09-26 07:53:30 [PcorgSync] INFO       24H CAMIONS 2026: 2
2026-09-26 07:53:30 [PcorgSync] INFO     Répartition par catégorie :
2026-09-26 07:53:30 [PcorgSync] INFO       PCO.Technique: 1
2026-09-26 07:53:30 [PcorgSync] INFO       PCO.Fourriere: 1
2026-09-26 07:53:30 [PcorgSync] INFO     Curseur DateWrite : 2026-09-26 05:52:46.287000
2026-09-26 07:53:30 [PcorgSync] INFO     Config pcorg : aucune nouvelle valeur
2026-09-26 07:53:30 [PcorgSync] INFO     Total en base : 29724 docs (29724 attribués, 2744 avec GPS)
2026-09-26 07:53:30 [PcorgSync] INFO   ============================================================
2026-09-26 07:53:30 [PcorgSync] INFO Sync terminee avec succes
2026-09-26 07:58:14 [PcorgSync] INFO Lancement sync incremental
2026-09-26 07:58:15 [PcorgSync] INFO     Documents upsertés : 2
2026-09-26 07:58:15 [PcorgSync] INFO     Répartition par événement :
2026-09-26 07:58:15 [PcorgSync] INFO       24H CAMIONS 2026: 2
2026-09-26 07:58:15 [PcorgSync] INFO     Répartition par catégorie :
2026-09-26 07:58:15 [PcorgSync] INFO       PCO.Information: 1
2026-09-26 07:58:15 [PcorgSync] INFO       PCO.Securite: 1
2026-09-26 07:58:15 [PcorgSync] INFO     Curseur DateWrite : 2026-09-26 05:56:15.570000
2026-09-26 07:58:15 [PcorgSync] INFO     Config pcorg : aucune nouvelle valeur
2026-09-26 07:58:15 [PcorgSync] INFO     Total en base : 29724 docs (29724 attribués, 2744 avec GPS)
2026-09-26 07:58:15 [PcorgSync] INFO   ============================================================
2026-09-26 07:58:15 [PcorgSync] INFO Sync terminee avec succes
2026-09-26 08:03:14 [PcorgSync] INFO Lancement sync incremental
2026-09-26 08:03:15 [PcorgSync] INFO     Messages SQL récupérés : 1
2026-09-26 08:03:15 [PcorgSync] INFO     Documents upsertés : 1
2026-09-26 08:03:15 [PcorgSync] INFO     Répartition par événement :
2026-09-26 08:03:15 [PcorgSync] INFO       24H CAMIONS 2026: 1
2026-09-26 08:03:15 [PcorgSync] INFO     Répartition par catégorie :
2026-09-26 08:03:15 [PcorgSync] INFO       PCO.Information: 1
2026-09-26 08:03:15 [PcorgSync] INFO     Curseur DateWrite : 2026-09-26 05:59:44.403000
2026-09-26 08:03:15 [PcorgSync] INFO     Config pcorg : aucune nouvelle valeur
2026-09-26 08:03:15 [PcorgSync] INFO     Total en base : 29725 docs (29725 attribués, 2744 avec GPS)
2026-09-26 08:03:15 [PcorgSync] INFO   ============================================================
2026-09-26 08:03:15 [PcorgSync] INFO Sync terminee avec succes
2026-09-26 08:08:44 [PcorgSync] INFO Lancement sync incremental
2026-09-26 08:08:45 [PcorgSync] INFO     Documents upsertés : 3
2026-09-26 08:08:45 [PcorgSync] INFO     Répartition par événement :
2026-09-26 08:08:45 [PcorgSync] INFO       24H CAMIONS 2026: 3
2026-09-26 08:08:45 [PcorgSync] INFO     Répartition par catégorie :
2026-09-26 08:08:45 [PcorgSync] INFO       PCO.Technique: 2
2026-09-26 08:08:45 [PcorgSync] INFO       PCO.Information: 1
2026-09-26 08:08:45 [PcorgSync] INFO     Curseur DateWrite : 2026-09-26 06:05:55.837000
2026-09-26 08:08:45 [PcorgSync] INFO     Config pcorg : aucune nouvelle valeur
2026-09-26 08:08:45 [PcorgSync] INFO     Total en base : 29727 docs (29727 attribués, 2746 avec GPS)
2026-09-26 08:08:45 [PcorgSync] INFO   ============================================================
2026-09-26 08:08:45 [PcorgSync] INFO Sync terminee avec succes
2026-09-26 08:13:39 [PcorgSync] INFO Lancement sync incremental
2026-09-26 08:13:41 [PcorgSync] INFO     Répartition par événement :
2026-09-26 08:13:41 [PcorgSync] INFO       24H CAMIONS 2026: 3
2026-09-26 08:13:41 [PcorgSync] INFO     Répartition par catégorie :
2026-09-26 08:13:41 [PcorgSync] INFO       PCO.Secours: 1
2026-09-26 08:13:41 [PcorgSync] INFO       PCO.Securite: 1
2026-09-26 08:13:41 [PcorgSync] INFO       PCO.Fourriere: 1
2026-09-26 08:13:41 [PcorgSync] INFO     Curseur DateWrite : 2026-09-26 06:12:30.483000
2026-09-26 08:13:41 [PcorgSync] INFO     Config pcorg : aucune nouvelle valeur
2026-09-26 08:13:41 [PcorgSync] INFO     Total en base : 29729 docs (29729 attribués, 2748 avec GPS)
2026-09-26 08:13:41 [PcorgSync] INFO   ============================================================
2026-09-26 08:13:41 [PcorgSync] INFO Sync terminee avec succes
2026-09-26 08:18:14 [PcorgSync] INFO Lancement sync incremental
2026-09-26 08:18:15 [PcorgSync] INFO     Documents upsertés : 2
2026-09-26 08:18:15 [PcorgSync] INFO     Répartition par événement :
2026-09-26 08:18:15 [PcorgSync] INFO       24H CAMIONS 2026: 2
2026-09-26 08:18:15 [PcorgSync] INFO     Répartition par catégorie :
2026-09-26 08:18:15 [PcorgSync] INFO       PCO.Fourriere: 1
2026-09-26 08:18:15 [PcorgSync] INFO       PCO.Securite: 1
2026-09-26 08:18:15 [PcorgSync] INFO     Curseur DateWrite : 2026-09-26 06:16:11.017000
2026-09-26 08:18:15 [PcorgSync] INFO     Config pcorg : aucune nouvelle valeur
2026-09-26 08:18:15 [PcorgSync] INFO     Total en base : 29730 docs (29730 attribués, 2749 avec GPS)
2026-09-26 08:18:15 [PcorgSync] INFO   ============================================================
2026-09-26 08:18:15 [PcorgSync] INFO Sync terminee avec succes
2026-09-26 08:23:29 [PcorgSync] INFO Lancement sync incremental
2026-09-26 08:23:30 [PcorgSync] INFO     Répartition par événement :
2026-09-26 08:23:30 [PcorgSync] INFO       24H CAMIONS 2026: 4
2026-09-26 08:23:30 [PcorgSync] INFO     Répartition par catégorie :
2026-09-26 08:23:30 [PcorgSync] INFO       PCO.Securite: 2
2026-09-26 08:23:30 [PcorgSync] INFO       PCO.Technique: 1
2026-09-26 08:23:30 [PcorgSync] INFO       PCO.Information: 1
2026-09-26 08:23:30 [PcorgSync] INFO     Curseur DateWrite : 2026-09-26 06:22:03.743000
2026-09-26 08:23:30 [PcorgSync] INFO     Config pcorg : aucune nouvelle valeur
2026-09-26 08:23:30 [PcorgSync] INFO     Total en base : 29731 docs (29731 attribués, 2749 avec GPS)
2026-09-26 08:23:30 [PcorgSync] INFO   ============================================================
2026-09-26 08:23:30 [PcorgSync] INFO Sync terminee avec succes
2026-09-26 08:28:14 [PcorgSync] INFO Lancement sync incremental
2026-09-26 08:28:15 [PcorgSync] INFO     Messages SQL récupérés : 1
2026-09-26 08:28:15 [PcorgSync] INFO     Documents upsertés : 1
2026-09-26 08:28:15 [PcorgSync] INFO     Répartition par événement :
2026-09-26 08:28:15 [PcorgSync] INFO       24H CAMIONS 2026: 1
2026-09-26 08:28:15 [PcorgSync] INFO     Répartition par catégorie :
2026-09-26 08:28:15 [PcorgSync] INFO       PCO.Securite: 1
2026-09-26 08:28:15 [PcorgSync] INFO     Curseur DateWrite : 2026-09-26 06:22:03.743000
2026-09-26 08:28:15 [PcorgSync] INFO     Config pcorg : aucune nouvelle valeur
2026-09-26 08:28:15 [PcorgSync] INFO     Total en base : 29731 docs (29731 attribués, 2749 avec GPS)
2026-09-26 08:28:15 [PcorgSync] INFO   ============================================================
2026-09-26 08:28:15 [PcorgSync] INFO Sync terminee avec succes
2026-09-26 08:33:14 [PcorgSync] INFO Lancement sync incremental
2026-09-26 08:33:15 [PcorgSync] INFO     Messages SQL récupérés : 1
2026-09-26 08:33:15 [PcorgSync] INFO     Documents upsertés : 1
2026-09-26 08:33:15 [PcorgSync] INFO     Répartition par événement :
2026-09-26 08:33:15 [PcorgSync] INFO       24H CAMIONS 2026: 1
2026-09-26 08:33:15 [PcorgSync] INFO     Répartition par catégorie :
2026-09-26 08:33:15 [PcorgSync] INFO       PCO.Securite: 1
2026-09-26 08:33:15 [PcorgSync] INFO     Curseur DateWrite : 2026-09-26 06:22:03.743000
2026-09-26 08:33:15 [PcorgSync] INFO     Config pcorg : aucune nouvelle valeur
2026-09-26 08:33:15 [PcorgSync] INFO     Total en base : 29731 docs (29731 attribués, 2749 avec GPS)
2026-09-26 08:33:15 [PcorgSync] INFO   ============================================================
2026-09-26 08:33:15 [PcorgSync] INFO Sync terminee avec succes
2026-09-26 08:38:44 [PcorgSync] INFO Lancement sync incremental
2026-09-26 08:38:45 [PcorgSync] INFO     Messages SQL récupérés : 1
2026-09-26 08:38:45 [PcorgSync] INFO     Documents upsertés : 1
2026-09-26 08:38:45 [PcorgSync] INFO     Répartition par événement :
2026-09-26 08:38:45 [PcorgSync] INFO       24H CAMIONS 2026: 1
2026-09-26 08:38:45 [PcorgSync] INFO     Répartition par catégorie :
2026-09-26 08:38:45 [PcorgSync] INFO       PCO.Securite: 1
2026-09-26 08:38:45 [PcorgSync] INFO     Curseur DateWrite : 2026-09-26 06:22:03.743000
2026-09-26 08:38:45 [PcorgSync] INFO     Config pcorg : aucune nouvelle valeur
2026-09-26 08:38:45 [PcorgSync] INFO     Total en base : 29731 docs (29731 attribués, 2749 avec GPS)
2026-09-26 08:38:45 [PcorgSync] INFO   ============================================================
2026-09-26 08:38:45 [PcorgSync] INFO Sync terminee avec succes
2026-09-26 08:43:44 [PcorgSync] INFO Lancement sync incremental
2026-09-26 08:43:45 [PcorgSync] INFO     Messages SQL récupérés : 2
2026-09-26 08:43:45 [PcorgSync] INFO     Documents upsertés : 2
2026-09-26 08:43:45 [PcorgSync] INFO     Répartition par événement :
2026-09-26 08:43:45 [PcorgSync] INFO       24H CAMIONS 2026: 2
2026-09-26 08:43:45 [PcorgSync] INFO     Répartition par catégorie :
2026-09-26 08:43:45 [PcorgSync] INFO       PCO.Securite: 2
2026-09-26 08:43:45 [PcorgSync] INFO     Curseur DateWrite : 2026-09-26 06:39:16.980000
2026-09-26 08:43:45 [PcorgSync] INFO     Config pcorg : aucune nouvelle valeur
2026-09-26 08:43:45 [PcorgSync] INFO     Total en base : 29731 docs (29731 attribués, 2749 avec GPS)
2026-09-26 08:43:45 [PcorgSync] INFO   ============================================================
2026-09-26 08:43:45 [PcorgSync] INFO Sync terminee avec succes
2026-09-26 08:48:14 [PcorgSync] INFO Lancement sync incremental
2026-09-26 08:48:15 [PcorgSync] INFO   ============================================================
2026-09-26 08:48:15 [PcorgSync] INFO   
2026-09-26 08:48:15 [PcorgSync] INFO   Dernier sync : 2026-09-26 06:39:16.980000
2026-09-26 08:48:15 [PcorgSync] INFO   Connexion SQL Server...
2026-09-26 08:48:15 [PcorgSync] INFO     Driver ODBC : ODBC Driver 18 for SQL Server
2026-09-26 08:48:15 [PcorgSync] INFO     Port résolu via SQL Browser : 65422
2026-09-26 08:48:15 [PcorgSync] INFO     Connecté à 10.34.0.4,65422
2026-09-26 08:48:15 [PcorgSync] INFO   Récupération par lots de 1000...
2026-09-26 08:48:15 [PcorgSync] INFO   
2026-09-26 08:48:15 [PcorgSync] INFO   Aucun nouveau message. Rien à synchroniser.
2026-09-26 08:48:15 [PcorgSync] INFO Sync terminee avec succes
2026-09-26 08:53:38 [PcorgSync] INFO Lancement sync incremental
2026-09-26 08:53:40 [PcorgSync] INFO     Messages SQL récupérés : 1
2026-09-26 08:53:40 [PcorgSync] INFO     Documents upsertés : 1
2026-09-26 08:53:40 [PcorgSync] INFO     Répartition par événement :
2026-09-26 08:53:40 [PcorgSync] INFO       24H CAMIONS 2026: 1
2026-09-26 08:53:40 [PcorgSync] INFO     Répartition par catégorie :
2026-09-26 08:53:40 [PcorgSync] INFO       PCO.Fourriere: 1
2026-09-26 08:53:40 [PcorgSync] INFO     Curseur DateWrite : 2026-09-26 06:48:20.710000
2026-09-26 08:53:40 [PcorgSync] INFO     Config pcorg : aucune nouvelle valeur
2026-09-26 08:53:40 [PcorgSync] INFO     Total en base : 29731 docs (29731 attribués, 2749 avec GPS)
2026-09-26 08:53:40 [PcorgSync] INFO   ============================================================
2026-09-26 08:53:40 [PcorgSync] INFO Sync terminee avec succes
2026-09-26 08:58:14 [PcorgSync] INFO Lancement sync incremental
2026-09-26 08:58:15 [PcorgSync] INFO   ============================================================
2026-09-26 08:58:15 [PcorgSync] INFO   
2026-09-26 08:58:15 [PcorgSync] INFO   Dernier sync : 2026-09-26 06:48:20.710000
2026-09-26 08:58:15 [PcorgSync] INFO   Connexion SQL Server...
2026-09-26 08:58:15 [PcorgSync] INFO     Driver ODBC : ODBC Driver 18 for SQL Server
2026-09-26 08:58:15 [PcorgSync] INFO     Port résolu via SQL Browser : 65422
2026-09-26 08:58:15 [PcorgSync] INFO     Connecté à 10.34.0.4,65422
2026-09-26 08:58:15 [PcorgSync] INFO   Récupération par lots de 1000...
2026-09-26 08:58:15 [PcorgSync] INFO   
2026-09-26 08:58:15 [PcorgSync] INFO   Aucun nouveau message. Rien à synchroniser.
2026-09-26 08:58:15 [PcorgSync] INFO Sync terminee avec succes
2026-09-26 09:03:14 [PcorgSync] INFO Lancement sync incremental
2026-09-26 09:03:15 [PcorgSync] INFO   ============================================================
2026-09-26 09:03:15 [PcorgSync] INFO   
2026-09-26 09:03:15 [PcorgSync] INFO   Dernier sync : 2026-09-26 06:48:20.710000
2026-09-26 09:03:15 [PcorgSync] INFO   Connexion SQL Server...
2026-09-26 09:03:15 [PcorgSync] INFO     Driver ODBC : ODBC Driver 18 for SQL Server
2026-09-26 09:03:15 [PcorgSync] INFO     Port résolu via SQL Browser : 65422
2026-09-26 09:03:15 [PcorgSync] INFO     Connecté à 10.34.0.4,65422
2026-09-26 09:03:15 [PcorgSync] INFO   Récupération par lots de 1000...
2026-09-26 09:03:15 [PcorgSync] INFO   
2026-09-26 09:03:15 [PcorgSync] INFO   Aucun nouveau message. Rien à synchroniser.
2026-09-26 09:03:15 [PcorgSync] INFO Sync terminee avec succes
2026-09-26 09:08:14 [PcorgSync] INFO Lancement sync incremental
2026-09-26 09:08:15 [PcorgSync] INFO     Messages SQL récupérés : 1
2026-09-26 09:08:15 [PcorgSync] INFO     Documents upsertés : 1
2026-09-26 09:08:15 [PcorgSync] INFO     Répartition par événement :
2026-09-26 09:08:15 [PcorgSync] INFO       24H CAMIONS 2026: 1
2026-09-26 09:08:15 [PcorgSync] INFO     Répartition par catégorie :
2026-09-26 09:08:15 [PcorgSync] INFO       PCO.Information: 1
2026-09-26 09:08:15 [PcorgSync] INFO     Curseur DateWrite : 2026-09-26 07:08:01.813000
2026-09-26 09:08:15 [PcorgSync] INFO     Config pcorg : aucune nouvelle valeur
2026-09-26 09:08:15 [PcorgSync] INFO     Total en base : 29732 docs (29732 attribués, 2749 avec GPS)
2026-09-26 09:08:15 [PcorgSync] INFO   ============================================================
2026-09-26 09:08:15 [PcorgSync] INFO Sync terminee avec succes
2026-09-26 09:13:38 [PcorgSync] INFO Lancement sync incremental
2026-09-26 09:13:40 [PcorgSync] INFO     Documents upsertés : 2
2026-09-26 09:13:40 [PcorgSync] INFO     Répartition par événement :
2026-09-26 09:13:40 [PcorgSync] INFO       24H CAMIONS 2026: 2
2026-09-26 09:13:40 [PcorgSync] INFO     Répartition par catégorie :
2026-09-26 09:13:40 [PcorgSync] INFO       PCO.Information: 1
2026-09-26 09:13:40 [PcorgSync] INFO       PCO.Securite: 1
2026-09-26 09:13:40 [PcorgSync] INFO     Curseur DateWrite : 2026-09-26 07:10:28.633000
2026-09-26 09:13:40 [PcorgSync] INFO     Config pcorg : aucune nouvelle valeur
2026-09-26 09:13:40 [PcorgSync] INFO     Total en base : 29732 docs (29732 attribués, 2749 avec GPS)
2026-09-26 09:13:40 [PcorgSync] INFO   ============================================================
2026-09-26 09:13:40 [PcorgSync] INFO Sync terminee avec succes
2026-09-26 09:18:14 [PcorgSync] INFO Lancement sync incremental
2026-09-26 09:18:15 [PcorgSync] INFO     Messages SQL récupérés : 1
2026-09-26 09:18:15 [PcorgSync] INFO     Documents upsertés : 1
2026-09-26 09:18:15 [PcorgSync] INFO     Répartition par événement :
2026-09-26 09:18:15 [PcorgSync] INFO       24H CAMIONS 2026: 1
2026-09-26 09:18:15 [PcorgSync] INFO     Répartition par catégorie :
2026-09-26 09:18:15 [PcorgSync] INFO       PCO.Securite: 1
2026-09-26 09:18:15 [PcorgSync] INFO     Curseur DateWrite : 2026-09-26 07:10:28.633000
2026-09-26 09:18:15 [PcorgSync] INFO     Config pcorg : aucune nouvelle valeur
2026-09-26 09:18:15 [PcorgSync] INFO     Total en base : 29732 docs (29732 attribués, 2749 avec GPS)
2026-09-26 09:18:15 [PcorgSync] INFO   ============================================================
2026-09-26 09:18:15 [PcorgSync] INFO Sync terminee avec succes
2026-09-26 09:23:14 [PcorgSync] INFO Lancement sync incremental
2026-09-26 09:23:15 [PcorgSync] INFO       24H CAMIONS 2026: 5
2026-09-26 09:23:15 [PcorgSync] INFO     Répartition par catégorie :
2026-09-26 09:23:15 [PcorgSync] INFO       PCO.Information: 2
2026-09-26 09:23:15 [PcorgSync] INFO       PCO.Securite: 1
2026-09-26 09:23:15 [PcorgSync] INFO       PCO.MainCourante: 1
2026-09-26 09:23:15 [PcorgSync] INFO       PCO.Technique: 1
2026-09-26 09:23:15 [PcorgSync] INFO     Curseur DateWrite : 2026-09-26 07:22:49.263000
2026-09-26 09:23:15 [PcorgSync] INFO     Config pcorg : aucune nouvelle valeur
2026-09-26 09:23:15 [PcorgSync] INFO     Total en base : 29736 docs (29736 attribués, 2750 avec GPS)
2026-09-26 09:23:15 [PcorgSync] INFO   ============================================================
2026-09-26 09:23:15 [PcorgSync] INFO Sync terminee avec succes
2026-09-26 09:28:14 [PcorgSync] INFO Lancement sync incremental
2026-09-26 09:28:16 [PcorgSync] INFO     Messages SQL récupérés : 1
2026-09-26 09:28:16 [PcorgSync] INFO     Documents upsertés : 1
2026-09-26 09:28:16 [PcorgSync] INFO     Répartition par événement :
2026-09-26 09:28:16 [PcorgSync] INFO       24H CAMIONS 2026: 1
2026-09-26 09:28:16 [PcorgSync] INFO     Répartition par catégorie :
2026-09-26 09:28:16 [PcorgSync] INFO       PCO.Information: 1
2026-09-26 09:28:16 [PcorgSync] INFO     Curseur DateWrite : 2026-09-26 07:22:49.263000
2026-09-26 09:28:16 [PcorgSync] INFO     Config pcorg : aucune nouvelle valeur
2026-09-26 09:28:16 [PcorgSync] INFO     Total en base : 29736 docs (29736 attribués, 2750 avec GPS)
2026-09-26 09:28:16 [PcorgSync] INFO   ============================================================
2026-09-26 09:28:16 [PcorgSync] INFO Sync terminee avec succes
2026-09-26 09:33:14 [PcorgSync] INFO Lancement sync incremental
2026-09-26 09:33:15 [PcorgSync] INFO     Messages SQL récupérés : 1
2026-09-26 09:33:15 [PcorgSync] INFO     Documents upsertés : 1
2026-09-26 09:33:15 [PcorgSync] INFO     Répartition par événement :
2026-09-26 09:33:15 [PcorgSync] INFO       24H CAMIONS 2026: 1
2026-09-26 09:33:15 [PcorgSync] INFO     Répartition par catégorie :
2026-09-26 09:33:15 [PcorgSync] INFO       PCO.Information: 1
2026-09-26 09:33:15 [PcorgSync] INFO     Curseur DateWrite : 2026-09-26 07:22:49.263000
2026-09-26 09:33:15 [PcorgSync] INFO     Config pcorg : aucune nouvelle valeur
2026-09-26 09:33:15 [PcorgSync] INFO     Total en base : 29736 docs (29736 attribués, 2750 avec GPS)
2026-09-26 09:33:15 [PcorgSync] INFO   ============================================================
2026-09-26 09:33:15 [PcorgSync] INFO Sync terminee avec succes
2026-09-26 09:38:44 [PcorgSync] INFO Lancement sync incremental
2026-09-26 09:38:45 [PcorgSync] INFO     Documents upsertés : 2
2026-09-26 09:38:45 [PcorgSync] INFO     Répartition par événement :
2026-09-26 09:38:45 [PcorgSync] INFO       24H CAMIONS 2026: 2
2026-09-26 09:38:45 [PcorgSync] INFO     Répartition par catégorie :
2026-09-26 09:38:45 [PcorgSync] INFO       PCO.Information: 1
2026-09-26 09:38:45 [PcorgSync] INFO       PCO.Securite: 1
2026-09-26 09:38:45 [PcorgSync] INFO     Curseur DateWrite : 2026-09-26 07:34:36.417000
2026-09-26 09:38:45 [PcorgSync] INFO     Config pcorg : aucune nouvelle valeur
2026-09-26 09:38:45 [PcorgSync] INFO     Total en base : 29737 docs (29737 attribués, 2751 avec GPS)
2026-09-26 09:38:45 [PcorgSync] INFO   ============================================================
2026-09-26 09:38:45 [PcorgSync] INFO Sync terminee avec succes
2026-09-26 09:43:38 [PcorgSync] INFO Lancement sync incremental
2026-09-26 09:43:40 [PcorgSync] INFO     Messages SQL récupérés : 1
2026-09-26 09:43:40 [PcorgSync] INFO     Documents upsertés : 1
2026-09-26 09:43:40 [PcorgSync] INFO     Répartition par événement :
2026-09-26 09:43:40 [PcorgSync] INFO       24H CAMIONS 2026: 1
2026-09-26 09:43:40 [PcorgSync] INFO     Répartition par catégorie :
2026-09-26 09:43:40 [PcorgSync] INFO       PCO.Technique: 1
2026-09-26 09:43:40 [PcorgSync] INFO     Curseur DateWrite : 2026-09-26 07:40:47.167000
2026-09-26 09:43:40 [PcorgSync] INFO     Config pcorg : aucune nouvelle valeur
2026-09-26 09:43:40 [PcorgSync] INFO     Total en base : 29737 docs (29737 attribués, 2751 avec GPS)
2026-09-26 09:43:40 [PcorgSync] INFO   ============================================================
2026-09-26 09:43:40 [PcorgSync] INFO Sync terminee avec succes
2026-09-26 09:48:23 [PcorgSync] INFO Lancement sync incremental
2026-09-26 09:48:25 [PcorgSync] INFO     Messages SQL récupérés : 1
2026-09-26 09:48:25 [PcorgSync] INFO     Documents upsertés : 1
2026-09-26 09:48:25 [PcorgSync] INFO     Répartition par événement :
2026-09-26 09:48:25 [PcorgSync] INFO       24H CAMIONS 2026: 1
2026-09-26 09:48:25 [PcorgSync] INFO     Répartition par catégorie :
2026-09-26 09:48:25 [PcorgSync] INFO       PCO.Technique: 1
2026-09-26 09:48:25 [PcorgSync] INFO     Curseur DateWrite : 2026-09-26 07:44:11.603000
2026-09-26 09:48:25 [PcorgSync] INFO     Config pcorg : aucune nouvelle valeur
2026-09-26 09:48:25 [PcorgSync] INFO     Total en base : 29738 docs (29738 attribués, 2752 avec GPS)
2026-09-26 09:48:25 [PcorgSync] INFO   ============================================================
2026-09-26 09:48:25 [PcorgSync] INFO Sync terminee avec succes
2026-09-26 09:53:29 [PcorgSync] INFO Lancement sync incremental
2026-09-26 09:53:30 [PcorgSync] INFO     Messages SQL récupérés : 2
2026-09-26 09:53:30 [PcorgSync] INFO     Documents upsertés : 2
2026-09-26 09:53:30 [PcorgSync] INFO     Répartition par événement :
2026-09-26 09:53:30 [PcorgSync] INFO       24H CAMIONS 2026: 2
2026-09-26 09:53:30 [PcorgSync] INFO     Répartition par catégorie :
2026-09-26 09:53:30 [PcorgSync] INFO       PCO.Technique: 2
2026-09-26 09:53:30 [PcorgSync] INFO     Curseur DateWrite : 2026-09-26 07:51:08.243000
2026-09-26 09:53:30 [PcorgSync] INFO     Config pcorg : aucune nouvelle valeur
2026-09-26 09:53:30 [PcorgSync] INFO     Total en base : 29739 docs (29739 attribués, 2753 avec GPS)
2026-09-26 09:53:30 [PcorgSync] INFO   ============================================================
2026-09-26 09:53:30 [PcorgSync] INFO Sync terminee avec succes
2026-09-26 09:58:14 [PcorgSync] INFO Lancement sync incremental
2026-09-26 09:58:15 [PcorgSync] INFO     Messages SQL récupérés : 2
2026-09-26 09:58:15 [PcorgSync] INFO     Documents upsertés : 2
2026-09-26 09:58:15 [PcorgSync] INFO     Répartition par événement :
2026-09-26 09:58:15 [PcorgSync] INFO       24H CAMIONS 2026: 2
2026-09-26 09:58:15 [PcorgSync] INFO     Répartition par catégorie :
2026-09-26 09:58:15 [PcorgSync] INFO       PCO.Technique: 2
2026-09-26 09:58:15 [PcorgSync] INFO     Curseur DateWrite : 2026-09-26 07:54:44.387000
2026-09-26 09:58:15 [PcorgSync] INFO     Config pcorg : aucune nouvelle valeur
2026-09-26 09:58:15 [PcorgSync] INFO     Total en base : 29740 docs (29740 attribués, 2754 avec GPS)
2026-09-26 09:58:15 [PcorgSync] INFO   ============================================================
2026-09-26 09:58:15 [PcorgSync] INFO Sync terminee avec succes
2026-09-26 10:03:29 [PcorgSync] INFO Lancement sync incremental
2026-09-26 10:03:30 [PcorgSync] INFO     Messages SQL récupérés : 4
2026-09-26 10:03:30 [PcorgSync] INFO     Documents upsertés : 4
2026-09-26 10:03:30 [PcorgSync] INFO     Répartition par événement :
2026-09-26 10:03:30 [PcorgSync] INFO       24H CAMIONS 2026: 4
2026-09-26 10:03:30 [PcorgSync] INFO     Répartition par catégorie :
2026-09-26 10:03:30 [PcorgSync] INFO       PCO.Securite: 4
2026-09-26 10:03:30 [PcorgSync] INFO     Curseur DateWrite : 2026-09-26 08:03:00.053000
2026-09-26 10:03:30 [PcorgSync] INFO     Config pcorg : aucune nouvelle valeur
2026-09-26 10:03:30 [PcorgSync] INFO     Total en base : 29743 docs (29743 attribués, 2757 avec GPS)
2026-09-26 10:03:30 [PcorgSync] INFO   ============================================================
2026-09-26 10:03:30 [PcorgSync] INFO Sync terminee avec succes
2026-09-26 10:08:44 [PcorgSync] INFO Lancement sync incremental
2026-09-26 10:08:45 [PcorgSync] INFO     Messages SQL récupérés : 1
2026-09-26 10:08:45 [PcorgSync] INFO     Documents upsertés : 1
2026-09-26 10:08:45 [PcorgSync] INFO     Répartition par événement :
2026-09-26 10:08:45 [PcorgSync] INFO       24H CAMIONS 2026: 1
2026-09-26 10:08:45 [PcorgSync] INFO     Répartition par catégorie :
2026-09-26 10:08:45 [PcorgSync] INFO       PCO.Securite: 1
2026-09-26 10:08:45 [PcorgSync] INFO     Curseur DateWrite : 2026-09-26 08:03:00.053000
2026-09-26 10:08:45 [PcorgSync] INFO     Config pcorg : aucune nouvelle valeur
2026-09-26 10:08:45 [PcorgSync] INFO     Total en base : 29743 docs (29743 attribués, 2757 avec GPS)
2026-09-26 10:08:45 [PcorgSync] INFO   ============================================================
2026-09-26 10:08:45 [PcorgSync] INFO Sync terminee avec succes
2026-09-26 10:13:38 [PcorgSync] INFO Lancement sync incremental
2026-09-26 10:13:40 [PcorgSync] INFO     Messages SQL récupérés : 1
2026-09-26 10:13:40 [PcorgSync] INFO     Documents upsertés : 1
2026-09-26 10:13:40 [PcorgSync] INFO     Répartition par événement :
2026-09-26 10:13:40 [PcorgSync] INFO       24H CAMIONS 2026: 1
2026-09-26 10:13:40 [PcorgSync] INFO     Répartition par catégorie :
2026-09-26 10:13:40 [PcorgSync] INFO       PCO.Securite: 1
2026-09-26 10:13:40 [PcorgSync] INFO     Curseur DateWrite : 2026-09-26 08:03:00.053000
2026-09-26 10:13:40 [PcorgSync] INFO     Config pcorg : aucune nouvelle valeur
2026-09-26 10:13:40 [PcorgSync] INFO     Total en base : 29743 docs (29743 attribués, 2757 avec GPS)
2026-09-26 10:13:40 [PcorgSync] INFO   ============================================================
2026-09-26 10:13:40 [PcorgSync] INFO Sync terminee avec succes
2026-09-26 10:18:14 [PcorgSync] INFO Lancement sync incremental
2026-09-26 10:18:15 [PcorgSync] INFO     Documents upsertés : 3
2026-09-26 10:18:15 [PcorgSync] INFO     Répartition par événement :
2026-09-26 10:18:15 [PcorgSync] INFO       24H CAMIONS 2026: 3
2026-09-26 10:18:15 [PcorgSync] INFO     Répartition par catégorie :
2026-09-26 10:18:15 [PcorgSync] INFO       PCO.Technique: 2
2026-09-26 10:18:15 [PcorgSync] INFO       PCO.Securite: 1
2026-09-26 10:18:15 [PcorgSync] INFO     Curseur DateWrite : 2026-09-26 08:16:59.973000
2026-09-26 10:18:15 [PcorgSync] INFO     Config pcorg : aucune nouvelle valeur
2026-09-26 10:18:15 [PcorgSync] INFO     Total en base : 29743 docs (29743 attribués, 2757 avec GPS)
2026-09-26 10:18:15 [PcorgSync] INFO   ============================================================
2026-09-26 10:18:15 [PcorgSync] INFO Sync terminee avec succes
2026-09-26 10:23:44 [PcorgSync] INFO Lancement sync incremental
2026-09-26 10:23:45 [PcorgSync] INFO     Documents upsertés : 3
2026-09-26 10:23:45 [PcorgSync] INFO     Répartition par événement :
2026-09-26 10:23:45 [PcorgSync] INFO       24H CAMIONS 2026: 3
2026-09-26 10:23:45 [PcorgSync] INFO     Répartition par catégorie :
2026-09-26 10:23:45 [PcorgSync] INFO       PCO.Technique: 2
2026-09-26 10:23:45 [PcorgSync] INFO       PCO.Information: 1
2026-09-26 10:23:45 [PcorgSync] INFO     Curseur DateWrite : 2026-09-26 08:19:42.780000
2026-09-26 10:23:45 [PcorgSync] INFO     Config pcorg : aucune nouvelle valeur
2026-09-26 10:23:45 [PcorgSync] INFO     Total en base : 29745 docs (29745 attribués, 2758 avec GPS)
2026-09-26 10:23:45 [PcorgSync] INFO   ============================================================
2026-09-26 10:23:45 [PcorgSync] INFO Sync terminee avec succes
2026-09-26 10:28:38 [PcorgSync] INFO Lancement sync incremental
2026-09-26 10:28:40 [PcorgSync] INFO     Messages SQL récupérés : 2
2026-09-26 10:28:40 [PcorgSync] INFO     Documents upsertés : 2
2026-09-26 10:28:40 [PcorgSync] INFO     Répartition par événement :
2026-09-26 10:28:40 [PcorgSync] INFO       24H CAMIONS 2026: 2
2026-09-26 10:28:40 [PcorgSync] INFO     Répartition par catégorie :
2026-09-26 10:28:40 [PcorgSync] INFO       PCO.Information: 2
2026-09-26 10:28:40 [PcorgSync] INFO     Curseur DateWrite : 2026-09-26 08:27:15.710000
2026-09-26 10:28:40 [PcorgSync] INFO     Config pcorg : aucune nouvelle valeur
2026-09-26 10:28:40 [PcorgSync] INFO     Total en base : 29746 docs (29746 attribués, 2758 avec GPS)
2026-09-26 10:28:40 [PcorgSync] INFO   ============================================================
2026-09-26 10:28:40 [PcorgSync] INFO Sync terminee avec succes
2026-09-26 10:33:14 [PcorgSync] INFO Lancement sync incremental
2026-09-26 10:33:15 [PcorgSync] INFO     Messages SQL récupérés : 1
2026-09-26 10:33:15 [PcorgSync] INFO     Documents upsertés : 1
2026-09-26 10:33:15 [PcorgSync] INFO     Répartition par événement :
2026-09-26 10:33:15 [PcorgSync] INFO       24H CAMIONS 2026: 1
2026-09-26 10:33:15 [PcorgSync] INFO     Répartition par catégorie :
2026-09-26 10:33:15 [PcorgSync] INFO       PCO.Technique: 1
2026-09-26 10:33:15 [PcorgSync] INFO     Curseur DateWrite : 2026-09-26 08:31:00.487000
2026-09-26 10:33:15 [PcorgSync] INFO     Config pcorg : aucune nouvelle valeur
2026-09-26 10:33:15 [PcorgSync] INFO     Total en base : 29746 docs (29746 attribués, 2758 avec GPS)
2026-09-26 10:33:15 [PcorgSync] INFO   ============================================================
2026-09-26 10:33:15 [PcorgSync] INFO Sync terminee avec succes
2026-09-26 10:38:29 [PcorgSync] INFO Lancement sync incremental
2026-09-26 10:38:30 [PcorgSync] INFO   ============================================================
2026-09-26 10:38:30 [PcorgSync] INFO   
2026-09-26 10:38:30 [PcorgSync] INFO   Dernier sync : 2026-09-26 08:31:00.487000
2026-09-26 10:38:30 [PcorgSync] INFO   Connexion SQL Server...
2026-09-26 10:38:30 [PcorgSync] INFO     Driver ODBC : ODBC Driver 18 for SQL Server
2026-09-26 10:38:30 [PcorgSync] INFO     Port résolu via SQL Browser : 65422
2026-09-26 10:38:30 [PcorgSync] INFO     Connecté à 10.34.0.4,65422
2026-09-26 10:38:30 [PcorgSync] INFO   Récupération par lots de 1000...
2026-09-26 10:38:30 [PcorgSync] INFO   
2026-09-26 10:38:30 [PcorgSync] INFO   Aucun nouveau message. Rien à synchroniser.
2026-09-26 10:38:30 [PcorgSync] INFO Sync terminee avec succes
2026-09-26 10:43:38 [PcorgSync] INFO Lancement sync incremental
2026-09-26 10:43:40 [PcorgSync] INFO     Messages SQL récupérés : 1
2026-09-26 10:43:40 [PcorgSync] INFO     Documents upsertés : 1
2026-09-26 10:43:40 [PcorgSync] INFO     Répartition par événement :
2026-09-26 10:43:40 [PcorgSync] INFO       24H CAMIONS 2026: 1
2026-09-26 10:43:40 [PcorgSync] INFO     Répartition par catégorie :
2026-09-26 10:43:40 [PcorgSync] INFO       PCO.Technique: 1
2026-09-26 10:43:40 [PcorgSync] INFO     Curseur DateWrite : 2026-09-26 08:41:58.920000
2026-09-26 10:43:40 [PcorgSync] INFO     Config pcorg : aucune nouvelle valeur
2026-09-26 10:43:40 [PcorgSync] INFO     Total en base : 29746 docs (29746 attribués, 2758 avec GPS)
2026-09-26 10:43:40 [PcorgSync] INFO   ============================================================
2026-09-26 10:43:40 [PcorgSync] INFO Sync terminee avec succes
2026-09-26 10:48:14 [PcorgSync] INFO Lancement sync incremental
2026-09-26 10:48:15 [PcorgSync] INFO     Messages SQL récupérés : 1
2026-09-26 10:48:15 [PcorgSync] INFO     Documents upsertés : 1
2026-09-26 10:48:15 [PcorgSync] INFO     Répartition par événement :
2026-09-26 10:48:15 [PcorgSync] INFO       24H CAMIONS 2026: 1
2026-09-26 10:48:15 [PcorgSync] INFO     Répartition par catégorie :
2026-09-26 10:48:15 [PcorgSync] INFO       PCO.Information: 1
2026-09-26 10:48:15 [PcorgSync] INFO     Curseur DateWrite : 2026-09-26 08:45:29.720000
2026-09-26 10:48:15 [PcorgSync] INFO     Config pcorg : aucune nouvelle valeur
2026-09-26 10:48:15 [PcorgSync] INFO     Total en base : 29746 docs (29746 attribués, 2758 avec GPS)
2026-09-26 10:48:15 [PcorgSync] INFO   ============================================================
2026-09-26 10:48:15 [PcorgSync] INFO Sync terminee avec succes
2026-09-26 10:53:44 [PcorgSync] INFO Lancement sync incremental
2026-09-26 10:53:45 [PcorgSync] INFO   ============================================================
2026-09-26 10:53:45 [PcorgSync] INFO   
2026-09-26 10:53:45 [PcorgSync] INFO   Dernier sync : 2026-09-26 08:45:29.720000
2026-09-26 10:53:45 [PcorgSync] INFO   Connexion SQL Server...
2026-09-26 10:53:45 [PcorgSync] INFO     Driver ODBC : ODBC Driver 18 for SQL Server
2026-09-26 10:53:45 [PcorgSync] INFO     Port résolu via SQL Browser : 65422
2026-09-26 10:53:45 [PcorgSync] INFO     Connecté à 10.34.0.4,65422
2026-09-26 10:53:45 [PcorgSync] INFO   Récupération par lots de 1000...
2026-09-26 10:53:45 [PcorgSync] INFO   
2026-09-26 10:53:45 [PcorgSync] INFO   Aucun nouveau message. Rien à synchroniser.
2026-09-26 10:53:45 [PcorgSync] INFO Sync terminee avec succes
2026-09-26 10:58:14 [PcorgSync] INFO Lancement sync incremental
2026-09-26 10:58:15 [PcorgSync] INFO     Messages SQL récupérés : 1
2026-09-26 10:58:15 [PcorgSync] INFO     Documents upsertés : 1
2026-09-26 10:58:15 [PcorgSync] INFO     Répartition par événement :
2026-09-26 10:58:15 [PcorgSync] INFO       24H CAMIONS 2026: 1
2026-09-26 10:58:15 [PcorgSync] INFO     Répartition par catégorie :
2026-09-26 10:58:15 [PcorgSync] INFO       PCO.Information: 1
2026-09-26 10:58:15 [PcorgSync] INFO     Curseur DateWrite : 2026-09-26 08:56:58.873000
2026-09-26 10:58:15 [PcorgSync] INFO     Config pcorg : aucune nouvelle valeur
2026-09-26 10:58:15 [PcorgSync] INFO     Total en base : 29746 docs (29746 attribués, 2758 avec GPS)
2026-09-26 10:58:15 [PcorgSync] INFO   ============================================================
2026-09-26 10:58:15 [PcorgSync] INFO Sync terminee avec succes
2026-09-26 11:03:38 [PcorgSync] INFO Lancement sync incremental
2026-09-26 11:03:40 [PcorgSync] INFO     Répartition par événement :
2026-09-26 11:03:40 [PcorgSync] INFO       24H CAMIONS 2026: 3
2026-09-26 11:03:40 [PcorgSync] INFO     Répartition par catégorie :
2026-09-26 11:03:40 [PcorgSync] INFO       PCO.Information: 1
2026-09-26 11:03:40 [PcorgSync] INFO       PCO.Technique: 1
2026-09-26 11:03:40 [PcorgSync] INFO       PCO.Securite: 1
2026-09-26 11:03:40 [PcorgSync] INFO     Curseur DateWrite : 2026-09-26 09:00:11.793000
2026-09-26 11:03:40 [PcorgSync] INFO     Config pcorg : aucune nouvelle valeur
2026-09-26 11:03:40 [PcorgSync] INFO     Total en base : 29746 docs (29746 attribués, 2758 avec GPS)
2026-09-26 11:03:40 [PcorgSync] INFO   ============================================================
2026-09-26 11:03:40 [PcorgSync] INFO Sync terminee avec succes
2026-09-26 11:08:38 [PcorgSync] INFO Lancement sync incremental
2026-09-26 11:08:40 [PcorgSync] INFO     Messages SQL récupérés : 1
2026-09-26 11:08:40 [PcorgSync] INFO     Documents upsertés : 1
2026-09-26 11:08:40 [PcorgSync] INFO     Répartition par événement :
2026-09-26 11:08:40 [PcorgSync] INFO       24H CAMIONS 2026: 1
2026-09-26 11:08:40 [PcorgSync] INFO     Répartition par catégorie :
2026-09-26 11:08:40 [PcorgSync] INFO       PCO.Securite: 1
2026-09-26 11:08:40 [PcorgSync] INFO     Curseur DateWrite : 2026-09-26 09:00:11.793000
2026-09-26 11:08:40 [PcorgSync] INFO     Config pcorg : aucune nouvelle valeur
2026-09-26 11:08:40 [PcorgSync] INFO     Total en base : 29746 docs (29746 attribués, 2758 avec GPS)
2026-09-26 11:08:40 [PcorgSync] INFO   ============================================================
2026-09-26 11:08:40 [PcorgSync] INFO Sync terminee avec succes
2026-09-26 11:13:38 [PcorgSync] INFO Lancement sync incremental
2026-09-26 11:13:40 [PcorgSync] INFO     Messages SQL récupérés : 1
2026-09-26 11:13:40 [PcorgSync] INFO     Documents upsertés : 1
2026-09-26 11:13:40 [PcorgSync] INFO     Répartition par événement :
2026-09-26 11:13:40 [PcorgSync] INFO       24H CAMIONS 2026: 1
2026-09-26 11:13:40 [PcorgSync] INFO     Répartition par catégorie :
2026-09-26 11:13:40 [PcorgSync] INFO       PCO.Securite: 1
2026-09-26 11:13:40 [PcorgSync] INFO     Curseur DateWrite : 2026-09-26 09:00:11.793000
2026-09-26 11:13:40 [PcorgSync] INFO     Config pcorg : aucune nouvelle valeur
2026-09-26 11:13:40 [PcorgSync] INFO     Total en base : 29746 docs (29746 attribués, 2758 avec GPS)
2026-09-26 11:13:40 [PcorgSync] INFO   ============================================================
2026-09-26 11:13:40 [PcorgSync] INFO Sync terminee avec succes
2026-09-26 11:18:14 [PcorgSync] INFO Lancement sync incremental
2026-09-26 11:18:15 [PcorgSync] INFO     Messages SQL récupérés : 1
2026-09-26 11:18:15 [PcorgSync] INFO     Documents upsertés : 1
2026-09-26 11:18:15 [PcorgSync] INFO     Répartition par événement :
2026-09-26 11:18:15 [PcorgSync] INFO       24H CAMIONS 2026: 1
2026-09-26 11:18:15 [PcorgSync] INFO     Répartition par catégorie :
2026-09-26 11:18:15 [PcorgSync] INFO       PCO.Securite: 1
2026-09-26 11:18:15 [PcorgSync] INFO     Curseur DateWrite : 2026-09-26 09:00:11.793000
2026-09-26 11:18:15 [PcorgSync] INFO     Config pcorg : aucune nouvelle valeur
2026-09-26 11:18:15 [PcorgSync] INFO     Total en base : 29746 docs (29746 attribués, 2758 avec GPS)
2026-09-26 11:18:15 [PcorgSync] INFO   ============================================================
2026-09-26 11:18:15 [PcorgSync] INFO Sync terminee avec succes
2026-09-26 11:23:29 [PcorgSync] INFO Lancement sync incremental
2026-09-26 11:23:30 [PcorgSync] INFO     Messages SQL récupérés : 1
2026-09-26 11:23:30 [PcorgSync] INFO     Documents upsertés : 1
2026-09-26 11:23:30 [PcorgSync] INFO     Répartition par événement :
2026-09-26 11:23:30 [PcorgSync] INFO       24H CAMIONS 2026: 1
2026-09-26 11:23:30 [PcorgSync] INFO     Répartition par catégorie :
2026-09-26 11:23:30 [PcorgSync] INFO       PCO.Securite: 1
2026-09-26 11:23:30 [PcorgSync] INFO     Curseur DateWrite : 2026-09-26 09:00:11.793000
2026-09-26 11:23:30 [PcorgSync] INFO     Config pcorg : aucune nouvelle valeur
2026-09-26 11:23:30 [PcorgSync] INFO     Total en base : 29746 docs (29746 attribués, 2758 avec GPS)
2026-09-26 11:23:30 [PcorgSync] INFO   ============================================================
2026-09-26 11:23:30 [PcorgSync] INFO Sync terminee avec succes
2026-09-26 11:28:14 [PcorgSync] INFO Lancement sync incremental
2026-09-26 11:28:15 [PcorgSync] INFO     Répartition par événement :
2026-09-26 11:28:15 [PcorgSync] INFO       24H CAMIONS 2026: 3
2026-09-26 11:28:15 [PcorgSync] INFO     Répartition par catégorie :
2026-09-26 11:28:15 [PcorgSync] INFO       PCO.Securite: 1
2026-09-26 11:28:15 [PcorgSync] INFO       PCO.Information: 1
2026-09-26 11:28:15 [PcorgSync] INFO       PCO.Technique: 1
2026-09-26 11:28:15 [PcorgSync] INFO     Curseur DateWrite : 2026-09-26 09:27:44.130000
2026-09-26 11:28:15 [PcorgSync] INFO     Config pcorg : aucune nouvelle valeur
2026-09-26 11:28:15 [PcorgSync] INFO     Total en base : 29746 docs (29746 attribués, 2758 avec GPS)
2026-09-26 11:28:15 [PcorgSync] INFO   ============================================================
2026-09-26 11:28:15 [PcorgSync] INFO Sync terminee avec succes
2026-09-26 11:33:14 [PcorgSync] INFO Lancement sync incremental
2026-09-26 11:33:15 [PcorgSync] INFO   ============================================================
2026-09-26 11:33:15 [PcorgSync] INFO   
2026-09-26 11:33:15 [PcorgSync] INFO   Dernier sync : 2026-09-26 09:27:44.130000
2026-09-26 11:33:15 [PcorgSync] INFO   Connexion SQL Server...
2026-09-26 11:33:15 [PcorgSync] INFO     Driver ODBC : ODBC Driver 18 for SQL Server
2026-09-26 11:33:15 [PcorgSync] INFO     Port résolu via SQL Browser : 65422
2026-09-26 11:33:15 [PcorgSync] INFO     Connecté à 10.34.0.4,65422
2026-09-26 11:33:15 [PcorgSync] INFO   Récupération par lots de 1000...
2026-09-26 11:33:15 [PcorgSync] INFO   
2026-09-26 11:33:15 [PcorgSync] INFO   Aucun nouveau message. Rien à synchroniser.
2026-09-26 11:33:15 [PcorgSync] INFO Sync terminee avec succes
2026-09-26 11:38:29 [PcorgSync] INFO Lancement sync incremental
2026-09-26 11:38:30 [PcorgSync] INFO     Messages SQL récupérés : 1
2026-09-26 11:38:30 [PcorgSync] INFO     Documents upsertés : 1
2026-09-26 11:38:30 [PcorgSync] INFO     Répartition par événement :
2026-09-26 11:38:30 [PcorgSync] INFO       24H CAMIONS 2026: 1
2026-09-26 11:38:30 [PcorgSync] INFO     Répartition par catégorie :
2026-09-26 11:38:30 [PcorgSync] INFO       PCO.Technique: 1
2026-09-26 11:38:30 [PcorgSync] INFO     Curseur DateWrite : 2026-09-26 09:35:50.040000
2026-09-26 11:38:30 [PcorgSync] INFO     Config pcorg : aucune nouvelle valeur
2026-09-26 11:38:30 [PcorgSync] INFO     Total en base : 29747 docs (29747 attribués, 2759 avec GPS)
2026-09-26 11:38:30 [PcorgSync] INFO   ============================================================
2026-09-26 11:38:30 [PcorgSync] INFO Sync terminee avec succes
2026-09-26 11:43:29 [PcorgSync] INFO Lancement sync incremental
2026-09-26 11:43:30 [PcorgSync] INFO     Messages SQL récupérés : 1
2026-09-26 11:43:30 [PcorgSync] INFO     Documents upsertés : 1
2026-09-26 11:43:30 [PcorgSync] INFO     Répartition par événement :
2026-09-26 11:43:30 [PcorgSync] INFO       24H CAMIONS 2026: 1
2026-09-26 11:43:30 [PcorgSync] INFO     Répartition par catégorie :
2026-09-26 11:43:30 [PcorgSync] INFO       PCO.Technique: 1
2026-09-26 11:43:30 [PcorgSync] INFO     Curseur DateWrite : 2026-09-26 09:42:43.510000
2026-09-26 11:43:30 [PcorgSync] INFO     Config pcorg : aucune nouvelle valeur
2026-09-26 11:43:30 [PcorgSync] INFO     Total en base : 29747 docs (29747 attribués, 2759 avec GPS)
2026-09-26 11:43:30 [PcorgSync] INFO   ============================================================
2026-09-26 11:43:30 [PcorgSync] INFO Sync terminee avec succes
2026-09-26 11:48:14 [PcorgSync] INFO Lancement sync incremental
2026-09-26 11:48:15 [PcorgSync] INFO     Répartition par événement :
2026-09-26 11:48:15 [PcorgSync] INFO       24H CAMIONS 2026: 4
2026-09-26 11:48:15 [PcorgSync] INFO     Répartition par catégorie :
2026-09-26 11:48:15 [PcorgSync] INFO       PCO.Securite: 2
2026-09-26 11:48:15 [PcorgSync] INFO       PCO.Information: 1
2026-09-26 11:48:15 [PcorgSync] INFO       PCO.Technique: 1
2026-09-26 11:48:15 [PcorgSync] INFO     Curseur DateWrite : 2026-09-26 09:48:03.673000
2026-09-26 11:48:15 [PcorgSync] INFO     Config pcorg : aucune nouvelle valeur
2026-09-26 11:48:15 [PcorgSync] INFO     Total en base : 29748 docs (29748 attribués, 2759 avec GPS)
2026-09-26 11:48:15 [PcorgSync] INFO   ============================================================
2026-09-26 11:48:15 [PcorgSync] INFO Sync terminee avec succes
2026-09-26 11:53:29 [PcorgSync] INFO Lancement sync incremental
2026-09-26 11:53:30 [PcorgSync] INFO     Documents upsertés : 3
2026-09-26 11:53:30 [PcorgSync] INFO     Répartition par événement :
2026-09-26 11:53:30 [PcorgSync] INFO       24H CAMIONS 2026: 3
2026-09-26 11:53:30 [PcorgSync] INFO     Répartition par catégorie :
2026-09-26 11:53:30 [PcorgSync] INFO       PCO.Technique: 2
2026-09-26 11:53:30 [PcorgSync] INFO       PCO.Securite: 1
2026-09-26 11:53:30 [PcorgSync] INFO     Curseur DateWrite : 2026-09-26 09:52:29.807000
2026-09-26 11:53:30 [PcorgSync] INFO     Config pcorg : aucune nouvelle valeur
2026-09-26 11:53:30 [PcorgSync] INFO     Total en base : 29748 docs (29748 attribués, 2759 avec GPS)
2026-09-26 11:53:30 [PcorgSync] INFO   ============================================================
2026-09-26 11:53:30 [PcorgSync] INFO Sync terminee avec succes
2026-09-26 11:58:38 [PcorgSync] INFO Lancement sync incremental
2026-09-26 11:58:40 [PcorgSync] INFO     Messages SQL récupérés : 1
2026-09-26 11:58:40 [PcorgSync] INFO     Documents upsertés : 1
2026-09-26 11:58:40 [PcorgSync] INFO     Répartition par événement :
2026-09-26 11:58:40 [PcorgSync] INFO       24H CAMIONS 2026: 1
2026-09-26 11:58:40 [PcorgSync] INFO     Répartition par catégorie :
2026-09-26 11:58:40 [PcorgSync] INFO       PCO.Information: 1
2026-09-26 11:58:40 [PcorgSync] INFO     Curseur DateWrite : 2026-09-26 09:54:52.550000
2026-09-26 11:58:40 [PcorgSync] INFO     Config pcorg : aucune nouvelle valeur
2026-09-26 11:58:40 [PcorgSync] INFO     Total en base : 29748 docs (29748 attribués, 2759 avec GPS)
2026-09-26 11:58:40 [PcorgSync] INFO   ============================================================
2026-09-26 11:58:40 [PcorgSync] INFO Sync terminee avec succes
2026-09-26 12:03:14 [PcorgSync] INFO Lancement sync incremental
2026-09-26 12:03:15 [PcorgSync] INFO     Messages SQL récupérés : 1
2026-09-26 12:03:15 [PcorgSync] INFO     Documents upsertés : 1
2026-09-26 12:03:15 [PcorgSync] INFO     Répartition par événement :
2026-09-26 12:03:15 [PcorgSync] INFO       24H CAMIONS 2026: 1
2026-09-26 12:03:15 [PcorgSync] INFO     Répartition par catégorie :
2026-09-26 12:03:15 [PcorgSync] INFO       PCO.Information: 1
2026-09-26 12:03:15 [PcorgSync] INFO     Curseur DateWrite : 2026-09-26 09:59:49.360000
2026-09-26 12:03:15 [PcorgSync] INFO     Config pcorg : aucune nouvelle valeur
2026-09-26 12:03:15 [PcorgSync] INFO     Total en base : 29749 docs (29749 attribués, 2759 avec GPS)
2026-09-26 12:03:15 [PcorgSync] INFO   ============================================================
2026-09-26 12:03:15 [PcorgSync] INFO Sync terminee avec succes
2026-09-26 12:08:38 [PcorgSync] INFO Lancement sync incremental
2026-09-26 12:08:40 [PcorgSync] INFO     Répartition par événement :
2026-09-26 12:08:40 [PcorgSync] INFO       24H CAMIONS 2026: 4
2026-09-26 12:08:40 [PcorgSync] INFO     Répartition par catégorie :
2026-09-26 12:08:40 [PcorgSync] INFO       PCO.Technique: 2
2026-09-26 12:08:40 [PcorgSync] INFO       PCO.Information: 1
2026-09-26 12:08:40 [PcorgSync] INFO       PCO.MainCourante: 1
2026-09-26 12:08:40 [PcorgSync] INFO     Curseur DateWrite : 2026-09-26 10:06:28.977000
2026-09-26 12:08:40 [PcorgSync] INFO     Config pcorg : aucune nouvelle valeur
2026-09-26 12:08:40 [PcorgSync] INFO     Total en base : 29750 docs (29750 attribués, 2759 avec GPS)
2026-09-26 12:08:40 [PcorgSync] INFO   ============================================================
2026-09-26 12:08:40 [PcorgSync] INFO Sync terminee avec succes
2026-09-26 12:13:38 [PcorgSync] INFO Lancement sync incremental
2026-09-26 12:13:40 [PcorgSync] INFO     Documents upsertés : 2
2026-09-26 12:13:40 [PcorgSync] INFO     Répartition par événement :
2026-09-26 12:13:40 [PcorgSync] INFO       24H CAMIONS 2026: 2
2026-09-26 12:13:40 [PcorgSync] INFO     Répartition par catégorie :
2026-09-26 12:13:40 [PcorgSync] INFO       PCO.Technique: 1
2026-09-26 12:13:40 [PcorgSync] INFO       PCO.Information: 1
2026-09-26 12:13:40 [PcorgSync] INFO     Curseur DateWrite : 2026-09-26 10:12:20.713000
2026-09-26 12:13:40 [PcorgSync] INFO     Config pcorg : aucune nouvelle valeur
2026-09-26 12:13:40 [PcorgSync] INFO     Total en base : 29750 docs (29750 attribués, 2759 avec GPS)
2026-09-26 12:13:40 [PcorgSync] INFO   ============================================================
2026-09-26 12:13:40 [PcorgSync] INFO Sync terminee avec succes
2026-09-26 12:18:14 [PcorgSync] INFO Lancement sync incremental
2026-09-26 12:18:15 [PcorgSync] INFO     Messages SQL récupérés : 2
2026-09-26 12:18:15 [PcorgSync] INFO     Documents upsertés : 2
2026-09-26 12:18:15 [PcorgSync] INFO     Répartition par événement :
2026-09-26 12:18:15 [PcorgSync] INFO       24H CAMIONS 2026: 2
2026-09-26 12:18:15 [PcorgSync] INFO     Répartition par catégorie :
2026-09-26 12:18:15 [PcorgSync] INFO       PCO.Information: 2
2026-09-26 12:18:15 [PcorgSync] INFO     Curseur DateWrite : 2026-09-26 10:16:43.647000
2026-09-26 12:18:15 [PcorgSync] INFO     Config pcorg : aucune nouvelle valeur
2026-09-26 12:18:15 [PcorgSync] INFO     Total en base : 29750 docs (29750 attribués, 2759 avec GPS)
2026-09-26 12:18:15 [PcorgSync] INFO   ============================================================
2026-09-26 12:18:15 [PcorgSync] INFO Sync terminee avec succes
2026-09-26 12:23:29 [PcorgSync] INFO Lancement sync incremental
2026-09-26 12:23:30 [PcorgSync] INFO     Messages SQL récupérés : 1
2026-09-26 12:23:30 [PcorgSync] INFO     Documents upsertés : 1
2026-09-26 12:23:30 [PcorgSync] INFO     Répartition par événement :
2026-09-26 12:23:30 [PcorgSync] INFO       24H CAMIONS 2026: 1
2026-09-26 12:23:30 [PcorgSync] INFO     Répartition par catégorie :
2026-09-26 12:23:30 [PcorgSync] INFO       PCO.Technique: 1
2026-09-26 12:23:30 [PcorgSync] INFO     Curseur DateWrite : 2026-09-26 10:20:13.283000
2026-09-26 12:23:30 [PcorgSync] INFO     Config pcorg : aucune nouvelle valeur
2026-09-26 12:23:30 [PcorgSync] INFO     Total en base : 29750 docs (29750 attribués, 2759 avec GPS)
2026-09-26 12:23:30 [PcorgSync] INFO   ============================================================
2026-09-26 12:23:30 [PcorgSync] INFO Sync terminee avec succes
2026-09-26 12:28:29 [PcorgSync] INFO Lancement sync incremental
2026-09-26 12:28:30 [PcorgSync] INFO     Messages SQL récupérés : 1
2026-09-26 12:28:30 [PcorgSync] INFO     Documents upsertés : 1
2026-09-26 12:28:30 [PcorgSync] INFO     Répartition par événement :
2026-09-26 12:28:30 [PcorgSync] INFO       24H CAMIONS 2026: 1
2026-09-26 12:28:30 [PcorgSync] INFO     Répartition par catégorie :
2026-09-26 12:28:30 [PcorgSync] INFO       PCO.Technique: 1
2026-09-26 12:28:30 [PcorgSync] INFO     Curseur DateWrite : 2026-09-26 10:20:13.283000
2026-09-26 12:28:30 [PcorgSync] INFO     Config pcorg : aucune nouvelle valeur
2026-09-26 12:28:30 [PcorgSync] INFO     Total en base : 29750 docs (29750 attribués, 2759 avec GPS)
2026-09-26 12:28:30 [PcorgSync] INFO   ============================================================
2026-09-26 12:28:30 [PcorgSync] INFO Sync terminee avec succes
2026-09-26 12:33:14 [PcorgSync] INFO Lancement sync incremental
2026-09-26 12:33:15 [PcorgSync] INFO     Messages SQL récupérés : 1
2026-09-26 12:33:15 [PcorgSync] INFO     Documents upsertés : 1
2026-09-26 12:33:15 [PcorgSync] INFO     Répartition par événement :
2026-09-26 12:33:15 [PcorgSync] INFO       24H CAMIONS 2026: 1
2026-09-26 12:33:15 [PcorgSync] INFO     Répartition par catégorie :
2026-09-26 12:33:15 [PcorgSync] INFO       PCO.Technique: 1
2026-09-26 12:33:15 [PcorgSync] INFO     Curseur DateWrite : 2026-09-26 10:20:13.283000
2026-09-26 12:33:15 [PcorgSync] INFO     Config pcorg : aucune nouvelle valeur
2026-09-26 12:33:15 [PcorgSync] INFO     Total en base : 29750 docs (29750 attribués, 2759 avec GPS)
2026-09-26 12:33:15 [PcorgSync] INFO   ============================================================
2026-09-26 12:33:15 [PcorgSync] INFO Sync terminee avec succes
2026-09-26 12:38:44 [PcorgSync] INFO Lancement sync incremental
2026-09-26 12:38:45 [PcorgSync] INFO     Documents upsertés : 3
2026-09-26 12:38:45 [PcorgSync] INFO     Répartition par événement :
2026-09-26 12:38:45 [PcorgSync] INFO       24H CAMIONS 2026: 3
2026-09-26 12:38:45 [PcorgSync] INFO     Répartition par catégorie :
2026-09-26 12:38:45 [PcorgSync] INFO       PCO.Technique: 2
2026-09-26 12:38:45 [PcorgSync] INFO       PCO.Information: 1
2026-09-26 12:38:45 [PcorgSync] INFO     Curseur DateWrite : 2026-09-26 10:35:21.607000
2026-09-26 12:38:45 [PcorgSync] INFO     Config pcorg : aucune nouvelle valeur
2026-09-26 12:38:45 [PcorgSync] INFO     Total en base : 29751 docs (29751 attribués, 2759 avec GPS)
2026-09-26 12:38:45 [PcorgSync] INFO   ============================================================
2026-09-26 12:38:45 [PcorgSync] INFO Sync terminee avec succes
2026-09-26 12:43:29 [PcorgSync] INFO Lancement sync incremental
2026-09-26 12:43:30 [PcorgSync] INFO   ============================================================
2026-09-26 12:43:30 [PcorgSync] INFO   
2026-09-26 12:43:30 [PcorgSync] INFO   Dernier sync : 2026-09-26 10:35:21.607000
2026-09-26 12:43:30 [PcorgSync] INFO   Connexion SQL Server...
2026-09-26 12:43:30 [PcorgSync] INFO     Driver ODBC : ODBC Driver 18 for SQL Server
2026-09-26 12:43:30 [PcorgSync] INFO     Port résolu via SQL Browser : 65422
2026-09-26 12:43:30 [PcorgSync] INFO     Connecté à 10.34.0.4,65422
2026-09-26 12:43:30 [PcorgSync] INFO   Récupération par lots de 1000...
2026-09-26 12:43:30 [PcorgSync] INFO   
2026-09-26 12:43:30 [PcorgSync] INFO   Aucun nouveau message. Rien à synchroniser.
2026-09-26 12:43:30 [PcorgSync] INFO Sync terminee avec succes
2026-09-26 12:48:14 [PcorgSync] INFO Lancement sync incremental
2026-09-26 12:48:15 [PcorgSync] INFO     Messages SQL récupérés : 1
2026-09-26 12:48:15 [PcorgSync] INFO     Documents upsertés : 1
2026-09-26 12:48:15 [PcorgSync] INFO     Répartition par événement :
2026-09-26 12:48:15 [PcorgSync] INFO       24H CAMIONS 2026: 1
2026-09-26 12:48:15 [PcorgSync] INFO     Répartition par catégorie :
2026-09-26 12:48:15 [PcorgSync] INFO       PCO.Technique: 1
2026-09-26 12:48:15 [PcorgSync] INFO     Curseur DateWrite : 2026-09-26 10:47:02.633000
2026-09-26 12:48:15 [PcorgSync] INFO     Config pcorg : aucune nouvelle valeur
2026-09-26 12:48:15 [PcorgSync] INFO     Total en base : 29752 docs (29752 attribués, 2760 avec GPS)
2026-09-26 12:48:15 [PcorgSync] INFO   ============================================================
2026-09-26 12:48:15 [PcorgSync] INFO Sync terminee avec succes
2026-09-26 12:53:44 [PcorgSync] INFO Lancement sync incremental
2026-09-26 12:53:45 [PcorgSync] INFO     Messages SQL récupérés : 2
2026-09-26 12:53:45 [PcorgSync] INFO     Documents upsertés : 2
2026-09-26 12:53:45 [PcorgSync] INFO     Répartition par événement :
2026-09-26 12:53:45 [PcorgSync] INFO       24H CAMIONS 2026: 2
2026-09-26 12:53:45 [PcorgSync] INFO     Répartition par catégorie :
2026-09-26 12:53:45 [PcorgSync] INFO       PCO.Technique: 2
2026-09-26 12:53:45 [PcorgSync] INFO     Curseur DateWrite : 2026-09-26 10:52:41.453000
2026-09-26 12:53:45 [PcorgSync] INFO     Config pcorg : aucune nouvelle valeur
2026-09-26 12:53:45 [PcorgSync] INFO     Total en base : 29752 docs (29752 attribués, 2760 avec GPS)
2026-09-26 12:53:45 [PcorgSync] INFO   ============================================================
2026-09-26 12:53:45 [PcorgSync] INFO Sync terminee avec succes
2026-09-26 12:58:14 [PcorgSync] INFO Lancement sync incremental
2026-09-26 12:58:15 [PcorgSync] INFO     Messages SQL récupérés : 1
2026-09-26 12:58:15 [PcorgSync] INFO     Documents upsertés : 1
2026-09-26 12:58:15 [PcorgSync] INFO     Répartition par événement :
2026-09-26 12:58:15 [PcorgSync] INFO       24H CAMIONS 2026: 1
2026-09-26 12:58:15 [PcorgSync] INFO     Répartition par catégorie :
2026-09-26 12:58:15 [PcorgSync] INFO       PCO.Technique: 1
2026-09-26 12:58:15 [PcorgSync] INFO     Curseur DateWrite : 2026-09-26 10:52:41.453000
2026-09-26 12:58:15 [PcorgSync] INFO     Config pcorg : aucune nouvelle valeur
2026-09-26 12:58:15 [PcorgSync] INFO     Total en base : 29752 docs (29752 attribués, 2760 avec GPS)
2026-09-26 12:58:15 [PcorgSync] INFO   ============================================================
2026-09-26 12:58:15 [PcorgSync] INFO Sync terminee avec succes
2026-09-26 13:03:23 [PcorgSync] INFO Lancement sync incremental
2026-09-26 13:03:25 [PcorgSync] INFO     Documents upsertés : 2
2026-09-26 13:03:25 [PcorgSync] INFO     Répartition par événement :
2026-09-26 13:03:25 [PcorgSync] INFO       24H CAMIONS 2026: 2
2026-09-26 13:03:25 [PcorgSync] INFO     Répartition par catégorie :
2026-09-26 13:03:25 [PcorgSync] INFO       PCO.Technique: 1
2026-09-26 13:03:25 [PcorgSync] INFO       PCO.Information: 1
2026-09-26 13:03:25 [PcorgSync] INFO     Curseur DateWrite : 2026-09-26 11:01:35.063000
2026-09-26 13:03:25 [PcorgSync] INFO     Config pcorg : aucune nouvelle valeur
2026-09-26 13:03:25 [PcorgSync] INFO     Total en base : 29752 docs (29752 attribués, 2760 avec GPS)
2026-09-26 13:03:25 [PcorgSync] INFO   ============================================================
2026-09-26 13:03:25 [PcorgSync] INFO Sync terminee avec succes
2026-09-26 13:08:44 [PcorgSync] INFO Lancement sync incremental
2026-09-26 13:08:45 [PcorgSync] INFO     Répartition par événement :
2026-09-26 13:08:45 [PcorgSync] INFO       24H CAMIONS 2026: 3
2026-09-26 13:08:45 [PcorgSync] INFO     Répartition par catégorie :
2026-09-26 13:08:45 [PcorgSync] INFO       PCO.Information: 1
2026-09-26 13:08:45 [PcorgSync] INFO       PCO.Securite: 1
2026-09-26 13:08:45 [PcorgSync] INFO       PCO.MainCourante: 1
2026-09-26 13:08:45 [PcorgSync] INFO     Curseur DateWrite : 2026-09-26 11:05:14.800000
2026-09-26 13:08:45 [PcorgSync] INFO     Config pcorg : aucune nouvelle valeur
2026-09-26 13:08:45 [PcorgSync] INFO     Total en base : 29752 docs (29752 attribués, 2760 avec GPS)
2026-09-26 13:08:45 [PcorgSync] INFO   ============================================================
2026-09-26 13:08:45 [PcorgSync] INFO Sync terminee avec succes
2026-09-26 13:13:38 [PcorgSync] INFO Lancement sync incremental
2026-09-26 13:13:39 [PcorgSync] INFO   ============================================================
2026-09-26 13:13:39 [PcorgSync] INFO   
2026-09-26 13:13:39 [PcorgSync] INFO   Dernier sync : 2026-09-26 11:05:14.800000
2026-09-26 13:13:39 [PcorgSync] INFO   Connexion SQL Server...
2026-09-26 13:13:39 [PcorgSync] INFO     Driver ODBC : ODBC Driver 18 for SQL Server
2026-09-26 13:13:39 [PcorgSync] INFO     Port résolu via SQL Browser : 65422
2026-09-26 13:13:39 [PcorgSync] INFO     Connecté à 10.34.0.4,65422
2026-09-26 13:13:39 [PcorgSync] INFO   Récupération par lots de 1000...
2026-09-26 13:13:39 [PcorgSync] INFO   
2026-09-26 13:13:39 [PcorgSync] INFO   Aucun nouveau message. Rien à synchroniser.
2026-09-26 13:13:39 [PcorgSync] INFO Sync terminee avec succes
2026-09-26 13:18:14 [PcorgSync] INFO Lancement sync incremental
2026-09-26 13:18:15 [PcorgSync] INFO     Documents upsertés : 3
2026-09-26 13:18:15 [PcorgSync] INFO     Répartition par événement :
2026-09-26 13:18:15 [PcorgSync] INFO       24H CAMIONS 2026: 3
2026-09-26 13:18:15 [PcorgSync] INFO     Répartition par catégorie :
2026-09-26 13:18:15 [PcorgSync] INFO       PCO.Securite: 2
2026-09-26 13:18:15 [PcorgSync] INFO       PCO.Secours: 1
2026-09-26 13:18:15 [PcorgSync] INFO     Curseur DateWrite : 2026-09-26 11:16:16.727000
2026-09-26 13:18:15 [PcorgSync] INFO     Config pcorg : aucune nouvelle valeur
2026-09-26 13:18:15 [PcorgSync] INFO     Total en base : 29754 docs (29754 attribués, 2762 avec GPS)
2026-09-26 13:18:15 [PcorgSync] INFO   ============================================================
2026-09-26 13:18:15 [PcorgSync] INFO Sync terminee avec succes
2026-09-26 13:23:29 [PcorgSync] INFO Lancement sync incremental
2026-09-26 13:23:30 [PcorgSync] INFO     Répartition par événement :
2026-09-26 13:23:30 [PcorgSync] INFO       24H CAMIONS 2026: 3
2026-09-26 13:23:30 [PcorgSync] INFO     Répartition par catégorie :
2026-09-26 13:23:30 [PcorgSync] INFO       PCO.Technique: 1
2026-09-26 13:23:30 [PcorgSync] INFO       PCO.Securite: 1
2026-09-26 13:23:30 [PcorgSync] INFO       PCO.Secours: 1
2026-09-26 13:23:30 [PcorgSync] INFO     Curseur DateWrite : 2026-09-26 11:21:43.560000
2026-09-26 13:23:30 [PcorgSync] INFO     Config pcorg : aucune nouvelle valeur
2026-09-26 13:23:30 [PcorgSync] INFO     Total en base : 29756 docs (29756 attribués, 2764 avec GPS)
2026-09-26 13:23:30 [PcorgSync] INFO   ============================================================
2026-09-26 13:23:30 [PcorgSync] INFO Sync terminee avec succes
2026-09-26 13:28:38 [PcorgSync] INFO Lancement sync incremental
2026-09-26 13:28:40 [PcorgSync] INFO     Documents upsertés : 3
2026-09-26 13:28:40 [PcorgSync] INFO     Répartition par événement :
2026-09-26 13:28:40 [PcorgSync] INFO       24H CAMIONS 2026: 3
2026-09-26 13:28:40 [PcorgSync] INFO     Répartition par catégorie :
2026-09-26 13:28:40 [PcorgSync] INFO       PCO.Technique: 2
2026-09-26 13:28:40 [PcorgSync] INFO       PCO.Securite: 1
2026-09-26 13:28:40 [PcorgSync] INFO     Curseur DateWrite : 2026-09-26 11:26:25.800000
2026-09-26 13:28:40 [PcorgSync] INFO     Config pcorg : aucune nouvelle valeur
2026-09-26 13:28:40 [PcorgSync] INFO     Total en base : 29757 docs (29757 attribués, 2765 avec GPS)
2026-09-26 13:28:40 [PcorgSync] INFO   ============================================================
2026-09-26 13:28:40 [PcorgSync] INFO Sync terminee avec succes
2026-09-26 13:33:14 [PcorgSync] INFO Lancement sync incremental
2026-09-26 13:33:15 [PcorgSync] INFO     Documents upsertés : 3
2026-09-26 13:33:15 [PcorgSync] INFO     Répartition par événement :
2026-09-26 13:33:15 [PcorgSync] INFO       24H CAMIONS 2026: 3
2026-09-26 13:33:15 [PcorgSync] INFO     Répartition par catégorie :
2026-09-26 13:33:15 [PcorgSync] INFO       PCO.Secours: 2
2026-09-26 13:33:15 [PcorgSync] INFO       PCO.Technique: 1
2026-09-26 13:33:15 [PcorgSync] INFO     Curseur DateWrite : 2026-09-26 11:32:23.510000
2026-09-26 13:33:15 [PcorgSync] INFO     Config pcorg : aucune nouvelle valeur
2026-09-26 13:33:15 [PcorgSync] INFO     Total en base : 29758 docs (29758 attribués, 2766 avec GPS)
2026-09-26 13:33:15 [PcorgSync] INFO   ============================================================
2026-09-26 13:33:15 [PcorgSync] INFO Sync terminee avec succes
2026-09-26 13:38:44 [PcorgSync] INFO Lancement sync incremental
2026-09-26 13:38:45 [PcorgSync] INFO     Documents upsertés : 2
2026-09-26 13:38:45 [PcorgSync] INFO     Répartition par événement :
2026-09-26 13:38:45 [PcorgSync] INFO       24H CAMIONS 2026: 2
2026-09-26 13:38:45 [PcorgSync] INFO     Répartition par catégorie :
2026-09-26 13:38:45 [PcorgSync] INFO       PCO.Secours: 1
2026-09-26 13:38:45 [PcorgSync] INFO       PCO.Technique: 1
2026-09-26 13:38:45 [PcorgSync] INFO     Curseur DateWrite : 2026-09-26 11:38:43.410000
2026-09-26 13:38:45 [PcorgSync] INFO     Config pcorg : aucune nouvelle valeur
2026-09-26 13:38:45 [PcorgSync] INFO     Total en base : 29758 docs (29758 attribués, 2766 avec GPS)
2026-09-26 13:38:45 [PcorgSync] INFO   ============================================================
2026-09-26 13:38:45 [PcorgSync] INFO Sync terminee avec succes
2026-09-26 13:43:38 [PcorgSync] INFO Lancement sync incremental
2026-09-26 13:43:40 [PcorgSync] INFO     Documents upsertés : 3
2026-09-26 13:43:40 [PcorgSync] INFO     Répartition par événement :
2026-09-26 13:43:40 [PcorgSync] INFO       24H CAMIONS 2026: 3
2026-09-26 13:43:40 [PcorgSync] INFO     Répartition par catégorie :
2026-09-26 13:43:40 [PcorgSync] INFO       PCO.Technique: 2
2026-09-26 13:43:40 [PcorgSync] INFO       PCO.Secours: 1
2026-09-26 13:43:40 [PcorgSync] INFO     Curseur DateWrite : 2026-09-26 11:42:48.333000
2026-09-26 13:43:40 [PcorgSync] INFO     Config pcorg : aucune nouvelle valeur
2026-09-26 13:43:40 [PcorgSync] INFO     Total en base : 29758 docs (29758 attribués, 2766 avec GPS)
2026-09-26 13:43:40 [PcorgSync] INFO   ============================================================
2026-09-26 13:43:40 [PcorgSync] INFO Sync terminee avec succes
2026-09-26 13:48:23 [PcorgSync] INFO Lancement sync incremental
2026-09-26 13:48:25 [PcorgSync] INFO     Messages SQL récupérés : 1
2026-09-26 13:48:25 [PcorgSync] INFO     Documents upsertés : 1
2026-09-26 13:48:25 [PcorgSync] INFO     Répartition par événement :
2026-09-26 13:48:25 [PcorgSync] INFO       24H CAMIONS 2026: 1
2026-09-26 13:48:25 [PcorgSync] INFO     Répartition par catégorie :
2026-09-26 13:48:25 [PcorgSync] INFO       PCO.Secours: 1
2026-09-26 13:48:25 [PcorgSync] INFO     Curseur DateWrite : 2026-09-26 11:42:48.333000
2026-09-26 13:48:25 [PcorgSync] INFO     Config pcorg : aucune nouvelle valeur
2026-09-26 13:48:25 [PcorgSync] INFO     Total en base : 29758 docs (29758 attribués, 2766 avec GPS)
2026-09-26 13:48:25 [PcorgSync] INFO   ============================================================
2026-09-26 13:48:25 [PcorgSync] INFO Sync terminee avec succes
2026-09-26 13:53:29 [PcorgSync] INFO Lancement sync incremental
2026-09-26 13:53:30 [PcorgSync] INFO     Messages SQL récupérés : 1
2026-09-26 13:53:30 [PcorgSync] INFO     Documents upsertés : 1
2026-09-26 13:53:30 [PcorgSync] INFO     Répartition par événement :
2026-09-26 13:53:30 [PcorgSync] INFO       24H CAMIONS 2026: 1
2026-09-26 13:53:30 [PcorgSync] INFO     Répartition par catégorie :
2026-09-26 13:53:30 [PcorgSync] INFO       PCO.Secours: 1
2026-09-26 13:53:30 [PcorgSync] INFO     Curseur DateWrite : 2026-09-26 11:42:48.333000
2026-09-26 13:53:30 [PcorgSync] INFO     Config pcorg : aucune nouvelle valeur
2026-09-26 13:53:30 [PcorgSync] INFO     Total en base : 29758 docs (29758 attribués, 2766 avec GPS)
2026-09-26 13:53:30 [PcorgSync] INFO   ============================================================
2026-09-26 13:53:30 [PcorgSync] INFO Sync terminee avec succes
2026-09-26 13:58:14 [PcorgSync] INFO Lancement sync incremental
2026-09-26 13:58:15 [PcorgSync] INFO     Messages SQL récupérés : 1
2026-09-26 13:58:15 [PcorgSync] INFO     Documents upsertés : 1
2026-09-26 13:58:15 [PcorgSync] INFO     Répartition par événement :
2026-09-26 13:58:15 [PcorgSync] INFO       24H CAMIONS 2026: 1
2026-09-26 13:58:15 [PcorgSync] INFO     Répartition par catégorie :
2026-09-26 13:58:15 [PcorgSync] INFO       PCO.Secours: 1
2026-09-26 13:58:15 [PcorgSync] INFO     Curseur DateWrite : 2026-09-26 11:42:48.333000
2026-09-26 13:58:15 [PcorgSync] INFO     Config pcorg : aucune nouvelle valeur
2026-09-26 13:58:15 [PcorgSync] INFO     Total en base : 29758 docs (29758 attribués, 2766 avec GPS)
2026-09-26 13:58:15 [PcorgSync] INFO   ============================================================
2026-09-26 13:58:15 [PcorgSync] INFO Sync terminee avec succes
2026-09-26 14:03:29 [PcorgSync] INFO Lancement sync incremental
2026-09-26 14:03:30 [PcorgSync] INFO     Messages SQL récupérés : 1
2026-09-26 14:03:30 [PcorgSync] INFO     Documents upsertés : 1
2026-09-26 14:03:30 [PcorgSync] INFO     Répartition par événement :
2026-09-26 14:03:30 [PcorgSync] INFO       24H CAMIONS 2026: 1
2026-09-26 14:03:30 [PcorgSync] INFO     Répartition par catégorie :
2026-09-26 14:03:30 [PcorgSync] INFO       PCO.Secours: 1
2026-09-26 14:03:30 [PcorgSync] INFO     Curseur DateWrite : 2026-09-26 11:42:48.333000
2026-09-26 14:03:30 [PcorgSync] INFO     Config pcorg : aucune nouvelle valeur
2026-09-26 14:03:30 [PcorgSync] INFO     Total en base : 29758 docs (29758 attribués, 2766 avec GPS)
2026-09-26 14:03:30 [PcorgSync] INFO   ============================================================
2026-09-26 14:03:30 [PcorgSync] INFO Sync terminee avec succes
2026-09-26 14:08:29 [PcorgSync] INFO Lancement sync incremental
2026-09-26 14:08:30 [PcorgSync] INFO     Documents upsertés : 2
2026-09-26 14:08:30 [PcorgSync] INFO     Répartition par événement :
2026-09-26 14:08:30 [PcorgSync] INFO       24H CAMIONS 2026: 2
2026-09-26 14:08:30 [PcorgSync] INFO     Répartition par catégorie :
2026-09-26 14:08:30 [PcorgSync] INFO       PCO.Secours: 1
2026-09-26 14:08:30 [PcorgSync] INFO       PCO.Securite: 1
2026-09-26 14:08:30 [PcorgSync] INFO     Curseur DateWrite : 2026-09-26 12:04:04.890000
2026-09-26 14:08:30 [PcorgSync] INFO     Config pcorg : aucune nouvelle valeur
2026-09-26 14:08:30 [PcorgSync] INFO     Total en base : 29758 docs (29758 attribués, 2766 avec GPS)
2026-09-26 14:08:30 [PcorgSync] INFO   ============================================================
2026-09-26 14:08:30 [PcorgSync] INFO Sync terminee avec succes
2026-09-26 14:13:38 [PcorgSync] INFO Lancement sync incremental
2026-09-26 14:13:40 [PcorgSync] INFO     Documents upsertés : 2
2026-09-26 14:13:40 [PcorgSync] INFO     Répartition par événement :
2026-09-26 14:13:40 [PcorgSync] INFO       24H CAMIONS 2026: 2
2026-09-26 14:13:40 [PcorgSync] INFO     Répartition par catégorie :
2026-09-26 14:13:40 [PcorgSync] INFO       PCO.Fourriere: 1
2026-09-26 14:13:40 [PcorgSync] INFO       PCO.Secours: 1
2026-09-26 14:13:40 [PcorgSync] INFO     Curseur DateWrite : 2026-09-26 12:10:48.800000
2026-09-26 14:13:40 [PcorgSync] INFO     Config pcorg : aucune nouvelle valeur
2026-09-26 14:13:40 [PcorgSync] INFO     Total en base : 29758 docs (29758 attribués, 2766 avec GPS)
2026-09-26 14:13:40 [PcorgSync] INFO   ============================================================
2026-09-26 14:13:40 [PcorgSync] INFO Sync terminee avec succes
2026-09-26 14:18:14 [PcorgSync] INFO Lancement sync incremental
2026-09-26 14:18:15 [PcorgSync] INFO     Messages SQL récupérés : 1
2026-09-26 14:18:15 [PcorgSync] INFO     Documents upsertés : 1
2026-09-26 14:18:15 [PcorgSync] INFO     Répartition par événement :
2026-09-26 14:18:15 [PcorgSync] INFO       24H CAMIONS 2026: 1
2026-09-26 14:18:15 [PcorgSync] INFO     Répartition par catégorie :
2026-09-26 14:18:15 [PcorgSync] INFO       PCO.Technique: 1
2026-09-26 14:18:15 [PcorgSync] INFO     Curseur DateWrite : 2026-09-26 12:14:18.353000
2026-09-26 14:18:15 [PcorgSync] INFO     Config pcorg : aucune nouvelle valeur
2026-09-26 14:18:15 [PcorgSync] INFO     Total en base : 29758 docs (29758 attribués, 2766 avec GPS)
2026-09-26 14:18:15 [PcorgSync] INFO   ============================================================
2026-09-26 14:18:15 [PcorgSync] INFO Sync terminee avec succes
2026-09-26 14:23:29 [PcorgSync] INFO Lancement sync incremental
2026-09-26 14:23:30 [PcorgSync] INFO     Documents upsertés : 2
2026-09-26 14:23:30 [PcorgSync] INFO     Répartition par événement :
2026-09-26 14:23:30 [PcorgSync] INFO       24H CAMIONS 2026: 2
2026-09-26 14:23:30 [PcorgSync] INFO     Répartition par catégorie :
2026-09-26 14:23:30 [PcorgSync] INFO       PCO.Technique: 1
2026-09-26 14:23:30 [PcorgSync] INFO       PCO.Secours: 1
2026-09-26 14:23:30 [PcorgSync] INFO     Curseur DateWrite : 2026-09-26 12:20:31.730000
2026-09-26 14:23:30 [PcorgSync] INFO     Config pcorg : aucune nouvelle valeur
2026-09-26 14:23:30 [PcorgSync] INFO     Total en base : 29758 docs (29758 attribués, 2766 avec GPS)
2026-09-26 14:23:30 [PcorgSync] INFO   ============================================================
2026-09-26 14:23:30 [PcorgSync] INFO Sync terminee avec succes
2026-09-26 14:28:38 [PcorgSync] INFO Lancement sync incremental
2026-09-26 14:28:40 [PcorgSync] INFO     Répartition par événement :
2026-09-26 14:28:40 [PcorgSync] INFO       24H CAMIONS 2026: 3
2026-09-26 14:28:40 [PcorgSync] INFO     Répartition par catégorie :
2026-09-26 14:28:40 [PcorgSync] INFO       PCO.Technique: 1
2026-09-26 14:28:40 [PcorgSync] INFO       PCO.Fourriere: 1
2026-09-26 14:28:40 [PcorgSync] INFO       PCO.Securite: 1
2026-09-26 14:28:40 [PcorgSync] INFO     Curseur DateWrite : 2026-09-26 12:28:09.747000
2026-09-26 14:28:40 [PcorgSync] INFO     Config pcorg : aucune nouvelle valeur
2026-09-26 14:28:40 [PcorgSync] INFO     Total en base : 29760 docs (29760 attribués, 2768 avec GPS)
2026-09-26 14:28:40 [PcorgSync] INFO   ============================================================
2026-09-26 14:28:40 [PcorgSync] INFO Sync terminee avec succes
2026-09-26 14:33:14 [PcorgSync] INFO Lancement sync incremental
2026-09-26 14:33:15 [PcorgSync] INFO     Documents upsertés : 2
2026-09-26 14:33:15 [PcorgSync] INFO     Répartition par événement :
2026-09-26 14:33:15 [PcorgSync] INFO       24H CAMIONS 2026: 2
2026-09-26 14:33:15 [PcorgSync] INFO     Répartition par catégorie :
2026-09-26 14:33:15 [PcorgSync] INFO       PCO.Technique: 1
2026-09-26 14:33:15 [PcorgSync] INFO       PCO.Fourriere: 1
2026-09-26 14:33:15 [PcorgSync] INFO     Curseur DateWrite : 2026-09-26 12:32:02.713000
2026-09-26 14:33:15 [PcorgSync] INFO     Config pcorg : aucune nouvelle valeur
2026-09-26 14:33:15 [PcorgSync] INFO     Total en base : 29761 docs (29761 attribués, 2769 avec GPS)
2026-09-26 14:33:15 [PcorgSync] INFO   ============================================================
2026-09-26 14:33:15 [PcorgSync] INFO Sync terminee avec succes
2026-09-26 14:38:44 [PcorgSync] INFO Lancement sync incremental
2026-09-26 14:38:45 [PcorgSync] INFO     Messages SQL récupérés : 2
2026-09-26 14:38:45 [PcorgSync] INFO     Documents upsertés : 2
2026-09-26 14:38:45 [PcorgSync] INFO     Répartition par événement :
2026-09-26 14:38:45 [PcorgSync] INFO       24H CAMIONS 2026: 2
2026-09-26 14:38:45 [PcorgSync] INFO     Répartition par catégorie :
2026-09-26 14:38:45 [PcorgSync] INFO       PCO.Fourriere: 2
2026-09-26 14:38:45 [PcorgSync] INFO     Curseur DateWrite : 2026-09-26 12:34:34.310000
2026-09-26 14:38:45 [PcorgSync] INFO     Config pcorg : aucune nouvelle valeur
2026-09-26 14:38:45 [PcorgSync] INFO     Total en base : 29761 docs (29761 attribués, 2769 avec GPS)
2026-09-26 14:38:45 [PcorgSync] INFO   ============================================================
2026-09-26 14:38:45 [PcorgSync] INFO Sync terminee avec succes
2026-09-26 14:43:38 [PcorgSync] INFO Lancement sync incremental
2026-09-26 14:43:39 [PcorgSync] INFO   ============================================================
2026-09-26 14:43:39 [PcorgSync] INFO   
2026-09-26 14:43:39 [PcorgSync] INFO   Dernier sync : 2026-09-26 12:34:34.310000
2026-09-26 14:43:39 [PcorgSync] INFO   Connexion SQL Server...
2026-09-26 14:43:39 [PcorgSync] INFO     Driver ODBC : ODBC Driver 18 for SQL Server
2026-09-26 14:43:39 [PcorgSync] INFO     Port résolu via SQL Browser : 65422
2026-09-26 14:43:39 [PcorgSync] INFO     Connecté à 10.34.0.4,65422
2026-09-26 14:43:39 [PcorgSync] INFO   Récupération par lots de 1000...
2026-09-26 14:43:39 [PcorgSync] INFO   
2026-09-26 14:43:39 [PcorgSync] INFO   Aucun nouveau message. Rien à synchroniser.
2026-09-26 14:43:39 [PcorgSync] INFO Sync terminee avec succes
2026-09-26 14:48:38 [PcorgSync] INFO Lancement sync incremental
2026-09-26 14:48:40 [PcorgSync] INFO   ============================================================
2026-09-26 14:48:40 [PcorgSync] INFO   
2026-09-26 14:48:40 [PcorgSync] INFO   Dernier sync : 2026-09-26 12:34:34.310000
2026-09-26 14:48:40 [PcorgSync] INFO   Connexion SQL Server...
2026-09-26 14:48:40 [PcorgSync] INFO     Driver ODBC : ODBC Driver 18 for SQL Server
2026-09-26 14:48:40 [PcorgSync] INFO     Port résolu via SQL Browser : 65422
2026-09-26 14:48:40 [PcorgSync] INFO     Connecté à 10.34.0.4,65422
2026-09-26 14:48:40 [PcorgSync] INFO   Récupération par lots de 1000...
2026-09-26 14:48:40 [PcorgSync] INFO   
2026-09-26 14:48:40 [PcorgSync] INFO   Aucun nouveau message. Rien à synchroniser.
2026-09-26 14:48:40 [PcorgSync] INFO Sync terminee avec succes
2026-09-26 14:53:23 [PcorgSync] INFO Lancement sync incremental
2026-09-26 14:53:24 [PcorgSync] INFO   ============================================================
2026-09-26 14:53:24 [PcorgSync] INFO   
2026-09-26 14:53:24 [PcorgSync] INFO   Dernier sync : 2026-09-26 12:34:34.310000
2026-09-26 14:53:24 [PcorgSync] INFO   Connexion SQL Server...
2026-09-26 14:53:24 [PcorgSync] INFO     Driver ODBC : ODBC Driver 18 for SQL Server
2026-09-26 14:53:24 [PcorgSync] INFO     Port résolu via SQL Browser : 65422
2026-09-26 14:53:24 [PcorgSync] INFO     Connecté à 10.34.0.4,65422
2026-09-26 14:53:24 [PcorgSync] INFO   Récupération par lots de 1000...
2026-09-26 14:53:24 [PcorgSync] INFO   
2026-09-26 14:53:24 [PcorgSync] INFO   Aucun nouveau message. Rien à synchroniser.
2026-09-26 14:53:24 [PcorgSync] INFO Sync terminee avec succes
2026-09-26 14:58:38 [PcorgSync] INFO Lancement sync incremental
2026-09-26 14:58:39 [PcorgSync] INFO   ============================================================
2026-09-26 14:58:39 [PcorgSync] INFO   
2026-09-26 14:58:39 [PcorgSync] INFO   Dernier sync : 2026-09-26 12:34:34.310000
2026-09-26 14:58:39 [PcorgSync] INFO   Connexion SQL Server...
2026-09-26 14:58:39 [PcorgSync] INFO     Driver ODBC : ODBC Driver 18 for SQL Server
2026-09-26 14:58:39 [PcorgSync] INFO     Port résolu via SQL Browser : 65422
2026-09-26 14:58:39 [PcorgSync] INFO     Connecté à 10.34.0.4,65422
2026-09-26 14:58:39 [PcorgSync] INFO   Récupération par lots de 1000...
2026-09-26 14:58:39 [PcorgSync] INFO   
2026-09-26 14:58:39 [PcorgSync] INFO   Aucun nouveau message. Rien à synchroniser.
2026-09-26 14:58:39 [PcorgSync] INFO Sync terminee avec succes
2026-09-26 15:03:14 [PcorgSync] INFO Lancement sync incremental
2026-09-26 15:03:15 [PcorgSync] INFO     Messages SQL récupérés : 1
2026-09-26 15:03:15 [PcorgSync] INFO     Documents upsertés : 1
2026-09-26 15:03:15 [PcorgSync] INFO     Répartition par événement :
2026-09-26 15:03:15 [PcorgSync] INFO       24H CAMIONS 2026: 1
2026-09-26 15:03:15 [PcorgSync] INFO     Répartition par catégorie :
2026-09-26 15:03:15 [PcorgSync] INFO       PCO.Securite: 1
2026-09-26 15:03:15 [PcorgSync] INFO     Curseur DateWrite : 2026-09-26 13:01:52.880000
2026-09-26 15:03:15 [PcorgSync] INFO     Config pcorg : aucune nouvelle valeur
2026-09-26 15:03:15 [PcorgSync] INFO     Total en base : 29761 docs (29761 attribués, 2769 avec GPS)
2026-09-26 15:03:15 [PcorgSync] INFO   ============================================================
2026-09-26 15:03:15 [PcorgSync] INFO Sync terminee avec succes
2026-09-26 15:08:59 [PcorgSync] INFO Lancement sync incremental
2026-09-26 15:09:00 [PcorgSync] INFO     Messages SQL récupérés : 1
2026-09-26 15:09:00 [PcorgSync] INFO     Documents upsertés : 1
2026-09-26 15:09:00 [PcorgSync] INFO     Répartition par événement :
2026-09-26 15:09:00 [PcorgSync] INFO       24H CAMIONS 2026: 1
2026-09-26 15:09:00 [PcorgSync] INFO     Répartition par catégorie :
2026-09-26 15:09:00 [PcorgSync] INFO       PCO.Secours: 1
2026-09-26 15:09:00 [PcorgSync] INFO     Curseur DateWrite : 2026-09-26 13:06:01.830000
2026-09-26 15:09:00 [PcorgSync] INFO     Config pcorg : aucune nouvelle valeur
2026-09-26 15:09:00 [PcorgSync] INFO     Total en base : 29762 docs (29762 attribués, 2770 avec GPS)
2026-09-26 15:09:00 [PcorgSync] INFO   ============================================================
2026-09-26 15:09:00 [PcorgSync] INFO Sync terminee avec succes
2026-09-26 15:13:38 [PcorgSync] INFO Lancement sync incremental
2026-09-26 15:13:39 [PcorgSync] INFO   ============================================================
2026-09-26 15:13:39 [PcorgSync] INFO   
2026-09-26 15:13:39 [PcorgSync] INFO   Dernier sync : 2026-09-26 13:06:01.830000
2026-09-26 15:13:39 [PcorgSync] INFO   Connexion SQL Server...
2026-09-26 15:13:39 [PcorgSync] INFO     Driver ODBC : ODBC Driver 18 for SQL Server
2026-09-26 15:13:39 [PcorgSync] INFO     Port résolu via SQL Browser : 65422
2026-09-26 15:13:39 [PcorgSync] INFO     Connecté à 10.34.0.4,65422
2026-09-26 15:13:39 [PcorgSync] INFO   Récupération par lots de 1000...
2026-09-26 15:13:39 [PcorgSync] INFO   
2026-09-26 15:13:39 [PcorgSync] INFO   Aucun nouveau message. Rien à synchroniser.
2026-09-26 15:13:39 [PcorgSync] INFO Sync terminee avec succes
2026-09-26 15:18:14 [PcorgSync] INFO Lancement sync incremental
2026-09-26 15:18:15 [PcorgSync] INFO     Messages SQL récupérés : 1
2026-09-26 15:18:15 [PcorgSync] INFO     Documents upsertés : 1
2026-09-26 15:18:15 [PcorgSync] INFO     Répartition par événement :
2026-09-26 15:18:15 [PcorgSync] INFO       24H CAMIONS 2026: 1
2026-09-26 15:18:15 [PcorgSync] INFO     Répartition par catégorie :
2026-09-26 15:18:15 [PcorgSync] INFO       PCO.Technique: 1
2026-09-26 15:18:15 [PcorgSync] INFO     Curseur DateWrite : 2026-09-26 13:15:21.553000
2026-09-26 15:18:15 [PcorgSync] INFO     Config pcorg : aucune nouvelle valeur
2026-09-26 15:18:15 [PcorgSync] INFO     Total en base : 29762 docs (29762 attribués, 2770 avec GPS)
2026-09-26 15:18:15 [PcorgSync] INFO   ============================================================
2026-09-26 15:18:15 [PcorgSync] INFO Sync terminee avec succes
2026-09-26 15:23:38 [PcorgSync] INFO Lancement sync incremental
2026-09-26 15:23:40 [PcorgSync] INFO     Documents upsertés : 2
2026-09-26 15:23:40 [PcorgSync] INFO     Répartition par événement :
2026-09-26 15:23:40 [PcorgSync] INFO       24H CAMIONS 2026: 2
2026-09-26 15:23:40 [PcorgSync] INFO     Répartition par catégorie :
2026-09-26 15:23:40 [PcorgSync] INFO       PCO.Technique: 1
2026-09-26 15:23:40 [PcorgSync] INFO       PCO.Fourriere: 1
2026-09-26 15:23:40 [PcorgSync] INFO     Curseur DateWrite : 2026-09-26 13:19:37.433000
2026-09-26 15:23:40 [PcorgSync] INFO     Config pcorg : aucune nouvelle valeur
2026-09-26 15:23:40 [PcorgSync] INFO     Total en base : 29763 docs (29763 attribués, 2771 avec GPS)
2026-09-26 15:23:40 [PcorgSync] INFO   ============================================================
2026-09-26 15:23:40 [PcorgSync] INFO Sync terminee avec succes
2026-09-26 15:28:14 [PcorgSync] INFO Lancement sync incremental
2026-09-26 15:28:15 [PcorgSync] INFO     Messages SQL récupérés : 1
2026-09-26 15:28:15 [PcorgSync] INFO     Documents upsertés : 1
2026-09-26 15:28:15 [PcorgSync] INFO     Répartition par événement :
2026-09-26 15:28:15 [PcorgSync] INFO       24H CAMIONS 2026: 1
2026-09-26 15:28:15 [PcorgSync] INFO     Répartition par catégorie :
2026-09-26 15:28:15 [PcorgSync] INFO       PCO.Fourriere: 1
2026-09-26 15:28:15 [PcorgSync] INFO     Curseur DateWrite : 2026-09-26 13:19:37.433000
2026-09-26 15:28:15 [PcorgSync] INFO     Config pcorg : aucune nouvelle valeur
2026-09-26 15:28:15 [PcorgSync] INFO     Total en base : 29763 docs (29763 attribués, 2771 avec GPS)
2026-09-26 15:28:15 [PcorgSync] INFO   ============================================================
2026-09-26 15:28:15 [PcorgSync] INFO Sync terminee avec succes
2026-09-26 15:33:14 [PcorgSync] INFO Lancement sync incremental
2026-09-26 15:33:15 [PcorgSync] INFO     Messages SQL récupérés : 1
2026-09-26 15:33:15 [PcorgSync] INFO     Documents upsertés : 1
2026-09-26 15:33:15 [PcorgSync] INFO     Répartition par événement :
2026-09-26 15:33:15 [PcorgSync] INFO       24H CAMIONS 2026: 1
2026-09-26 15:33:15 [PcorgSync] INFO     Répartition par catégorie :
2026-09-26 15:33:15 [PcorgSync] INFO       PCO.Fourriere: 1
2026-09-26 15:33:15 [PcorgSync] INFO     Curseur DateWrite : 2026-09-26 13:19:37.433000
2026-09-26 15:33:15 [PcorgSync] INFO     Config pcorg : aucune nouvelle valeur
2026-09-26 15:33:15 [PcorgSync] INFO     Total en base : 29763 docs (29763 attribués, 2771 avec GPS)
2026-09-26 15:33:15 [PcorgSync] INFO   ============================================================
2026-09-26 15:33:15 [PcorgSync] INFO Sync terminee avec succes
2026-09-26 15:38:14 [PcorgSync] INFO Lancement sync incremental
2026-09-26 15:38:15 [PcorgSync] INFO     Messages SQL récupérés : 1
2026-09-26 15:38:15 [PcorgSync] INFO     Documents upsertés : 1
2026-09-26 15:38:15 [PcorgSync] INFO     Répartition par événement :
2026-09-26 15:38:15 [PcorgSync] INFO       24H CAMIONS 2026: 1
2026-09-26 15:38:15 [PcorgSync] INFO     Répartition par catégorie :
2026-09-26 15:38:15 [PcorgSync] INFO       PCO.Fourriere: 1
2026-09-26 15:38:15 [PcorgSync] INFO     Curseur DateWrite : 2026-09-26 13:19:37.433000
2026-09-26 15:38:15 [PcorgSync] INFO     Config pcorg : aucune nouvelle valeur
2026-09-26 15:38:15 [PcorgSync] INFO     Total en base : 29763 docs (29763 attribués, 2771 avec GPS)
2026-09-26 15:38:15 [PcorgSync] INFO   ============================================================
2026-09-26 15:38:15 [PcorgSync] INFO Sync terminee avec succes
2026-09-26 15:43:38 [PcorgSync] INFO Lancement sync incremental
2026-09-26 15:43:40 [PcorgSync] INFO     Messages SQL récupérés : 1
2026-09-26 15:43:40 [PcorgSync] INFO     Documents upsertés : 1
2026-09-26 15:43:40 [PcorgSync] INFO     Répartition par événement :
2026-09-26 15:43:40 [PcorgSync] INFO       24H CAMIONS 2026: 1
2026-09-26 15:43:40 [PcorgSync] INFO     Répartition par catégorie :
2026-09-26 15:43:40 [PcorgSync] INFO       PCO.Fourriere: 1
2026-09-26 15:43:40 [PcorgSync] INFO     Curseur DateWrite : 2026-09-26 13:19:37.433000
2026-09-26 15:43:40 [PcorgSync] INFO     Config pcorg : aucune nouvelle valeur
2026-09-26 15:43:40 [PcorgSync] INFO     Total en base : 29763 docs (29763 attribués, 2771 avec GPS)
2026-09-26 15:43:40 [PcorgSync] INFO   ============================================================
2026-09-26 15:43:40 [PcorgSync] INFO Sync terminee avec succes
2026-09-26 15:48:29 [PcorgSync] INFO Lancement sync incremental
2026-09-26 15:48:30 [PcorgSync] INFO     Messages SQL récupérés : 1
2026-09-26 15:48:30 [PcorgSync] INFO     Documents upsertés : 1
2026-09-26 15:48:30 [PcorgSync] INFO     Répartition par événement :
2026-09-26 15:48:30 [PcorgSync] INFO       24H CAMIONS 2026: 1
2026-09-26 15:48:30 [PcorgSync] INFO     Répartition par catégorie :
2026-09-26 15:48:30 [PcorgSync] INFO       PCO.Fourriere: 1
2026-09-26 15:48:30 [PcorgSync] INFO     Curseur DateWrite : 2026-09-26 13:19:37.433000
2026-09-26 15:48:30 [PcorgSync] INFO     Config pcorg : aucune nouvelle valeur
2026-09-26 15:48:30 [PcorgSync] INFO     Total en base : 29763 docs (29763 attribués, 2771 avec GPS)
2026-09-26 15:48:30 [PcorgSync] INFO   ============================================================
2026-09-26 15:48:30 [PcorgSync] INFO Sync terminee avec succes
2026-09-26 15:53:23 [PcorgSync] INFO Lancement sync incremental
2026-09-26 15:53:25 [PcorgSync] INFO     Répartition par événement :
2026-09-26 15:53:25 [PcorgSync] INFO       24H CAMIONS 2026: 3
2026-09-26 15:53:25 [PcorgSync] INFO     Répartition par catégorie :
2026-09-26 15:53:25 [PcorgSync] INFO       PCO.Fourriere: 1
2026-09-26 15:53:25 [PcorgSync] INFO       PCO.Technique: 1
2026-09-26 15:53:25 [PcorgSync] INFO       PCO.Secours: 1
2026-09-26 15:53:25 [PcorgSync] INFO     Curseur DateWrite : 2026-09-26 13:52:34.943000
2026-09-26 15:53:25 [PcorgSync] INFO     Config pcorg : aucune nouvelle valeur
2026-09-26 15:53:25 [PcorgSync] INFO     Total en base : 29765 docs (29765 attribués, 2773 avec GPS)
2026-09-26 15:53:25 [PcorgSync] INFO   ============================================================
2026-09-26 15:53:25 [PcorgSync] INFO Sync terminee avec succes
2026-09-26 15:58:38 [PcorgSync] INFO Lancement sync incremental
2026-09-26 15:58:40 [PcorgSync] INFO     Messages SQL récupérés : 2
2026-09-26 15:58:40 [PcorgSync] INFO     Documents upsertés : 2
2026-09-26 15:58:40 [PcorgSync] INFO     Répartition par événement :
2026-09-26 15:58:40 [PcorgSync] INFO       24H CAMIONS 2026: 2
2026-09-26 15:58:40 [PcorgSync] INFO     Répartition par catégorie :
2026-09-26 15:58:40 [PcorgSync] INFO       PCO.Secours: 2
2026-09-26 15:58:40 [PcorgSync] INFO     Curseur DateWrite : 2026-09-26 13:57:02.833000
2026-09-26 15:58:40 [PcorgSync] INFO     Config pcorg : aucune nouvelle valeur
2026-09-26 15:58:40 [PcorgSync] INFO     Total en base : 29765 docs (29765 attribués, 2773 avec GPS)
2026-09-26 15:58:40 [PcorgSync] INFO   ============================================================
2026-09-26 15:58:40 [PcorgSync] INFO Sync terminee avec succes
2026-09-26 16:03:14 [PcorgSync] INFO Lancement sync incremental
2026-09-26 16:03:15 [PcorgSync] INFO     Messages SQL récupérés : 1
2026-09-26 16:03:15 [PcorgSync] INFO     Documents upsertés : 1
2026-09-26 16:03:15 [PcorgSync] INFO     Répartition par événement :
2026-09-26 16:03:15 [PcorgSync] INFO       24H CAMIONS 2026: 1
2026-09-26 16:03:15 [PcorgSync] INFO     Répartition par catégorie :
2026-09-26 16:03:15 [PcorgSync] INFO       PCO.Secours: 1
2026-09-26 16:03:15 [PcorgSync] INFO     Curseur DateWrite : 2026-09-26 13:57:02.833000
2026-09-26 16:03:15 [PcorgSync] INFO     Config pcorg : aucune nouvelle valeur
2026-09-26 16:03:15 [PcorgSync] INFO     Total en base : 29765 docs (29765 attribués, 2773 avec GPS)
2026-09-26 16:03:15 [PcorgSync] INFO   ============================================================
2026-09-26 16:03:15 [PcorgSync] INFO Sync terminee avec succes
2026-09-26 16:08:29 [PcorgSync] INFO Lancement sync incremental
2026-09-26 16:08:30 [PcorgSync] INFO     Répartition par événement :
2026-09-26 16:08:30 [PcorgSync] INFO       24H CAMIONS 2026: 3
2026-09-26 16:08:30 [PcorgSync] INFO     Répartition par catégorie :
2026-09-26 16:08:30 [PcorgSync] INFO       PCO.Technique: 1
2026-09-26 16:08:30 [PcorgSync] INFO       PCO.Secours: 1
2026-09-26 16:08:30 [PcorgSync] INFO       PCO.Fourriere: 1
2026-09-26 16:08:30 [PcorgSync] INFO     Curseur DateWrite : 2026-09-26 14:08:08.780000
2026-09-26 16:08:30 [PcorgSync] INFO     Config pcorg : aucune nouvelle valeur
2026-09-26 16:08:30 [PcorgSync] INFO     Total en base : 29767 docs (29767 attribués, 2775 avec GPS)
2026-09-26 16:08:30 [PcorgSync] INFO   ============================================================
2026-09-26 16:08:30 [PcorgSync] INFO Sync terminee avec succes
2026-09-26 16:13:38 [PcorgSync] INFO Lancement sync incremental
2026-09-26 16:13:40 [PcorgSync] INFO     Messages SQL récupérés : 1
2026-09-26 16:13:40 [PcorgSync] INFO     Documents upsertés : 1
2026-09-26 16:13:40 [PcorgSync] INFO     Répartition par événement :
2026-09-26 16:13:40 [PcorgSync] INFO       24H CAMIONS 2026: 1
2026-09-26 16:13:40 [PcorgSync] INFO     Répartition par catégorie :
2026-09-26 16:13:40 [PcorgSync] INFO       PCO.Securite: 1
2026-09-26 16:13:40 [PcorgSync] INFO     Curseur DateWrite : 2026-09-26 14:08:41.470000
2026-09-26 16:13:40 [PcorgSync] INFO     Config pcorg : aucune nouvelle valeur
2026-09-26 16:13:40 [PcorgSync] INFO     Total en base : 29768 docs (29768 attribués, 2776 avec GPS)
2026-09-26 16:13:40 [PcorgSync] INFO   ============================================================
2026-09-26 16:13:40 [PcorgSync] INFO Sync terminee avec succes
2026-09-26 16:18:14 [PcorgSync] INFO Lancement sync incremental
2026-09-26 16:18:15 [PcorgSync] INFO     Messages SQL récupérés : 1
2026-09-26 16:18:15 [PcorgSync] INFO     Documents upsertés : 1
2026-09-26 16:18:15 [PcorgSync] INFO     Répartition par événement :
2026-09-26 16:18:15 [PcorgSync] INFO       24H CAMIONS 2026: 1
2026-09-26 16:18:15 [PcorgSync] INFO     Répartition par catégorie :
2026-09-26 16:18:15 [PcorgSync] INFO       PCO.Fourriere: 1
2026-09-26 16:18:15 [PcorgSync] INFO     Curseur DateWrite : 2026-09-26 14:14:42.550000
2026-09-26 16:18:15 [PcorgSync] INFO     Config pcorg : aucune nouvelle valeur
2026-09-26 16:18:15 [PcorgSync] INFO     Total en base : 29768 docs (29768 attribués, 2776 avec GPS)
2026-09-26 16:18:15 [PcorgSync] INFO   ============================================================
2026-09-26 16:18:15 [PcorgSync] INFO Sync terminee avec succes
2026-09-26 16:23:29 [PcorgSync] INFO Lancement sync incremental
2026-09-26 16:23:30 [PcorgSync] INFO     Documents upsertés : 2
2026-09-26 16:23:30 [PcorgSync] INFO     Répartition par événement :
2026-09-26 16:23:30 [PcorgSync] INFO       24H CAMIONS 2026: 2
2026-09-26 16:23:30 [PcorgSync] INFO     Répartition par catégorie :
2026-09-26 16:23:30 [PcorgSync] INFO       PCO.Securite: 1
2026-09-26 16:23:30 [PcorgSync] INFO       PCO.Secours: 1
2026-09-26 16:23:30 [PcorgSync] INFO     Curseur DateWrite : 2026-09-26 14:20:59.690000
2026-09-26 16:23:30 [PcorgSync] INFO     Config pcorg : aucune nouvelle valeur
2026-09-26 16:23:30 [PcorgSync] INFO     Total en base : 29768 docs (29768 attribués, 2776 avec GPS)
2026-09-26 16:23:30 [PcorgSync] INFO   ============================================================
2026-09-26 16:23:30 [PcorgSync] INFO Sync terminee avec succes
2026-09-26 16:28:38 [PcorgSync] INFO Lancement sync incremental
2026-09-26 16:28:40 [PcorgSync] INFO     Messages SQL récupérés : 1
2026-09-26 16:28:40 [PcorgSync] INFO     Documents upsertés : 1
2026-09-26 16:28:40 [PcorgSync] INFO     Répartition par événement :
2026-09-26 16:28:40 [PcorgSync] INFO       24H CAMIONS 2026: 1
2026-09-26 16:28:40 [PcorgSync] INFO     Répartition par catégorie :
2026-09-26 16:28:40 [PcorgSync] INFO       PCO.Securite: 1
2026-09-26 16:28:40 [PcorgSync] INFO     Curseur DateWrite : 2026-09-26 14:28:30.390000
2026-09-26 16:28:40 [PcorgSync] INFO     Config pcorg : aucune nouvelle valeur
2026-09-26 16:28:40 [PcorgSync] INFO     Total en base : 29769 docs (29769 attribués, 2777 avec GPS)
2026-09-26 16:28:40 [PcorgSync] INFO   ============================================================
2026-09-26 16:28:40 [PcorgSync] INFO Sync terminee avec succes
2026-09-26 16:33:23 [PcorgSync] INFO Lancement sync incremental
2026-09-26 16:33:24 [PcorgSync] INFO   ============================================================
2026-09-26 16:33:24 [PcorgSync] INFO   
2026-09-26 16:33:24 [PcorgSync] INFO   Dernier sync : 2026-09-26 14:28:30.390000
2026-09-26 16:33:24 [PcorgSync] INFO   Connexion SQL Server...
2026-09-26 16:33:24 [PcorgSync] INFO     Driver ODBC : ODBC Driver 18 for SQL Server
2026-09-26 16:33:24 [PcorgSync] INFO     Port résolu via SQL Browser : 65422
2026-09-26 16:33:24 [PcorgSync] INFO     Connecté à 10.34.0.4,65422
2026-09-26 16:33:24 [PcorgSync] INFO   Récupération par lots de 1000...
2026-09-26 16:33:24 [PcorgSync] INFO   
2026-09-26 16:33:24 [PcorgSync] INFO   Aucun nouveau message. Rien à synchroniser.
2026-09-26 16:33:24 [PcorgSync] INFO Sync terminee avec succes
2026-09-26 16:38:29 [PcorgSync] INFO Lancement sync incremental
2026-09-26 16:38:30 [PcorgSync] INFO     Messages SQL récupérés : 1
2026-09-26 16:38:30 [PcorgSync] INFO     Documents upsertés : 1
2026-09-26 16:38:30 [PcorgSync] INFO     Répartition par événement :
2026-09-26 16:38:30 [PcorgSync] INFO       24H CAMIONS 2026: 1
2026-09-26 16:38:30 [PcorgSync] INFO     Répartition par catégorie :
2026-09-26 16:38:30 [PcorgSync] INFO       PCO.Secours: 1
2026-09-26 16:38:30 [PcorgSync] INFO     Curseur DateWrite : 2026-09-26 14:37:58.080000
2026-09-26 16:38:30 [PcorgSync] INFO     Config pcorg : aucune nouvelle valeur
2026-09-26 16:38:30 [PcorgSync] INFO     Total en base : 29770 docs (29770 attribués, 2778 avec GPS)
2026-09-26 16:38:30 [PcorgSync] INFO   ============================================================
2026-09-26 16:38:30 [PcorgSync] INFO Sync terminee avec succes
2026-09-26 16:43:38 [PcorgSync] INFO Lancement sync incremental
2026-09-26 16:43:40 [PcorgSync] INFO     Documents upsertés : 2
2026-09-26 16:43:40 [PcorgSync] INFO     Répartition par événement :
2026-09-26 16:43:40 [PcorgSync] INFO       24H CAMIONS 2026: 2
2026-09-26 16:43:40 [PcorgSync] INFO     Répartition par catégorie :
2026-09-26 16:43:40 [PcorgSync] INFO       PCO.Securite: 1
2026-09-26 16:43:40 [PcorgSync] INFO       PCO.Technique: 1
2026-09-26 16:43:40 [PcorgSync] INFO     Curseur DateWrite : 2026-09-26 14:42:46.373000
2026-09-26 16:43:40 [PcorgSync] INFO     Config pcorg : aucune nouvelle valeur
2026-09-26 16:43:40 [PcorgSync] INFO     Total en base : 29770 docs (29770 attribués, 2778 avec GPS)
2026-09-26 16:43:40 [PcorgSync] INFO   ============================================================
2026-09-26 16:43:40 [PcorgSync] INFO Sync terminee avec succes
2026-09-26 16:48:39 [PcorgSync] INFO Lancement sync incremental
2026-09-26 16:48:40 [PcorgSync] INFO     Documents upsertés : 4
2026-09-26 16:48:40 [PcorgSync] INFO     Répartition par événement :
2026-09-26 16:48:40 [PcorgSync] INFO       24H CAMIONS 2026: 4
2026-09-26 16:48:40 [PcorgSync] INFO     Répartition par catégorie :
2026-09-26 16:48:40 [PcorgSync] INFO       PCO.Securite: 3
2026-09-26 16:48:40 [PcorgSync] INFO       PCO.Technique: 1
2026-09-26 16:48:40 [PcorgSync] INFO     Curseur DateWrite : 2026-09-26 14:47:30.950000
2026-09-26 16:48:40 [PcorgSync] INFO     Config pcorg : aucune nouvelle valeur
2026-09-26 16:48:40 [PcorgSync] INFO     Total en base : 29770 docs (29770 attribués, 2778 avec GPS)
2026-09-26 16:48:40 [PcorgSync] INFO   ============================================================
2026-09-26 16:48:40 [PcorgSync] INFO Sync terminee avec succes
2026-09-26 16:53:44 [PcorgSync] INFO Lancement sync incremental
2026-09-26 16:53:45 [PcorgSync] INFO   ============================================================
2026-09-26 16:53:45 [PcorgSync] INFO   
2026-09-26 16:53:45 [PcorgSync] INFO   Dernier sync : 2026-09-26 14:47:30.950000
2026-09-26 16:53:45 [PcorgSync] INFO   Connexion SQL Server...
2026-09-26 16:53:45 [PcorgSync] INFO     Driver ODBC : ODBC Driver 18 for SQL Server
2026-09-26 16:53:45 [PcorgSync] INFO     Port résolu via SQL Browser : 65422
2026-09-26 16:53:45 [PcorgSync] INFO     Connecté à 10.34.0.4,65422
2026-09-26 16:53:45 [PcorgSync] INFO   Récupération par lots de 1000...
2026-09-26 16:53:45 [PcorgSync] INFO   
2026-09-26 16:53:45 [PcorgSync] INFO   Aucun nouveau message. Rien à synchroniser.
2026-09-26 16:53:45 [PcorgSync] INFO Sync terminee avec succes
2026-09-26 16:58:14 [PcorgSync] INFO Lancement sync incremental
2026-09-26 16:58:15 [PcorgSync] INFO   ============================================================
2026-09-26 16:58:15 [PcorgSync] INFO   
2026-09-26 16:58:15 [PcorgSync] INFO   Dernier sync : 2026-09-26 14:47:30.950000
2026-09-26 16:58:15 [PcorgSync] INFO   Connexion SQL Server...
2026-09-26 16:58:15 [PcorgSync] INFO     Driver ODBC : ODBC Driver 18 for SQL Server
2026-09-26 16:58:15 [PcorgSync] INFO     Port résolu via SQL Browser : 65422
2026-09-26 16:58:15 [PcorgSync] INFO     Connecté à 10.34.0.4,65422
2026-09-26 16:58:15 [PcorgSync] INFO   Récupération par lots de 1000...
2026-09-26 16:58:15 [PcorgSync] INFO   
2026-09-26 16:58:15 [PcorgSync] INFO   Aucun nouveau message. Rien à synchroniser.
2026-09-26 16:58:15 [PcorgSync] INFO Sync terminee avec succes
2026-09-26 17:03:14 [PcorgSync] INFO Lancement sync incremental
2026-09-26 17:03:15 [PcorgSync] INFO     Messages SQL récupérés : 1
2026-09-26 17:03:15 [PcorgSync] INFO     Documents upsertés : 1
2026-09-26 17:03:15 [PcorgSync] INFO     Répartition par événement :
2026-09-26 17:03:15 [PcorgSync] INFO       24H CAMIONS 2026: 1
2026-09-26 17:03:15 [PcorgSync] INFO     Répartition par catégorie :
2026-09-26 17:03:15 [PcorgSync] INFO       PCO.Secours: 1
2026-09-26 17:03:15 [PcorgSync] INFO     Curseur DateWrite : 2026-09-26 14:59:16.390000
2026-09-26 17:03:15 [PcorgSync] INFO     Config pcorg : aucune nouvelle valeur
2026-09-26 17:03:15 [PcorgSync] INFO     Total en base : 29770 docs (29770 attribués, 2778 avec GPS)
2026-09-26 17:03:15 [PcorgSync] INFO   ============================================================
2026-09-26 17:03:15 [PcorgSync] INFO Sync terminee avec succes
2026-09-26 17:08:23 [PcorgSync] INFO Lancement sync incremental
2026-09-26 17:08:24 [PcorgSync] INFO   ============================================================
2026-09-26 17:08:24 [PcorgSync] INFO   
2026-09-26 17:08:24 [PcorgSync] INFO   Dernier sync : 2026-09-26 14:59:16.390000
2026-09-26 17:08:24 [PcorgSync] INFO   Connexion SQL Server...
2026-09-26 17:08:24 [PcorgSync] INFO     Driver ODBC : ODBC Driver 18 for SQL Server
2026-09-26 17:08:24 [PcorgSync] INFO     Port résolu via SQL Browser : 65422
2026-09-26 17:08:24 [PcorgSync] INFO     Connecté à 10.34.0.4,65422
2026-09-26 17:08:24 [PcorgSync] INFO   Récupération par lots de 1000...
2026-09-26 17:08:24 [PcorgSync] INFO   
2026-09-26 17:08:24 [PcorgSync] INFO   Aucun nouveau message. Rien à synchroniser.
2026-09-26 17:08:24 [PcorgSync] INFO Sync terminee avec succes
2026-09-26 17:13:39 [PcorgSync] INFO Lancement sync incremental
2026-09-26 17:13:39 [PcorgSync] INFO   ============================================================
2026-09-26 17:13:39 [PcorgSync] INFO   
2026-09-26 17:13:39 [PcorgSync] INFO   Dernier sync : 2026-09-26 14:59:16.390000
2026-09-26 17:13:39 [PcorgSync] INFO   Connexion SQL Server...
2026-09-26 17:13:39 [PcorgSync] INFO     Driver ODBC : ODBC Driver 18 for SQL Server
2026-09-26 17:13:39 [PcorgSync] INFO     Port résolu via SQL Browser : 65422
2026-09-26 17:13:39 [PcorgSync] INFO     Connecté à 10.34.0.4,65422
2026-09-26 17:13:39 [PcorgSync] INFO   Récupération par lots de 1000...
2026-09-26 17:13:39 [PcorgSync] INFO   
2026-09-26 17:13:39 [PcorgSync] INFO   Aucun nouveau message. Rien à synchroniser.
2026-09-26 17:13:39 [PcorgSync] INFO Sync terminee avec succes
2026-09-26 17:18:14 [PcorgSync] INFO Lancement sync incremental
2026-09-26 17:18:16 [PcorgSync] INFO     Documents upsertés : 2
2026-09-26 17:18:16 [PcorgSync] INFO     Répartition par événement :
2026-09-26 17:18:16 [PcorgSync] INFO       24H CAMIONS 2026: 2
2026-09-26 17:18:16 [PcorgSync] INFO     Répartition par catégorie :
2026-09-26 17:18:16 [PcorgSync] INFO       PCO.Fourriere: 1
2026-09-26 17:18:16 [PcorgSync] INFO       PCO.Technique: 1
2026-09-26 17:18:16 [PcorgSync] INFO     Curseur DateWrite : 2026-09-26 15:15:48.950000
2026-09-26 17:18:16 [PcorgSync] INFO     Config pcorg : aucune nouvelle valeur
2026-09-26 17:18:16 [PcorgSync] INFO     Total en base : 29771 docs (29771 attribués, 2779 avec GPS)
2026-09-26 17:18:16 [PcorgSync] INFO   ============================================================
2026-09-26 17:18:16 [PcorgSync] INFO Sync terminee avec succes
2026-09-26 17:23:29 [PcorgSync] INFO Lancement sync incremental
2026-09-26 17:23:30 [PcorgSync] INFO   ============================================================
2026-09-26 17:23:30 [PcorgSync] INFO   
2026-09-26 17:23:30 [PcorgSync] INFO   Dernier sync : 2026-09-26 15:15:48.950000
2026-09-26 17:23:30 [PcorgSync] INFO   Connexion SQL Server...
2026-09-26 17:23:30 [PcorgSync] INFO     Driver ODBC : ODBC Driver 18 for SQL Server
2026-09-26 17:23:30 [PcorgSync] INFO     Port résolu via SQL Browser : 65422
2026-09-26 17:23:30 [PcorgSync] INFO     Connecté à 10.34.0.4,65422
2026-09-26 17:23:30 [PcorgSync] INFO   Récupération par lots de 1000...
2026-09-26 17:23:30 [PcorgSync] INFO   
2026-09-26 17:23:30 [PcorgSync] INFO   Aucun nouveau message. Rien à synchroniser.
2026-09-26 17:23:30 [PcorgSync] INFO Sync terminee avec succes
2026-09-26 17:28:14 [PcorgSync] INFO Lancement sync incremental
2026-09-26 17:28:15 [PcorgSync] INFO     Messages SQL récupérés : 1
2026-09-26 17:28:15 [PcorgSync] INFO     Documents upsertés : 1
2026-09-26 17:28:15 [PcorgSync] INFO     Répartition par événement :
2026-09-26 17:28:15 [PcorgSync] INFO       24H CAMIONS 2026: 1
2026-09-26 17:28:15 [PcorgSync] INFO     Répartition par catégorie :
2026-09-26 17:28:15 [PcorgSync] INFO       PCO.Fourriere: 1
2026-09-26 17:28:15 [PcorgSync] INFO     Curseur DateWrite : 2026-09-26 15:25:58.823000
2026-09-26 17:28:15 [PcorgSync] INFO     Config pcorg : aucune nouvelle valeur
2026-09-26 17:28:15 [PcorgSync] INFO     Total en base : 29772 docs (29772 attribués, 2780 avec GPS)
2026-09-26 17:28:15 [PcorgSync] INFO   ============================================================
2026-09-26 17:28:15 [PcorgSync] INFO Sync terminee avec succes
2026-09-26 17:33:14 [PcorgSync] INFO Lancement sync incremental
2026-09-26 17:33:15 [PcorgSync] INFO     Messages SQL récupérés : 2
2026-09-26 17:33:15 [PcorgSync] INFO     Documents upsertés : 2
2026-09-26 17:33:15 [PcorgSync] INFO     Répartition par événement :
2026-09-26 17:33:15 [PcorgSync] INFO       24H CAMIONS 2026: 2
2026-09-26 17:33:15 [PcorgSync] INFO     Répartition par catégorie :
2026-09-26 17:33:15 [PcorgSync] INFO       PCO.Fourriere: 2
2026-09-26 17:33:15 [PcorgSync] INFO     Curseur DateWrite : 2026-09-26 15:31:25.133000
2026-09-26 17:33:15 [PcorgSync] INFO     Config pcorg : aucune nouvelle valeur
2026-09-26 17:33:15 [PcorgSync] INFO     Total en base : 29772 docs (29772 attribués, 2780 avec GPS)
2026-09-26 17:33:15 [PcorgSync] INFO   ============================================================
2026-09-26 17:33:15 [PcorgSync] INFO Sync terminee avec succes
2026-09-26 17:38:44 [PcorgSync] INFO Lancement sync incremental
2026-09-26 17:38:45 [PcorgSync] INFO     Documents upsertés : 3
2026-09-26 17:38:45 [PcorgSync] INFO     Répartition par événement :
2026-09-26 17:38:45 [PcorgSync] INFO       24H CAMIONS 2026: 3
2026-09-26 17:38:45 [PcorgSync] INFO     Répartition par catégorie :
2026-09-26 17:38:45 [PcorgSync] INFO       PCO.Fourriere: 2
2026-09-26 17:38:45 [PcorgSync] INFO       PCO.Secours: 1
2026-09-26 17:38:45 [PcorgSync] INFO     Curseur DateWrite : 2026-09-26 15:38:35.720000
2026-09-26 17:38:45 [PcorgSync] INFO     Config pcorg : aucune nouvelle valeur
2026-09-26 17:38:45 [PcorgSync] INFO     Total en base : 29772 docs (29772 attribués, 2780 avec GPS)
2026-09-26 17:38:45 [PcorgSync] INFO   ============================================================
2026-09-26 17:38:45 [PcorgSync] INFO Sync terminee avec succes
2026-09-26 17:43:29 [PcorgSync] INFO Lancement sync incremental
2026-09-26 17:43:30 [PcorgSync] INFO   ============================================================
2026-09-26 17:43:30 [PcorgSync] INFO   
2026-09-26 17:43:30 [PcorgSync] INFO   Dernier sync : 2026-09-26 15:38:35.720000
2026-09-26 17:43:30 [PcorgSync] INFO   Connexion SQL Server...
2026-09-26 17:43:30 [PcorgSync] INFO     Driver ODBC : ODBC Driver 18 for SQL Server
2026-09-26 17:43:30 [PcorgSync] INFO     Port résolu via SQL Browser : 65422
2026-09-26 17:43:30 [PcorgSync] INFO     Connecté à 10.34.0.4,65422
2026-09-26 17:43:30 [PcorgSync] INFO   Récupération par lots de 1000...
2026-09-26 17:43:30 [PcorgSync] INFO   
2026-09-26 17:43:30 [PcorgSync] INFO   Aucun nouveau message. Rien à synchroniser.
2026-09-26 17:43:30 [PcorgSync] INFO Sync terminee avec succes
2026-09-26 17:48:44 [PcorgSync] INFO Lancement sync incremental
2026-09-26 17:48:45 [PcorgSync] INFO     Documents upsertés : 3
2026-09-26 17:48:45 [PcorgSync] INFO     Répartition par événement :
2026-09-26 17:48:45 [PcorgSync] INFO       24H CAMIONS 2026: 3
2026-09-26 17:48:45 [PcorgSync] INFO     Répartition par catégorie :
2026-09-26 17:48:45 [PcorgSync] INFO       PCO.Securite: 2
2026-09-26 17:48:45 [PcorgSync] INFO       PCO.Technique: 1
2026-09-26 17:48:45 [PcorgSync] INFO     Curseur DateWrite : 2026-09-26 15:48:04.757000
2026-09-26 17:48:45 [PcorgSync] INFO     Config pcorg : aucune nouvelle valeur
2026-09-26 17:48:45 [PcorgSync] INFO     Total en base : 29773 docs (29773 attribués, 2781 avec GPS)
2026-09-26 17:48:45 [PcorgSync] INFO   ============================================================
2026-09-26 17:48:45 [PcorgSync] INFO Sync terminee avec succes
2026-09-26 17:53:29 [PcorgSync] INFO Lancement sync incremental
2026-09-26 17:53:30 [PcorgSync] INFO   ============================================================
2026-09-26 17:53:30 [PcorgSync] INFO   
2026-09-26 17:53:30 [PcorgSync] INFO   Dernier sync : 2026-09-26 15:48:04.757000
2026-09-26 17:53:30 [PcorgSync] INFO   Connexion SQL Server...
2026-09-26 17:53:30 [PcorgSync] INFO     Driver ODBC : ODBC Driver 18 for SQL Server
2026-09-26 17:53:30 [PcorgSync] INFO     Port résolu via SQL Browser : 65422
2026-09-26 17:53:30 [PcorgSync] INFO     Connecté à 10.34.0.4,65422
2026-09-26 17:53:30 [PcorgSync] INFO   Récupération par lots de 1000...
2026-09-26 17:53:30 [PcorgSync] INFO   
2026-09-26 17:53:30 [PcorgSync] INFO   Aucun nouveau message. Rien à synchroniser.
2026-09-26 17:53:30 [PcorgSync] INFO Sync terminee avec succes
2026-09-26 17:58:14 [PcorgSync] INFO Lancement sync incremental
2026-09-26 17:58:15 [PcorgSync] INFO   ============================================================
2026-09-26 17:58:15 [PcorgSync] INFO   
2026-09-26 17:58:15 [PcorgSync] INFO   Dernier sync : 2026-09-26 15:48:04.757000
2026-09-26 17:58:15 [PcorgSync] INFO   Connexion SQL Server...
2026-09-26 17:58:15 [PcorgSync] INFO     Driver ODBC : ODBC Driver 18 for SQL Server
2026-09-26 17:58:15 [PcorgSync] INFO     Port résolu via SQL Browser : 65422
2026-09-26 17:58:15 [PcorgSync] INFO     Connecté à 10.34.0.4,65422
2026-09-26 17:58:15 [PcorgSync] INFO   Récupération par lots de 1000...
2026-09-26 17:58:15 [PcorgSync] INFO   
2026-09-26 17:58:15 [PcorgSync] INFO   Aucun nouveau message. Rien à synchroniser.
2026-09-26 17:58:15 [PcorgSync] INFO Sync terminee avec succes
2026-09-26 18:03:14 [PcorgSync] INFO Lancement sync incremental
2026-09-26 18:03:15 [PcorgSync] INFO     Messages SQL récupérés : 1
2026-09-26 18:03:15 [PcorgSync] INFO     Documents upsertés : 1
2026-09-26 18:03:15 [PcorgSync] INFO     Répartition par événement :
2026-09-26 18:03:15 [PcorgSync] INFO       24H CAMIONS 2026: 1
2026-09-26 18:03:15 [PcorgSync] INFO     Répartition par catégorie :
2026-09-26 18:03:15 [PcorgSync] INFO       PCO.Secours: 1
2026-09-26 18:03:15 [PcorgSync] INFO     Curseur DateWrite : 2026-09-26 16:02:23.710000
2026-09-26 18:03:15 [PcorgSync] INFO     Config pcorg : aucune nouvelle valeur
2026-09-26 18:03:15 [PcorgSync] INFO     Total en base : 29774 docs (29774 attribués, 2782 avec GPS)
2026-09-26 18:03:15 [PcorgSync] INFO   ============================================================
2026-09-26 18:03:15 [PcorgSync] INFO Sync terminee avec succes
2026-09-26 18:08:29 [PcorgSync] INFO Lancement sync incremental
2026-09-26 18:08:30 [PcorgSync] INFO     Messages SQL récupérés : 1
2026-09-26 18:08:30 [PcorgSync] INFO     Documents upsertés : 1
2026-09-26 18:08:30 [PcorgSync] INFO     Répartition par événement :
2026-09-26 18:08:30 [PcorgSync] INFO       24H CAMIONS 2026: 1
2026-09-26 18:08:30 [PcorgSync] INFO     Répartition par catégorie :
2026-09-26 18:08:30 [PcorgSync] INFO       PCO.Technique: 1
2026-09-26 18:08:30 [PcorgSync] INFO     Curseur DateWrite : 2026-09-26 16:06:41.643000
2026-09-26 18:08:30 [PcorgSync] INFO     Config pcorg : aucune nouvelle valeur
2026-09-26 18:08:30 [PcorgSync] INFO     Total en base : 29775 docs (29775 attribués, 2783 avec GPS)
2026-09-26 18:08:30 [PcorgSync] INFO   ============================================================
2026-09-26 18:08:30 [PcorgSync] INFO Sync terminee avec succes
2026-09-26 18:13:38 [PcorgSync] INFO Lancement sync incremental
2026-09-26 18:13:40 [PcorgSync] INFO     Documents upsertés : 2
2026-09-26 18:13:40 [PcorgSync] INFO     Répartition par événement :
2026-09-26 18:13:40 [PcorgSync] INFO       24H CAMIONS 2026: 2
2026-09-26 18:13:40 [PcorgSync] INFO     Répartition par catégorie :
2026-09-26 18:13:40 [PcorgSync] INFO       PCO.Technique: 1
2026-09-26 18:13:40 [PcorgSync] INFO       PCO.Secours: 1
2026-09-26 18:13:40 [PcorgSync] INFO     Curseur DateWrite : 2026-09-26 16:12:41.783000
2026-09-26 18:13:40 [PcorgSync] INFO     Config pcorg : aucune nouvelle valeur
2026-09-26 18:13:40 [PcorgSync] INFO     Total en base : 29775 docs (29775 attribués, 2783 avec GPS)
2026-09-26 18:13:40 [PcorgSync] INFO   ============================================================
2026-09-26 18:13:40 [PcorgSync] INFO Sync terminee avec succes
2026-09-26 18:18:14 [PcorgSync] INFO Lancement sync incremental
2026-09-26 18:18:15 [PcorgSync] INFO     Messages SQL récupérés : 1
2026-09-26 18:18:15 [PcorgSync] INFO     Documents upsertés : 1
2026-09-26 18:18:15 [PcorgSync] INFO     Répartition par événement :
2026-09-26 18:18:15 [PcorgSync] INFO       24H CAMIONS 2026: 1
2026-09-26 18:18:15 [PcorgSync] INFO     Répartition par catégorie :
2026-09-26 18:18:15 [PcorgSync] INFO       PCO.Secours: 1
2026-09-26 18:18:15 [PcorgSync] INFO     Curseur DateWrite : 2026-09-26 16:12:41.783000
2026-09-26 18:18:15 [PcorgSync] INFO     Config pcorg : aucune nouvelle valeur
2026-09-26 18:18:15 [PcorgSync] INFO     Total en base : 29775 docs (29775 attribués, 2783 avec GPS)
2026-09-26 18:18:15 [PcorgSync] INFO   ============================================================
2026-09-26 18:18:15 [PcorgSync] INFO Sync terminee avec succes
2026-09-26 18:23:29 [PcorgSync] INFO Lancement sync incremental
2026-09-26 18:23:30 [PcorgSync] INFO     Messages SQL récupérés : 1
2026-09-26 18:23:30 [PcorgSync] INFO     Documents upsertés : 1
2026-09-26 18:23:30 [PcorgSync] INFO     Répartition par événement :
2026-09-26 18:23:30 [PcorgSync] INFO       24H CAMIONS 2026: 1
2026-09-26 18:23:30 [PcorgSync] INFO     Répartition par catégorie :
2026-09-26 18:23:30 [PcorgSync] INFO       PCO.Secours: 1
2026-09-26 18:23:30 [PcorgSync] INFO     Curseur DateWrite : 2026-09-26 16:12:41.783000
2026-09-26 18:23:30 [PcorgSync] INFO     Config pcorg : aucune nouvelle valeur
2026-09-26 18:23:30 [PcorgSync] INFO     Total en base : 29775 docs (29775 attribués, 2783 avec GPS)
2026-09-26 18:23:30 [PcorgSync] INFO   ============================================================
2026-09-26 18:23:30 [PcorgSync] INFO Sync terminee avec succes
2026-09-26 18:28:29 [PcorgSync] INFO Lancement sync incremental
2026-09-26 18:28:30 [PcorgSync] INFO     Répartition par événement :
2026-09-26 18:28:30 [PcorgSync] INFO       24H CAMIONS 2026: 3
2026-09-26 18:28:30 [PcorgSync] INFO     Répartition par catégorie :
2026-09-26 18:28:30 [PcorgSync] INFO       PCO.Secours: 1
2026-09-26 18:28:30 [PcorgSync] INFO       PCO.Technique: 1
2026-09-26 18:28:30 [PcorgSync] INFO       PCO.Fourriere: 1
2026-09-26 18:28:30 [PcorgSync] INFO     Curseur DateWrite : 2026-09-26 16:28:26.813000
2026-09-26 18:28:30 [PcorgSync] INFO     Config pcorg : aucune nouvelle valeur
2026-09-26 18:28:30 [PcorgSync] INFO     Total en base : 29776 docs (29776 attribués, 2784 avec GPS)
2026-09-26 18:28:30 [PcorgSync] INFO   ============================================================
2026-09-26 18:28:30 [PcorgSync] INFO Sync terminee avec succes
2026-09-26 18:33:14 [PcorgSync] INFO Lancement sync incremental
2026-09-26 18:33:15 [PcorgSync] INFO     Documents upsertés : 2
2026-09-26 18:33:15 [PcorgSync] INFO     Répartition par événement :
2026-09-26 18:33:15 [PcorgSync] INFO       24H CAMIONS 2026: 2
2026-09-26 18:33:15 [PcorgSync] INFO     Répartition par catégorie :
2026-09-26 18:33:15 [PcorgSync] INFO       PCO.Fourriere: 1
2026-09-26 18:33:15 [PcorgSync] INFO       PCO.Technique: 1
2026-09-26 18:33:15 [PcorgSync] INFO     Curseur DateWrite : 2026-09-26 16:32:06.633000
2026-09-26 18:33:15 [PcorgSync] INFO     Config pcorg : aucune nouvelle valeur
2026-09-26 18:33:15 [PcorgSync] INFO     Total en base : 29777 docs (29777 attribués, 2785 avec GPS)
2026-09-26 18:33:15 [PcorgSync] INFO   ============================================================
2026-09-26 18:33:15 [PcorgSync] INFO Sync terminee avec succes
2026-09-26 18:38:29 [PcorgSync] INFO Lancement sync incremental
2026-09-26 18:38:30 [PcorgSync] INFO     Documents upsertés : 2
2026-09-26 18:38:30 [PcorgSync] INFO     Répartition par événement :
2026-09-26 18:38:30 [PcorgSync] INFO       24H CAMIONS 2026: 2
2026-09-26 18:38:30 [PcorgSync] INFO     Répartition par catégorie :
2026-09-26 18:38:30 [PcorgSync] INFO       PCO.Technique: 1
2026-09-26 18:38:30 [PcorgSync] INFO       PCO.Fourriere: 1
2026-09-26 18:38:30 [PcorgSync] INFO     Curseur DateWrite : 2026-09-26 16:35:05.317000
2026-09-26 18:38:30 [PcorgSync] INFO     Config pcorg : aucune nouvelle valeur
2026-09-26 18:38:30 [PcorgSync] INFO     Total en base : 29778 docs (29778 attribués, 2786 avec GPS)
2026-09-26 18:38:30 [PcorgSync] INFO   ============================================================
2026-09-26 18:38:30 [PcorgSync] INFO Sync terminee avec succes
2026-09-26 18:43:38 [PcorgSync] INFO Lancement sync incremental
2026-09-26 18:43:40 [PcorgSync] INFO     Messages SQL récupérés : 1
2026-09-26 18:43:40 [PcorgSync] INFO     Documents upsertés : 1
2026-09-26 18:43:40 [PcorgSync] INFO     Répartition par événement :
2026-09-26 18:43:40 [PcorgSync] INFO       24H CAMIONS 2026: 1
2026-09-26 18:43:40 [PcorgSync] INFO     Répartition par catégorie :
2026-09-26 18:43:40 [PcorgSync] INFO       PCO.Fourriere: 1
2026-09-26 18:43:40 [PcorgSync] INFO     Curseur DateWrite : 2026-09-26 16:39:24.670000
2026-09-26 18:43:40 [PcorgSync] INFO     Config pcorg : aucune nouvelle valeur
2026-09-26 18:43:40 [PcorgSync] INFO     Total en base : 29779 docs (29779 attribués, 2787 avec GPS)
2026-09-26 18:43:40 [PcorgSync] INFO   ============================================================
2026-09-26 18:43:40 [PcorgSync] INFO Sync terminee avec succes
2026-09-26 18:48:29 [PcorgSync] INFO Lancement sync incremental
2026-09-26 18:48:30 [PcorgSync] INFO     Messages SQL récupérés : 1
2026-09-26 18:48:30 [PcorgSync] INFO     Documents upsertés : 1
2026-09-26 18:48:30 [PcorgSync] INFO     Répartition par événement :
2026-09-26 18:48:30 [PcorgSync] INFO       24H CAMIONS 2026: 1
2026-09-26 18:48:30 [PcorgSync] INFO     Répartition par catégorie :
2026-09-26 18:48:30 [PcorgSync] INFO       PCO.Technique: 1
2026-09-26 18:48:30 [PcorgSync] INFO     Curseur DateWrite : 2026-09-26 16:47:36.683000
2026-09-26 18:48:30 [PcorgSync] INFO     Config pcorg : aucune nouvelle valeur
2026-09-26 18:48:30 [PcorgSync] INFO     Total en base : 29780 docs (29780 attribués, 2788 avec GPS)
2026-09-26 18:48:30 [PcorgSync] INFO   ============================================================
2026-09-26 18:48:30 [PcorgSync] INFO Sync terminee avec succes
2026-09-26 18:53:39 [PcorgSync] INFO Lancement sync incremental
2026-09-26 18:53:40 [PcorgSync] INFO     Documents upsertés : 2
2026-09-26 18:53:40 [PcorgSync] INFO     Répartition par événement :
2026-09-26 18:53:40 [PcorgSync] INFO       24H CAMIONS 2026: 2
2026-09-26 18:53:40 [PcorgSync] INFO     Répartition par catégorie :
2026-09-26 18:53:40 [PcorgSync] INFO       PCO.Technique: 1
2026-09-26 18:53:40 [PcorgSync] INFO       PCO.Fourriere: 1
2026-09-26 18:53:40 [PcorgSync] INFO     Curseur DateWrite : 2026-09-26 16:48:43.190000
2026-09-26 18:53:40 [PcorgSync] INFO     Config pcorg : aucune nouvelle valeur
2026-09-26 18:53:40 [PcorgSync] INFO     Total en base : 29781 docs (29781 attribués, 2789 avec GPS)
2026-09-26 18:53:40 [PcorgSync] INFO   ============================================================
2026-09-26 18:53:40 [PcorgSync] INFO Sync terminee avec succes
2026-09-26 18:58:14 [PcorgSync] INFO Lancement sync incremental
2026-09-26 18:58:15 [PcorgSync] INFO     Documents upsertés : 4
2026-09-26 18:58:15 [PcorgSync] INFO     Répartition par événement :
2026-09-26 18:58:15 [PcorgSync] INFO       24H CAMIONS 2026: 4
2026-09-26 18:58:15 [PcorgSync] INFO     Répartition par catégorie :
2026-09-26 18:58:15 [PcorgSync] INFO       PCS.Surete: 3
2026-09-26 18:58:15 [PcorgSync] INFO       PCS.Information: 1
2026-09-26 18:58:15 [PcorgSync] INFO     Curseur DateWrite : 2026-09-26 16:56:54.803000
2026-09-26 18:58:15 [PcorgSync] INFO     Config pcorg : aucune nouvelle valeur
2026-09-26 18:58:15 [PcorgSync] INFO     Total en base : 29782 docs (29782 attribués, 2789 avec GPS)
2026-09-26 18:58:15 [PcorgSync] INFO   ============================================================
2026-09-26 18:58:15 [PcorgSync] INFO Sync terminee avec succes
2026-09-26 19:03:14 [PcorgSync] INFO Lancement sync incremental
2026-09-26 19:03:15 [PcorgSync] INFO     Messages SQL récupérés : 1
2026-09-26 19:03:15 [PcorgSync] INFO     Documents upsertés : 1
2026-09-26 19:03:15 [PcorgSync] INFO     Répartition par événement :
2026-09-26 19:03:15 [PcorgSync] INFO       24H CAMIONS 2026: 1
2026-09-26 19:03:15 [PcorgSync] INFO     Répartition par catégorie :
2026-09-26 19:03:15 [PcorgSync] INFO       PCS.Surete: 1
2026-09-26 19:03:15 [PcorgSync] INFO     Curseur DateWrite : 2026-09-26 16:56:54.803000
2026-09-26 19:03:15 [PcorgSync] INFO     Config pcorg : aucune nouvelle valeur
2026-09-26 19:03:15 [PcorgSync] INFO     Total en base : 29782 docs (29782 attribués, 2789 avec GPS)
2026-09-26 19:03:15 [PcorgSync] INFO   ============================================================
2026-09-26 19:03:15 [PcorgSync] INFO Sync terminee avec succes
2026-09-26 19:08:29 [PcorgSync] INFO Lancement sync incremental
2026-09-26 19:08:30 [PcorgSync] INFO     Messages SQL récupérés : 1
2026-09-26 19:08:30 [PcorgSync] INFO     Documents upsertés : 1
2026-09-26 19:08:30 [PcorgSync] INFO     Répartition par événement :
2026-09-26 19:08:30 [PcorgSync] INFO       24H CAMIONS 2026: 1
2026-09-26 19:08:30 [PcorgSync] INFO     Répartition par catégorie :
2026-09-26 19:08:30 [PcorgSync] INFO       PCS.Surete: 1
2026-09-26 19:08:30 [PcorgSync] INFO     Curseur DateWrite : 2026-09-26 16:56:54.803000
2026-09-26 19:08:30 [PcorgSync] INFO     Config pcorg : aucune nouvelle valeur
2026-09-26 19:08:30 [PcorgSync] INFO     Total en base : 29782 docs (29782 attribués, 2789 avec GPS)
2026-09-26 19:08:30 [PcorgSync] INFO   ============================================================
2026-09-26 19:08:30 [PcorgSync] INFO Sync terminee avec succes
2026-09-26 19:13:39 [PcorgSync] INFO Lancement sync incremental
2026-09-26 19:13:40 [PcorgSync] INFO     Répartition par événement :
2026-09-26 19:13:40 [PcorgSync] INFO       24H CAMIONS 2026: 3
2026-09-26 19:13:40 [PcorgSync] INFO     Répartition par catégorie :
2026-09-26 19:13:40 [PcorgSync] INFO       PCS.Surete: 1
2026-09-26 19:13:40 [PcorgSync] INFO       PCO.Secours: 1
2026-09-26 19:13:40 [PcorgSync] INFO       PCO.Fourriere: 1
2026-09-26 19:13:40 [PcorgSync] INFO     Curseur DateWrite : 2026-09-26 17:12:28.783000
2026-09-26 19:13:40 [PcorgSync] INFO     Config pcorg : aucune nouvelle valeur
2026-09-26 19:13:40 [PcorgSync] INFO     Total en base : 29783 docs (29783 attribués, 2790 avec GPS)
2026-09-26 19:13:40 [PcorgSync] INFO   ============================================================
2026-09-26 19:13:40 [PcorgSync] INFO Sync terminee avec succes
2026-09-26 19:18:14 [PcorgSync] INFO Lancement sync incremental
2026-09-26 19:18:15 [PcorgSync] INFO     Documents upsertés : 3
2026-09-26 19:18:15 [PcorgSync] INFO     Répartition par événement :
2026-09-26 19:18:15 [PcorgSync] INFO       24H CAMIONS 2026: 3
2026-09-26 19:18:15 [PcorgSync] INFO     Répartition par catégorie :
2026-09-26 19:18:15 [PcorgSync] INFO       PCO.Fourriere: 2
2026-09-26 19:18:15 [PcorgSync] INFO       PCO.Secours: 1
2026-09-26 19:18:15 [PcorgSync] INFO     Curseur DateWrite : 2026-09-26 17:16:38.347000
2026-09-26 19:18:15 [PcorgSync] INFO     Config pcorg : aucune nouvelle valeur
2026-09-26 19:18:15 [PcorgSync] INFO     Total en base : 29783 docs (29783 attribués, 2790 avec GPS)
2026-09-26 19:18:15 [PcorgSync] INFO   ============================================================
2026-09-26 19:18:15 [PcorgSync] INFO Sync terminee avec succes
2026-09-26 19:23:29 [PcorgSync] INFO Lancement sync incremental
2026-09-26 19:23:30 [PcorgSync] INFO     Messages SQL récupérés : 1
2026-09-26 19:23:30 [PcorgSync] INFO     Documents upsertés : 1
2026-09-26 19:23:30 [PcorgSync] INFO     Répartition par événement :
2026-09-26 19:23:30 [PcorgSync] INFO       24H CAMIONS 2026: 1
2026-09-26 19:23:30 [PcorgSync] INFO     Répartition par catégorie :
2026-09-26 19:23:30 [PcorgSync] INFO       PCO.Fourriere: 1
2026-09-26 19:23:30 [PcorgSync] INFO     Curseur DateWrite : 2026-09-26 17:20:40.077000
2026-09-26 19:23:30 [PcorgSync] INFO     Config pcorg : aucune nouvelle valeur
2026-09-26 19:23:30 [PcorgSync] INFO     Total en base : 29784 docs (29784 attribués, 2791 avec GPS)
2026-09-26 19:23:30 [PcorgSync] INFO   ============================================================
2026-09-26 19:23:30 [PcorgSync] INFO Sync terminee avec succes
2026-09-26 19:28:38 [PcorgSync] INFO Lancement sync incremental
2026-09-26 19:28:40 [PcorgSync] INFO     Messages SQL récupérés : 1
2026-09-26 19:28:40 [PcorgSync] INFO     Documents upsertés : 1
2026-09-26 19:28:40 [PcorgSync] INFO     Répartition par événement :
2026-09-26 19:28:40 [PcorgSync] INFO       24H CAMIONS 2026: 1
2026-09-26 19:28:40 [PcorgSync] INFO     Répartition par catégorie :
2026-09-26 19:28:40 [PcorgSync] INFO       PCO.Technique: 1
2026-09-26 19:28:40 [PcorgSync] INFO     Curseur DateWrite : 2026-09-26 17:26:35.457000
2026-09-26 19:28:40 [PcorgSync] INFO     Config pcorg : aucune nouvelle valeur
2026-09-26 19:28:40 [PcorgSync] INFO     Total en base : 29784 docs (29784 attribués, 2791 avec GPS)
2026-09-26 19:28:40 [PcorgSync] INFO   ============================================================
2026-09-26 19:28:40 [PcorgSync] INFO Sync terminee avec succes
2026-09-26 19:33:23 [PcorgSync] INFO Lancement sync incremental
2026-09-26 19:33:25 [PcorgSync] INFO     Documents upsertés : 3
2026-09-26 19:33:25 [PcorgSync] INFO     Répartition par événement :
2026-09-26 19:33:25 [PcorgSync] INFO       24H CAMIONS 2026: 3
2026-09-26 19:33:25 [PcorgSync] INFO     Répartition par catégorie :
2026-09-26 19:33:25 [PcorgSync] INFO       PCO.Technique: 2
2026-09-26 19:33:25 [PcorgSync] INFO       PCO.Secours: 1
2026-09-26 19:33:25 [PcorgSync] INFO     Curseur DateWrite : 2026-09-26 17:32:57.463000
2026-09-26 19:33:25 [PcorgSync] INFO     Config pcorg : aucune nouvelle valeur
2026-09-26 19:33:25 [PcorgSync] INFO     Total en base : 29784 docs (29784 attribués, 2791 avec GPS)
2026-09-26 19:33:25 [PcorgSync] INFO   ============================================================
2026-09-26 19:33:25 [PcorgSync] INFO Sync terminee avec succes
2026-09-26 19:38:29 [PcorgSync] INFO Lancement sync incremental
2026-09-26 19:38:30 [PcorgSync] INFO     Messages SQL récupérés : 1
2026-09-26 19:38:30 [PcorgSync] INFO     Documents upsertés : 1
2026-09-26 19:38:30 [PcorgSync] INFO     Répartition par événement :
2026-09-26 19:38:30 [PcorgSync] INFO       24H CAMIONS 2026: 1
2026-09-26 19:38:30 [PcorgSync] INFO     Répartition par catégorie :
2026-09-26 19:38:30 [PcorgSync] INFO       PCO.Secours: 1
2026-09-26 19:38:30 [PcorgSync] INFO     Curseur DateWrite : 2026-09-26 17:32:57.463000
2026-09-26 19:38:30 [PcorgSync] INFO     Config pcorg : aucune nouvelle valeur
2026-09-26 19:38:30 [PcorgSync] INFO     Total en base : 29784 docs (29784 attribués, 2791 avec GPS)
2026-09-26 19:38:30 [PcorgSync] INFO   ============================================================
2026-09-26 19:38:30 [PcorgSync] INFO Sync terminee avec succes
2026-09-26 19:43:39 [PcorgSync] INFO Lancement sync incremental
2026-09-26 19:43:40 [PcorgSync] INFO     Messages SQL récupérés : 1
2026-09-26 19:43:40 [PcorgSync] INFO     Documents upsertés : 1
2026-09-26 19:43:40 [PcorgSync] INFO     Répartition par événement :
2026-09-26 19:43:40 [PcorgSync] INFO       24H CAMIONS 2026: 1
2026-09-26 19:43:40 [PcorgSync] INFO     Répartition par catégorie :
2026-09-26 19:43:40 [PcorgSync] INFO       PCO.Secours: 1
2026-09-26 19:43:40 [PcorgSync] INFO     Curseur DateWrite : 2026-09-26 17:32:57.463000
2026-09-26 19:43:40 [PcorgSync] INFO     Config pcorg : aucune nouvelle valeur
2026-09-26 19:43:40 [PcorgSync] INFO     Total en base : 29784 docs (29784 attribués, 2791 avec GPS)
2026-09-26 19:43:40 [PcorgSync] INFO   ============================================================
2026-09-26 19:43:40 [PcorgSync] INFO Sync terminee avec succes
2026-09-26 19:48:14 [PcorgSync] INFO Lancement sync incremental
2026-09-26 19:48:15 [PcorgSync] INFO     Messages SQL récupérés : 1
2026-09-26 19:48:15 [PcorgSync] INFO     Documents upsertés : 1
2026-09-26 19:48:15 [PcorgSync] INFO     Répartition par événement :
2026-09-26 19:48:15 [PcorgSync] INFO       24H CAMIONS 2026: 1
2026-09-26 19:48:15 [PcorgSync] INFO     Répartition par catégorie :
2026-09-26 19:48:15 [PcorgSync] INFO       PCO.Secours: 1
2026-09-26 19:48:15 [PcorgSync] INFO     Curseur DateWrite : 2026-09-26 17:32:57.463000
2026-09-26 19:48:15 [PcorgSync] INFO     Config pcorg : aucune nouvelle valeur
2026-09-26 19:48:15 [PcorgSync] INFO     Total en base : 29784 docs (29784 attribués, 2791 avec GPS)
2026-09-26 19:48:15 [PcorgSync] INFO   ============================================================
2026-09-26 19:48:15 [PcorgSync] INFO Sync terminee avec succes
2026-09-26 19:53:29 [PcorgSync] INFO Lancement sync incremental
2026-09-26 19:53:30 [PcorgSync] INFO     Messages SQL récupérés : 1
2026-09-26 19:53:30 [PcorgSync] INFO     Documents upsertés : 1
2026-09-26 19:53:30 [PcorgSync] INFO     Répartition par événement :
2026-09-26 19:53:30 [PcorgSync] INFO       24H CAMIONS 2026: 1
2026-09-26 19:53:30 [PcorgSync] INFO     Répartition par catégorie :
2026-09-26 19:53:30 [PcorgSync] INFO       PCO.Secours: 1
2026-09-26 19:53:30 [PcorgSync] INFO     Curseur DateWrite : 2026-09-26 17:32:57.463000
2026-09-26 19:53:30 [PcorgSync] INFO     Config pcorg : aucune nouvelle valeur
2026-09-26 19:53:30 [PcorgSync] INFO     Total en base : 29784 docs (29784 attribués, 2791 avec GPS)
2026-09-26 19:53:30 [PcorgSync] INFO   ============================================================
2026-09-26 19:53:30 [PcorgSync] INFO Sync terminee avec succes
2026-09-26 19:58:14 [PcorgSync] INFO Lancement sync incremental
2026-09-26 19:58:15 [PcorgSync] INFO     Messages SQL récupérés : 1
2026-09-26 19:58:15 [PcorgSync] INFO     Documents upsertés : 1
2026-09-26 19:58:15 [PcorgSync] INFO     Répartition par événement :
2026-09-26 19:58:15 [PcorgSync] INFO       24H CAMIONS 2026: 1
2026-09-26 19:58:15 [PcorgSync] INFO     Répartition par catégorie :
2026-09-26 19:58:15 [PcorgSync] INFO       PCO.Secours: 1
2026-09-26 19:58:15 [PcorgSync] INFO     Curseur DateWrite : 2026-09-26 17:32:57.463000
2026-09-26 19:58:15 [PcorgSync] INFO     Config pcorg : aucune nouvelle valeur
2026-09-26 19:58:15 [PcorgSync] INFO     Total en base : 29784 docs (29784 attribués, 2791 avec GPS)
2026-09-26 19:58:15 [PcorgSync] INFO   ============================================================
2026-09-26 19:58:15 [PcorgSync] INFO Sync terminee avec succes
2026-09-26 20:03:39 [PcorgSync] INFO Lancement sync incremental
2026-09-26 20:03:40 [PcorgSync] INFO     Documents upsertés : 2
2026-09-26 20:03:40 [PcorgSync] INFO     Répartition par événement :
2026-09-26 20:03:40 [PcorgSync] INFO       24H CAMIONS 2026: 2
2026-09-26 20:03:40 [PcorgSync] INFO     Répartition par catégorie :
2026-09-26 20:03:40 [PcorgSync] INFO       PCO.Secours: 1
2026-09-26 20:03:40 [PcorgSync] INFO       PCO.Technique: 1
2026-09-26 20:03:40 [PcorgSync] INFO     Curseur DateWrite : 2026-09-26 18:01:49.997000
2026-09-26 20:03:40 [PcorgSync] INFO     Config pcorg : aucune nouvelle valeur
2026-09-26 20:03:40 [PcorgSync] INFO     Total en base : 29784 docs (29784 attribués, 2791 avec GPS)
2026-09-26 20:03:40 [PcorgSync] INFO   ============================================================
2026-09-26 20:03:40 [PcorgSync] INFO Sync terminee avec succes
2026-09-26 20:08:14 [PcorgSync] INFO Lancement sync incremental
2026-09-26 20:08:15 [PcorgSync] INFO   ============================================================
2026-09-26 20:08:15 [PcorgSync] INFO   
2026-09-26 20:08:15 [PcorgSync] INFO   Dernier sync : 2026-09-26 18:01:49.997000
2026-09-26 20:08:15 [PcorgSync] INFO   Connexion SQL Server...
2026-09-26 20:08:15 [PcorgSync] INFO     Driver ODBC : ODBC Driver 18 for SQL Server
2026-09-26 20:08:15 [PcorgSync] INFO     Port résolu via SQL Browser : 65422
2026-09-26 20:08:15 [PcorgSync] INFO     Connecté à 10.34.0.4,65422
2026-09-26 20:08:15 [PcorgSync] INFO   Récupération par lots de 1000...
2026-09-26 20:08:15 [PcorgSync] INFO   
2026-09-26 20:08:15 [PcorgSync] INFO   Aucun nouveau message. Rien à synchroniser.
2026-09-26 20:08:15 [PcorgSync] INFO Sync terminee avec succes
2026-09-26 20:13:39 [PcorgSync] INFO Lancement sync incremental
2026-09-26 20:13:40 [PcorgSync] INFO     Documents upsertés : 3
2026-09-26 20:13:40 [PcorgSync] INFO     Répartition par événement :
2026-09-26 20:13:40 [PcorgSync] INFO       24H CAMIONS 2026: 3
2026-09-26 20:13:40 [PcorgSync] INFO     Répartition par catégorie :
2026-09-26 20:13:40 [PcorgSync] INFO       PCO.Fourriere: 2
2026-09-26 20:13:40 [PcorgSync] INFO       PCO.Technique: 1
2026-09-26 20:13:40 [PcorgSync] INFO     Curseur DateWrite : 2026-09-26 18:12:39.077000
2026-09-26 20:13:40 [PcorgSync] INFO     Config pcorg : aucune nouvelle valeur
2026-09-26 20:13:40 [PcorgSync] INFO     Total en base : 29784 docs (29784 attribués, 2791 avec GPS)
2026-09-26 20:13:40 [PcorgSync] INFO   ============================================================
2026-09-26 20:13:40 [PcorgSync] INFO Sync terminee avec succes
2026-09-26 20:18:14 [PcorgSync] INFO Lancement sync incremental
2026-09-26 20:18:15 [PcorgSync] INFO     Messages SQL récupérés : 1
2026-09-26 20:18:15 [PcorgSync] INFO     Documents upsertés : 1
2026-09-26 20:18:15 [PcorgSync] INFO     Répartition par événement :
2026-09-26 20:18:15 [PcorgSync] INFO       24H CAMIONS 2026: 1
2026-09-26 20:18:15 [PcorgSync] INFO     Répartition par catégorie :
2026-09-26 20:18:15 [PcorgSync] INFO       PCO.Fourriere: 1
2026-09-26 20:18:15 [PcorgSync] INFO     Curseur DateWrite : 2026-09-26 18:14:25.420000
2026-09-26 20:18:15 [PcorgSync] INFO     Config pcorg : aucune nouvelle valeur
2026-09-26 20:18:15 [PcorgSync] INFO     Total en base : 29784 docs (29784 attribués, 2791 avec GPS)
2026-09-26 20:18:15 [PcorgSync] INFO   ============================================================
2026-09-26 20:18:15 [PcorgSync] INFO Sync terminee avec succes
2026-09-26 20:23:14 [PcorgSync] INFO Lancement sync incremental
2026-09-26 20:23:15 [PcorgSync] INFO     Documents upsertés : 2
2026-09-26 20:23:15 [PcorgSync] INFO     Répartition par événement :
2026-09-26 20:23:15 [PcorgSync] INFO       24H CAMIONS 2026: 2
2026-09-26 20:23:15 [PcorgSync] INFO     Répartition par catégorie :
2026-09-26 20:23:15 [PcorgSync] INFO       PCO.Secours: 1
2026-09-26 20:23:15 [PcorgSync] INFO       PCO.Technique: 1
2026-09-26 20:23:15 [PcorgSync] INFO     Curseur DateWrite : 2026-09-26 18:19:56.077000
2026-09-26 20:23:15 [PcorgSync] INFO     Config pcorg : aucune nouvelle valeur
2026-09-26 20:23:15 [PcorgSync] INFO     Total en base : 29785 docs (29785 attribués, 2792 avec GPS)
2026-09-26 20:23:15 [PcorgSync] INFO   ============================================================
2026-09-26 20:23:15 [PcorgSync] INFO Sync terminee avec succes
2026-09-26 20:28:14 [PcorgSync] INFO Lancement sync incremental
2026-09-26 20:28:15 [PcorgSync] INFO   ============================================================
2026-09-26 20:28:15 [PcorgSync] INFO   
2026-09-26 20:28:15 [PcorgSync] INFO   Dernier sync : 2026-09-26 18:19:56.077000
2026-09-26 20:28:15 [PcorgSync] INFO   Connexion SQL Server...
2026-09-26 20:28:15 [PcorgSync] INFO     Driver ODBC : ODBC Driver 18 for SQL Server
2026-09-26 20:28:15 [PcorgSync] INFO     Port résolu via SQL Browser : 65422
2026-09-26 20:28:15 [PcorgSync] INFO     Connecté à 10.34.0.4,65422
2026-09-26 20:28:15 [PcorgSync] INFO   Récupération par lots de 1000...
2026-09-26 20:28:15 [PcorgSync] INFO   
2026-09-26 20:28:15 [PcorgSync] INFO   Aucun nouveau message. Rien à synchroniser.
2026-09-26 20:28:15 [PcorgSync] INFO Sync terminee avec succes
2026-09-26 20:33:29 [PcorgSync] INFO Lancement sync incremental
2026-09-26 20:33:30 [PcorgSync] INFO   ============================================================
2026-09-26 20:33:30 [PcorgSync] INFO   
2026-09-26 20:33:30 [PcorgSync] INFO   Dernier sync : 2026-09-26 18:19:56.077000
2026-09-26 20:33:30 [PcorgSync] INFO   Connexion SQL Server...
2026-09-26 20:33:30 [PcorgSync] INFO     Driver ODBC : ODBC Driver 18 for SQL Server
2026-09-26 20:33:30 [PcorgSync] INFO     Port résolu via SQL Browser : 65422
2026-09-26 20:33:30 [PcorgSync] INFO     Connecté à 10.34.0.4,65422
2026-09-26 20:33:30 [PcorgSync] INFO   Récupération par lots de 1000...
2026-09-26 20:33:30 [PcorgSync] INFO   
2026-09-26 20:33:30 [PcorgSync] INFO   Aucun nouveau message. Rien à synchroniser.
2026-09-26 20:33:30 [PcorgSync] INFO Sync terminee avec succes
2026-09-26 20:38:14 [PcorgSync] INFO Lancement sync incremental
2026-09-26 20:38:15 [PcorgSync] INFO   ============================================================
2026-09-26 20:38:15 [PcorgSync] INFO   
2026-09-26 20:38:15 [PcorgSync] INFO   Dernier sync : 2026-09-26 18:19:56.077000
2026-09-26 20:38:15 [PcorgSync] INFO   Connexion SQL Server...
2026-09-26 20:38:15 [PcorgSync] INFO     Driver ODBC : ODBC Driver 18 for SQL Server
2026-09-26 20:38:15 [PcorgSync] INFO     Port résolu via SQL Browser : 65422
2026-09-26 20:38:15 [PcorgSync] INFO     Connecté à 10.34.0.4,65422
2026-09-26 20:38:15 [PcorgSync] INFO   Récupération par lots de 1000...
2026-09-26 20:38:15 [PcorgSync] INFO   
2026-09-26 20:38:15 [PcorgSync] INFO   Aucun nouveau message. Rien à synchroniser.
2026-09-26 20:38:15 [PcorgSync] INFO Sync terminee avec succes
2026-09-26 20:43:39 [PcorgSync] INFO Lancement sync incremental
2026-09-26 20:43:39 [PcorgSync] INFO   ============================================================
2026-09-26 20:43:39 [PcorgSync] INFO   
2026-09-26 20:43:39 [PcorgSync] INFO   Dernier sync : 2026-09-26 18:19:56.077000
2026-09-26 20:43:39 [PcorgSync] INFO   Connexion SQL Server...
2026-09-26 20:43:39 [PcorgSync] INFO     Driver ODBC : ODBC Driver 18 for SQL Server
2026-09-26 20:43:39 [PcorgSync] INFO     Port résolu via SQL Browser : 65422
2026-09-26 20:43:39 [PcorgSync] INFO     Connecté à 10.34.0.4,65422
2026-09-26 20:43:39 [PcorgSync] INFO   Récupération par lots de 1000...
2026-09-26 20:43:39 [PcorgSync] INFO   
2026-09-26 20:43:39 [PcorgSync] INFO   Aucun nouveau message. Rien à synchroniser.
2026-09-26 20:43:39 [PcorgSync] INFO Sync terminee avec succes
2026-09-26 20:48:14 [PcorgSync] INFO Lancement sync incremental
2026-09-26 20:48:15 [PcorgSync] INFO   ============================================================
2026-09-26 20:48:15 [PcorgSync] INFO   
2026-09-26 20:48:15 [PcorgSync] INFO   Dernier sync : 2026-09-26 18:19:56.077000
2026-09-26 20:48:15 [PcorgSync] INFO   Connexion SQL Server...
2026-09-26 20:48:15 [PcorgSync] INFO     Driver ODBC : ODBC Driver 18 for SQL Server
2026-09-26 20:48:15 [PcorgSync] INFO     Port résolu via SQL Browser : 65422
2026-09-26 20:48:15 [PcorgSync] INFO     Connecté à 10.34.0.4,65422
2026-09-26 20:48:15 [PcorgSync] INFO   Récupération par lots de 1000...
2026-09-26 20:48:15 [PcorgSync] INFO   
2026-09-26 20:48:15 [PcorgSync] INFO   Aucun nouveau message. Rien à synchroniser.
2026-09-26 20:48:15 [PcorgSync] INFO Sync terminee avec succes
2026-09-26 20:53:44 [PcorgSync] INFO Lancement sync incremental
2026-09-26 20:53:45 [PcorgSync] INFO   ============================================================
2026-09-26 20:53:45 [PcorgSync] INFO   
2026-09-26 20:53:45 [PcorgSync] INFO   Dernier sync : 2026-09-26 18:19:56.077000
2026-09-26 20:53:45 [PcorgSync] INFO   Connexion SQL Server...
2026-09-26 20:53:45 [PcorgSync] INFO     Driver ODBC : ODBC Driver 18 for SQL Server
2026-09-26 20:53:45 [PcorgSync] INFO     Port résolu via SQL Browser : 65422
2026-09-26 20:53:45 [PcorgSync] INFO     Connecté à 10.34.0.4,65422
2026-09-26 20:53:45 [PcorgSync] INFO   Récupération par lots de 1000...
2026-09-26 20:53:45 [PcorgSync] INFO   
2026-09-26 20:53:45 [PcorgSync] INFO   Aucun nouveau message. Rien à synchroniser.
2026-09-26 20:53:45 [PcorgSync] INFO Sync terminee avec succes
2026-09-26 20:58:39 [PcorgSync] INFO Lancement sync incremental
2026-09-26 20:58:39 [PcorgSync] INFO   ============================================================
2026-09-26 20:58:39 [PcorgSync] INFO   
2026-09-26 20:58:39 [PcorgSync] INFO   Dernier sync : 2026-09-26 18:19:56.077000
2026-09-26 20:58:39 [PcorgSync] INFO   Connexion SQL Server...
2026-09-26 20:58:39 [PcorgSync] INFO     Driver ODBC : ODBC Driver 18 for SQL Server
2026-09-26 20:58:39 [PcorgSync] INFO     Port résolu via SQL Browser : 65422
2026-09-26 20:58:39 [PcorgSync] INFO     Connecté à 10.34.0.4,65422
2026-09-26 20:58:39 [PcorgSync] INFO   Récupération par lots de 1000...
2026-09-26 20:58:39 [PcorgSync] INFO   
2026-09-26 20:58:39 [PcorgSync] INFO   Aucun nouveau message. Rien à synchroniser.
2026-09-26 20:58:39 [PcorgSync] INFO Sync terminee avec succes
2026-09-26 21:03:14 [PcorgSync] INFO Lancement sync incremental
2026-09-26 21:03:15 [PcorgSync] INFO   ============================================================
2026-09-26 21:03:15 [PcorgSync] INFO   
2026-09-26 21:03:15 [PcorgSync] INFO   Dernier sync : 2026-09-26 18:19:56.077000
2026-09-26 21:03:15 [PcorgSync] INFO   Connexion SQL Server...
2026-09-26 21:03:15 [PcorgSync] INFO     Driver ODBC : ODBC Driver 18 for SQL Server
2026-09-26 21:03:15 [PcorgSync] INFO     Port résolu via SQL Browser : 65422
2026-09-26 21:03:15 [PcorgSync] INFO     Connecté à 10.34.0.4,65422
2026-09-26 21:03:15 [PcorgSync] INFO   Récupération par lots de 1000...
2026-09-26 21:03:15 [PcorgSync] INFO   
2026-09-26 21:03:15 [PcorgSync] INFO   Aucun nouveau message. Rien à synchroniser.
2026-09-26 21:03:15 [PcorgSync] INFO Sync terminee avec succes
2026-09-26 21:08:44 [PcorgSync] INFO Lancement sync incremental
2026-09-26 21:08:45 [PcorgSync] INFO   ============================================================
2026-09-26 21:08:45 [PcorgSync] INFO   
2026-09-26 21:08:45 [PcorgSync] INFO   Dernier sync : 2026-09-26 18:19:56.077000
2026-09-26 21:08:45 [PcorgSync] INFO   Connexion SQL Server...
2026-09-26 21:08:45 [PcorgSync] INFO     Driver ODBC : ODBC Driver 18 for SQL Server
2026-09-26 21:08:45 [PcorgSync] INFO     Port résolu via SQL Browser : 65422
2026-09-26 21:08:45 [PcorgSync] INFO     Connecté à 10.34.0.4,65422
2026-09-26 21:08:45 [PcorgSync] INFO   Récupération par lots de 1000...
2026-09-26 21:08:45 [PcorgSync] INFO   
2026-09-26 21:08:45 [PcorgSync] INFO   Aucun nouveau message. Rien à synchroniser.
2026-09-26 21:08:45 [PcorgSync] INFO Sync terminee avec succes
2026-09-26 21:13:29 [PcorgSync] INFO Lancement sync incremental
2026-09-26 21:13:30 [PcorgSync] INFO   ============================================================
2026-09-26 21:13:30 [PcorgSync] INFO   
2026-09-26 21:13:30 [PcorgSync] INFO   Dernier sync : 2026-09-26 18:19:56.077000
2026-09-26 21:13:30 [PcorgSync] INFO   Connexion SQL Server...
2026-09-26 21:13:30 [PcorgSync] INFO     Driver ODBC : ODBC Driver 18 for SQL Server
2026-09-26 21:13:30 [PcorgSync] INFO     Port résolu via SQL Browser : 65422
2026-09-26 21:13:30 [PcorgSync] INFO     Connecté à 10.34.0.4,65422
2026-09-26 21:13:30 [PcorgSync] INFO   Récupération par lots de 1000...
2026-09-26 21:13:30 [PcorgSync] INFO   
2026-09-26 21:13:30 [PcorgSync] INFO   Aucun nouveau message. Rien à synchroniser.
2026-09-26 21:13:30 [PcorgSync] INFO Sync terminee avec succes
2026-09-26 21:18:14 [PcorgSync] INFO Lancement sync incremental
2026-09-26 21:18:16 [PcorgSync] INFO     Documents upsertés : 2
2026-09-26 21:18:16 [PcorgSync] INFO     Répartition par événement :
2026-09-26 21:18:16 [PcorgSync] INFO       24H CAMIONS 2026: 2
2026-09-26 21:18:16 [PcorgSync] INFO     Répartition par catégorie :
2026-09-26 21:18:16 [PcorgSync] INFO       PCO.Secours: 1
2026-09-26 21:18:16 [PcorgSync] INFO       PCO.Securite: 1
2026-09-26 21:18:16 [PcorgSync] INFO     Curseur DateWrite : 2026-09-26 19:15:53.650000
2026-09-26 21:18:16 [PcorgSync] INFO     Config pcorg : aucune nouvelle valeur
2026-09-26 21:18:16 [PcorgSync] INFO     Total en base : 29787 docs (29787 attribués, 2794 avec GPS)
2026-09-26 21:18:16 [PcorgSync] INFO   ============================================================
2026-09-26 21:18:16 [PcorgSync] INFO Sync terminee avec succes
2026-09-26 21:23:39 [PcorgSync] INFO Lancement sync incremental
2026-09-26 21:23:40 [PcorgSync] INFO     Messages SQL récupérés : 2
2026-09-26 21:23:40 [PcorgSync] INFO     Documents upsertés : 2
2026-09-26 21:23:40 [PcorgSync] INFO     Répartition par événement :
2026-09-26 21:23:40 [PcorgSync] INFO       24H CAMIONS 2026: 2
2026-09-26 21:23:40 [PcorgSync] INFO     Répartition par catégorie :
2026-09-26 21:23:40 [PcorgSync] INFO       PCO.Technique: 2
2026-09-26 21:23:40 [PcorgSync] INFO     Curseur DateWrite : 2026-09-26 19:21:09.837000
2026-09-26 21:23:40 [PcorgSync] INFO     Config pcorg : aucune nouvelle valeur
2026-09-26 21:23:40 [PcorgSync] INFO     Total en base : 29789 docs (29789 attribués, 2796 avec GPS)
2026-09-26 21:23:40 [PcorgSync] INFO   ============================================================
2026-09-26 21:23:40 [PcorgSync] INFO Sync terminee avec succes
2026-09-26 21:28:14 [PcorgSync] INFO Lancement sync incremental
2026-09-26 21:28:15 [PcorgSync] INFO     Messages SQL récupérés : 2
2026-09-26 21:28:15 [PcorgSync] INFO     Documents upsertés : 2
2026-09-26 21:28:15 [PcorgSync] INFO     Répartition par événement :
2026-09-26 21:28:15 [PcorgSync] INFO       24H CAMIONS 2026: 2
2026-09-26 21:28:15 [PcorgSync] INFO     Répartition par catégorie :
2026-09-26 21:28:15 [PcorgSync] INFO       PCO.Technique: 2
2026-09-26 21:28:15 [PcorgSync] INFO     Curseur DateWrite : 2026-09-26 19:26:48.840000
2026-09-26 21:28:15 [PcorgSync] INFO     Config pcorg : aucune nouvelle valeur
2026-09-26 21:28:15 [PcorgSync] INFO     Total en base : 29789 docs (29789 attribués, 2796 avec GPS)
2026-09-26 21:28:15 [PcorgSync] INFO   ============================================================
2026-09-26 21:28:15 [PcorgSync] INFO Sync terminee avec succes
2026-09-26 21:33:14 [PcorgSync] INFO Lancement sync incremental
2026-09-26 21:33:15 [PcorgSync] INFO   ============================================================
2026-09-26 21:33:15 [PcorgSync] INFO   
2026-09-26 21:33:15 [PcorgSync] INFO   Dernier sync : 2026-09-26 19:26:48.840000
2026-09-26 21:33:15 [PcorgSync] INFO   Connexion SQL Server...
2026-09-26 21:33:15 [PcorgSync] INFO     Driver ODBC : ODBC Driver 18 for SQL Server
2026-09-26 21:33:15 [PcorgSync] INFO     Port résolu via SQL Browser : 65422
2026-09-26 21:33:15 [PcorgSync] INFO     Connecté à 10.34.0.4,65422
2026-09-26 21:33:15 [PcorgSync] INFO   Récupération par lots de 1000...
2026-09-26 21:33:15 [PcorgSync] INFO   
2026-09-26 21:33:15 [PcorgSync] INFO   Aucun nouveau message. Rien à synchroniser.
2026-09-26 21:33:15 [PcorgSync] INFO Sync terminee avec succes
2026-09-26 21:38:29 [PcorgSync] INFO Lancement sync incremental
2026-09-26 21:38:30 [PcorgSync] INFO   ============================================================
2026-09-26 21:38:30 [PcorgSync] INFO   
2026-09-26 21:38:30 [PcorgSync] INFO   Dernier sync : 2026-09-26 19:26:48.840000
2026-09-26 21:38:30 [PcorgSync] INFO   Connexion SQL Server...
2026-09-26 21:38:30 [PcorgSync] INFO     Driver ODBC : ODBC Driver 18 for SQL Server
2026-09-26 21:38:30 [PcorgSync] INFO     Port résolu via SQL Browser : 65422
2026-09-26 21:38:30 [PcorgSync] INFO     Connecté à 10.34.0.4,65422
2026-09-26 21:38:30 [PcorgSync] INFO   Récupération par lots de 1000...
2026-09-26 21:38:30 [PcorgSync] INFO   
2026-09-26 21:38:30 [PcorgSync] INFO   Aucun nouveau message. Rien à synchroniser.
2026-09-26 21:38:30 [PcorgSync] INFO Sync terminee avec succes
2026-09-26 21:43:39 [PcorgSync] INFO Lancement sync incremental
2026-09-26 21:43:39 [PcorgSync] INFO   ============================================================
2026-09-26 21:43:39 [PcorgSync] INFO   
2026-09-26 21:43:39 [PcorgSync] INFO   Dernier sync : 2026-09-26 19:26:48.840000
2026-09-26 21:43:39 [PcorgSync] INFO   Connexion SQL Server...
2026-09-26 21:43:39 [PcorgSync] INFO     Driver ODBC : ODBC Driver 18 for SQL Server
2026-09-26 21:43:39 [PcorgSync] INFO     Port résolu via SQL Browser : 65422
2026-09-26 21:43:39 [PcorgSync] INFO     Connecté à 10.34.0.4,65422
2026-09-26 21:43:39 [PcorgSync] INFO   Récupération par lots de 1000...
2026-09-26 21:43:39 [PcorgSync] INFO   
2026-09-26 21:43:39 [PcorgSync] INFO   Aucun nouveau message. Rien à synchroniser.
2026-09-26 21:43:39 [PcorgSync] INFO Sync terminee avec succes
2026-09-26 21:48:14 [PcorgSync] INFO Lancement sync incremental
2026-09-26 21:48:15 [PcorgSync] INFO   ============================================================
2026-09-26 21:48:15 [PcorgSync] INFO   
2026-09-26 21:48:15 [PcorgSync] INFO   Dernier sync : 2026-09-26 19:26:48.840000
2026-09-26 21:48:15 [PcorgSync] INFO   Connexion SQL Server...
2026-09-26 21:48:15 [PcorgSync] INFO     Driver ODBC : ODBC Driver 18 for SQL Server
2026-09-26 21:48:15 [PcorgSync] INFO     Port résolu via SQL Browser : 65422
2026-09-26 21:48:15 [PcorgSync] INFO     Connecté à 10.34.0.4,65422
2026-09-26 21:48:15 [PcorgSync] INFO   Récupération par lots de 1000...
2026-09-26 21:48:15 [PcorgSync] INFO   
2026-09-26 21:48:15 [PcorgSync] INFO   Aucun nouveau message. Rien à synchroniser.
2026-09-26 21:48:15 [PcorgSync] INFO Sync terminee avec succes
2026-09-26 21:53:44 [PcorgSync] INFO Lancement sync incremental
2026-09-26 21:53:45 [PcorgSync] INFO   ============================================================
2026-09-26 21:53:45 [PcorgSync] INFO   
2026-09-26 21:53:45 [PcorgSync] INFO   Dernier sync : 2026-09-26 19:26:48.840000
2026-09-26 21:53:45 [PcorgSync] INFO   Connexion SQL Server...
2026-09-26 21:53:45 [PcorgSync] INFO     Driver ODBC : ODBC Driver 18 for SQL Server
2026-09-26 21:53:45 [PcorgSync] INFO     Port résolu via SQL Browser : 65422
2026-09-26 21:53:45 [PcorgSync] INFO     Connecté à 10.34.0.4,65422
2026-09-26 21:53:45 [PcorgSync] INFO   Récupération par lots de 1000...
2026-09-26 21:53:45 [PcorgSync] INFO   
2026-09-26 21:53:45 [PcorgSync] INFO   Aucun nouveau message. Rien à synchroniser.
2026-09-26 21:53:45 [PcorgSync] INFO Sync terminee avec succes
2026-09-26 21:58:14 [PcorgSync] INFO Lancement sync incremental
2026-09-26 21:58:15 [PcorgSync] INFO     Messages SQL récupérés : 1
2026-09-26 21:58:15 [PcorgSync] INFO     Documents upsertés : 1
2026-09-26 21:58:15 [PcorgSync] INFO     Répartition par événement :
2026-09-26 21:58:15 [PcorgSync] INFO       24H CAMIONS 2026: 1
2026-09-26 21:58:15 [PcorgSync] INFO     Répartition par catégorie :
2026-09-26 21:58:15 [PcorgSync] INFO       PCO.Information: 1
2026-09-26 21:58:15 [PcorgSync] INFO     Curseur DateWrite : 2026-09-26 19:55:52.300000
2026-09-26 21:58:15 [PcorgSync] INFO     Config pcorg : aucune nouvelle valeur
2026-09-26 21:58:15 [PcorgSync] INFO     Total en base : 29790 docs (29790 attribués, 2796 avec GPS)
2026-09-26 21:58:15 [PcorgSync] INFO   ============================================================
2026-09-26 21:58:15 [PcorgSync] INFO Sync terminee avec succes
2026-09-26 22:03:14 [PcorgSync] INFO Lancement sync incremental
2026-09-26 22:03:15 [PcorgSync] INFO   ============================================================
2026-09-26 22:03:15 [PcorgSync] INFO   
2026-09-26 22:03:15 [PcorgSync] INFO   Dernier sync : 2026-09-26 19:55:52.300000
2026-09-26 22:03:15 [PcorgSync] INFO   Connexion SQL Server...
2026-09-26 22:03:15 [PcorgSync] INFO     Driver ODBC : ODBC Driver 18 for SQL Server
2026-09-26 22:03:15 [PcorgSync] INFO     Port résolu via SQL Browser : 65422
2026-09-26 22:03:15 [PcorgSync] INFO     Connecté à 10.34.0.4,65422
2026-09-26 22:03:15 [PcorgSync] INFO   Récupération par lots de 1000...
2026-09-26 22:03:15 [PcorgSync] INFO   
2026-09-26 22:03:15 [PcorgSync] INFO   Aucun nouveau message. Rien à synchroniser.
2026-09-26 22:03:15 [PcorgSync] INFO Sync terminee avec succes
2026-09-26 22:08:59 [PcorgSync] INFO Lancement sync incremental
2026-09-26 22:09:00 [PcorgSync] INFO   ============================================================
2026-09-26 22:09:00 [PcorgSync] INFO   
2026-09-26 22:09:00 [PcorgSync] INFO   Dernier sync : 2026-09-26 19:55:52.300000
2026-09-26 22:09:00 [PcorgSync] INFO   Connexion SQL Server...
2026-09-26 22:09:00 [PcorgSync] INFO     Driver ODBC : ODBC Driver 18 for SQL Server
2026-09-26 22:09:00 [PcorgSync] INFO     Port résolu via SQL Browser : 65422
2026-09-26 22:09:00 [PcorgSync] INFO     Connecté à 10.34.0.4,65422
2026-09-26 22:09:00 [PcorgSync] INFO   Récupération par lots de 1000...
2026-09-26 22:09:00 [PcorgSync] INFO   
2026-09-26 22:09:00 [PcorgSync] INFO   Aucun nouveau message. Rien à synchroniser.
2026-09-26 22:09:00 [PcorgSync] INFO Sync terminee avec succes
2026-09-26 22:13:39 [PcorgSync] INFO Lancement sync incremental
2026-09-26 22:13:40 [PcorgSync] INFO     Documents upsertés : 2
2026-09-26 22:13:40 [PcorgSync] INFO     Répartition par événement :
2026-09-26 22:13:40 [PcorgSync] INFO       24H CAMIONS 2026: 2
2026-09-26 22:13:40 [PcorgSync] INFO     Répartition par catégorie :
2026-09-26 22:13:40 [PcorgSync] INFO       PCO.Fourriere: 1
2026-09-26 22:13:40 [PcorgSync] INFO       PCS.Surete: 1
2026-09-26 22:13:40 [PcorgSync] INFO     Curseur DateWrite : 2026-09-26 20:11:36.923000
2026-09-26 22:13:40 [PcorgSync] INFO     Config pcorg : aucune nouvelle valeur
2026-09-26 22:13:40 [PcorgSync] INFO     Total en base : 29791 docs (29791 attribués, 2796 avec GPS)
2026-09-26 22:13:40 [PcorgSync] INFO   ============================================================
2026-09-26 22:13:40 [PcorgSync] INFO Sync terminee avec succes
2026-09-26 22:18:14 [PcorgSync] INFO Lancement sync incremental
2026-09-26 22:18:15 [PcorgSync] INFO     Messages SQL récupérés : 1
2026-09-26 22:18:15 [PcorgSync] INFO     Documents upsertés : 1
2026-09-26 22:18:15 [PcorgSync] INFO     Répartition par événement :
2026-09-26 22:18:15 [PcorgSync] INFO       24H CAMIONS 2026: 1
2026-09-26 22:18:15 [PcorgSync] INFO     Répartition par catégorie :
2026-09-26 22:18:15 [PcorgSync] INFO       PCS.Surete: 1
2026-09-26 22:18:15 [PcorgSync] INFO     Curseur DateWrite : 2026-09-26 20:11:36.923000
2026-09-26 22:18:15 [PcorgSync] INFO     Config pcorg : aucune nouvelle valeur
2026-09-26 22:18:15 [PcorgSync] INFO     Total en base : 29791 docs (29791 attribués, 2796 avec GPS)
2026-09-26 22:18:15 [PcorgSync] INFO   ============================================================
2026-09-26 22:18:15 [PcorgSync] INFO Sync terminee avec succes
2026-09-26 22:23:39 [PcorgSync] INFO Lancement sync incremental
2026-09-26 22:23:40 [PcorgSync] INFO     Messages SQL récupérés : 1
2026-09-26 22:23:40 [PcorgSync] INFO     Documents upsertés : 1
2026-09-26 22:23:40 [PcorgSync] INFO     Répartition par événement :
2026-09-26 22:23:40 [PcorgSync] INFO       24H CAMIONS 2026: 1
2026-09-26 22:23:40 [PcorgSync] INFO     Répartition par catégorie :
2026-09-26 22:23:40 [PcorgSync] INFO       PCS.Surete: 1
2026-09-26 22:23:40 [PcorgSync] INFO     Curseur DateWrite : 2026-09-26 20:11:36.923000
2026-09-26 22:23:40 [PcorgSync] INFO     Config pcorg : aucune nouvelle valeur
2026-09-26 22:23:40 [PcorgSync] INFO     Total en base : 29791 docs (29791 attribués, 2796 avec GPS)
2026-09-26 22:23:40 [PcorgSync] INFO   ============================================================
2026-09-26 22:23:40 [PcorgSync] INFO Sync terminee avec succes
2026-09-26 22:28:14 [PcorgSync] INFO Lancement sync incremental
2026-09-26 22:28:15 [PcorgSync] INFO     Messages SQL récupérés : 1
2026-09-26 22:28:15 [PcorgSync] INFO     Documents upsertés : 1
2026-09-26 22:28:15 [PcorgSync] INFO     Répartition par événement :
2026-09-26 22:28:15 [PcorgSync] INFO       24H CAMIONS 2026: 1
2026-09-26 22:28:15 [PcorgSync] INFO     Répartition par catégorie :
2026-09-26 22:28:15 [PcorgSync] INFO       PCS.Surete: 1
2026-09-26 22:28:15 [PcorgSync] INFO     Curseur DateWrite : 2026-09-26 20:11:36.923000
2026-09-26 22:28:15 [PcorgSync] INFO     Config pcorg : aucune nouvelle valeur
2026-09-26 22:28:15 [PcorgSync] INFO     Total en base : 29791 docs (29791 attribués, 2796 avec GPS)
2026-09-26 22:28:15 [PcorgSync] INFO   ============================================================
2026-09-26 22:28:15 [PcorgSync] INFO Sync terminee avec succes
2026-09-26 22:33:14 [PcorgSync] INFO Lancement sync incremental
2026-09-26 22:33:15 [PcorgSync] INFO     Messages SQL récupérés : 1
2026-09-26 22:33:15 [PcorgSync] INFO     Documents upsertés : 1
2026-09-26 22:33:15 [PcorgSync] INFO     Répartition par événement :
2026-09-26 22:33:15 [PcorgSync] INFO       24H CAMIONS 2026: 1
2026-09-26 22:33:15 [PcorgSync] INFO     Répartition par catégorie :
2026-09-26 22:33:15 [PcorgSync] INFO       PCS.Surete: 1
2026-09-26 22:33:15 [PcorgSync] INFO     Curseur DateWrite : 2026-09-26 20:11:36.923000
2026-09-26 22:33:15 [PcorgSync] INFO     Config pcorg : aucune nouvelle valeur
2026-09-26 22:33:15 [PcorgSync] INFO     Total en base : 29791 docs (29791 attribués, 2796 avec GPS)
2026-09-26 22:33:15 [PcorgSync] INFO   ============================================================
2026-09-26 22:33:15 [PcorgSync] INFO Sync terminee avec succes
2026-09-26 22:38:44 [PcorgSync] INFO Lancement sync incremental
2026-09-26 22:38:45 [PcorgSync] INFO     Messages SQL récupérés : 1
2026-09-26 22:38:45 [PcorgSync] INFO     Documents upsertés : 1
2026-09-26 22:38:45 [PcorgSync] INFO     Répartition par événement :
2026-09-26 22:38:45 [PcorgSync] INFO       24H CAMIONS 2026: 1
2026-09-26 22:38:45 [PcorgSync] INFO     Répartition par catégorie :
2026-09-26 22:38:45 [PcorgSync] INFO       PCS.Surete: 1
2026-09-26 22:38:45 [PcorgSync] INFO     Curseur DateWrite : 2026-09-26 20:11:36.923000
2026-09-26 22:38:45 [PcorgSync] INFO     Config pcorg : aucune nouvelle valeur
2026-09-26 22:38:45 [PcorgSync] INFO     Total en base : 29791 docs (29791 attribués, 2796 avec GPS)
2026-09-26 22:38:45 [PcorgSync] INFO   ============================================================
2026-09-26 22:38:45 [PcorgSync] INFO Sync terminee avec succes
2026-09-26 22:43:39 [PcorgSync] INFO Lancement sync incremental
2026-09-26 22:43:40 [PcorgSync] INFO     Messages SQL récupérés : 1
2026-09-26 22:43:40 [PcorgSync] INFO     Documents upsertés : 1
2026-09-26 22:43:40 [PcorgSync] INFO     Répartition par événement :
2026-09-26 22:43:40 [PcorgSync] INFO       24H CAMIONS 2026: 1
2026-09-26 22:43:40 [PcorgSync] INFO     Répartition par catégorie :
2026-09-26 22:43:40 [PcorgSync] INFO       PCS.Surete: 1
2026-09-26 22:43:40 [PcorgSync] INFO     Curseur DateWrite : 2026-09-26 20:11:36.923000
2026-09-26 22:43:40 [PcorgSync] INFO     Config pcorg : aucune nouvelle valeur
2026-09-26 22:43:40 [PcorgSync] INFO     Total en base : 29791 docs (29791 attribués, 2796 avec GPS)
2026-09-26 22:43:40 [PcorgSync] INFO   ============================================================
2026-09-26 22:43:40 [PcorgSync] INFO Sync terminee avec succes
2026-09-26 22:48:14 [PcorgSync] INFO Lancement sync incremental
2026-09-26 22:48:15 [PcorgSync] INFO     Messages SQL récupérés : 1
2026-09-26 22:48:15 [PcorgSync] INFO     Documents upsertés : 1
2026-09-26 22:48:15 [PcorgSync] INFO     Répartition par événement :
2026-09-26 22:48:15 [PcorgSync] INFO       24H CAMIONS 2026: 1
2026-09-26 22:48:15 [PcorgSync] INFO     Répartition par catégorie :
2026-09-26 22:48:15 [PcorgSync] INFO       PCS.Surete: 1
2026-09-26 22:48:15 [PcorgSync] INFO     Curseur DateWrite : 2026-09-26 20:11:36.923000
2026-09-26 22:48:15 [PcorgSync] INFO     Config pcorg : aucune nouvelle valeur
2026-09-26 22:48:15 [PcorgSync] INFO     Total en base : 29791 docs (29791 attribués, 2796 avec GPS)
2026-09-26 22:48:15 [PcorgSync] INFO   ============================================================
2026-09-26 22:48:15 [PcorgSync] INFO Sync terminee avec succes
2026-09-26 22:53:29 [PcorgSync] INFO Lancement sync incremental
2026-09-26 22:53:30 [PcorgSync] INFO     Documents upsertés : 2
2026-09-26 22:53:30 [PcorgSync] INFO     Répartition par événement :
2026-09-26 22:53:30 [PcorgSync] INFO       24H CAMIONS 2026: 2
2026-09-26 22:53:30 [PcorgSync] INFO     Répartition par catégorie :
2026-09-26 22:53:30 [PcorgSync] INFO       PCS.Surete: 1
2026-09-26 22:53:30 [PcorgSync] INFO       PCO.Information: 1
2026-09-26 22:53:30 [PcorgSync] INFO     Curseur DateWrite : 2026-09-26 20:49:11.310000
2026-09-26 22:53:30 [PcorgSync] INFO     Config pcorg : aucune nouvelle valeur
2026-09-26 22:53:30 [PcorgSync] INFO     Total en base : 29792 docs (29792 attribués, 2796 avec GPS)
2026-09-26 22:53:30 [PcorgSync] INFO   ============================================================
2026-09-26 22:53:30 [PcorgSync] INFO Sync terminee avec succes
2026-09-26 22:58:14 [PcorgSync] INFO Lancement sync incremental
2026-09-26 22:58:15 [PcorgSync] INFO   ============================================================
2026-09-26 22:58:15 [PcorgSync] INFO   
2026-09-26 22:58:15 [PcorgSync] INFO   Dernier sync : 2026-09-26 20:49:11.310000
2026-09-26 22:58:15 [PcorgSync] INFO   Connexion SQL Server...
2026-09-26 22:58:15 [PcorgSync] INFO     Driver ODBC : ODBC Driver 18 for SQL Server
2026-09-26 22:58:15 [PcorgSync] INFO     Port résolu via SQL Browser : 65422
2026-09-26 22:58:15 [PcorgSync] INFO     Connecté à 10.34.0.4,65422
2026-09-26 22:58:15 [PcorgSync] INFO   Récupération par lots de 1000...
2026-09-26 22:58:15 [PcorgSync] INFO   
2026-09-26 22:58:15 [PcorgSync] INFO   Aucun nouveau message. Rien à synchroniser.
2026-09-26 22:58:15 [PcorgSync] INFO Sync terminee avec succes
2026-09-26 23:03:14 [PcorgSync] INFO Lancement sync incremental
2026-09-26 23:03:15 [PcorgSync] INFO   ============================================================
2026-09-26 23:03:15 [PcorgSync] INFO   
2026-09-26 23:03:15 [PcorgSync] INFO   Dernier sync : 2026-09-26 20:49:11.310000
2026-09-26 23:03:15 [PcorgSync] INFO   Connexion SQL Server...
2026-09-26 23:03:15 [PcorgSync] INFO     Driver ODBC : ODBC Driver 18 for SQL Server
2026-09-26 23:03:15 [PcorgSync] INFO     Port résolu via SQL Browser : 65422
2026-09-26 23:03:15 [PcorgSync] INFO     Connecté à 10.34.0.4,65422
2026-09-26 23:03:15 [PcorgSync] INFO   Récupération par lots de 1000...
2026-09-26 23:03:15 [PcorgSync] INFO   
2026-09-26 23:03:15 [PcorgSync] INFO   Aucun nouveau message. Rien à synchroniser.
2026-09-26 23:03:15 [PcorgSync] INFO Sync terminee avec succes
2026-09-26 23:08:44 [PcorgSync] INFO Lancement sync incremental
2026-09-26 23:08:45 [PcorgSync] INFO   ============================================================
2026-09-26 23:08:45 [PcorgSync] INFO   
2026-09-26 23:08:45 [PcorgSync] INFO   Dernier sync : 2026-09-26 20:49:11.310000
2026-09-26 23:08:45 [PcorgSync] INFO   Connexion SQL Server...
2026-09-26 23:08:45 [PcorgSync] INFO     Driver ODBC : ODBC Driver 18 for SQL Server
2026-09-26 23:08:45 [PcorgSync] INFO     Port résolu via SQL Browser : 65422
2026-09-26 23:08:45 [PcorgSync] INFO     Connecté à 10.34.0.4,65422
2026-09-26 23:08:45 [PcorgSync] INFO   Récupération par lots de 1000...
2026-09-26 23:08:45 [PcorgSync] INFO   
2026-09-26 23:08:45 [PcorgSync] INFO   Aucun nouveau message. Rien à synchroniser.
2026-09-26 23:08:45 [PcorgSync] INFO Sync terminee avec succes
2026-09-26 23:13:39 [PcorgSync] INFO Lancement sync incremental
2026-09-26 23:13:40 [PcorgSync] INFO   ============================================================
2026-09-26 23:13:40 [PcorgSync] INFO   
2026-09-26 23:13:40 [PcorgSync] INFO   Dernier sync : 2026-09-26 20:49:11.310000
2026-09-26 23:13:40 [PcorgSync] INFO   Connexion SQL Server...
2026-09-26 23:13:40 [PcorgSync] INFO     Driver ODBC : ODBC Driver 18 for SQL Server
2026-09-26 23:13:40 [PcorgSync] INFO     Port résolu via SQL Browser : 65422
2026-09-26 23:13:40 [PcorgSync] INFO     Connecté à 10.34.0.4,65422
2026-09-26 23:13:40 [PcorgSync] INFO   Récupération par lots de 1000...
2026-09-26 23:13:40 [PcorgSync] INFO   
2026-09-26 23:13:40 [PcorgSync] INFO   Aucun nouveau message. Rien à synchroniser.
2026-09-26 23:13:40 [PcorgSync] INFO Sync terminee avec succes
2026-09-26 23:18:39 [PcorgSync] INFO Lancement sync incremental
2026-09-26 23:18:40 [PcorgSync] INFO   ============================================================
2026-09-26 23:18:40 [PcorgSync] INFO   
2026-09-26 23:18:40 [PcorgSync] INFO   Dernier sync : 2026-09-26 20:49:11.310000
2026-09-26 23:18:40 [PcorgSync] INFO   Connexion SQL Server...
2026-09-26 23:18:40 [PcorgSync] INFO     Driver ODBC : ODBC Driver 18 for SQL Server
2026-09-26 23:18:40 [PcorgSync] INFO     Port résolu via SQL Browser : 65422
2026-09-26 23:18:40 [PcorgSync] INFO     Connecté à 10.34.0.4,65422
2026-09-26 23:18:40 [PcorgSync] INFO   Récupération par lots de 1000...
2026-09-26 23:18:40 [PcorgSync] INFO   
2026-09-26 23:18:40 [PcorgSync] INFO   Aucun nouveau message. Rien à synchroniser.
2026-09-26 23:18:40 [PcorgSync] INFO Sync terminee avec succes
2026-09-26 23:23:29 [PcorgSync] INFO Lancement sync incremental
2026-09-26 23:23:30 [PcorgSync] INFO   ============================================================
2026-09-26 23:23:30 [PcorgSync] INFO   
2026-09-26 23:23:30 [PcorgSync] INFO   Dernier sync : 2026-09-26 20:49:11.310000
2026-09-26 23:23:30 [PcorgSync] INFO   Connexion SQL Server...
2026-09-26 23:23:30 [PcorgSync] INFO     Driver ODBC : ODBC Driver 18 for SQL Server
2026-09-26 23:23:30 [PcorgSync] INFO     Port résolu via SQL Browser : 65422
2026-09-26 23:23:30 [PcorgSync] INFO     Connecté à 10.34.0.4,65422
2026-09-26 23:23:30 [PcorgSync] INFO   Récupération par lots de 1000...
2026-09-26 23:23:30 [PcorgSync] INFO   
2026-09-26 23:23:30 [PcorgSync] INFO   Aucun nouveau message. Rien à synchroniser.
2026-09-26 23:23:30 [PcorgSync] INFO Sync terminee avec succes
2026-09-26 23:28:24 [PcorgSync] INFO Lancement sync incremental
2026-09-26 23:28:25 [PcorgSync] INFO     Messages SQL récupérés : 3
2026-09-26 23:28:25 [PcorgSync] INFO     Documents upsertés : 3
2026-09-26 23:28:25 [PcorgSync] INFO     Répartition par événement :
2026-09-26 23:28:25 [PcorgSync] INFO       24H CAMIONS 2026: 3
2026-09-26 23:28:25 [PcorgSync] INFO     Répartition par catégorie :
2026-09-26 23:28:25 [PcorgSync] INFO       PCO.Fourriere: 3
2026-09-26 23:28:25 [PcorgSync] INFO     Curseur DateWrite : 2026-09-26 21:27:40.173000
2026-09-26 23:28:25 [PcorgSync] INFO     Config pcorg : aucune nouvelle valeur
2026-09-26 23:28:25 [PcorgSync] INFO     Total en base : 29792 docs (29792 attribués, 2796 avec GPS)
2026-09-26 23:28:25 [PcorgSync] INFO   ============================================================
2026-09-26 23:28:25 [PcorgSync] INFO Sync terminee avec succes
2026-09-26 23:33:14 [PcorgSync] INFO Lancement sync incremental
2026-09-26 23:33:15 [PcorgSync] INFO     Messages SQL récupérés : 1
2026-09-26 23:33:15 [PcorgSync] INFO     Documents upsertés : 1
2026-09-26 23:33:15 [PcorgSync] INFO     Répartition par événement :
2026-09-26 23:33:15 [PcorgSync] INFO       24H CAMIONS 2026: 1
2026-09-26 23:33:15 [PcorgSync] INFO     Répartition par catégorie :
2026-09-26 23:33:15 [PcorgSync] INFO       PCO.Fourriere: 1
2026-09-26 23:33:15 [PcorgSync] INFO     Curseur DateWrite : 2026-09-26 21:27:40.173000
2026-09-26 23:33:15 [PcorgSync] INFO     Config pcorg : aucune nouvelle valeur
2026-09-26 23:33:15 [PcorgSync] INFO     Total en base : 29792 docs (29792 attribués, 2796 avec GPS)
2026-09-26 23:33:15 [PcorgSync] INFO   ============================================================
2026-09-26 23:33:15 [PcorgSync] INFO Sync terminee avec succes
2026-09-26 23:38:14 [PcorgSync] INFO Lancement sync incremental
2026-09-26 23:38:15 [PcorgSync] INFO     Messages SQL récupérés : 1
2026-09-26 23:38:15 [PcorgSync] INFO     Documents upsertés : 1
2026-09-26 23:38:15 [PcorgSync] INFO     Répartition par événement :
2026-09-26 23:38:15 [PcorgSync] INFO       24H CAMIONS 2026: 1
2026-09-26 23:38:15 [PcorgSync] INFO     Répartition par catégorie :
2026-09-26 23:38:15 [PcorgSync] INFO       PCO.Fourriere: 1
2026-09-26 23:38:15 [PcorgSync] INFO     Curseur DateWrite : 2026-09-26 21:27:40.173000
2026-09-26 23:38:15 [PcorgSync] INFO     Config pcorg : aucune nouvelle valeur
2026-09-26 23:38:15 [PcorgSync] INFO     Total en base : 29792 docs (29792 attribués, 2796 avec GPS)
2026-09-26 23:38:15 [PcorgSync] INFO   ============================================================
2026-09-26 23:38:15 [PcorgSync] INFO Sync terminee avec succes
2026-09-26 23:43:29 [PcorgSync] INFO Lancement sync incremental
2026-09-26 23:43:30 [PcorgSync] INFO     Messages SQL récupérés : 1
2026-09-26 23:43:30 [PcorgSync] INFO     Documents upsertés : 1
2026-09-26 23:43:30 [PcorgSync] INFO     Répartition par événement :
2026-09-26 23:43:30 [PcorgSync] INFO       24H CAMIONS 2026: 1
2026-09-26 23:43:30 [PcorgSync] INFO     Répartition par catégorie :
2026-09-26 23:43:30 [PcorgSync] INFO       PCO.Fourriere: 1
2026-09-26 23:43:30 [PcorgSync] INFO     Curseur DateWrite : 2026-09-26 21:27:40.173000
2026-09-26 23:43:30 [PcorgSync] INFO     Config pcorg : aucune nouvelle valeur
2026-09-26 23:43:30 [PcorgSync] INFO     Total en base : 29792 docs (29792 attribués, 2796 avec GPS)
2026-09-26 23:43:30 [PcorgSync] INFO   ============================================================
2026-09-26 23:43:30 [PcorgSync] INFO Sync terminee avec succes
2026-09-26 23:48:14 [PcorgSync] INFO Lancement sync incremental
2026-09-26 23:48:15 [PcorgSync] INFO     Messages SQL récupérés : 1
2026-09-26 23:48:15 [PcorgSync] INFO     Documents upsertés : 1
2026-09-26 23:48:15 [PcorgSync] INFO     Répartition par événement :
2026-09-26 23:48:15 [PcorgSync] INFO       24H CAMIONS 2026: 1
2026-09-26 23:48:15 [PcorgSync] INFO     Répartition par catégorie :
2026-09-26 23:48:15 [PcorgSync] INFO       PCO.Fourriere: 1
2026-09-26 23:48:15 [PcorgSync] INFO     Curseur DateWrite : 2026-09-26 21:27:40.173000
2026-09-26 23:48:15 [PcorgSync] INFO     Config pcorg : aucune nouvelle valeur
2026-09-26 23:48:15 [PcorgSync] INFO     Total en base : 29792 docs (29792 attribués, 2796 avec GPS)
2026-09-26 23:48:15 [PcorgSync] INFO   ============================================================
2026-09-26 23:48:15 [PcorgSync] INFO Sync terminee avec succes
2026-09-26 23:53:29 [PcorgSync] INFO Lancement sync incremental
2026-09-26 23:53:30 [PcorgSync] INFO     Messages SQL récupérés : 1
2026-09-26 23:53:30 [PcorgSync] INFO     Documents upsertés : 1
2026-09-26 23:53:30 [PcorgSync] INFO     Répartition par événement :
2026-09-26 23:53:30 [PcorgSync] INFO       24H CAMIONS 2026: 1
2026-09-26 23:53:30 [PcorgSync] INFO     Répartition par catégorie :
2026-09-26 23:53:30 [PcorgSync] INFO       PCO.Fourriere: 1
2026-09-26 23:53:30 [PcorgSync] INFO     Curseur DateWrite : 2026-09-26 21:27:40.173000
2026-09-26 23:53:30 [PcorgSync] INFO     Config pcorg : aucune nouvelle valeur
2026-09-26 23:53:30 [PcorgSync] INFO     Total en base : 29792 docs (29792 attribués, 2796 avec GPS)
2026-09-26 23:53:30 [PcorgSync] INFO   ============================================================
2026-09-26 23:53:30 [PcorgSync] INFO Sync terminee avec succes
2026-09-26 23:58:14 [PcorgSync] INFO Lancement sync incremental
2026-09-26 23:58:15 [PcorgSync] INFO     Messages SQL récupérés : 1
2026-09-26 23:58:15 [PcorgSync] INFO     Documents upsertés : 1
2026-09-26 23:58:15 [PcorgSync] INFO     Répartition par événement :
2026-09-26 23:58:15 [PcorgSync] INFO       24H CAMIONS 2026: 1
2026-09-26 23:58:15 [PcorgSync] INFO     Répartition par catégorie :
2026-09-26 23:58:15 [PcorgSync] INFO       PCO.Fourriere: 1
2026-09-26 23:58:15 [PcorgSync] INFO     Curseur DateWrite : 2026-09-26 21:27:40.173000
2026-09-26 23:58:15 [PcorgSync] INFO     Config pcorg : aucune nouvelle valeur
2026-09-26 23:58:15 [PcorgSync] INFO     Total en base : 29792 docs (29792 attribués, 2796 avec GPS)
2026-09-26 23:58:15 [PcorgSync] INFO   ============================================================
2026-09-26 23:58:15 [PcorgSync] INFO Sync terminee avec succes
2026-09-27 00:03:14 [PcorgSync] INFO Lancement sync incremental
2026-09-27 00:03:16 [PcorgSync] INFO     Messages SQL récupérés : 1
2026-09-27 00:03:16 [PcorgSync] INFO     Documents upsertés : 1
2026-09-27 00:03:16 [PcorgSync] INFO     Répartition par événement :
2026-09-27 00:03:16 [PcorgSync] INFO       24H CAMIONS 2026: 1
2026-09-27 00:03:16 [PcorgSync] INFO     Répartition par catégorie :
2026-09-27 00:03:16 [PcorgSync] INFO       PCO.Fourriere: 1
2026-09-27 00:03:16 [PcorgSync] INFO     Curseur DateWrite : 2026-09-26 21:27:40.173000
2026-09-27 00:03:16 [PcorgSync] INFO     Config pcorg : aucune nouvelle valeur
2026-09-27 00:03:16 [PcorgSync] INFO     Total en base : 29792 docs (29792 attribués, 2796 avec GPS)
2026-09-27 00:03:16 [PcorgSync] INFO   ============================================================
2026-09-27 00:03:16 [PcorgSync] INFO Sync terminee avec succes
2026-09-27 00:08:44 [PcorgSync] INFO Lancement sync incremental
2026-09-27 00:08:46 [PcorgSync] INFO     Messages SQL récupérés : 1
2026-09-27 00:08:46 [PcorgSync] INFO     Documents upsertés : 1
2026-09-27 00:08:46 [PcorgSync] INFO     Répartition par événement :
2026-09-27 00:08:46 [PcorgSync] INFO       24H CAMIONS 2026: 1
2026-09-27 00:08:46 [PcorgSync] INFO     Répartition par catégorie :
2026-09-27 00:08:46 [PcorgSync] INFO       PCO.Fourriere: 1
2026-09-27 00:08:46 [PcorgSync] INFO     Curseur DateWrite : 2026-09-26 21:27:40.173000
2026-09-27 00:08:46 [PcorgSync] INFO     Config pcorg : aucune nouvelle valeur
2026-09-27 00:08:46 [PcorgSync] INFO     Total en base : 29792 docs (29792 attribués, 2796 avec GPS)
2026-09-27 00:08:46 [PcorgSync] INFO   ============================================================
2026-09-27 00:08:46 [PcorgSync] INFO Sync terminee avec succes
2026-09-27 00:13:39 [PcorgSync] INFO Lancement sync incremental
2026-09-27 00:13:40 [PcorgSync] INFO     Messages SQL récupérés : 1
2026-09-27 00:13:40 [PcorgSync] INFO     Documents upsertés : 1
2026-09-27 00:13:40 [PcorgSync] INFO     Répartition par événement :
2026-09-27 00:13:40 [PcorgSync] INFO       24H CAMIONS 2026: 1
2026-09-27 00:13:40 [PcorgSync] INFO     Répartition par catégorie :
2026-09-27 00:13:40 [PcorgSync] INFO       PCO.Fourriere: 1
2026-09-27 00:13:40 [PcorgSync] INFO     Curseur DateWrite : 2026-09-26 21:27:40.173000
2026-09-27 00:13:40 [PcorgSync] INFO     Config pcorg : aucune nouvelle valeur
2026-09-27 00:13:40 [PcorgSync] INFO     Total en base : 29792 docs (29792 attribués, 2796 avec GPS)
2026-09-27 00:13:40 [PcorgSync] INFO   ============================================================
2026-09-27 00:13:40 [PcorgSync] INFO Sync terminee avec succes
2026-09-27 00:18:14 [PcorgSync] INFO Lancement sync incremental
2026-09-27 00:18:15 [PcorgSync] INFO     Documents upsertés : 2
2026-09-27 00:18:15 [PcorgSync] INFO     Répartition par événement :
2026-09-27 00:18:15 [PcorgSync] INFO       24H CAMIONS 2026: 2
2026-09-27 00:18:15 [PcorgSync] INFO     Répartition par catégorie :
2026-09-27 00:18:15 [PcorgSync] INFO       PCO.Fourriere: 1
2026-09-27 00:18:15 [PcorgSync] INFO       PCO.Securite: 1
2026-09-27 00:18:15 [PcorgSync] INFO     Curseur DateWrite : 2026-09-26 22:16:08.667000
2026-09-27 00:18:15 [PcorgSync] INFO     Config pcorg : aucune nouvelle valeur
2026-09-27 00:18:15 [PcorgSync] INFO     Total en base : 29792 docs (29792 attribués, 2796 avec GPS)
2026-09-27 00:18:15 [PcorgSync] INFO   ============================================================
2026-09-27 00:18:15 [PcorgSync] INFO Sync terminee avec succes
2026-09-27 00:23:44 [PcorgSync] INFO Lancement sync incremental
2026-09-27 00:23:45 [PcorgSync] INFO   ============================================================
2026-09-27 00:23:45 [PcorgSync] INFO   
2026-09-27 00:23:45 [PcorgSync] INFO   Dernier sync : 2026-09-26 22:16:08.667000
2026-09-27 00:23:45 [PcorgSync] INFO   Connexion SQL Server...
2026-09-27 00:23:45 [PcorgSync] INFO     Driver ODBC : ODBC Driver 18 for SQL Server
2026-09-27 00:23:45 [PcorgSync] INFO     Port résolu via SQL Browser : 65422
2026-09-27 00:23:45 [PcorgSync] INFO     Connecté à 10.34.0.4,65422
2026-09-27 00:23:45 [PcorgSync] INFO   Récupération par lots de 1000...
2026-09-27 00:23:45 [PcorgSync] INFO   
2026-09-27 00:23:45 [PcorgSync] INFO   Aucun nouveau message. Rien à synchroniser.
2026-09-27 00:23:45 [PcorgSync] INFO Sync terminee avec succes
2026-09-27 00:28:14 [PcorgSync] INFO Lancement sync incremental
2026-09-27 00:28:15 [PcorgSync] INFO   ============================================================
2026-09-27 00:28:15 [PcorgSync] INFO   
2026-09-27 00:28:15 [PcorgSync] INFO   Dernier sync : 2026-09-26 22:16:08.667000
2026-09-27 00:28:15 [PcorgSync] INFO   Connexion SQL Server...
2026-09-27 00:28:15 [PcorgSync] INFO     Driver ODBC : ODBC Driver 18 for SQL Server
2026-09-27 00:28:15 [PcorgSync] INFO     Port résolu via SQL Browser : 65422
2026-09-27 00:28:15 [PcorgSync] INFO     Connecté à 10.34.0.4,65422
2026-09-27 00:28:15 [PcorgSync] INFO   Récupération par lots de 1000...
2026-09-27 00:28:15 [PcorgSync] INFO   
2026-09-27 00:28:15 [PcorgSync] INFO   Aucun nouveau message. Rien à synchroniser.
2026-09-27 00:28:15 [PcorgSync] INFO Sync terminee avec succes
2026-09-27 00:33:39 [PcorgSync] INFO Lancement sync incremental
2026-09-27 00:33:40 [PcorgSync] INFO   ============================================================
2026-09-27 00:33:40 [PcorgSync] INFO   
2026-09-27 00:33:40 [PcorgSync] INFO   Dernier sync : 2026-09-26 22:16:08.667000
2026-09-27 00:33:40 [PcorgSync] INFO   Connexion SQL Server...
2026-09-27 00:33:40 [PcorgSync] INFO     Driver ODBC : ODBC Driver 18 for SQL Server
2026-09-27 00:33:40 [PcorgSync] INFO     Port résolu via SQL Browser : 65422
2026-09-27 00:33:40 [PcorgSync] INFO     Connecté à 10.34.0.4,65422
2026-09-27 00:33:40 [PcorgSync] INFO   Récupération par lots de 1000...
2026-09-27 00:33:40 [PcorgSync] INFO   
2026-09-27 00:33:40 [PcorgSync] INFO   Aucun nouveau message. Rien à synchroniser.
2026-09-27 00:33:40 [PcorgSync] INFO Sync terminee avec succes
2026-09-27 00:38:44 [PcorgSync] INFO Lancement sync incremental
2026-09-27 00:38:45 [PcorgSync] INFO   ============================================================
2026-09-27 00:38:45 [PcorgSync] INFO   
2026-09-27 00:38:45 [PcorgSync] INFO   Dernier sync : 2026-09-26 22:16:08.667000
2026-09-27 00:38:45 [PcorgSync] INFO   Connexion SQL Server...
2026-09-27 00:38:45 [PcorgSync] INFO     Driver ODBC : ODBC Driver 18 for SQL Server
2026-09-27 00:38:45 [PcorgSync] INFO     Port résolu via SQL Browser : 65422
2026-09-27 00:38:45 [PcorgSync] INFO     Connecté à 10.34.0.4,65422
2026-09-27 00:38:45 [PcorgSync] INFO   Récupération par lots de 1000...
2026-09-27 00:38:45 [PcorgSync] INFO   
2026-09-27 00:38:45 [PcorgSync] INFO   Aucun nouveau message. Rien à synchroniser.
2026-09-27 00:38:45 [PcorgSync] INFO Sync terminee avec succes
2026-09-27 00:43:29 [PcorgSync] INFO Lancement sync incremental
2026-09-27 00:43:30 [PcorgSync] INFO   ============================================================
2026-09-27 00:43:30 [PcorgSync] INFO   
2026-09-27 00:43:30 [PcorgSync] INFO   Dernier sync : 2026-09-26 22:16:08.667000
2026-09-27 00:43:30 [PcorgSync] INFO   Connexion SQL Server...
2026-09-27 00:43:30 [PcorgSync] INFO     Driver ODBC : ODBC Driver 18 for SQL Server
2026-09-27 00:43:30 [PcorgSync] INFO     Port résolu via SQL Browser : 65422
2026-09-27 00:43:30 [PcorgSync] INFO     Connecté à 10.34.0.4,65422
2026-09-27 00:43:30 [PcorgSync] INFO   Récupération par lots de 1000...
2026-09-27 00:43:30 [PcorgSync] INFO   
2026-09-27 00:43:30 [PcorgSync] INFO   Aucun nouveau message. Rien à synchroniser.
2026-09-27 00:43:30 [PcorgSync] INFO Sync terminee avec succes
2026-09-27 00:48:14 [PcorgSync] INFO Lancement sync incremental
2026-09-27 00:48:15 [PcorgSync] INFO   ============================================================
2026-09-27 00:48:15 [PcorgSync] INFO   
2026-09-27 00:48:15 [PcorgSync] INFO   Dernier sync : 2026-09-26 22:16:08.667000
2026-09-27 00:48:15 [PcorgSync] INFO   Connexion SQL Server...
2026-09-27 00:48:15 [PcorgSync] INFO     Driver ODBC : ODBC Driver 18 for SQL Server
2026-09-27 00:48:15 [PcorgSync] INFO     Port résolu via SQL Browser : 65422
2026-09-27 00:48:15 [PcorgSync] INFO     Connecté à 10.34.0.4,65422
2026-09-27 00:48:15 [PcorgSync] INFO   Récupération par lots de 1000...
2026-09-27 00:48:15 [PcorgSync] INFO   
2026-09-27 00:48:15 [PcorgSync] INFO   Aucun nouveau message. Rien à synchroniser.
2026-09-27 00:48:15 [PcorgSync] INFO Sync terminee avec succes
2026-09-27 00:53:44 [PcorgSync] INFO Lancement sync incremental
2026-09-27 00:53:45 [PcorgSync] INFO   ============================================================
2026-09-27 00:53:45 [PcorgSync] INFO   
2026-09-27 00:53:45 [PcorgSync] INFO   Dernier sync : 2026-09-26 22:16:08.667000
2026-09-27 00:53:45 [PcorgSync] INFO   Connexion SQL Server...
2026-09-27 00:53:45 [PcorgSync] INFO     Driver ODBC : ODBC Driver 18 for SQL Server
2026-09-27 00:53:45 [PcorgSync] INFO     Port résolu via SQL Browser : 65422
2026-09-27 00:53:45 [PcorgSync] INFO     Connecté à 10.34.0.4,65422
2026-09-27 00:53:45 [PcorgSync] INFO   Récupération par lots de 1000...
2026-09-27 00:53:45 [PcorgSync] INFO   
2026-09-27 00:53:45 [PcorgSync] INFO   Aucun nouveau message. Rien à synchroniser.
2026-09-27 00:53:45 [PcorgSync] INFO Sync terminee avec succes
2026-09-27 00:58:14 [PcorgSync] INFO Lancement sync incremental
2026-09-27 00:58:15 [PcorgSync] INFO   ============================================================
2026-09-27 00:58:15 [PcorgSync] INFO   
2026-09-27 00:58:15 [PcorgSync] INFO   Dernier sync : 2026-09-26 22:16:08.667000
2026-09-27 00:58:15 [PcorgSync] INFO   Connexion SQL Server...
2026-09-27 00:58:15 [PcorgSync] INFO     Driver ODBC : ODBC Driver 18 for SQL Server
2026-09-27 00:58:15 [PcorgSync] INFO     Port résolu via SQL Browser : 65422
2026-09-27 00:58:15 [PcorgSync] INFO     Connecté à 10.34.0.4,65422
2026-09-27 00:58:15 [PcorgSync] INFO   Récupération par lots de 1000...
2026-09-27 00:58:15 [PcorgSync] INFO   
2026-09-27 00:58:15 [PcorgSync] INFO   Aucun nouveau message. Rien à synchroniser.
2026-09-27 00:58:15 [PcorgSync] INFO Sync terminee avec succes
2026-09-27 01:03:24 [PcorgSync] INFO Lancement sync incremental
2026-09-27 01:03:25 [PcorgSync] INFO   ============================================================
2026-09-27 01:03:25 [PcorgSync] INFO   
2026-09-27 01:03:25 [PcorgSync] INFO   Dernier sync : 2026-09-26 22:16:08.667000
2026-09-27 01:03:25 [PcorgSync] INFO   Connexion SQL Server...
2026-09-27 01:03:25 [PcorgSync] INFO     Driver ODBC : ODBC Driver 18 for SQL Server
2026-09-27 01:03:25 [PcorgSync] INFO     Port résolu via SQL Browser : 65422
2026-09-27 01:03:25 [PcorgSync] INFO     Connecté à 10.34.0.4,65422
2026-09-27 01:03:25 [PcorgSync] INFO   Récupération par lots de 1000...
2026-09-27 01:03:25 [PcorgSync] INFO   
2026-09-27 01:03:25 [PcorgSync] INFO   Aucun nouveau message. Rien à synchroniser.
2026-09-27 01:03:25 [PcorgSync] INFO Sync terminee avec succes
2026-09-27 01:08:29 [PcorgSync] INFO Lancement sync incremental
2026-09-27 01:08:30 [PcorgSync] INFO     Documents upsertés : 2
2026-09-27 01:08:30 [PcorgSync] INFO     Répartition par événement :
2026-09-27 01:08:30 [PcorgSync] INFO       24H CAMIONS 2026: 2
2026-09-27 01:08:30 [PcorgSync] INFO     Répartition par catégorie :
2026-09-27 01:08:30 [PcorgSync] INFO       PCO.MainCourante: 1
2026-09-27 01:08:30 [PcorgSync] INFO       PCO.Securite: 1
2026-09-27 01:08:30 [PcorgSync] INFO     Curseur DateWrite : 2026-09-26 23:08:20.217000
2026-09-27 01:08:30 [PcorgSync] INFO     Config pcorg : aucune nouvelle valeur
2026-09-27 01:08:30 [PcorgSync] INFO     Total en base : 29794 docs (29794 attribués, 2798 avec GPS)
2026-09-27 01:08:30 [PcorgSync] INFO   ============================================================
2026-09-27 01:08:30 [PcorgSync] INFO Sync terminee avec succes
2026-09-27 01:13:39 [PcorgSync] INFO Lancement sync incremental
2026-09-27 01:13:40 [PcorgSync] INFO   ============================================================
2026-09-27 01:13:40 [PcorgSync] INFO   
2026-09-27 01:13:40 [PcorgSync] INFO   Dernier sync : 2026-09-26 23:08:20.217000
2026-09-27 01:13:40 [PcorgSync] INFO   Connexion SQL Server...
2026-09-27 01:13:40 [PcorgSync] INFO     Driver ODBC : ODBC Driver 18 for SQL Server
2026-09-27 01:13:40 [PcorgSync] INFO     Port résolu via SQL Browser : 65422
2026-09-27 01:13:40 [PcorgSync] INFO     Connecté à 10.34.0.4,65422
2026-09-27 01:13:40 [PcorgSync] INFO   Récupération par lots de 1000...
2026-09-27 01:13:40 [PcorgSync] INFO   
2026-09-27 01:13:40 [PcorgSync] INFO   Aucun nouveau message. Rien à synchroniser.
2026-09-27 01:13:40 [PcorgSync] INFO Sync terminee avec succes
2026-09-27 01:18:14 [PcorgSync] INFO Lancement sync incremental
2026-09-27 01:18:15 [PcorgSync] INFO   ============================================================
2026-09-27 01:18:15 [PcorgSync] INFO   
2026-09-27 01:18:15 [PcorgSync] INFO   Dernier sync : 2026-09-26 23:08:20.217000
2026-09-27 01:18:15 [PcorgSync] INFO   Connexion SQL Server...
2026-09-27 01:18:15 [PcorgSync] INFO     Driver ODBC : ODBC Driver 18 for SQL Server
2026-09-27 01:18:15 [PcorgSync] INFO     Port résolu via SQL Browser : 65422
2026-09-27 01:18:15 [PcorgSync] INFO     Connecté à 10.34.0.4,65422
2026-09-27 01:18:15 [PcorgSync] INFO   Récupération par lots de 1000...
2026-09-27 01:18:15 [PcorgSync] INFO   
2026-09-27 01:18:15 [PcorgSync] INFO   Aucun nouveau message. Rien à synchroniser.
2026-09-27 01:18:15 [PcorgSync] INFO Sync terminee avec succes
2026-09-27 01:23:44 [PcorgSync] INFO Lancement sync incremental
2026-09-27 01:23:46 [PcorgSync] INFO   ============================================================
2026-09-27 01:23:46 [PcorgSync] INFO   
2026-09-27 01:23:46 [PcorgSync] INFO   Dernier sync : 2026-09-26 23:08:20.217000
2026-09-27 01:23:46 [PcorgSync] INFO   Connexion SQL Server...
2026-09-27 01:23:46 [PcorgSync] INFO     Driver ODBC : ODBC Driver 18 for SQL Server
2026-09-27 01:23:46 [PcorgSync] INFO     Port résolu via SQL Browser : 65422
2026-09-27 01:23:46 [PcorgSync] INFO     Connecté à 10.34.0.4,65422
2026-09-27 01:23:46 [PcorgSync] INFO   Récupération par lots de 1000...
2026-09-27 01:23:46 [PcorgSync] INFO   
2026-09-27 01:23:46 [PcorgSync] INFO   Aucun nouveau message. Rien à synchroniser.
2026-09-27 01:23:46 [PcorgSync] INFO Sync terminee avec succes
2026-09-27 01:28:14 [PcorgSync] INFO Lancement sync incremental
2026-09-27 01:28:15 [PcorgSync] INFO   ============================================================
2026-09-27 01:28:15 [PcorgSync] INFO   
2026-09-27 01:28:15 [PcorgSync] INFO   Dernier sync : 2026-09-26 23:08:20.217000
2026-09-27 01:28:15 [PcorgSync] INFO   Connexion SQL Server...
2026-09-27 01:28:15 [PcorgSync] INFO     Driver ODBC : ODBC Driver 18 for SQL Server
2026-09-27 01:28:15 [PcorgSync] INFO     Port résolu via SQL Browser : 65422
2026-09-27 01:28:15 [PcorgSync] INFO     Connecté à 10.34.0.4,65422
2026-09-27 01:28:15 [PcorgSync] INFO   Récupération par lots de 1000...
2026-09-27 01:28:15 [PcorgSync] INFO   
2026-09-27 01:28:15 [PcorgSync] INFO   Aucun nouveau message. Rien à synchroniser.
2026-09-27 01:28:15 [PcorgSync] INFO Sync terminee avec succes
2026-09-27 01:33:14 [PcorgSync] INFO Lancement sync incremental
2026-09-27 01:33:15 [PcorgSync] INFO   ============================================================
2026-09-27 01:33:15 [PcorgSync] INFO   
2026-09-27 01:33:15 [PcorgSync] INFO   Dernier sync : 2026-09-26 23:08:20.217000
2026-09-27 01:33:15 [PcorgSync] INFO   Connexion SQL Server...
2026-09-27 01:33:15 [PcorgSync] INFO     Driver ODBC : ODBC Driver 18 for SQL Server
2026-09-27 01:33:15 [PcorgSync] INFO     Port résolu via SQL Browser : 65422
2026-09-27 01:33:15 [PcorgSync] INFO     Connecté à 10.34.0.4,65422
2026-09-27 01:33:15 [PcorgSync] INFO   Récupération par lots de 1000...
2026-09-27 01:33:15 [PcorgSync] INFO   
2026-09-27 01:33:15 [PcorgSync] INFO   Aucun nouveau message. Rien à synchroniser.
2026-09-27 01:33:15 [PcorgSync] INFO Sync terminee avec succes
2026-09-27 01:38:44 [PcorgSync] INFO Lancement sync incremental
2026-09-27 01:38:45 [PcorgSync] INFO     Messages SQL récupérés : 1
2026-09-27 01:38:45 [PcorgSync] INFO     Documents upsertés : 1
2026-09-27 01:38:45 [PcorgSync] INFO     Répartition par événement :
2026-09-27 01:38:45 [PcorgSync] INFO       24H CAMIONS 2026: 1
2026-09-27 01:38:45 [PcorgSync] INFO     Répartition par catégorie :
2026-09-27 01:38:45 [PcorgSync] INFO       PCO.Technique: 1
2026-09-27 01:38:45 [PcorgSync] INFO     Curseur DateWrite : 2026-09-26 23:37:23.030000
2026-09-27 01:38:45 [PcorgSync] INFO     Config pcorg : aucune nouvelle valeur
2026-09-27 01:38:45 [PcorgSync] INFO     Total en base : 29795 docs (29795 attribués, 2799 avec GPS)
2026-09-27 01:38:45 [PcorgSync] INFO   ============================================================
2026-09-27 01:38:45 [PcorgSync] INFO Sync terminee avec succes
2026-09-27 01:43:29 [PcorgSync] INFO Lancement sync incremental
2026-09-27 01:43:30 [PcorgSync] INFO   ============================================================
2026-09-27 01:43:30 [PcorgSync] INFO   
2026-09-27 01:43:30 [PcorgSync] INFO   Dernier sync : 2026-09-26 23:37:23.030000
2026-09-27 01:43:30 [PcorgSync] INFO   Connexion SQL Server...
2026-09-27 01:43:30 [PcorgSync] INFO     Driver ODBC : ODBC Driver 18 for SQL Server
2026-09-27 01:43:30 [PcorgSync] INFO     Port résolu via SQL Browser : 65422
2026-09-27 01:43:30 [PcorgSync] INFO     Connecté à 10.34.0.4,65422
2026-09-27 01:43:30 [PcorgSync] INFO   Récupération par lots de 1000...
2026-09-27 01:43:30 [PcorgSync] INFO   
2026-09-27 01:43:30 [PcorgSync] INFO   Aucun nouveau message. Rien à synchroniser.
2026-09-27 01:43:30 [PcorgSync] INFO Sync terminee avec succes
2026-09-27 01:48:14 [PcorgSync] INFO Lancement sync incremental
2026-09-27 01:48:15 [PcorgSync] INFO     Messages SQL récupérés : 1
2026-09-27 01:48:15 [PcorgSync] INFO     Documents upsertés : 1
2026-09-27 01:48:15 [PcorgSync] INFO     Répartition par événement :
2026-09-27 01:48:15 [PcorgSync] INFO       24H CAMIONS 2026: 1
2026-09-27 01:48:15 [PcorgSync] INFO     Répartition par catégorie :
2026-09-27 01:48:15 [PcorgSync] INFO       PCO.Technique: 1
2026-09-27 01:48:15 [PcorgSync] INFO     Curseur DateWrite : 2026-09-26 23:47:01.890000
2026-09-27 01:48:15 [PcorgSync] INFO     Config pcorg : aucune nouvelle valeur
2026-09-27 01:48:15 [PcorgSync] INFO     Total en base : 29796 docs (29796 attribués, 2800 avec GPS)
2026-09-27 01:48:15 [PcorgSync] INFO   ============================================================
2026-09-27 01:48:15 [PcorgSync] INFO Sync terminee avec succes
2026-09-27 01:53:44 [PcorgSync] INFO Lancement sync incremental
2026-09-27 01:53:46 [PcorgSync] INFO     Messages SQL récupérés : 1
2026-09-27 01:53:46 [PcorgSync] INFO     Documents upsertés : 1
2026-09-27 01:53:46 [PcorgSync] INFO     Répartition par événement :
2026-09-27 01:53:46 [PcorgSync] INFO       24H CAMIONS 2026: 1
2026-09-27 01:53:46 [PcorgSync] INFO     Répartition par catégorie :
2026-09-27 01:53:46 [PcorgSync] INFO       PCO.Information: 1
2026-09-27 01:53:46 [PcorgSync] INFO     Curseur DateWrite : 2026-09-26 23:50:09.040000
2026-09-27 01:53:46 [PcorgSync] INFO     Config pcorg : aucune nouvelle valeur
2026-09-27 01:53:46 [PcorgSync] INFO     Total en base : 29797 docs (29797 attribués, 2800 avec GPS)
2026-09-27 01:53:46 [PcorgSync] INFO   ============================================================
2026-09-27 01:53:46 [PcorgSync] INFO Sync terminee avec succes
2026-09-27 01:58:14 [PcorgSync] INFO Lancement sync incremental
2026-09-27 01:58:15 [PcorgSync] INFO     Messages SQL récupérés : 1
2026-09-27 01:58:15 [PcorgSync] INFO     Documents upsertés : 1
2026-09-27 01:58:15 [PcorgSync] INFO     Répartition par événement :
2026-09-27 01:58:15 [PcorgSync] INFO       24H CAMIONS 2026: 1
2026-09-27 01:58:15 [PcorgSync] INFO     Répartition par catégorie :
2026-09-27 01:58:15 [PcorgSync] INFO       PCO.Information: 1
2026-09-27 01:58:15 [PcorgSync] INFO     Curseur DateWrite : 2026-09-26 23:56:45.260000
2026-09-27 01:58:15 [PcorgSync] INFO     Config pcorg : aucune nouvelle valeur
2026-09-27 01:58:15 [PcorgSync] INFO     Total en base : 29798 docs (29798 attribués, 2800 avec GPS)
2026-09-27 01:58:15 [PcorgSync] INFO   ============================================================
2026-09-27 01:58:15 [PcorgSync] INFO Sync terminee avec succes
2026-09-27 02:03:39 [PcorgSync] INFO Lancement sync incremental
2026-09-27 02:03:41 [PcorgSync] INFO     Messages SQL récupérés : 1
2026-09-27 02:03:41 [PcorgSync] INFO     Documents upsertés : 1
2026-09-27 02:03:41 [PcorgSync] INFO     Répartition par événement :
2026-09-27 02:03:41 [PcorgSync] INFO       24H CAMIONS 2026: 1
2026-09-27 02:03:41 [PcorgSync] INFO     Répartition par catégorie :
2026-09-27 02:03:41 [PcorgSync] INFO       PCO.Technique: 1
2026-09-27 02:03:41 [PcorgSync] INFO     Curseur DateWrite : 2026-09-27 00:03:07.007000
2026-09-27 02:03:41 [PcorgSync] INFO     Config pcorg : aucune nouvelle valeur
2026-09-27 02:03:41 [PcorgSync] INFO     Total en base : 29799 docs (29799 attribués, 2801 avec GPS)
2026-09-27 02:03:41 [PcorgSync] INFO   ============================================================
2026-09-27 02:03:41 [PcorgSync] INFO Sync terminee avec succes
2026-09-27 02:08:44 [PcorgSync] INFO Lancement sync incremental
2026-09-27 02:08:45 [PcorgSync] INFO   ============================================================
2026-09-27 02:08:45 [PcorgSync] INFO   
2026-09-27 02:08:45 [PcorgSync] INFO   Dernier sync : 2026-09-27 00:03:07.007000
2026-09-27 02:08:45 [PcorgSync] INFO   Connexion SQL Server...
2026-09-27 02:08:45 [PcorgSync] INFO     Driver ODBC : ODBC Driver 18 for SQL Server
2026-09-27 02:08:45 [PcorgSync] INFO     Port résolu via SQL Browser : 65422
2026-09-27 02:08:45 [PcorgSync] INFO     Connecté à 10.34.0.4,65422
2026-09-27 02:08:45 [PcorgSync] INFO   Récupération par lots de 1000...
2026-09-27 02:08:45 [PcorgSync] INFO   
2026-09-27 02:08:45 [PcorgSync] INFO   Aucun nouveau message. Rien à synchroniser.
2026-09-27 02:08:45 [PcorgSync] INFO Sync terminee avec succes
2026-09-27 02:13:44 [PcorgSync] INFO Lancement sync incremental
2026-09-27 02:13:45 [PcorgSync] INFO   ============================================================
2026-09-27 02:13:45 [PcorgSync] INFO   
2026-09-27 02:13:45 [PcorgSync] INFO   Dernier sync : 2026-09-27 00:03:07.007000
2026-09-27 02:13:45 [PcorgSync] INFO   Connexion SQL Server...
2026-09-27 02:13:45 [PcorgSync] INFO     Driver ODBC : ODBC Driver 18 for SQL Server
2026-09-27 02:13:45 [PcorgSync] INFO     Port résolu via SQL Browser : 65422
2026-09-27 02:13:45 [PcorgSync] INFO     Connecté à 10.34.0.4,65422
2026-09-27 02:13:45 [PcorgSync] INFO   Récupération par lots de 1000...
2026-09-27 02:13:45 [PcorgSync] INFO   
2026-09-27 02:13:45 [PcorgSync] INFO   Aucun nouveau message. Rien à synchroniser.
2026-09-27 02:13:45 [PcorgSync] INFO Sync terminee avec succes
2026-09-27 02:18:39 [PcorgSync] INFO Lancement sync incremental
2026-09-27 02:18:42 [PcorgSync] INFO   ============================================================
2026-09-27 02:18:42 [PcorgSync] INFO   
2026-09-27 02:18:42 [PcorgSync] INFO   Dernier sync : 2026-09-27 00:03:07.007000
2026-09-27 02:18:42 [PcorgSync] INFO   Connexion SQL Server...
2026-09-27 02:18:42 [PcorgSync] INFO     Driver ODBC : ODBC Driver 18 for SQL Server
2026-09-27 02:18:42 [PcorgSync] INFO     Port résolu via SQL Browser : 65422
2026-09-27 02:18:42 [PcorgSync] INFO     Connecté à 10.34.0.4,65422
2026-09-27 02:18:42 [PcorgSync] INFO   Récupération par lots de 1000...
2026-09-27 02:18:42 [PcorgSync] INFO   
2026-09-27 02:18:42 [PcorgSync] INFO   Aucun nouveau message. Rien à synchroniser.
2026-09-27 02:18:42 [PcorgSync] INFO Sync terminee avec succes
2026-09-27 02:23:42 [PcorgSync] INFO Lancement sync incremental
2026-09-27 02:23:44 [PcorgSync] INFO   ============================================================
2026-09-27 02:23:44 [PcorgSync] INFO   
2026-09-27 02:23:44 [PcorgSync] INFO   Dernier sync : 2026-09-27 00:03:07.007000
2026-09-27 02:23:44 [PcorgSync] INFO   Connexion SQL Server...
2026-09-27 02:23:44 [PcorgSync] INFO     Driver ODBC : ODBC Driver 18 for SQL Server
2026-09-27 02:23:44 [PcorgSync] INFO     Port résolu via SQL Browser : 65422
2026-09-27 02:23:44 [PcorgSync] INFO     Connecté à 10.34.0.4,65422
2026-09-27 02:23:44 [PcorgSync] INFO   Récupération par lots de 1000...
2026-09-27 02:23:44 [PcorgSync] INFO   
2026-09-27 02:23:44 [PcorgSync] INFO   Aucun nouveau message. Rien à synchroniser.
2026-09-27 02:23:44 [PcorgSync] INFO Sync terminee avec succes
2026-09-27 02:28:17 [PcorgSync] INFO Lancement sync incremental
2026-09-27 02:28:19 [PcorgSync] INFO   ============================================================
2026-09-27 02:28:19 [PcorgSync] INFO   
2026-09-27 02:28:19 [PcorgSync] INFO   Dernier sync : 2026-09-27 00:03:07.007000
2026-09-27 02:28:19 [PcorgSync] INFO   Connexion SQL Server...
2026-09-27 02:28:19 [PcorgSync] INFO     Driver ODBC : ODBC Driver 18 for SQL Server
2026-09-27 02:28:19 [PcorgSync] INFO     Port résolu via SQL Browser : 65422
2026-09-27 02:28:19 [PcorgSync] INFO     Connecté à 10.34.0.4,65422
2026-09-27 02:28:19 [PcorgSync] INFO   Récupération par lots de 1000...
2026-09-27 02:28:19 [PcorgSync] INFO   
2026-09-27 02:28:19 [PcorgSync] INFO   Aucun nouveau message. Rien à synchroniser.
2026-09-27 02:28:19 [PcorgSync] INFO Sync terminee avec succes
2026-09-27 02:33:39 [PcorgSync] INFO Lancement sync incremental
2026-09-27 02:33:41 [PcorgSync] INFO     Messages SQL récupérés : 1
2026-09-27 02:33:41 [PcorgSync] INFO     Documents upsertés : 1
2026-09-27 02:33:41 [PcorgSync] INFO     Répartition par événement :
2026-09-27 02:33:41 [PcorgSync] INFO       24H CAMIONS 2026: 1
2026-09-27 02:33:41 [PcorgSync] INFO     Répartition par catégorie :
2026-09-27 02:33:41 [PcorgSync] INFO       PCO.Securite: 1
2026-09-27 02:33:41 [PcorgSync] INFO     Curseur DateWrite : 2026-09-27 00:29:24.627000
2026-09-27 02:33:41 [PcorgSync] INFO     Config pcorg : aucune nouvelle valeur
2026-09-27 02:33:41 [PcorgSync] INFO     Total en base : 29800 docs (29800 attribués, 2802 avec GPS)
2026-09-27 02:33:41 [PcorgSync] INFO   ============================================================
2026-09-27 02:33:41 [PcorgSync] INFO Sync terminee avec succes
2026-09-27 02:38:29 [PcorgSync] INFO Lancement sync incremental
2026-09-27 02:38:30 [PcorgSync] INFO   ============================================================
2026-09-27 02:38:30 [PcorgSync] INFO   
2026-09-27 02:38:30 [PcorgSync] INFO   Dernier sync : 2026-09-27 00:29:24.627000
2026-09-27 02:38:30 [PcorgSync] INFO   Connexion SQL Server...
2026-09-27 02:38:30 [PcorgSync] INFO     Driver ODBC : ODBC Driver 18 for SQL Server
2026-09-27 02:38:30 [PcorgSync] INFO     Port résolu via SQL Browser : 65422
2026-09-27 02:38:30 [PcorgSync] INFO     Connecté à 10.34.0.4,65422
2026-09-27 02:38:30 [PcorgSync] INFO   Récupération par lots de 1000...
2026-09-27 02:38:30 [PcorgSync] INFO   
2026-09-27 02:38:30 [PcorgSync] INFO   Aucun nouveau message. Rien à synchroniser.
2026-09-27 02:38:30 [PcorgSync] INFO Sync terminee avec succes
2026-09-27 02:44:12 [PcorgSync] INFO Lancement sync incremental
2026-09-27 02:44:45 [PcorgSync] INFO     Messages SQL récupérés : 1
2026-09-27 02:44:45 [PcorgSync] INFO     Documents upsertés : 1
2026-09-27 02:44:45 [PcorgSync] INFO     Répartition par événement :
2026-09-27 02:44:45 [PcorgSync] INFO       24H CAMIONS 2026: 1
2026-09-27 02:44:45 [PcorgSync] INFO     Répartition par catégorie :
2026-09-27 02:44:45 [PcorgSync] INFO       PCO.Information: 1
2026-09-27 02:44:45 [PcorgSync] INFO     Curseur DateWrite : 2026-09-27 00:42:14.893000
2026-09-27 02:44:45 [PcorgSync] INFO     Config pcorg : aucune nouvelle valeur
2026-09-27 02:44:45 [PcorgSync] INFO     Total en base : 29801 docs (29801 attribués, 2802 avec GPS)
2026-09-27 02:44:45 [PcorgSync] INFO   ============================================================
2026-09-27 02:44:45 [PcorgSync] INFO Sync terminee avec succes
2026-09-27 02:48:14 [PcorgSync] INFO Lancement sync incremental
2026-09-27 02:48:16 [PcorgSync] INFO     Messages SQL récupérés : 1
2026-09-27 02:48:16 [PcorgSync] INFO     Documents upsertés : 1
2026-09-27 02:48:16 [PcorgSync] INFO     Répartition par événement :
2026-09-27 02:48:16 [PcorgSync] INFO       24H CAMIONS 2026: 1
2026-09-27 02:48:16 [PcorgSync] INFO     Répartition par catégorie :
2026-09-27 02:48:16 [PcorgSync] INFO       PCO.Information: 1
2026-09-27 02:48:16 [PcorgSync] INFO     Curseur DateWrite : 2026-09-27 00:42:14.893000
2026-09-27 02:48:16 [PcorgSync] INFO     Config pcorg : aucune nouvelle valeur
2026-09-27 02:48:16 [PcorgSync] INFO     Total en base : 29801 docs (29801 attribués, 2802 avec GPS)
2026-09-27 02:48:16 [PcorgSync] INFO   ============================================================
2026-09-27 02:48:16 [PcorgSync] INFO Sync terminee avec succes
2026-09-27 02:53:39 [PcorgSync] INFO Lancement sync incremental
2026-09-27 02:53:40 [PcorgSync] INFO     Messages SQL récupérés : 1
2026-09-27 02:53:40 [PcorgSync] INFO     Documents upsertés : 1
2026-09-27 02:53:40 [PcorgSync] INFO     Répartition par événement :
2026-09-27 02:53:40 [PcorgSync] INFO       24H CAMIONS 2026: 1
2026-09-27 02:53:40 [PcorgSync] INFO     Répartition par catégorie :
2026-09-27 02:53:40 [PcorgSync] INFO       PCO.Information: 1
2026-09-27 02:53:40 [PcorgSync] INFO     Curseur DateWrite : 2026-09-27 00:42:14.893000
2026-09-27 02:53:40 [PcorgSync] INFO     Config pcorg : aucune nouvelle valeur
2026-09-27 02:53:40 [PcorgSync] INFO     Total en base : 29801 docs (29801 attribués, 2802 avec GPS)
2026-09-27 02:53:40 [PcorgSync] INFO   ============================================================
2026-09-27 02:53:40 [PcorgSync] INFO Sync terminee avec succes
2026-09-27 02:58:14 [PcorgSync] INFO Lancement sync incremental
2026-09-27 02:58:15 [PcorgSync] INFO     Messages SQL récupérés : 1
2026-09-27 02:58:15 [PcorgSync] INFO     Documents upsertés : 1
2026-09-27 02:58:15 [PcorgSync] INFO     Répartition par événement :
2026-09-27 02:58:15 [PcorgSync] INFO       24H CAMIONS 2026: 1
2026-09-27 02:58:15 [PcorgSync] INFO     Répartition par catégorie :
2026-09-27 02:58:15 [PcorgSync] INFO       PCO.Information: 1
2026-09-27 02:58:15 [PcorgSync] INFO     Curseur DateWrite : 2026-09-27 00:42:14.893000
2026-09-27 02:58:15 [PcorgSync] INFO     Config pcorg : aucune nouvelle valeur
2026-09-27 02:58:15 [PcorgSync] INFO     Total en base : 29801 docs (29801 attribués, 2802 avec GPS)
2026-09-27 02:58:15 [PcorgSync] INFO   ============================================================
2026-09-27 02:58:15 [PcorgSync] INFO Sync terminee avec succes
2026-09-27 03:03:14 [PcorgSync] INFO Lancement sync incremental
2026-09-27 03:03:16 [PcorgSync] INFO     Messages SQL récupérés : 1
2026-09-27 03:03:16 [PcorgSync] INFO     Documents upsertés : 1
2026-09-27 03:03:16 [PcorgSync] INFO     Répartition par événement :
2026-09-27 03:03:16 [PcorgSync] INFO       24H CAMIONS 2026: 1
2026-09-27 03:03:16 [PcorgSync] INFO     Répartition par catégorie :
2026-09-27 03:03:16 [PcorgSync] INFO       PCO.Information: 1
2026-09-27 03:03:16 [PcorgSync] INFO     Curseur DateWrite : 2026-09-27 00:42:14.893000
2026-09-27 03:03:16 [PcorgSync] INFO     Config pcorg : aucune nouvelle valeur
2026-09-27 03:03:16 [PcorgSync] INFO     Total en base : 29801 docs (29801 attribués, 2802 avec GPS)
2026-09-27 03:03:16 [PcorgSync] INFO   ============================================================
2026-09-27 03:03:16 [PcorgSync] INFO Sync terminee avec succes
2026-09-27 03:08:44 [PcorgSync] INFO Lancement sync incremental
2026-09-27 03:08:45 [PcorgSync] INFO     Messages SQL récupérés : 1
2026-09-27 03:08:45 [PcorgSync] INFO     Documents upsertés : 1
2026-09-27 03:08:45 [PcorgSync] INFO     Répartition par événement :
2026-09-27 03:08:45 [PcorgSync] INFO       24H CAMIONS 2026: 1
2026-09-27 03:08:45 [PcorgSync] INFO     Répartition par catégorie :
2026-09-27 03:08:45 [PcorgSync] INFO       PCO.Information: 1
2026-09-27 03:08:45 [PcorgSync] INFO     Curseur DateWrite : 2026-09-27 00:42:14.893000
2026-09-27 03:08:45 [PcorgSync] INFO     Config pcorg : aucune nouvelle valeur
2026-09-27 03:08:45 [PcorgSync] INFO     Total en base : 29801 docs (29801 attribués, 2802 avec GPS)
2026-09-27 03:08:45 [PcorgSync] INFO   ============================================================
2026-09-27 03:08:45 [PcorgSync] INFO Sync terminee avec succes
2026-09-27 03:13:44 [PcorgSync] INFO Lancement sync incremental
2026-09-27 03:13:45 [PcorgSync] INFO     Documents upsertés : 2
2026-09-27 03:13:45 [PcorgSync] INFO     Répartition par événement :
2026-09-27 03:13:45 [PcorgSync] INFO       24H CAMIONS 2026: 2
2026-09-27 03:13:45 [PcorgSync] INFO     Répartition par catégorie :
2026-09-27 03:13:45 [PcorgSync] INFO       PCO.Information: 1
2026-09-27 03:13:45 [PcorgSync] INFO       PCO.Securite: 1
2026-09-27 03:13:45 [PcorgSync] INFO     Curseur DateWrite : 2026-09-27 01:12:53.547000
2026-09-27 03:13:45 [PcorgSync] INFO     Config pcorg : aucune nouvelle valeur
2026-09-27 03:13:45 [PcorgSync] INFO     Total en base : 29802 docs (29802 attribués, 2803 avec GPS)
2026-09-27 03:13:45 [PcorgSync] INFO   ============================================================
2026-09-27 03:13:45 [PcorgSync] INFO Sync terminee avec succes
2026-09-27 03:18:14 [PcorgSync] INFO Lancement sync incremental
2026-09-27 03:18:15 [PcorgSync] INFO   ============================================================
2026-09-27 03:18:15 [PcorgSync] INFO   
2026-09-27 03:18:15 [PcorgSync] INFO   Dernier sync : 2026-09-27 01:12:53.547000
2026-09-27 03:18:15 [PcorgSync] INFO   Connexion SQL Server...
2026-09-27 03:18:15 [PcorgSync] INFO     Driver ODBC : ODBC Driver 18 for SQL Server
2026-09-27 03:18:15 [PcorgSync] INFO     Port résolu via SQL Browser : 65422
2026-09-27 03:18:15 [PcorgSync] INFO     Connecté à 10.34.0.4,65422
2026-09-27 03:18:15 [PcorgSync] INFO   Récupération par lots de 1000...
2026-09-27 03:18:15 [PcorgSync] INFO   
2026-09-27 03:18:15 [PcorgSync] INFO   Aucun nouveau message. Rien à synchroniser.
2026-09-27 03:18:15 [PcorgSync] INFO Sync terminee avec succes
2026-09-27 03:23:14 [PcorgSync] INFO Lancement sync incremental
2026-09-27 03:23:15 [PcorgSync] INFO   ============================================================
2026-09-27 03:23:15 [PcorgSync] INFO   
2026-09-27 03:23:15 [PcorgSync] INFO   Dernier sync : 2026-09-27 01:12:53.547000
2026-09-27 03:23:15 [PcorgSync] INFO   Connexion SQL Server...
2026-09-27 03:23:15 [PcorgSync] INFO     Driver ODBC : ODBC Driver 18 for SQL Server
2026-09-27 03:23:15 [PcorgSync] INFO     Port résolu via SQL Browser : 65422
2026-09-27 03:23:15 [PcorgSync] INFO     Connecté à 10.34.0.4,65422
2026-09-27 03:23:15 [PcorgSync] INFO   Récupération par lots de 1000...
2026-09-27 03:23:15 [PcorgSync] INFO   
2026-09-27 03:23:15 [PcorgSync] INFO   Aucun nouveau message. Rien à synchroniser.
2026-09-27 03:23:15 [PcorgSync] INFO Sync terminee avec succes
2026-09-27 03:28:24 [PcorgSync] INFO Lancement sync incremental
2026-09-27 03:28:25 [PcorgSync] INFO   ============================================================
2026-09-27 03:28:25 [PcorgSync] INFO   
2026-09-27 03:28:25 [PcorgSync] INFO   Dernier sync : 2026-09-27 01:12:53.547000
2026-09-27 03:28:25 [PcorgSync] INFO   Connexion SQL Server...
2026-09-27 03:28:25 [PcorgSync] INFO     Driver ODBC : ODBC Driver 18 for SQL Server
2026-09-27 03:28:25 [PcorgSync] INFO     Port résolu via SQL Browser : 65422
2026-09-27 03:28:25 [PcorgSync] INFO     Connecté à 10.34.0.4,65422
2026-09-27 03:28:25 [PcorgSync] INFO   Récupération par lots de 1000...
2026-09-27 03:28:25 [PcorgSync] INFO   
2026-09-27 03:28:25 [PcorgSync] INFO   Aucun nouveau message. Rien à synchroniser.
2026-09-27 03:28:25 [PcorgSync] INFO Sync terminee avec succes
2026-09-27 03:33:14 [PcorgSync] INFO Lancement sync incremental
2026-09-27 03:33:15 [PcorgSync] INFO   ============================================================
2026-09-27 03:33:15 [PcorgSync] INFO   
2026-09-27 03:33:15 [PcorgSync] INFO   Dernier sync : 2026-09-27 01:12:53.547000
2026-09-27 03:33:15 [PcorgSync] INFO   Connexion SQL Server...
2026-09-27 03:33:15 [PcorgSync] INFO     Driver ODBC : ODBC Driver 18 for SQL Server
2026-09-27 03:33:15 [PcorgSync] INFO     Port résolu via SQL Browser : 65422
2026-09-27 03:33:15 [PcorgSync] INFO     Connecté à 10.34.0.4,65422
2026-09-27 03:33:15 [PcorgSync] INFO   Récupération par lots de 1000...
2026-09-27 03:33:15 [PcorgSync] INFO   
2026-09-27 03:33:15 [PcorgSync] INFO   Aucun nouveau message. Rien à synchroniser.
2026-09-27 03:33:15 [PcorgSync] INFO Sync terminee avec succes
2026-09-27 03:38:44 [PcorgSync] INFO Lancement sync incremental
2026-09-27 03:38:45 [PcorgSync] INFO   ============================================================
2026-09-27 03:38:45 [PcorgSync] INFO   
2026-09-27 03:38:45 [PcorgSync] INFO   Dernier sync : 2026-09-27 01:12:53.547000
2026-09-27 03:38:45 [PcorgSync] INFO   Connexion SQL Server...
2026-09-27 03:38:45 [PcorgSync] INFO     Driver ODBC : ODBC Driver 18 for SQL Server
2026-09-27 03:38:45 [PcorgSync] INFO     Port résolu via SQL Browser : 65422
2026-09-27 03:38:45 [PcorgSync] INFO     Connecté à 10.34.0.4,65422
2026-09-27 03:38:45 [PcorgSync] INFO   Récupération par lots de 1000...
2026-09-27 03:38:45 [PcorgSync] INFO   
2026-09-27 03:38:45 [PcorgSync] INFO   Aucun nouveau message. Rien à synchroniser.
2026-09-27 03:38:45 [PcorgSync] INFO Sync terminee avec succes
2026-09-27 03:43:39 [PcorgSync] INFO Lancement sync incremental
2026-09-27 03:43:40 [PcorgSync] INFO   ============================================================
2026-09-27 03:43:40 [PcorgSync] INFO   
2026-09-27 03:43:40 [PcorgSync] INFO   Dernier sync : 2026-09-27 01:12:53.547000
2026-09-27 03:43:40 [PcorgSync] INFO   Connexion SQL Server...
2026-09-27 03:43:40 [PcorgSync] INFO     Driver ODBC : ODBC Driver 18 for SQL Server
2026-09-27 03:43:40 [PcorgSync] INFO     Port résolu via SQL Browser : 65422
2026-09-27 03:43:40 [PcorgSync] INFO     Connecté à 10.34.0.4,65422
2026-09-27 03:43:40 [PcorgSync] INFO   Récupération par lots de 1000...
2026-09-27 03:43:40 [PcorgSync] INFO   
2026-09-27 03:43:40 [PcorgSync] INFO   Aucun nouveau message. Rien à synchroniser.
2026-09-27 03:43:40 [PcorgSync] INFO Sync terminee avec succes
2026-09-27 03:48:39 [PcorgSync] INFO Lancement sync incremental
2026-09-27 03:48:41 [PcorgSync] INFO   ============================================================
2026-09-27 03:48:41 [PcorgSync] INFO   
2026-09-27 03:48:41 [PcorgSync] INFO   Dernier sync : 2026-09-27 01:12:53.547000
2026-09-27 03:48:41 [PcorgSync] INFO   Connexion SQL Server...
2026-09-27 03:48:41 [PcorgSync] INFO     Driver ODBC : ODBC Driver 18 for SQL Server
2026-09-27 03:48:41 [PcorgSync] INFO     Port résolu via SQL Browser : 65422
2026-09-27 03:48:41 [PcorgSync] INFO     Connecté à 10.34.0.4,65422
2026-09-27 03:48:41 [PcorgSync] INFO   Récupération par lots de 1000...
2026-09-27 03:48:41 [PcorgSync] INFO   
2026-09-27 03:48:41 [PcorgSync] INFO   Aucun nouveau message. Rien à synchroniser.
2026-09-27 03:48:41 [PcorgSync] INFO Sync terminee avec succes
2026-09-27 03:53:24 [PcorgSync] INFO Lancement sync incremental
2026-09-27 03:53:25 [PcorgSync] INFO   ============================================================
2026-09-27 03:53:25 [PcorgSync] INFO   
2026-09-27 03:53:25 [PcorgSync] INFO   Dernier sync : 2026-09-27 01:12:53.547000
2026-09-27 03:53:25 [PcorgSync] INFO   Connexion SQL Server...
2026-09-27 03:53:25 [PcorgSync] INFO     Driver ODBC : ODBC Driver 18 for SQL Server
2026-09-27 03:53:25 [PcorgSync] INFO     Port résolu via SQL Browser : 65422
2026-09-27 03:53:25 [PcorgSync] INFO     Connecté à 10.34.0.4,65422
2026-09-27 03:53:25 [PcorgSync] INFO   Récupération par lots de 1000...
2026-09-27 03:53:25 [PcorgSync] INFO   
2026-09-27 03:53:25 [PcorgSync] INFO   Aucun nouveau message. Rien à synchroniser.
2026-09-27 03:53:25 [PcorgSync] INFO Sync terminee avec succes
2026-09-27 03:58:14 [PcorgSync] INFO Lancement sync incremental
2026-09-27 03:58:15 [PcorgSync] INFO   ============================================================
2026-09-27 03:58:15 [PcorgSync] INFO   
2026-09-27 03:58:15 [PcorgSync] INFO   Dernier sync : 2026-09-27 01:12:53.547000
2026-09-27 03:58:15 [PcorgSync] INFO   Connexion SQL Server...
2026-09-27 03:58:15 [PcorgSync] INFO     Driver ODBC : ODBC Driver 18 for SQL Server
2026-09-27 03:58:15 [PcorgSync] INFO     Port résolu via SQL Browser : 65422
2026-09-27 03:58:15 [PcorgSync] INFO     Connecté à 10.34.0.4,65422
2026-09-27 03:58:15 [PcorgSync] INFO   Récupération par lots de 1000...
2026-09-27 03:58:15 [PcorgSync] INFO   
2026-09-27 03:58:15 [PcorgSync] INFO   Aucun nouveau message. Rien à synchroniser.
2026-09-27 03:58:15 [PcorgSync] INFO Sync terminee avec succes
2026-09-27 04:03:14 [PcorgSync] INFO Lancement sync incremental
2026-09-27 04:03:16 [PcorgSync] INFO   ============================================================
2026-09-27 04:03:16 [PcorgSync] INFO   
2026-09-27 04:03:16 [PcorgSync] INFO   Dernier sync : 2026-09-27 01:12:53.547000
2026-09-27 04:03:16 [PcorgSync] INFO   Connexion SQL Server...
2026-09-27 04:03:16 [PcorgSync] INFO     Driver ODBC : ODBC Driver 18 for SQL Server
2026-09-27 04:03:16 [PcorgSync] INFO     Port résolu via SQL Browser : 65422
2026-09-27 04:03:16 [PcorgSync] INFO     Connecté à 10.34.0.4,65422
2026-09-27 04:03:16 [PcorgSync] INFO   Récupération par lots de 1000...
2026-09-27 04:03:16 [PcorgSync] INFO   
2026-09-27 04:03:16 [PcorgSync] INFO   Aucun nouveau message. Rien à synchroniser.
2026-09-27 04:03:16 [PcorgSync] INFO Sync terminee avec succes
2026-09-27 04:08:24 [PcorgSync] INFO Lancement sync incremental
2026-09-27 04:08:25 [PcorgSync] INFO   ============================================================
2026-09-27 04:08:25 [PcorgSync] INFO   
2026-09-27 04:08:25 [PcorgSync] INFO   Dernier sync : 2026-09-27 01:12:53.547000
2026-09-27 04:08:25 [PcorgSync] INFO   Connexion SQL Server...
2026-09-27 04:08:25 [PcorgSync] INFO     Driver ODBC : ODBC Driver 18 for SQL Server
2026-09-27 04:08:25 [PcorgSync] INFO     Port résolu via SQL Browser : 65422
2026-09-27 04:08:25 [PcorgSync] INFO     Connecté à 10.34.0.4,65422
2026-09-27 04:08:25 [PcorgSync] INFO   Récupération par lots de 1000...
2026-09-27 04:08:25 [PcorgSync] INFO   
2026-09-27 04:08:25 [PcorgSync] INFO   Aucun nouveau message. Rien à synchroniser.
2026-09-27 04:08:25 [PcorgSync] INFO Sync terminee avec succes
2026-09-27 04:13:39 [PcorgSync] INFO Lancement sync incremental
2026-09-27 04:13:40 [PcorgSync] INFO   ============================================================
2026-09-27 04:13:40 [PcorgSync] INFO   
2026-09-27 04:13:40 [PcorgSync] INFO   Dernier sync : 2026-09-27 01:12:53.547000
2026-09-27 04:13:40 [PcorgSync] INFO   Connexion SQL Server...
2026-09-27 04:13:40 [PcorgSync] INFO     Driver ODBC : ODBC Driver 18 for SQL Server
2026-09-27 04:13:40 [PcorgSync] INFO     Port résolu via SQL Browser : 65422
2026-09-27 04:13:40 [PcorgSync] INFO     Connecté à 10.34.0.4,65422
2026-09-27 04:13:40 [PcorgSync] INFO   Récupération par lots de 1000...
2026-09-27 04:13:40 [PcorgSync] INFO   
2026-09-27 04:13:40 [PcorgSync] INFO   Aucun nouveau message. Rien à synchroniser.
2026-09-27 04:13:40 [PcorgSync] INFO Sync terminee avec succes
2026-09-27 04:18:14 [PcorgSync] INFO Lancement sync incremental
2026-09-27 04:18:15 [PcorgSync] INFO   ============================================================
2026-09-27 04:18:15 [PcorgSync] INFO   
2026-09-27 04:18:15 [PcorgSync] INFO   Dernier sync : 2026-09-27 01:12:53.547000
2026-09-27 04:18:15 [PcorgSync] INFO   Connexion SQL Server...
2026-09-27 04:18:15 [PcorgSync] INFO     Driver ODBC : ODBC Driver 18 for SQL Server
2026-09-27 04:18:15 [PcorgSync] INFO     Port résolu via SQL Browser : 65422
2026-09-27 04:18:15 [PcorgSync] INFO     Connecté à 10.34.0.4,65422
2026-09-27 04:18:15 [PcorgSync] INFO   Récupération par lots de 1000...
2026-09-27 04:18:15 [PcorgSync] INFO   
2026-09-27 04:18:15 [PcorgSync] INFO   Aucun nouveau message. Rien à synchroniser.
2026-09-27 04:18:15 [PcorgSync] INFO Sync terminee avec succes
2026-09-27 04:23:44 [PcorgSync] INFO Lancement sync incremental
2026-09-27 04:23:45 [PcorgSync] INFO   ============================================================
2026-09-27 04:23:45 [PcorgSync] INFO   
2026-09-27 04:23:45 [PcorgSync] INFO   Dernier sync : 2026-09-27 01:12:53.547000
2026-09-27 04:23:45 [PcorgSync] INFO   Connexion SQL Server...
2026-09-27 04:23:45 [PcorgSync] INFO     Driver ODBC : ODBC Driver 18 for SQL Server
2026-09-27 04:23:45 [PcorgSync] INFO     Port résolu via SQL Browser : 65422
2026-09-27 04:23:45 [PcorgSync] INFO     Connecté à 10.34.0.4,65422
2026-09-27 04:23:45 [PcorgSync] INFO   Récupération par lots de 1000...
2026-09-27 04:23:45 [PcorgSync] INFO   
2026-09-27 04:23:45 [PcorgSync] INFO   Aucun nouveau message. Rien à synchroniser.
2026-09-27 04:23:45 [PcorgSync] INFO Sync terminee avec succes
2026-09-27 04:28:39 [PcorgSync] INFO Lancement sync incremental
2026-09-27 04:28:41 [PcorgSync] INFO   ============================================================
2026-09-27 04:28:41 [PcorgSync] INFO   
2026-09-27 04:28:41 [PcorgSync] INFO   Dernier sync : 2026-09-27 01:12:53.547000
2026-09-27 04:28:41 [PcorgSync] INFO   Connexion SQL Server...
2026-09-27 04:28:41 [PcorgSync] INFO     Driver ODBC : ODBC Driver 18 for SQL Server
2026-09-27 04:28:41 [PcorgSync] INFO     Port résolu via SQL Browser : 65422
2026-09-27 04:28:41 [PcorgSync] INFO     Connecté à 10.34.0.4,65422
2026-09-27 04:28:41 [PcorgSync] INFO   Récupération par lots de 1000...
2026-09-27 04:28:41 [PcorgSync] INFO   
2026-09-27 04:28:41 [PcorgSync] INFO   Aucun nouveau message. Rien à synchroniser.
2026-09-27 04:28:41 [PcorgSync] INFO Sync terminee avec succes
2026-09-27 04:33:14 [PcorgSync] INFO Lancement sync incremental
2026-09-27 04:33:15 [PcorgSync] INFO   ============================================================
2026-09-27 04:33:15 [PcorgSync] INFO   
2026-09-27 04:33:15 [PcorgSync] INFO   Dernier sync : 2026-09-27 01:12:53.547000
2026-09-27 04:33:15 [PcorgSync] INFO   Connexion SQL Server...
2026-09-27 04:33:15 [PcorgSync] INFO     Driver ODBC : ODBC Driver 18 for SQL Server
2026-09-27 04:33:15 [PcorgSync] INFO     Port résolu via SQL Browser : 65422
2026-09-27 04:33:15 [PcorgSync] INFO     Connecté à 10.34.0.4,65422
2026-09-27 04:33:15 [PcorgSync] INFO   Récupération par lots de 1000...
2026-09-27 04:33:15 [PcorgSync] INFO   
2026-09-27 04:33:15 [PcorgSync] INFO   Aucun nouveau message. Rien à synchroniser.
2026-09-27 04:33:15 [PcorgSync] INFO Sync terminee avec succes
2026-09-27 04:38:44 [PcorgSync] INFO Lancement sync incremental
2026-09-27 04:38:45 [PcorgSync] INFO   ============================================================
2026-09-27 04:38:45 [PcorgSync] INFO   
2026-09-27 04:38:45 [PcorgSync] INFO   Dernier sync : 2026-09-27 01:12:53.547000
2026-09-27 04:38:45 [PcorgSync] INFO   Connexion SQL Server...
2026-09-27 04:38:45 [PcorgSync] INFO     Driver ODBC : ODBC Driver 18 for SQL Server
2026-09-27 04:38:45 [PcorgSync] INFO     Port résolu via SQL Browser : 65422
2026-09-27 04:38:45 [PcorgSync] INFO     Connecté à 10.34.0.4,65422
2026-09-27 04:38:45 [PcorgSync] INFO   Récupération par lots de 1000...
2026-09-27 04:38:45 [PcorgSync] INFO   
2026-09-27 04:38:45 [PcorgSync] INFO   Aucun nouveau message. Rien à synchroniser.
2026-09-27 04:38:45 [PcorgSync] INFO Sync terminee avec succes
2026-09-27 04:43:39 [PcorgSync] INFO Lancement sync incremental
2026-09-27 04:43:40 [PcorgSync] INFO   ============================================================
2026-09-27 04:43:40 [PcorgSync] INFO   
2026-09-27 04:43:40 [PcorgSync] INFO   Dernier sync : 2026-09-27 01:12:53.547000
2026-09-27 04:43:40 [PcorgSync] INFO   Connexion SQL Server...
2026-09-27 04:43:40 [PcorgSync] INFO     Driver ODBC : ODBC Driver 18 for SQL Server
2026-09-27 04:43:40 [PcorgSync] INFO     Port résolu via SQL Browser : 65422
2026-09-27 04:43:40 [PcorgSync] INFO     Connecté à 10.34.0.4,65422
2026-09-27 04:43:40 [PcorgSync] INFO   Récupération par lots de 1000...
2026-09-27 04:43:40 [PcorgSync] INFO   
2026-09-27 04:43:40 [PcorgSync] INFO   Aucun nouveau message. Rien à synchroniser.
2026-09-27 04:43:40 [PcorgSync] INFO Sync terminee avec succes
2026-09-27 04:48:14 [PcorgSync] INFO Lancement sync incremental
2026-09-27 04:48:15 [PcorgSync] INFO   ============================================================
2026-09-27 04:48:15 [PcorgSync] INFO   
2026-09-27 04:48:15 [PcorgSync] INFO   Dernier sync : 2026-09-27 01:12:53.547000
2026-09-27 04:48:15 [PcorgSync] INFO   Connexion SQL Server...
2026-09-27 04:48:15 [PcorgSync] INFO     Driver ODBC : ODBC Driver 18 for SQL Server
2026-09-27 04:48:15 [PcorgSync] INFO     Port résolu via SQL Browser : 65422
2026-09-27 04:48:15 [PcorgSync] INFO     Connecté à 10.34.0.4,65422
2026-09-27 04:48:15 [PcorgSync] INFO   Récupération par lots de 1000...
2026-09-27 04:48:15 [PcorgSync] INFO   
2026-09-27 04:48:15 [PcorgSync] INFO   Aucun nouveau message. Rien à synchroniser.
2026-09-27 04:48:15 [PcorgSync] INFO Sync terminee avec succes
2026-09-27 04:53:39 [PcorgSync] INFO Lancement sync incremental
2026-09-27 04:53:40 [PcorgSync] INFO   ============================================================
2026-09-27 04:53:40 [PcorgSync] INFO   
2026-09-27 04:53:40 [PcorgSync] INFO   Dernier sync : 2026-09-27 01:12:53.547000
2026-09-27 04:53:40 [PcorgSync] INFO   Connexion SQL Server...
2026-09-27 04:53:40 [PcorgSync] INFO     Driver ODBC : ODBC Driver 18 for SQL Server
2026-09-27 04:53:40 [PcorgSync] INFO     Port résolu via SQL Browser : 65422
2026-09-27 04:53:40 [PcorgSync] INFO     Connecté à 10.34.0.4,65422
2026-09-27 04:53:40 [PcorgSync] INFO   Récupération par lots de 1000...
2026-09-27 04:53:40 [PcorgSync] INFO   
2026-09-27 04:53:40 [PcorgSync] INFO   Aucun nouveau message. Rien à synchroniser.
2026-09-27 04:53:40 [PcorgSync] INFO Sync terminee avec succes
2026-09-27 04:58:14 [PcorgSync] INFO Lancement sync incremental
2026-09-27 04:58:15 [PcorgSync] INFO   ============================================================
2026-09-27 04:58:15 [PcorgSync] INFO   
2026-09-27 04:58:15 [PcorgSync] INFO   Dernier sync : 2026-09-27 01:12:53.547000
2026-09-27 04:58:15 [PcorgSync] INFO   Connexion SQL Server...
2026-09-27 04:58:15 [PcorgSync] INFO     Driver ODBC : ODBC Driver 18 for SQL Server
2026-09-27 04:58:15 [PcorgSync] INFO     Port résolu via SQL Browser : 65422
2026-09-27 04:58:15 [PcorgSync] INFO     Connecté à 10.34.0.4,65422
2026-09-27 04:58:15 [PcorgSync] INFO   Récupération par lots de 1000...
2026-09-27 04:58:15 [PcorgSync] INFO   
2026-09-27 04:58:15 [PcorgSync] INFO   Aucun nouveau message. Rien à synchroniser.
2026-09-27 04:58:15 [PcorgSync] INFO Sync terminee avec succes
2026-09-27 05:03:14 [PcorgSync] INFO Lancement sync incremental
2026-09-27 05:03:16 [PcorgSync] INFO   ============================================================
2026-09-27 05:03:16 [PcorgSync] INFO   
2026-09-27 05:03:16 [PcorgSync] INFO   Dernier sync : 2026-09-27 01:12:53.547000
2026-09-27 05:03:16 [PcorgSync] INFO   Connexion SQL Server...
2026-09-27 05:03:16 [PcorgSync] INFO     Driver ODBC : ODBC Driver 18 for SQL Server
2026-09-27 05:03:16 [PcorgSync] INFO     Port résolu via SQL Browser : 65422
2026-09-27 05:03:16 [PcorgSync] INFO     Connecté à 10.34.0.4,65422
2026-09-27 05:03:16 [PcorgSync] INFO   Récupération par lots de 1000...
2026-09-27 05:03:16 [PcorgSync] INFO   
2026-09-27 05:03:16 [PcorgSync] INFO   Aucun nouveau message. Rien à synchroniser.
2026-09-27 05:03:16 [PcorgSync] INFO Sync terminee avec succes
2026-09-27 05:08:44 [PcorgSync] INFO Lancement sync incremental
2026-09-27 05:08:45 [PcorgSync] INFO   ============================================================
2026-09-27 05:08:45 [PcorgSync] INFO   
2026-09-27 05:08:45 [PcorgSync] INFO   Dernier sync : 2026-09-27 01:12:53.547000
2026-09-27 05:08:45 [PcorgSync] INFO   Connexion SQL Server...
2026-09-27 05:08:45 [PcorgSync] INFO     Driver ODBC : ODBC Driver 18 for SQL Server
2026-09-27 05:08:45 [PcorgSync] INFO     Port résolu via SQL Browser : 65422
2026-09-27 05:08:45 [PcorgSync] INFO     Connecté à 10.34.0.4,65422
2026-09-27 05:08:45 [PcorgSync] INFO   Récupération par lots de 1000...
2026-09-27 05:08:45 [PcorgSync] INFO   
2026-09-27 05:08:45 [PcorgSync] INFO   Aucun nouveau message. Rien à synchroniser.
2026-09-27 05:08:45 [PcorgSync] INFO Sync terminee avec succes
2026-09-27 05:13:39 [PcorgSync] INFO Lancement sync incremental
2026-09-27 05:13:40 [PcorgSync] INFO     Messages SQL récupérés : 1
2026-09-27 05:13:40 [PcorgSync] INFO     Documents upsertés : 1
2026-09-27 05:13:40 [PcorgSync] INFO     Répartition par événement :
2026-09-27 05:13:40 [PcorgSync] INFO       24H CAMIONS 2026: 1
2026-09-27 05:13:40 [PcorgSync] INFO     Répartition par catégorie :
2026-09-27 05:13:40 [PcorgSync] INFO       PCO.Information: 1
2026-09-27 05:13:40 [PcorgSync] INFO     Curseur DateWrite : 2026-09-27 03:11:40.613000
2026-09-27 05:13:40 [PcorgSync] INFO     Config pcorg : aucune nouvelle valeur
2026-09-27 05:13:40 [PcorgSync] INFO     Total en base : 29802 docs (29802 attribués, 2803 avec GPS)
2026-09-27 05:13:40 [PcorgSync] INFO   ============================================================
2026-09-27 05:13:40 [PcorgSync] INFO Sync terminee avec succes
2026-09-27 05:18:24 [PcorgSync] INFO Lancement sync incremental
2026-09-27 05:18:25 [PcorgSync] INFO     Documents upsertés : 2
2026-09-27 05:18:25 [PcorgSync] INFO     Répartition par événement :
2026-09-27 05:18:25 [PcorgSync] INFO       24H CAMIONS 2026: 2
2026-09-27 05:18:25 [PcorgSync] INFO     Répartition par catégorie :
2026-09-27 05:18:25 [PcorgSync] INFO       PCO.Information: 1
2026-09-27 05:18:25 [PcorgSync] INFO       PCO.Securite: 1
2026-09-27 05:18:25 [PcorgSync] INFO     Curseur DateWrite : 2026-09-27 03:14:19.133000
2026-09-27 05:18:25 [PcorgSync] INFO     Config pcorg : aucune nouvelle valeur
2026-09-27 05:18:25 [PcorgSync] INFO     Total en base : 29802 docs (29802 attribués, 2803 avec GPS)
2026-09-27 05:18:25 [PcorgSync] INFO   ============================================================
2026-09-27 05:18:25 [PcorgSync] INFO Sync terminee avec succes
2026-09-27 05:23:29 [PcorgSync] INFO Lancement sync incremental
2026-09-27 05:23:30 [PcorgSync] INFO     Messages SQL récupérés : 1
2026-09-27 05:23:30 [PcorgSync] INFO     Documents upsertés : 1
2026-09-27 05:23:30 [PcorgSync] INFO     Répartition par événement :
2026-09-27 05:23:30 [PcorgSync] INFO       24H CAMIONS 2026: 1
2026-09-27 05:23:30 [PcorgSync] INFO     Répartition par catégorie :
2026-09-27 05:23:30 [PcorgSync] INFO       PCO.Securite: 1
2026-09-27 05:23:30 [PcorgSync] INFO     Curseur DateWrite : 2026-09-27 03:14:19.133000
2026-09-27 05:23:30 [PcorgSync] INFO     Config pcorg : aucune nouvelle valeur
2026-09-27 05:23:30 [PcorgSync] INFO     Total en base : 29802 docs (29802 attribués, 2803 avec GPS)
2026-09-27 05:23:30 [PcorgSync] INFO   ============================================================
2026-09-27 05:23:30 [PcorgSync] INFO Sync terminee avec succes
2026-09-27 05:28:14 [PcorgSync] INFO Lancement sync incremental
2026-09-27 05:28:15 [PcorgSync] INFO     Messages SQL récupérés : 1
2026-09-27 05:28:16 [PcorgSync] INFO     Documents upsertés : 1
2026-09-27 05:28:16 [PcorgSync] INFO     Répartition par événement :
2026-09-27 05:28:16 [PcorgSync] INFO       24H CAMIONS 2026: 1
2026-09-27 05:28:16 [PcorgSync] INFO     Répartition par catégorie :
2026-09-27 05:28:16 [PcorgSync] INFO       PCO.Securite: 1
2026-09-27 05:28:16 [PcorgSync] INFO     Curseur DateWrite : 2026-09-27 03:14:19.133000
2026-09-27 05:28:16 [PcorgSync] INFO     Config pcorg : aucune nouvelle valeur
2026-09-27 05:28:16 [PcorgSync] INFO     Total en base : 29802 docs (29802 attribués, 2803 avec GPS)
2026-09-27 05:28:16 [PcorgSync] INFO   ============================================================
2026-09-27 05:28:16 [PcorgSync] INFO Sync terminee avec succes
2026-09-27 05:33:29 [PcorgSync] INFO Lancement sync incremental
2026-09-27 05:33:32 [PcorgSync] INFO     Messages SQL récupérés : 1
2026-09-27 05:33:32 [PcorgSync] INFO     Documents upsertés : 1
2026-09-27 05:33:32 [PcorgSync] INFO     Répartition par événement :
2026-09-27 05:33:32 [PcorgSync] INFO       24H CAMIONS 2026: 1
2026-09-27 05:33:32 [PcorgSync] INFO     Répartition par catégorie :
2026-09-27 05:33:32 [PcorgSync] INFO       PCO.Securite: 1
2026-09-27 05:33:32 [PcorgSync] INFO     Curseur DateWrite : 2026-09-27 03:14:19.133000
2026-09-27 05:33:32 [PcorgSync] INFO     Config pcorg : aucune nouvelle valeur
2026-09-27 05:33:32 [PcorgSync] INFO     Total en base : 29802 docs (29802 attribués, 2803 avec GPS)
2026-09-27 05:33:32 [PcorgSync] INFO   ============================================================
2026-09-27 05:33:33 [PcorgSync] INFO Sync terminee avec succes
2026-09-27 05:38:29 [PcorgSync] INFO Lancement sync incremental
2026-09-27 05:38:30 [PcorgSync] INFO     Documents upsertés : 3
2026-09-27 05:38:30 [PcorgSync] INFO     Répartition par événement :
2026-09-27 05:38:30 [PcorgSync] INFO       24H CAMIONS 2026: 3
2026-09-27 05:38:30 [PcorgSync] INFO     Répartition par catégorie :
2026-09-27 05:38:30 [PcorgSync] INFO       PCO.Securite: 2
2026-09-27 05:38:30 [PcorgSync] INFO       PCO.Technique: 1
2026-09-27 05:38:30 [PcorgSync] INFO     Curseur DateWrite : 2026-09-27 03:38:10.260000
2026-09-27 05:38:30 [PcorgSync] INFO     Config pcorg : aucune nouvelle valeur
2026-09-27 05:38:30 [PcorgSync] INFO     Total en base : 29803 docs (29803 attribués, 2804 avec GPS)
2026-09-27 05:38:30 [PcorgSync] INFO   ============================================================
2026-09-27 05:38:30 [PcorgSync] INFO Sync terminee avec succes
2026-09-27 05:43:39 [PcorgSync] INFO Lancement sync incremental
2026-09-27 05:43:40 [PcorgSync] INFO     Documents upsertés : 7
2026-09-27 05:43:40 [PcorgSync] INFO     Répartition par événement :
2026-09-27 05:43:40 [PcorgSync] INFO       24H CAMIONS 2026: 7
2026-09-27 05:43:40 [PcorgSync] INFO     Répartition par catégorie :
2026-09-27 05:43:40 [PcorgSync] INFO       PCO.Fourriere: 6
2026-09-27 05:43:40 [PcorgSync] INFO       PCO.Technique: 1
2026-09-27 05:43:40 [PcorgSync] INFO     Curseur DateWrite : 2026-09-27 03:42:29.400000
2026-09-27 05:43:40 [PcorgSync] INFO     Config pcorg : aucune nouvelle valeur
2026-09-27 05:43:40 [PcorgSync] INFO     Total en base : 29803 docs (29803 attribués, 2804 avec GPS)
2026-09-27 05:43:40 [PcorgSync] INFO   ============================================================
2026-09-27 05:43:40 [PcorgSync] INFO Sync terminee avec succes
2026-09-27 05:48:14 [PcorgSync] INFO Lancement sync incremental
2026-09-27 05:48:15 [PcorgSync] INFO   ============================================================
2026-09-27 05:48:15 [PcorgSync] INFO   
2026-09-27 05:48:15 [PcorgSync] INFO   Dernier sync : 2026-09-27 03:42:29.400000
2026-09-27 05:48:15 [PcorgSync] INFO   Connexion SQL Server...
2026-09-27 05:48:15 [PcorgSync] INFO     Driver ODBC : ODBC Driver 18 for SQL Server
2026-09-27 05:48:15 [PcorgSync] INFO     Port résolu via SQL Browser : 65422
2026-09-27 05:48:15 [PcorgSync] INFO     Connecté à 10.34.0.4,65422
2026-09-27 05:48:15 [PcorgSync] INFO   Récupération par lots de 1000...
2026-09-27 05:48:15 [PcorgSync] INFO   
2026-09-27 05:48:15 [PcorgSync] INFO   Aucun nouveau message. Rien à synchroniser.
2026-09-27 05:48:15 [PcorgSync] INFO Sync terminee avec succes
2026-09-27 05:53:44 [PcorgSync] INFO Lancement sync incremental
2026-09-27 05:53:45 [PcorgSync] INFO     Messages SQL récupérés : 2
2026-09-27 05:53:45 [PcorgSync] INFO     Documents upsertés : 2
2026-09-27 05:53:45 [PcorgSync] INFO     Répartition par événement :
2026-09-27 05:53:45 [PcorgSync] INFO       24H CAMIONS 2026: 2
2026-09-27 05:53:45 [PcorgSync] INFO     Répartition par catégorie :
2026-09-27 05:53:45 [PcorgSync] INFO       PCO.Secours: 2
2026-09-27 05:53:45 [PcorgSync] INFO     Curseur DateWrite : 2026-09-27 03:53:29.613000
2026-09-27 05:53:45 [PcorgSync] INFO     Config pcorg : aucune nouvelle valeur
2026-09-27 05:53:45 [PcorgSync] INFO     Total en base : 29803 docs (29803 attribués, 2804 avec GPS)
2026-09-27 05:53:45 [PcorgSync] INFO   ============================================================
2026-09-27 05:53:45 [PcorgSync] INFO Sync terminee avec succes
2026-09-27 05:58:14 [PcorgSync] INFO Lancement sync incremental
2026-09-27 05:58:15 [PcorgSync] INFO     Documents upsertés : 2
2026-09-27 05:58:15 [PcorgSync] INFO     Répartition par événement :
2026-09-27 05:58:15 [PcorgSync] INFO       24H CAMIONS 2026: 2
2026-09-27 05:58:15 [PcorgSync] INFO     Répartition par catégorie :
2026-09-27 05:58:15 [PcorgSync] INFO       PCO.Secours: 1
2026-09-27 05:58:15 [PcorgSync] INFO       PCO.Securite: 1
2026-09-27 05:58:15 [PcorgSync] INFO     Curseur DateWrite : 2026-09-27 03:54:21.677000
2026-09-27 05:58:15 [PcorgSync] INFO     Config pcorg : aucune nouvelle valeur
2026-09-27 05:58:15 [PcorgSync] INFO     Total en base : 29803 docs (29803 attribués, 2804 avec GPS)
2026-09-27 05:58:15 [PcorgSync] INFO   ============================================================
2026-09-27 05:58:15 [PcorgSync] INFO Sync terminee avec succes
2026-09-27 06:03:14 [PcorgSync] INFO Lancement sync incremental
2026-09-27 06:03:16 [PcorgSync] INFO     Messages SQL récupérés : 1
2026-09-27 06:03:16 [PcorgSync] INFO     Documents upsertés : 1
2026-09-27 06:03:16 [PcorgSync] INFO     Répartition par événement :
2026-09-27 06:03:16 [PcorgSync] INFO       24H CAMIONS 2026: 1
2026-09-27 06:03:16 [PcorgSync] INFO     Répartition par catégorie :
2026-09-27 06:03:16 [PcorgSync] INFO       PCO.MainCourante: 1
2026-09-27 06:03:16 [PcorgSync] INFO     Curseur DateWrite : 2026-09-27 04:03:05.297000
2026-09-27 06:03:16 [PcorgSync] INFO     Config pcorg : aucune nouvelle valeur
2026-09-27 06:03:16 [PcorgSync] INFO     Total en base : 29804 docs (29804 attribués, 2804 avec GPS)
2026-09-27 06:03:16 [PcorgSync] INFO   ============================================================
2026-09-27 06:03:16 [PcorgSync] INFO Sync terminee avec succes
2026-09-27 06:08:29 [PcorgSync] INFO Lancement sync incremental
2026-09-27 06:08:30 [PcorgSync] INFO     Messages SQL récupérés : 1
2026-09-27 06:08:30 [PcorgSync] INFO     Documents upsertés : 1
2026-09-27 06:08:30 [PcorgSync] INFO     Répartition par événement :
2026-09-27 06:08:30 [PcorgSync] INFO       24H CAMIONS 2026: 1
2026-09-27 06:08:30 [PcorgSync] INFO     Répartition par catégorie :
2026-09-27 06:08:30 [PcorgSync] INFO       PCO.MainCourante: 1
2026-09-27 06:08:30 [PcorgSync] INFO     Curseur DateWrite : 2026-09-27 04:05:10.123000
2026-09-27 06:08:30 [PcorgSync] INFO     Config pcorg : aucune nouvelle valeur
2026-09-27 06:08:30 [PcorgSync] INFO     Total en base : 29805 docs (29805 attribués, 2804 avec GPS)
2026-09-27 06:08:30 [PcorgSync] INFO   ============================================================
2026-09-27 06:08:30 [PcorgSync] INFO Sync terminee avec succes
2026-09-27 06:13:44 [PcorgSync] INFO Lancement sync incremental
2026-09-27 06:13:45 [PcorgSync] INFO     Messages SQL récupérés : 1
2026-09-27 06:13:45 [PcorgSync] INFO     Documents upsertés : 1
2026-09-27 06:13:45 [PcorgSync] INFO     Répartition par événement :
2026-09-27 06:13:45 [PcorgSync] INFO       24H CAMIONS 2026: 1
2026-09-27 06:13:45 [PcorgSync] INFO     Répartition par catégorie :
2026-09-27 06:13:45 [PcorgSync] INFO       PCO.MainCourante: 1
2026-09-27 06:13:45 [PcorgSync] INFO     Curseur DateWrite : 2026-09-27 04:05:10.123000
2026-09-27 06:13:45 [PcorgSync] INFO     Config pcorg : aucune nouvelle valeur
2026-09-27 06:13:45 [PcorgSync] INFO     Total en base : 29805 docs (29805 attribués, 2804 avec GPS)
2026-09-27 06:13:45 [PcorgSync] INFO   ============================================================
2026-09-27 06:13:45 [PcorgSync] INFO Sync terminee avec succes
2026-09-27 06:18:14 [PcorgSync] INFO Lancement sync incremental
2026-09-27 06:18:15 [PcorgSync] INFO     Messages SQL récupérés : 1
2026-09-27 06:18:15 [PcorgSync] INFO     Documents upsertés : 1
2026-09-27 06:18:15 [PcorgSync] INFO     Répartition par événement :
2026-09-27 06:18:15 [PcorgSync] INFO       24H CAMIONS 2026: 1
2026-09-27 06:18:15 [PcorgSync] INFO     Répartition par catégorie :
2026-09-27 06:18:15 [PcorgSync] INFO       PCO.MainCourante: 1
2026-09-27 06:18:15 [PcorgSync] INFO     Curseur DateWrite : 2026-09-27 04:05:10.123000
2026-09-27 06:18:15 [PcorgSync] INFO     Config pcorg : aucune nouvelle valeur
2026-09-27 06:18:15 [PcorgSync] INFO     Total en base : 29805 docs (29805 attribués, 2804 avec GPS)
2026-09-27 06:18:15 [PcorgSync] INFO   ============================================================
2026-09-27 06:18:15 [PcorgSync] INFO Sync terminee avec succes
2026-09-27 06:23:44 [PcorgSync] INFO Lancement sync incremental
2026-09-27 06:23:46 [PcorgSync] INFO     Documents upsertés : 2
2026-09-27 06:23:46 [PcorgSync] INFO     Répartition par événement :
2026-09-27 06:23:46 [PcorgSync] INFO       24H CAMIONS 2026: 2
2026-09-27 06:23:46 [PcorgSync] INFO     Répartition par catégorie :
2026-09-27 06:23:46 [PcorgSync] INFO       PCO.MainCourante: 1
2026-09-27 06:23:46 [PcorgSync] INFO       PCO.Technique: 1
2026-09-27 06:23:46 [PcorgSync] INFO     Curseur DateWrite : 2026-09-27 04:23:09.360000
2026-09-27 06:23:46 [PcorgSync] INFO     Config pcorg : aucune nouvelle valeur
2026-09-27 06:23:46 [PcorgSync] INFO     Total en base : 29805 docs (29805 attribués, 2804 avec GPS)
2026-09-27 06:23:46 [PcorgSync] INFO   ============================================================
2026-09-27 06:23:46 [PcorgSync] INFO Sync terminee avec succes
2026-09-27 06:28:29 [PcorgSync] INFO Lancement sync incremental
2026-09-27 06:28:30 [PcorgSync] INFO   ============================================================
2026-09-27 06:28:30 [PcorgSync] INFO   
2026-09-27 06:28:30 [PcorgSync] INFO   Dernier sync : 2026-09-27 04:23:09.360000
2026-09-27 06:28:30 [PcorgSync] INFO   Connexion SQL Server...
2026-09-27 06:28:30 [PcorgSync] INFO     Driver ODBC : ODBC Driver 18 for SQL Server
2026-09-27 06:28:30 [PcorgSync] INFO     Port résolu via SQL Browser : 65422
2026-09-27 06:28:30 [PcorgSync] INFO     Connecté à 10.34.0.4,65422
2026-09-27 06:28:30 [PcorgSync] INFO   Récupération par lots de 1000...
2026-09-27 06:28:30 [PcorgSync] INFO   
2026-09-27 06:28:30 [PcorgSync] INFO   Aucun nouveau message. Rien à synchroniser.
2026-09-27 06:28:30 [PcorgSync] INFO Sync terminee avec succes
2026-09-27 06:33:39 [PcorgSync] INFO Lancement sync incremental
2026-09-27 06:33:40 [PcorgSync] INFO   ============================================================
2026-09-27 06:33:40 [PcorgSync] INFO   
2026-09-27 06:33:40 [PcorgSync] INFO   Dernier sync : 2026-09-27 04:23:09.360000
2026-09-27 06:33:40 [PcorgSync] INFO   Connexion SQL Server...
2026-09-27 06:33:40 [PcorgSync] INFO     Driver ODBC : ODBC Driver 18 for SQL Server
2026-09-27 06:33:40 [PcorgSync] INFO     Port résolu via SQL Browser : 65422
2026-09-27 06:33:40 [PcorgSync] INFO     Connecté à 10.34.0.4,65422
2026-09-27 06:33:40 [PcorgSync] INFO   Récupération par lots de 1000...
2026-09-27 06:33:40 [PcorgSync] INFO   
2026-09-27 06:33:40 [PcorgSync] INFO   Aucun nouveau message. Rien à synchroniser.
2026-09-27 06:33:40 [PcorgSync] INFO Sync terminee avec succes
2026-09-27 06:38:44 [PcorgSync] INFO Lancement sync incremental
2026-09-27 06:38:45 [PcorgSync] INFO   ============================================================
2026-09-27 06:38:45 [PcorgSync] INFO   
2026-09-27 06:38:45 [PcorgSync] INFO   Dernier sync : 2026-09-27 04:23:09.360000
2026-09-27 06:38:45 [PcorgSync] INFO   Connexion SQL Server...
2026-09-27 06:38:45 [PcorgSync] INFO     Driver ODBC : ODBC Driver 18 for SQL Server
2026-09-27 06:38:45 [PcorgSync] INFO     Port résolu via SQL Browser : 65422
2026-09-27 06:38:45 [PcorgSync] INFO     Connecté à 10.34.0.4,65422
2026-09-27 06:38:45 [PcorgSync] INFO   Récupération par lots de 1000...
2026-09-27 06:38:45 [PcorgSync] INFO   
2026-09-27 06:38:45 [PcorgSync] INFO   Aucun nouveau message. Rien à synchroniser.
2026-09-27 06:38:45 [PcorgSync] INFO Sync terminee avec succes
2026-09-27 06:43:29 [PcorgSync] INFO Lancement sync incremental
2026-09-27 06:43:30 [PcorgSync] INFO   ============================================================
2026-09-27 06:43:30 [PcorgSync] INFO   
2026-09-27 06:43:30 [PcorgSync] INFO   Dernier sync : 2026-09-27 04:23:09.360000
2026-09-27 06:43:30 [PcorgSync] INFO   Connexion SQL Server...
2026-09-27 06:43:30 [PcorgSync] INFO     Driver ODBC : ODBC Driver 18 for SQL Server
2026-09-27 06:43:30 [PcorgSync] INFO     Port résolu via SQL Browser : 65422
2026-09-27 06:43:30 [PcorgSync] INFO     Connecté à 10.34.0.4,65422
2026-09-27 06:43:30 [PcorgSync] INFO   Récupération par lots de 1000...
2026-09-27 06:43:30 [PcorgSync] INFO   
2026-09-27 06:43:30 [PcorgSync] INFO   Aucun nouveau message. Rien à synchroniser.
2026-09-27 06:43:30 [PcorgSync] INFO Sync terminee avec succes
2026-09-27 06:48:14 [PcorgSync] INFO Lancement sync incremental
2026-09-27 06:48:15 [PcorgSync] INFO   ============================================================
2026-09-27 06:48:15 [PcorgSync] INFO   
2026-09-27 06:48:15 [PcorgSync] INFO   Dernier sync : 2026-09-27 04:23:09.360000
2026-09-27 06:48:15 [PcorgSync] INFO   Connexion SQL Server...
2026-09-27 06:48:15 [PcorgSync] INFO     Driver ODBC : ODBC Driver 18 for SQL Server
2026-09-27 06:48:15 [PcorgSync] INFO     Port résolu via SQL Browser : 65422
2026-09-27 06:48:15 [PcorgSync] INFO     Connecté à 10.34.0.4,65422
2026-09-27 06:48:15 [PcorgSync] INFO   Récupération par lots de 1000...
2026-09-27 06:48:15 [PcorgSync] INFO   
2026-09-27 06:48:15 [PcorgSync] INFO   Aucun nouveau message. Rien à synchroniser.
2026-09-27 06:48:15 [PcorgSync] INFO Sync terminee avec succes
2026-09-27 06:53:29 [PcorgSync] INFO Lancement sync incremental
2026-09-27 06:53:30 [PcorgSync] INFO     Messages SQL récupérés : 2
2026-09-27 06:53:30 [PcorgSync] INFO     Documents upsertés : 2
2026-09-27 06:53:30 [PcorgSync] INFO     Répartition par événement :
2026-09-27 06:53:30 [PcorgSync] INFO       24H CAMIONS 2026: 2
2026-09-27 06:53:30 [PcorgSync] INFO     Répartition par catégorie :
2026-09-27 06:53:30 [PcorgSync] INFO       PCO.Fourriere: 2
2026-09-27 06:53:30 [PcorgSync] INFO     Curseur DateWrite : 2026-09-27 04:51:42.270000
2026-09-27 06:53:30 [PcorgSync] INFO     Config pcorg : aucune nouvelle valeur
2026-09-27 06:53:30 [PcorgSync] INFO     Total en base : 29805 docs (29805 attribués, 2804 avec GPS)
2026-09-27 06:53:30 [PcorgSync] INFO   ============================================================
2026-09-27 06:53:30 [PcorgSync] INFO Sync terminee avec succes
2026-09-27 06:58:14 [PcorgSync] INFO Lancement sync incremental
2026-09-27 06:58:15 [PcorgSync] INFO     Messages SQL récupérés : 1
2026-09-27 06:58:15 [PcorgSync] INFO     Documents upsertés : 1
2026-09-27 06:58:15 [PcorgSync] INFO     Répartition par événement :
2026-09-27 06:58:15 [PcorgSync] INFO       24H CAMIONS 2026: 1
2026-09-27 06:58:15 [PcorgSync] INFO     Répartition par catégorie :
2026-09-27 06:58:15 [PcorgSync] INFO       PCO.Technique: 1
2026-09-27 06:58:15 [PcorgSync] INFO     Curseur DateWrite : 2026-09-27 04:54:30.717000
2026-09-27 06:58:15 [PcorgSync] INFO     Config pcorg : aucune nouvelle valeur
2026-09-27 06:58:15 [PcorgSync] INFO     Total en base : 29805 docs (29805 attribués, 2804 avec GPS)
2026-09-27 06:58:15 [PcorgSync] INFO   ============================================================
2026-09-27 06:58:15 [PcorgSync] INFO Sync terminee avec succes
2026-09-27 07:03:14 [PcorgSync] INFO Lancement sync incremental
2026-09-27 07:03:15 [PcorgSync] INFO   ============================================================
2026-09-27 07:03:15 [PcorgSync] INFO   
2026-09-27 07:03:15 [PcorgSync] INFO   Dernier sync : 2026-09-27 04:54:30.717000
2026-09-27 07:03:15 [PcorgSync] INFO   Connexion SQL Server...
2026-09-27 07:03:15 [PcorgSync] INFO     Driver ODBC : ODBC Driver 18 for SQL Server
2026-09-27 07:03:15 [PcorgSync] INFO     Port résolu via SQL Browser : 65422
2026-09-27 07:03:15 [PcorgSync] INFO     Connecté à 10.34.0.4,65422
2026-09-27 07:03:15 [PcorgSync] INFO   Récupération par lots de 1000...
2026-09-27 07:03:15 [PcorgSync] INFO   
2026-09-27 07:03:15 [PcorgSync] INFO   Aucun nouveau message. Rien à synchroniser.
2026-09-27 07:03:15 [PcorgSync] INFO Sync terminee avec succes
2026-09-27 07:08:24 [PcorgSync] INFO Lancement sync incremental
2026-09-27 07:08:25 [PcorgSync] INFO     Documents upsertés : 3
2026-09-27 07:08:25 [PcorgSync] INFO     Répartition par événement :
2026-09-27 07:08:25 [PcorgSync] INFO       24H CAMIONS 2026: 3
2026-09-27 07:08:25 [PcorgSync] INFO     Répartition par catégorie :
2026-09-27 07:08:25 [PcorgSync] INFO       PCO.Information: 2
2026-09-27 07:08:25 [PcorgSync] INFO       PCO.MainCourante: 1
2026-09-27 07:08:25 [PcorgSync] INFO     Curseur DateWrite : 2026-09-27 05:07:48.083000
2026-09-27 07:08:25 [PcorgSync] INFO     Config pcorg : aucune nouvelle valeur
2026-09-27 07:08:25 [PcorgSync] INFO     Total en base : 29806 docs (29806 attribués, 2804 avec GPS)
2026-09-27 07:08:25 [PcorgSync] INFO   ============================================================
2026-09-27 07:08:25 [PcorgSync] INFO Sync terminee avec succes
2026-09-27 07:13:39 [PcorgSync] INFO Lancement sync incremental
2026-09-27 07:13:40 [PcorgSync] INFO     Messages SQL récupérés : 2
2026-09-27 07:13:40 [PcorgSync] INFO     Documents upsertés : 2
2026-09-27 07:13:40 [PcorgSync] INFO     Répartition par événement :
2026-09-27 07:13:40 [PcorgSync] INFO       24H CAMIONS 2026: 2
2026-09-27 07:13:40 [PcorgSync] INFO     Répartition par catégorie :
2026-09-27 07:13:40 [PcorgSync] INFO       PCO.Information: 2
2026-09-27 07:13:40 [PcorgSync] INFO     Curseur DateWrite : 2026-09-27 05:11:38.200000
2026-09-27 07:13:40 [PcorgSync] INFO     Config pcorg : aucune nouvelle valeur
2026-09-27 07:13:40 [PcorgSync] INFO     Total en base : 29807 docs (29807 attribués, 2804 avec GPS)
2026-09-27 07:13:40 [PcorgSync] INFO   ============================================================
2026-09-27 07:13:40 [PcorgSync] INFO Sync terminee avec succes
2026-09-27 07:18:14 [PcorgSync] INFO Lancement sync incremental
2026-09-27 07:18:15 [PcorgSync] INFO   ============================================================
2026-09-27 07:18:15 [PcorgSync] INFO   
2026-09-27 07:18:15 [PcorgSync] INFO   Dernier sync : 2026-09-27 05:11:38.200000
2026-09-27 07:18:15 [PcorgSync] INFO   Connexion SQL Server...
2026-09-27 07:18:15 [PcorgSync] INFO     Driver ODBC : ODBC Driver 18 for SQL Server
2026-09-27 07:18:15 [PcorgSync] INFO     Port résolu via SQL Browser : 65422
2026-09-27 07:18:15 [PcorgSync] INFO     Connecté à 10.34.0.4,65422
2026-09-27 07:18:15 [PcorgSync] INFO   Récupération par lots de 1000...
2026-09-27 07:18:15 [PcorgSync] INFO   
2026-09-27 07:18:15 [PcorgSync] INFO   Aucun nouveau message. Rien à synchroniser.
2026-09-27 07:18:15 [PcorgSync] INFO Sync terminee avec succes
2026-09-27 07:23:44 [PcorgSync] INFO Lancement sync incremental
2026-09-27 07:23:45 [PcorgSync] INFO   ============================================================
2026-09-27 07:23:45 [PcorgSync] INFO   
2026-09-27 07:23:45 [PcorgSync] INFO   Dernier sync : 2026-09-27 05:11:38.200000
2026-09-27 07:23:45 [PcorgSync] INFO   Connexion SQL Server...
2026-09-27 07:23:45 [PcorgSync] INFO     Driver ODBC : ODBC Driver 18 for SQL Server
2026-09-27 07:23:45 [PcorgSync] INFO     Port résolu via SQL Browser : 65422
2026-09-27 07:23:45 [PcorgSync] INFO     Connecté à 10.34.0.4,65422
2026-09-27 07:23:45 [PcorgSync] INFO   Récupération par lots de 1000...
2026-09-27 07:23:45 [PcorgSync] INFO   
2026-09-27 07:23:45 [PcorgSync] INFO   Aucun nouveau message. Rien à synchroniser.
2026-09-27 07:23:45 [PcorgSync] INFO Sync terminee avec succes
2026-09-27 07:28:14 [PcorgSync] INFO Lancement sync incremental
2026-09-27 07:28:15 [PcorgSync] INFO   ============================================================
2026-09-27 07:28:15 [PcorgSync] INFO   
2026-09-27 07:28:15 [PcorgSync] INFO   Dernier sync : 2026-09-27 05:11:38.200000
2026-09-27 07:28:15 [PcorgSync] INFO   Connexion SQL Server...
2026-09-27 07:28:15 [PcorgSync] INFO     Driver ODBC : ODBC Driver 18 for SQL Server
2026-09-27 07:28:15 [PcorgSync] INFO     Port résolu via SQL Browser : 65422
2026-09-27 07:28:15 [PcorgSync] INFO     Connecté à 10.34.0.4,65422
2026-09-27 07:28:15 [PcorgSync] INFO   Récupération par lots de 1000...
2026-09-27 07:28:15 [PcorgSync] INFO   
2026-09-27 07:28:15 [PcorgSync] INFO   Aucun nouveau message. Rien à synchroniser.
2026-09-27 07:28:15 [PcorgSync] INFO Sync terminee avec succes
2026-09-27 07:33:14 [PcorgSync] INFO Lancement sync incremental
2026-09-27 07:33:15 [PcorgSync] INFO   ============================================================
2026-09-27 07:33:15 [PcorgSync] INFO   
2026-09-27 07:33:15 [PcorgSync] INFO   Dernier sync : 2026-09-27 05:11:38.200000
2026-09-27 07:33:15 [PcorgSync] INFO   Connexion SQL Server...
2026-09-27 07:33:15 [PcorgSync] INFO     Driver ODBC : ODBC Driver 18 for SQL Server
2026-09-27 07:33:15 [PcorgSync] INFO     Port résolu via SQL Browser : 65422
2026-09-27 07:33:15 [PcorgSync] INFO     Connecté à 10.34.0.4,65422
2026-09-27 07:33:15 [PcorgSync] INFO   Récupération par lots de 1000...
2026-09-27 07:33:15 [PcorgSync] INFO   
2026-09-27 07:33:15 [PcorgSync] INFO   Aucun nouveau message. Rien à synchroniser.
2026-09-27 07:33:15 [PcorgSync] ERROR Erreur: [WinError 32] Le processus ne peut pas accéder au fichier car ce fichier est utilisé par un autre processus: 'E:\\TITAN\\shared\\cron\\cron_status.json.tmp' -> 'E:\\TITAN\\shared\\cron\\cron_status.json'
2026-09-27 07:38:44 [PcorgSync] INFO Lancement sync incremental
2026-09-27 07:38:45 [PcorgSync] INFO   ============================================================
2026-09-27 07:38:45 [PcorgSync] INFO   
2026-09-27 07:38:45 [PcorgSync] INFO   Dernier sync : 2026-09-27 05:11:38.200000
2026-09-27 07:38:45 [PcorgSync] INFO   Connexion SQL Server...
2026-09-27 07:38:45 [PcorgSync] INFO     Driver ODBC : ODBC Driver 18 for SQL Server
2026-09-27 07:38:45 [PcorgSync] INFO     Port résolu via SQL Browser : 65422
2026-09-27 07:38:45 [PcorgSync] INFO     Connecté à 10.34.0.4,65422
2026-09-27 07:38:45 [PcorgSync] INFO   Récupération par lots de 1000...
2026-09-27 07:38:45 [PcorgSync] INFO   
2026-09-27 07:38:45 [PcorgSync] INFO   Aucun nouveau message. Rien à synchroniser.
2026-09-27 07:38:45 [PcorgSync] INFO Sync terminee avec succes
2026-09-27 07:43:39 [PcorgSync] INFO Lancement sync incremental
2026-09-27 07:43:40 [PcorgSync] INFO   ============================================================
2026-09-27 07:43:40 [PcorgSync] INFO   
2026-09-27 07:43:40 [PcorgSync] INFO   Dernier sync : 2026-09-27 05:11:38.200000
2026-09-27 07:43:40 [PcorgSync] INFO   Connexion SQL Server...
2026-09-27 07:43:40 [PcorgSync] INFO     Driver ODBC : ODBC Driver 18 for SQL Server
2026-09-27 07:43:40 [PcorgSync] INFO     Port résolu via SQL Browser : 65422
2026-09-27 07:43:40 [PcorgSync] INFO     Connecté à 10.34.0.4,65422
2026-09-27 07:43:40 [PcorgSync] INFO   Récupération par lots de 1000...
2026-09-27 07:43:40 [PcorgSync] INFO   
2026-09-27 07:43:40 [PcorgSync] INFO   Aucun nouveau message. Rien à synchroniser.
2026-09-27 07:43:40 [PcorgSync] INFO Sync terminee avec succes
2026-09-27 07:48:29 [PcorgSync] INFO Lancement sync incremental
2026-09-27 07:48:30 [PcorgSync] INFO   ============================================================
2026-09-27 07:48:30 [PcorgSync] INFO   
2026-09-27 07:48:30 [PcorgSync] INFO   Dernier sync : 2026-09-27 05:11:38.200000
2026-09-27 07:48:30 [PcorgSync] INFO   Connexion SQL Server...
2026-09-27 07:48:30 [PcorgSync] INFO     Driver ODBC : ODBC Driver 18 for SQL Server
2026-09-27 07:48:30 [PcorgSync] INFO     Port résolu via SQL Browser : 65422
2026-09-27 07:48:30 [PcorgSync] INFO     Connecté à 10.34.0.4,65422
2026-09-27 07:48:30 [PcorgSync] INFO   Récupération par lots de 1000...
2026-09-27 07:48:30 [PcorgSync] INFO   
2026-09-27 07:48:30 [PcorgSync] INFO   Aucun nouveau message. Rien à synchroniser.
2026-09-27 07:48:30 [PcorgSync] INFO Sync terminee avec succes
2026-09-27 07:53:44 [PcorgSync] INFO Lancement sync incremental
2026-09-27 07:53:45 [PcorgSync] INFO   ============================================================
2026-09-27 07:53:45 [PcorgSync] INFO   
2026-09-27 07:53:45 [PcorgSync] INFO   Dernier sync : 2026-09-27 05:11:38.200000
2026-09-27 07:53:45 [PcorgSync] INFO   Connexion SQL Server...
2026-09-27 07:53:45 [PcorgSync] INFO     Driver ODBC : ODBC Driver 18 for SQL Server
2026-09-27 07:53:45 [PcorgSync] INFO     Port résolu via SQL Browser : 65422
2026-09-27 07:53:45 [PcorgSync] INFO     Connecté à 10.34.0.4,65422
2026-09-27 07:53:45 [PcorgSync] INFO   Récupération par lots de 1000...
2026-09-27 07:53:45 [PcorgSync] INFO   
2026-09-27 07:53:45 [PcorgSync] INFO   Aucun nouveau message. Rien à synchroniser.
2026-09-27 07:53:45 [PcorgSync] INFO Sync terminee avec succes
2026-09-27 07:58:14 [PcorgSync] INFO Lancement sync incremental
2026-09-27 07:58:15 [PcorgSync] INFO     Messages SQL récupérés : 1
2026-09-27 07:58:15 [PcorgSync] INFO     Documents upsertés : 1
2026-09-27 07:58:15 [PcorgSync] INFO     Répartition par événement :
2026-09-27 07:58:15 [PcorgSync] INFO       24H CAMIONS 2026: 1
2026-09-27 07:58:15 [PcorgSync] INFO     Répartition par catégorie :
2026-09-27 07:58:15 [PcorgSync] INFO       PCO.Secours: 1
2026-09-27 07:58:15 [PcorgSync] INFO     Curseur DateWrite : 2026-09-27 05:58:08.100000
2026-09-27 07:58:15 [PcorgSync] INFO     Config pcorg : aucune nouvelle valeur
2026-09-27 07:58:15 [PcorgSync] INFO     Total en base : 29808 docs (29808 attribués, 2805 avec GPS)
2026-09-27 07:58:15 [PcorgSync] INFO   ============================================================
2026-09-27 07:58:15 [PcorgSync] INFO Sync terminee avec succes
2026-09-27 08:03:14 [PcorgSync] INFO Lancement sync incremental
2026-09-27 08:03:15 [PcorgSync] INFO   ============================================================
2026-09-27 08:03:15 [PcorgSync] INFO   
2026-09-27 08:03:15 [PcorgSync] INFO   Dernier sync : 2026-09-27 05:58:08.100000
2026-09-27 08:03:15 [PcorgSync] INFO   Connexion SQL Server...
2026-09-27 08:03:15 [PcorgSync] INFO     Driver ODBC : ODBC Driver 18 for SQL Server
2026-09-27 08:03:15 [PcorgSync] INFO     Port résolu via SQL Browser : 65422
2026-09-27 08:03:15 [PcorgSync] INFO     Connecté à 10.34.0.4,65422
2026-09-27 08:03:15 [PcorgSync] INFO   Récupération par lots de 1000...
2026-09-27 08:03:15 [PcorgSync] INFO   
2026-09-27 08:03:15 [PcorgSync] INFO   Aucun nouveau message. Rien à synchroniser.
2026-09-27 08:03:15 [PcorgSync] INFO Sync terminee avec succes
2026-09-27 08:08:44 [PcorgSync] INFO Lancement sync incremental
2026-09-27 08:08:45 [PcorgSync] INFO     Messages SQL récupérés : 1
2026-09-27 08:08:45 [PcorgSync] INFO     Documents upsertés : 1
2026-09-27 08:08:45 [PcorgSync] INFO     Répartition par événement :
2026-09-27 08:08:45 [PcorgSync] INFO       24H CAMIONS 2026: 1
2026-09-27 08:08:45 [PcorgSync] INFO     Répartition par catégorie :
2026-09-27 08:08:45 [PcorgSync] INFO       PCO.Secours: 1
2026-09-27 08:08:45 [PcorgSync] INFO     Curseur DateWrite : 2026-09-27 06:08:29.220000
2026-09-27 08:08:45 [PcorgSync] INFO     Config pcorg : aucune nouvelle valeur
2026-09-27 08:08:45 [PcorgSync] INFO     Total en base : 29808 docs (29808 attribués, 2805 avec GPS)
2026-09-27 08:08:45 [PcorgSync] INFO   ============================================================
2026-09-27 08:08:45 [PcorgSync] INFO Sync terminee avec succes
2026-09-27 08:13:39 [PcorgSync] INFO Lancement sync incremental
2026-09-27 08:13:40 [PcorgSync] INFO   ============================================================
2026-09-27 08:13:40 [PcorgSync] INFO   
2026-09-27 08:13:40 [PcorgSync] INFO   Dernier sync : 2026-09-27 06:08:29.220000
2026-09-27 08:13:40 [PcorgSync] INFO   Connexion SQL Server...
2026-09-27 08:13:40 [PcorgSync] INFO     Driver ODBC : ODBC Driver 18 for SQL Server
2026-09-27 08:13:40 [PcorgSync] INFO     Port résolu via SQL Browser : 65422
2026-09-27 08:13:40 [PcorgSync] INFO     Connecté à 10.34.0.4,65422
2026-09-27 08:13:40 [PcorgSync] INFO   Récupération par lots de 1000...
2026-09-27 08:13:40 [PcorgSync] INFO   
2026-09-27 08:13:40 [PcorgSync] INFO   Aucun nouveau message. Rien à synchroniser.
2026-09-27 08:13:40 [PcorgSync] INFO Sync terminee avec succes
2026-09-27 08:18:14 [PcorgSync] INFO Lancement sync incremental
2026-09-27 08:18:15 [PcorgSync] INFO     Messages SQL récupérés : 1
2026-09-27 08:18:15 [PcorgSync] INFO     Documents upsertés : 1
2026-09-27 08:18:15 [PcorgSync] INFO     Répartition par événement :
2026-09-27 08:18:15 [PcorgSync] INFO       24H CAMIONS 2026: 1
2026-09-27 08:18:15 [PcorgSync] INFO     Répartition par catégorie :
2026-09-27 08:18:15 [PcorgSync] INFO       PCO.Information: 1
2026-09-27 08:18:15 [PcorgSync] INFO     Curseur DateWrite : 2026-09-27 06:14:28.327000
2026-09-27 08:18:15 [PcorgSync] INFO     Config pcorg : aucune nouvelle valeur
2026-09-27 08:18:15 [PcorgSync] INFO     Total en base : 29809 docs (29809 attribués, 2805 avec GPS)
2026-09-27 08:18:15 [PcorgSync] INFO   ============================================================
2026-09-27 08:18:15 [PcorgSync] INFO Sync terminee avec succes
2026-09-27 08:23:44 [PcorgSync] INFO Lancement sync incremental
2026-09-27 08:23:45 [PcorgSync] INFO     Messages SQL récupérés : 1
2026-09-27 08:23:45 [PcorgSync] INFO     Documents upsertés : 1
2026-09-27 08:23:45 [PcorgSync] INFO     Répartition par événement :
2026-09-27 08:23:45 [PcorgSync] INFO       24H CAMIONS 2026: 1
2026-09-27 08:23:45 [PcorgSync] INFO     Répartition par catégorie :
2026-09-27 08:23:45 [PcorgSync] INFO       PCO.Secours: 1
2026-09-27 08:23:45 [PcorgSync] INFO     Curseur DateWrite : 2026-09-27 06:19:37.497000
2026-09-27 08:23:45 [PcorgSync] INFO     Config pcorg : aucune nouvelle valeur
2026-09-27 08:23:45 [PcorgSync] INFO     Total en base : 29809 docs (29809 attribués, 2805 avec GPS)
2026-09-27 08:23:45 [PcorgSync] INFO   ============================================================
2026-09-27 08:23:45 [PcorgSync] INFO Sync terminee avec succes
2026-09-27 08:28:14 [PcorgSync] INFO Lancement sync incremental
2026-09-27 08:28:15 [PcorgSync] INFO     Messages SQL récupérés : 1
2026-09-27 08:28:15 [PcorgSync] INFO     Documents upsertés : 1
2026-09-27 08:28:15 [PcorgSync] INFO     Répartition par événement :
2026-09-27 08:28:15 [PcorgSync] INFO       24H CAMIONS 2026: 1
2026-09-27 08:28:15 [PcorgSync] INFO     Répartition par catégorie :
2026-09-27 08:28:15 [PcorgSync] INFO       PCO.Secours: 1
2026-09-27 08:28:15 [PcorgSync] INFO     Curseur DateWrite : 2026-09-27 06:24:41.607000
2026-09-27 08:28:15 [PcorgSync] INFO     Config pcorg : aucune nouvelle valeur
2026-09-27 08:28:15 [PcorgSync] INFO     Total en base : 29809 docs (29809 attribués, 2805 avec GPS)
2026-09-27 08:28:15 [PcorgSync] INFO   ============================================================
2026-09-27 08:28:15 [PcorgSync] INFO Sync terminee avec succes
2026-09-27 08:33:14 [PcorgSync] INFO Lancement sync incremental
2026-09-27 08:33:15 [PcorgSync] INFO     Documents upsertés : 2
2026-09-27 08:33:15 [PcorgSync] INFO     Répartition par événement :
2026-09-27 08:33:15 [PcorgSync] INFO       24H CAMIONS 2026: 2
2026-09-27 08:33:15 [PcorgSync] INFO     Répartition par catégorie :
2026-09-27 08:33:15 [PcorgSync] INFO       PCO.Securite: 1
2026-09-27 08:33:15 [PcorgSync] INFO       PCO.Information: 1
2026-09-27 08:33:15 [PcorgSync] INFO     Curseur DateWrite : 2026-09-27 06:31:40.467000
2026-09-27 08:33:15 [PcorgSync] INFO     Config pcorg : aucune nouvelle valeur
2026-09-27 08:33:15 [PcorgSync] INFO     Total en base : 29812 docs (29812 attribués, 2807 avec GPS)
2026-09-27 08:33:15 [PcorgSync] INFO   ============================================================
2026-09-27 08:33:15 [PcorgSync] INFO Sync terminee avec succes
2026-09-27 08:38:24 [PcorgSync] INFO Lancement sync incremental
2026-09-27 08:38:25 [PcorgSync] INFO     Documents upsertés : 2
2026-09-27 08:38:25 [PcorgSync] INFO     Répartition par événement :
2026-09-27 08:38:25 [PcorgSync] INFO       24H CAMIONS 2026: 2
2026-09-27 08:38:25 [PcorgSync] INFO     Répartition par catégorie :
2026-09-27 08:38:25 [PcorgSync] INFO       PCO.Technique: 1
2026-09-27 08:38:25 [PcorgSync] INFO       PCO.Information: 1
2026-09-27 08:38:25 [PcorgSync] INFO     Curseur DateWrite : 2026-09-27 06:34:51.437000
2026-09-27 08:38:25 [PcorgSync] INFO     Config pcorg : aucune nouvelle valeur
2026-09-27 08:38:25 [PcorgSync] INFO     Total en base : 29815 docs (29815 attribués, 2810 avec GPS)
2026-09-27 08:38:25 [PcorgSync] INFO   ============================================================
2026-09-27 08:38:25 [PcorgSync] INFO Sync terminee avec succes
2026-09-27 08:43:39 [PcorgSync] INFO Lancement sync incremental
2026-09-27 08:43:40 [PcorgSync] INFO   ============================================================
2026-09-27 08:43:40 [PcorgSync] INFO   
2026-09-27 08:43:40 [PcorgSync] INFO   Dernier sync : 2026-09-27 06:34:51.437000
2026-09-27 08:43:40 [PcorgSync] INFO   Connexion SQL Server...
2026-09-27 08:43:40 [PcorgSync] INFO     Driver ODBC : ODBC Driver 18 for SQL Server
2026-09-27 08:43:40 [PcorgSync] INFO     Port résolu via SQL Browser : 65422
2026-09-27 08:43:40 [PcorgSync] INFO     Connecté à 10.34.0.4,65422
2026-09-27 08:43:40 [PcorgSync] INFO   Récupération par lots de 1000...
2026-09-27 08:43:40 [PcorgSync] INFO   
2026-09-27 08:43:40 [PcorgSync] INFO   Aucun nouveau message. Rien à synchroniser.
2026-09-27 08:43:40 [PcorgSync] INFO Sync terminee avec succes
2026-09-27 08:48:29 [PcorgSync] INFO Lancement sync incremental
2026-09-27 08:48:30 [PcorgSync] INFO     Messages SQL récupérés : 2
2026-09-27 08:48:30 [PcorgSync] INFO     Documents upsertés : 2
2026-09-27 08:48:30 [PcorgSync] INFO     Répartition par événement :
2026-09-27 08:48:30 [PcorgSync] INFO       24H CAMIONS 2026: 2
2026-09-27 08:48:30 [PcorgSync] INFO     Répartition par catégorie :
2026-09-27 08:48:30 [PcorgSync] INFO       PCO.Secours: 2
2026-09-27 08:48:30 [PcorgSync] INFO     Curseur DateWrite : 2026-09-27 06:48:12.517000
2026-09-27 08:48:30 [PcorgSync] INFO     Config pcorg : aucune nouvelle valeur
2026-09-27 08:48:30 [PcorgSync] INFO     Total en base : 29819 docs (29819 attribués, 2814 avec GPS)
2026-09-27 08:48:30 [PcorgSync] INFO   ============================================================
2026-09-27 08:48:30 [PcorgSync] INFO Sync terminee avec succes
2026-09-27 08:53:29 [PcorgSync] INFO Lancement sync incremental
2026-09-27 08:53:30 [PcorgSync] INFO     Messages SQL récupérés : 1
2026-09-27 08:53:30 [PcorgSync] INFO     Documents upsertés : 1
2026-09-27 08:53:30 [PcorgSync] INFO     Répartition par événement :
2026-09-27 08:53:30 [PcorgSync] INFO       24H CAMIONS 2026: 1
2026-09-27 08:53:30 [PcorgSync] INFO     Répartition par catégorie :
2026-09-27 08:53:30 [PcorgSync] INFO       PCO.Secours: 1
2026-09-27 08:53:30 [PcorgSync] INFO     Curseur DateWrite : 2026-09-27 06:50:32.020000
2026-09-27 08:53:30 [PcorgSync] INFO     Config pcorg : aucune nouvelle valeur
2026-09-27 08:53:30 [PcorgSync] INFO     Total en base : 29820 docs (29820 attribués, 2815 avec GPS)
2026-09-27 08:53:30 [PcorgSync] INFO   ============================================================
2026-09-27 08:53:30 [PcorgSync] INFO Sync terminee avec succes
2026-09-27 08:58:14 [PcorgSync] INFO Lancement sync incremental
2026-09-27 08:58:15 [PcorgSync] INFO   ============================================================
2026-09-27 08:58:15 [PcorgSync] INFO   
2026-09-27 08:58:15 [PcorgSync] INFO   Dernier sync : 2026-09-27 06:50:32.020000
2026-09-27 08:58:15 [PcorgSync] INFO   Connexion SQL Server...
2026-09-27 08:58:15 [PcorgSync] INFO     Driver ODBC : ODBC Driver 18 for SQL Server
2026-09-27 08:58:15 [PcorgSync] INFO     Port résolu via SQL Browser : 65422
2026-09-27 08:58:15 [PcorgSync] INFO     Connecté à 10.34.0.4,65422
2026-09-27 08:58:15 [PcorgSync] INFO   Récupération par lots de 1000...
2026-09-27 08:58:15 [PcorgSync] INFO   
2026-09-27 08:58:15 [PcorgSync] INFO   Aucun nouveau message. Rien à synchroniser.
2026-09-27 08:58:15 [PcorgSync] INFO Sync terminee avec succes
2026-09-27 09:03:39 [PcorgSync] INFO Lancement sync incremental
2026-09-27 09:03:40 [PcorgSync] INFO   ============================================================
2026-09-27 09:03:40 [PcorgSync] INFO   
2026-09-27 09:03:40 [PcorgSync] INFO   Dernier sync : 2026-09-27 06:50:32.020000
2026-09-27 09:03:40 [PcorgSync] INFO   Connexion SQL Server...
2026-09-27 09:03:40 [PcorgSync] INFO     Driver ODBC : ODBC Driver 18 for SQL Server
2026-09-27 09:03:40 [PcorgSync] INFO     Port résolu via SQL Browser : 65422
2026-09-27 09:03:40 [PcorgSync] INFO     Connecté à 10.34.0.4,65422
2026-09-27 09:03:40 [PcorgSync] INFO   Récupération par lots de 1000...
2026-09-27 09:03:40 [PcorgSync] INFO   
2026-09-27 09:03:40 [PcorgSync] INFO   Aucun nouveau message. Rien à synchroniser.
2026-09-27 09:03:40 [PcorgSync] INFO Sync terminee avec succes
2026-09-27 09:08:44 [PcorgSync] INFO Lancement sync incremental
2026-09-27 09:08:45 [PcorgSync] INFO     Répartition par événement :
2026-09-27 09:08:45 [PcorgSync] INFO       24H CAMIONS 2026: 4
2026-09-27 09:08:45 [PcorgSync] INFO     Répartition par catégorie :
2026-09-27 09:08:45 [PcorgSync] INFO       PCO.Technique: 2
2026-09-27 09:08:45 [PcorgSync] INFO       PCO.MainCourante: 1
2026-09-27 09:08:45 [PcorgSync] INFO       PCO.Secours: 1
2026-09-27 09:08:45 [PcorgSync] INFO     Curseur DateWrite : 2026-09-27 07:08:12.717000
2026-09-27 09:08:45 [PcorgSync] INFO     Config pcorg : aucune nouvelle valeur
2026-09-27 09:08:45 [PcorgSync] INFO     Total en base : 29821 docs (29821 attribués, 2816 avec GPS)
2026-09-27 09:08:45 [PcorgSync] INFO   ============================================================
2026-09-27 09:08:45 [PcorgSync] INFO Sync terminee avec succes
2026-09-27 09:13:44 [PcorgSync] INFO Lancement sync incremental
2026-09-27 09:13:45 [PcorgSync] INFO   ============================================================
2026-09-27 09:13:45 [PcorgSync] INFO   
2026-09-27 09:13:45 [PcorgSync] INFO   Dernier sync : 2026-09-27 07:08:12.717000
2026-09-27 09:13:45 [PcorgSync] INFO   Connexion SQL Server...
2026-09-27 09:13:45 [PcorgSync] INFO     Driver ODBC : ODBC Driver 18 for SQL Server
2026-09-27 09:13:45 [PcorgSync] INFO     Port résolu via SQL Browser : 65422
2026-09-27 09:13:45 [PcorgSync] INFO     Connecté à 10.34.0.4,65422
2026-09-27 09:13:45 [PcorgSync] INFO   Récupération par lots de 1000...
2026-09-27 09:13:45 [PcorgSync] INFO   
2026-09-27 09:13:45 [PcorgSync] INFO   Aucun nouveau message. Rien à synchroniser.
2026-09-27 09:13:45 [PcorgSync] INFO Sync terminee avec succes
2026-09-27 09:18:14 [PcorgSync] INFO Lancement sync incremental
2026-09-27 09:18:15 [PcorgSync] INFO     Documents upsertés : 4
2026-09-27 09:18:15 [PcorgSync] INFO     Répartition par événement :
2026-09-27 09:18:15 [PcorgSync] INFO       24H CAMIONS 2026: 4
2026-09-27 09:18:15 [PcorgSync] INFO     Répartition par catégorie :
2026-09-27 09:18:15 [PcorgSync] INFO       PCO.Securite: 3
2026-09-27 09:18:15 [PcorgSync] INFO       PCO.Technique: 1
2026-09-27 09:18:15 [PcorgSync] INFO     Curseur DateWrite : 2026-09-27 07:17:56.887000
2026-09-27 09:18:15 [PcorgSync] INFO     Config pcorg : aucune nouvelle valeur
2026-09-27 09:18:15 [PcorgSync] INFO     Total en base : 29823 docs (29823 attribués, 2818 avec GPS)
2026-09-27 09:18:15 [PcorgSync] INFO   ============================================================
2026-09-27 09:18:15 [PcorgSync] INFO Sync terminee avec succes
2026-09-27 09:23:44 [PcorgSync] INFO Lancement sync incremental
2026-09-27 09:23:45 [PcorgSync] INFO     Messages SQL récupérés : 1
2026-09-27 09:23:45 [PcorgSync] INFO     Documents upsertés : 1
2026-09-27 09:23:45 [PcorgSync] INFO     Répartition par événement :
2026-09-27 09:23:45 [PcorgSync] INFO       24H CAMIONS 2026: 1
2026-09-27 09:23:45 [PcorgSync] INFO     Répartition par catégorie :
2026-09-27 09:23:45 [PcorgSync] INFO       PCO.Securite: 1
2026-09-27 09:23:45 [PcorgSync] INFO     Curseur DateWrite : 2026-09-27 07:19:19.827000
2026-09-27 09:23:45 [PcorgSync] INFO     Config pcorg : aucune nouvelle valeur
2026-09-27 09:23:45 [PcorgSync] INFO     Total en base : 29823 docs (29823 attribués, 2818 avec GPS)
2026-09-27 09:23:45 [PcorgSync] INFO   ============================================================
2026-09-27 09:23:45 [PcorgSync] INFO Sync terminee avec succes
2026-09-27 09:28:14 [PcorgSync] INFO Lancement sync incremental
2026-09-27 09:28:15 [PcorgSync] INFO   ============================================================
2026-09-27 09:28:15 [PcorgSync] INFO   
2026-09-27 09:28:15 [PcorgSync] INFO   Dernier sync : 2026-09-27 07:19:19.827000
2026-09-27 09:28:15 [PcorgSync] INFO   Connexion SQL Server...
2026-09-27 09:28:15 [PcorgSync] INFO     Driver ODBC : ODBC Driver 18 for SQL Server
2026-09-27 09:28:15 [PcorgSync] INFO     Port résolu via SQL Browser : 65422
2026-09-27 09:28:15 [PcorgSync] INFO     Connecté à 10.34.0.4,65422
2026-09-27 09:28:15 [PcorgSync] INFO   Récupération par lots de 1000...
2026-09-27 09:28:15 [PcorgSync] INFO   
2026-09-27 09:28:15 [PcorgSync] INFO   Aucun nouveau message. Rien à synchroniser.
2026-09-27 09:28:15 [PcorgSync] INFO Sync terminee avec succes
2026-09-27 09:33:24 [PcorgSync] INFO Lancement sync incremental
2026-09-27 09:33:25 [PcorgSync] INFO     Messages SQL récupérés : 2
2026-09-27 09:33:25 [PcorgSync] INFO     Documents upsertés : 2
2026-09-27 09:33:25 [PcorgSync] INFO     Répartition par événement :
2026-09-27 09:33:25 [PcorgSync] INFO       24H CAMIONS 2026: 2
2026-09-27 09:33:25 [PcorgSync] INFO     Répartition par catégorie :
2026-09-27 09:33:25 [PcorgSync] INFO       PCO.Securite: 2
2026-09-27 09:33:25 [PcorgSync] INFO     Curseur DateWrite : 2026-09-27 07:31:58.657000
2026-09-27 09:33:25 [PcorgSync] INFO     Config pcorg : aucune nouvelle valeur
2026-09-27 09:33:25 [PcorgSync] INFO     Total en base : 29825 docs (29825 attribués, 2820 avec GPS)
2026-09-27 09:33:25 [PcorgSync] INFO   ============================================================
2026-09-27 09:33:25 [PcorgSync] INFO Sync terminee avec succes
2026-09-27 09:38:44 [PcorgSync] INFO Lancement sync incremental
2026-09-27 09:38:45 [PcorgSync] INFO     Documents upsertés : 2
2026-09-27 09:38:45 [PcorgSync] INFO     Répartition par événement :
2026-09-27 09:38:45 [PcorgSync] INFO       24H CAMIONS 2026: 2
2026-09-27 09:38:45 [PcorgSync] INFO     Répartition par catégorie :
2026-09-27 09:38:45 [PcorgSync] INFO       PCO.Securite: 1
2026-09-27 09:38:45 [PcorgSync] INFO       PCO.Information: 1
2026-09-27 09:38:45 [PcorgSync] INFO     Curseur DateWrite : 2026-09-27 07:38:18.527000
2026-09-27 09:38:45 [PcorgSync] INFO     Config pcorg : aucune nouvelle valeur
2026-09-27 09:38:45 [PcorgSync] INFO     Total en base : 29827 docs (29827 attribués, 2821 avec GPS)
2026-09-27 09:38:45 [PcorgSync] INFO   ============================================================
2026-09-27 09:38:45 [PcorgSync] INFO Sync terminee avec succes
2026-09-27 09:43:39 [PcorgSync] INFO Lancement sync incremental
2026-09-27 09:43:40 [PcorgSync] INFO   ============================================================
2026-09-27 09:43:40 [PcorgSync] INFO   
2026-09-27 09:43:40 [PcorgSync] INFO   Dernier sync : 2026-09-27 07:38:18.527000
2026-09-27 09:43:40 [PcorgSync] INFO   Connexion SQL Server...
2026-09-27 09:43:40 [PcorgSync] INFO     Driver ODBC : ODBC Driver 18 for SQL Server
2026-09-27 09:43:40 [PcorgSync] INFO     Port résolu via SQL Browser : 65422
2026-09-27 09:43:40 [PcorgSync] INFO     Connecté à 10.34.0.4,65422
2026-09-27 09:43:40 [PcorgSync] INFO   Récupération par lots de 1000...
2026-09-27 09:43:40 [PcorgSync] INFO   
2026-09-27 09:43:40 [PcorgSync] INFO   Aucun nouveau message. Rien à synchroniser.
2026-09-27 09:43:40 [PcorgSync] INFO Sync terminee avec succes
2026-09-27 09:48:44 [PcorgSync] INFO Lancement sync incremental
2026-09-27 09:48:45 [PcorgSync] INFO   ============================================================
2026-09-27 09:48:45 [PcorgSync] INFO   
2026-09-27 09:48:45 [PcorgSync] INFO   Dernier sync : 2026-09-27 07:38:18.527000
2026-09-27 09:48:45 [PcorgSync] INFO   Connexion SQL Server...
2026-09-27 09:48:45 [PcorgSync] INFO     Driver ODBC : ODBC Driver 18 for SQL Server
2026-09-27 09:48:45 [PcorgSync] INFO     Port résolu via SQL Browser : 65422
2026-09-27 09:48:45 [PcorgSync] INFO     Connecté à 10.34.0.4,65422
2026-09-27 09:48:45 [PcorgSync] INFO   Récupération par lots de 1000...
2026-09-27 09:48:45 [PcorgSync] INFO   
2026-09-27 09:48:45 [PcorgSync] INFO   Aucun nouveau message. Rien à synchroniser.
2026-09-27 09:48:45 [PcorgSync] INFO Sync terminee avec succes
2026-09-27 09:53:24 [PcorgSync] INFO Lancement sync incremental
2026-09-27 09:53:25 [PcorgSync] INFO     Messages SQL récupérés : 1
2026-09-27 09:53:25 [PcorgSync] INFO     Documents upsertés : 1
2026-09-27 09:53:25 [PcorgSync] INFO     Répartition par événement :
2026-09-27 09:53:25 [PcorgSync] INFO       24H CAMIONS 2026: 1
2026-09-27 09:53:25 [PcorgSync] INFO     Répartition par catégorie :
2026-09-27 09:53:25 [PcorgSync] INFO       PCO.Information: 1
2026-09-27 09:53:25 [PcorgSync] INFO     Curseur DateWrite : 2026-09-27 07:51:09.870000
2026-09-27 09:53:25 [PcorgSync] INFO     Config pcorg : aucune nouvelle valeur
2026-09-27 09:53:25 [PcorgSync] INFO     Total en base : 29828 docs (29828 attribués, 2821 avec GPS)
2026-09-27 09:53:25 [PcorgSync] INFO   ============================================================
2026-09-27 09:53:25 [PcorgSync] INFO Sync terminee avec succes
2026-09-27 09:58:39 [PcorgSync] INFO Lancement sync incremental
2026-09-27 09:58:40 [PcorgSync] INFO     Messages SQL récupérés : 1
2026-09-27 09:58:40 [PcorgSync] INFO     Documents upsertés : 1
2026-09-27 09:58:40 [PcorgSync] INFO     Répartition par événement :
2026-09-27 09:58:40 [PcorgSync] INFO       24H CAMIONS 2026: 1
2026-09-27 09:58:40 [PcorgSync] INFO     Répartition par catégorie :
2026-09-27 09:58:40 [PcorgSync] INFO       PCO.MainCourante: 1
2026-09-27 09:58:40 [PcorgSync] INFO     Curseur DateWrite : 2026-09-27 07:56:26.157000
2026-09-27 09:58:40 [PcorgSync] INFO     Config pcorg : aucune nouvelle valeur
2026-09-27 09:58:40 [PcorgSync] INFO     Total en base : 29829 docs (29829 attribués, 2821 avec GPS)
2026-09-27 09:58:40 [PcorgSync] INFO   ============================================================
2026-09-27 09:58:40 [PcorgSync] INFO Sync terminee avec succes
2026-09-27 10:03:14 [PcorgSync] INFO Lancement sync incremental
2026-09-27 10:03:15 [PcorgSync] INFO     Messages SQL récupérés : 1
2026-09-27 10:03:15 [PcorgSync] INFO     Documents upsertés : 1
2026-09-27 10:03:15 [PcorgSync] INFO     Répartition par événement :
2026-09-27 10:03:15 [PcorgSync] INFO       24H CAMIONS 2026: 1
2026-09-27 10:03:15 [PcorgSync] INFO     Répartition par catégorie :
2026-09-27 10:03:15 [PcorgSync] INFO       PCO.Information: 1
2026-09-27 10:03:15 [PcorgSync] INFO     Curseur DateWrite : 2026-09-27 08:00:56.723000
2026-09-27 10:03:15 [PcorgSync] INFO     Config pcorg : aucune nouvelle valeur
2026-09-27 10:03:15 [PcorgSync] INFO     Total en base : 29830 docs (29830 attribués, 2821 avec GPS)
2026-09-27 10:03:15 [PcorgSync] INFO   ============================================================
2026-09-27 10:03:15 [PcorgSync] INFO Sync terminee avec succes
2026-09-27 10:08:44 [PcorgSync] INFO Lancement sync incremental
2026-09-27 10:08:45 [PcorgSync] INFO     Documents upsertés : 2
2026-09-27 10:08:45 [PcorgSync] INFO     Répartition par événement :
2026-09-27 10:08:45 [PcorgSync] INFO       24H CAMIONS 2026: 2
2026-09-27 10:08:45 [PcorgSync] INFO     Répartition par catégorie :
2026-09-27 10:08:45 [PcorgSync] INFO       PCO.Information: 1
2026-09-27 10:08:45 [PcorgSync] INFO       PCO.Fourriere: 1
2026-09-27 10:08:45 [PcorgSync] INFO     Curseur DateWrite : 2026-09-27 08:06:49.173000
2026-09-27 10:08:45 [PcorgSync] INFO     Config pcorg : aucune nouvelle valeur
2026-09-27 10:08:45 [PcorgSync] INFO     Total en base : 29830 docs (29830 attribués, 2821 avec GPS)
2026-09-27 10:08:45 [PcorgSync] INFO   ============================================================
2026-09-27 10:08:45 [PcorgSync] INFO Sync terminee avec succes
2026-09-27 10:13:44 [PcorgSync] INFO Lancement sync incremental
2026-09-27 10:13:45 [PcorgSync] INFO     Documents upsertés : 2
2026-09-27 10:13:45 [PcorgSync] INFO     Répartition par événement :
2026-09-27 10:13:45 [PcorgSync] INFO       24H CAMIONS 2026: 2
2026-09-27 10:13:45 [PcorgSync] INFO     Répartition par catégorie :
2026-09-27 10:13:45 [PcorgSync] INFO       PCO.Fourriere: 1
2026-09-27 10:13:45 [PcorgSync] INFO       PCO.Technique: 1
2026-09-27 10:13:45 [PcorgSync] INFO     Curseur DateWrite : 2026-09-27 08:10:50.627000
2026-09-27 10:13:45 [PcorgSync] INFO     Config pcorg : aucune nouvelle valeur
2026-09-27 10:13:45 [PcorgSync] INFO     Total en base : 29831 docs (29831 attribués, 2822 avec GPS)
2026-09-27 10:13:45 [PcorgSync] INFO   ============================================================
2026-09-27 10:13:45 [PcorgSync] INFO Sync terminee avec succes
2026-09-27 10:18:14 [PcorgSync] INFO Lancement sync incremental
2026-09-27 10:18:15 [PcorgSync] INFO     Messages SQL récupérés : 1
2026-09-27 10:18:15 [PcorgSync] INFO     Documents upsertés : 1
2026-09-27 10:18:15 [PcorgSync] INFO     Répartition par événement :
2026-09-27 10:18:15 [PcorgSync] INFO       24H CAMIONS 2026: 1
2026-09-27 10:18:15 [PcorgSync] INFO     Répartition par catégorie :
2026-09-27 10:18:15 [PcorgSync] INFO       PCO.MainCourante: 1
2026-09-27 10:18:15 [PcorgSync] INFO     Curseur DateWrite : 2026-09-27 08:16:05.183000
2026-09-27 10:18:15 [PcorgSync] INFO     Config pcorg : aucune nouvelle valeur
2026-09-27 10:18:15 [PcorgSync] INFO     Total en base : 29831 docs (29831 attribués, 2822 avec GPS)
2026-09-27 10:18:15 [PcorgSync] INFO   ============================================================
2026-09-27 10:18:15 [PcorgSync] INFO Sync terminee avec succes
2026-09-27 10:23:44 [PcorgSync] INFO Lancement sync incremental
2026-09-27 10:23:45 [PcorgSync] INFO     Messages SQL récupérés : 1
2026-09-27 10:23:45 [PcorgSync] INFO     Documents upsertés : 1
2026-09-27 10:23:45 [PcorgSync] INFO     Répartition par événement :
2026-09-27 10:23:45 [PcorgSync] INFO       24H CAMIONS 2026: 1
2026-09-27 10:23:45 [PcorgSync] INFO     Répartition par catégorie :
2026-09-27 10:23:45 [PcorgSync] INFO       PCO.MainCourante: 1
2026-09-27 10:23:45 [PcorgSync] INFO     Curseur DateWrite : 2026-09-27 08:16:05.183000
2026-09-27 10:23:45 [PcorgSync] INFO     Config pcorg : aucune nouvelle valeur
2026-09-27 10:23:45 [PcorgSync] INFO     Total en base : 29831 docs (29831 attribués, 2822 avec GPS)
2026-09-27 10:23:45 [PcorgSync] INFO   ============================================================
2026-09-27 10:23:45 [PcorgSync] INFO Sync terminee avec succes
2026-09-27 10:28:14 [PcorgSync] INFO Lancement sync incremental
2026-09-27 10:28:15 [PcorgSync] INFO     Documents upsertés : 2
2026-09-27 10:28:15 [PcorgSync] INFO     Répartition par événement :
2026-09-27 10:28:15 [PcorgSync] INFO       24H CAMIONS 2026: 2
2026-09-27 10:28:15 [PcorgSync] INFO     Répartition par catégorie :
2026-09-27 10:28:15 [PcorgSync] INFO       PCO.MainCourante: 1
2026-09-27 10:28:15 [PcorgSync] INFO       PCO.Technique: 1
2026-09-27 10:28:15 [PcorgSync] INFO     Curseur DateWrite : 2026-09-27 08:26:45.470000
2026-09-27 10:28:15 [PcorgSync] INFO     Config pcorg : aucune nouvelle valeur
2026-09-27 10:28:15 [PcorgSync] INFO     Total en base : 29832 docs (29832 attribués, 2823 avec GPS)
2026-09-27 10:28:15 [PcorgSync] INFO   ============================================================
2026-09-27 10:28:15 [PcorgSync] INFO Sync terminee avec succes
2026-09-27 10:33:24 [PcorgSync] INFO Lancement sync incremental
2026-09-27 10:33:25 [PcorgSync] INFO     Messages SQL récupérés : 1
2026-09-27 10:33:25 [PcorgSync] INFO     Documents upsertés : 1
2026-09-27 10:33:25 [PcorgSync] INFO     Répartition par événement :
2026-09-27 10:33:25 [PcorgSync] INFO       24H CAMIONS 2026: 1
2026-09-27 10:33:25 [PcorgSync] INFO     Répartition par catégorie :
2026-09-27 10:33:25 [PcorgSync] INFO       PCO.Technique: 1
2026-09-27 10:33:25 [PcorgSync] INFO     Curseur DateWrite : 2026-09-27 08:28:46.460000
2026-09-27 10:33:25 [PcorgSync] INFO     Config pcorg : aucune nouvelle valeur
2026-09-27 10:33:25 [PcorgSync] INFO     Total en base : 29832 docs (29832 attribués, 2823 avec GPS)
2026-09-27 10:33:25 [PcorgSync] INFO   ============================================================
2026-09-27 10:33:25 [PcorgSync] INFO Sync terminee avec succes
2026-09-27 10:38:44 [PcorgSync] INFO Lancement sync incremental
2026-09-27 10:38:45 [PcorgSync] INFO     Messages SQL récupérés : 2
2026-09-27 10:38:45 [PcorgSync] INFO     Documents upsertés : 2
2026-09-27 10:38:45 [PcorgSync] INFO     Répartition par événement :
2026-09-27 10:38:45 [PcorgSync] INFO       24H CAMIONS 2026: 2
2026-09-27 10:38:45 [PcorgSync] INFO     Répartition par catégorie :
2026-09-27 10:38:45 [PcorgSync] INFO       PCO.Technique: 2
2026-09-27 10:38:45 [PcorgSync] INFO     Curseur DateWrite : 2026-09-27 08:38:42.297000
2026-09-27 10:38:45 [PcorgSync] INFO     Config pcorg : aucune nouvelle valeur
2026-09-27 10:38:45 [PcorgSync] INFO     Total en base : 29832 docs (29832 attribués, 2823 avec GPS)
2026-09-27 10:38:45 [PcorgSync] INFO   ============================================================
2026-09-27 10:38:45 [PcorgSync] INFO Sync terminee avec succes
2026-09-27 10:43:39 [PcorgSync] INFO Lancement sync incremental
2026-09-27 10:43:40 [PcorgSync] INFO     Messages SQL récupérés : 1
2026-09-27 10:43:40 [PcorgSync] INFO     Documents upsertés : 1
2026-09-27 10:43:40 [PcorgSync] INFO     Répartition par événement :
2026-09-27 10:43:40 [PcorgSync] INFO       24H CAMIONS 2026: 1
2026-09-27 10:43:40 [PcorgSync] INFO     Répartition par catégorie :
2026-09-27 10:43:40 [PcorgSync] INFO       PCO.Technique: 1
2026-09-27 10:43:40 [PcorgSync] INFO     Curseur DateWrite : 2026-09-27 08:38:48.473000
2026-09-27 10:43:40 [PcorgSync] INFO     Config pcorg : aucune nouvelle valeur
2026-09-27 10:43:40 [PcorgSync] INFO     Total en base : 29832 docs (29832 attribués, 2823 avec GPS)
2026-09-27 10:43:40 [PcorgSync] INFO   ============================================================
2026-09-27 10:43:40 [PcorgSync] INFO Sync terminee avec succes
2026-09-27 10:48:14 [PcorgSync] INFO Lancement sync incremental
2026-09-27 10:48:15 [PcorgSync] INFO     Messages SQL récupérés : 1
2026-09-27 10:48:15 [PcorgSync] INFO     Documents upsertés : 1
2026-09-27 10:48:15 [PcorgSync] INFO     Répartition par événement :
2026-09-27 10:48:15 [PcorgSync] INFO       24H CAMIONS 2026: 1
2026-09-27 10:48:15 [PcorgSync] INFO     Répartition par catégorie :
2026-09-27 10:48:15 [PcorgSync] INFO       PCO.Technique: 1
2026-09-27 10:48:15 [PcorgSync] INFO     Curseur DateWrite : 2026-09-27 08:38:48.473000
2026-09-27 10:48:15 [PcorgSync] INFO     Config pcorg : aucune nouvelle valeur
2026-09-27 10:48:15 [PcorgSync] INFO     Total en base : 29832 docs (29832 attribués, 2823 avec GPS)
2026-09-27 10:48:15 [PcorgSync] INFO   ============================================================
2026-09-27 10:48:15 [PcorgSync] INFO Sync terminee avec succes
2026-09-27 10:53:29 [PcorgSync] INFO Lancement sync incremental
2026-09-27 10:53:30 [PcorgSync] INFO     Messages SQL récupérés : 1
2026-09-27 10:53:30 [PcorgSync] INFO     Documents upsertés : 1
2026-09-27 10:53:30 [PcorgSync] INFO     Répartition par événement :
2026-09-27 10:53:30 [PcorgSync] INFO       24H CAMIONS 2026: 1
2026-09-27 10:53:30 [PcorgSync] INFO     Répartition par catégorie :
2026-09-27 10:53:30 [PcorgSync] INFO       PCO.Technique: 1
2026-09-27 10:53:30 [PcorgSync] INFO     Curseur DateWrite : 2026-09-27 08:38:48.473000
2026-09-27 10:53:30 [PcorgSync] INFO     Config pcorg : aucune nouvelle valeur
2026-09-27 10:53:30 [PcorgSync] INFO     Total en base : 29832 docs (29832 attribués, 2823 avec GPS)
2026-09-27 10:53:30 [PcorgSync] INFO   ============================================================
2026-09-27 10:53:30 [PcorgSync] INFO Sync terminee avec succes
2026-09-27 10:58:29 [PcorgSync] INFO Lancement sync incremental
2026-09-27 10:58:30 [PcorgSync] INFO     Messages SQL récupérés : 3
2026-09-27 10:58:30 [PcorgSync] INFO     Documents upsertés : 3
2026-09-27 10:58:30 [PcorgSync] INFO     Répartition par événement :
2026-09-27 10:58:30 [PcorgSync] INFO       24H CAMIONS 2026: 3
2026-09-27 10:58:30 [PcorgSync] INFO     Répartition par catégorie :
2026-09-27 10:58:30 [PcorgSync] INFO       PCO.Technique: 3
2026-09-27 10:58:30 [PcorgSync] INFO     Curseur DateWrite : 2026-09-27 08:58:19.260000
2026-09-27 10:58:30 [PcorgSync] INFO     Config pcorg : aucune nouvelle valeur
2026-09-27 10:58:30 [PcorgSync] INFO     Total en base : 29833 docs (29833 attribués, 2824 avec GPS)
2026-09-27 10:58:30 [PcorgSync] INFO   ============================================================
2026-09-27 10:58:30 [PcorgSync] INFO Sync terminee avec succes
2026-09-27 11:03:14 [PcorgSync] INFO Lancement sync incremental
2026-09-27 11:03:15 [PcorgSync] INFO     Documents upsertés : 2
2026-09-27 11:03:15 [PcorgSync] INFO     Répartition par événement :
2026-09-27 11:03:15 [PcorgSync] INFO       24H CAMIONS 2026: 2
2026-09-27 11:03:15 [PcorgSync] INFO     Répartition par catégorie :
2026-09-27 11:03:15 [PcorgSync] INFO       PCO.MainCourante: 1
2026-09-27 11:03:15 [PcorgSync] INFO       PCO.Technique: 1
2026-09-27 11:03:15 [PcorgSync] INFO     Curseur DateWrite : 2026-09-27 08:59:50.377000
2026-09-27 11:03:15 [PcorgSync] INFO     Config pcorg : aucune nouvelle valeur
2026-09-27 11:03:15 [PcorgSync] INFO     Total en base : 29834 docs (29834 attribués, 2824 avec GPS)
2026-09-27 11:03:15 [PcorgSync] INFO   ============================================================
2026-09-27 11:03:15 [PcorgSync] INFO Sync terminee avec succes
2026-09-27 11:08:39 [PcorgSync] INFO Lancement sync incremental
2026-09-27 11:08:41 [PcorgSync] INFO     Répartition par événement :
2026-09-27 11:08:41 [PcorgSync] INFO       24H CAMIONS 2026: 3
2026-09-27 11:08:41 [PcorgSync] INFO     Répartition par catégorie :
2026-09-27 11:08:41 [PcorgSync] INFO       PCO.Information: 1
2026-09-27 11:08:41 [PcorgSync] INFO       PCO.Secours: 1
2026-09-27 11:08:41 [PcorgSync] INFO       PCO.MainCourante: 1
2026-09-27 11:08:41 [PcorgSync] INFO     Curseur DateWrite : 2026-09-27 09:07:50.803000
2026-09-27 11:08:41 [PcorgSync] INFO     Config pcorg : aucune nouvelle valeur
2026-09-27 11:08:41 [PcorgSync] INFO     Total en base : 29836 docs (29836 attribués, 2825 avec GPS)
2026-09-27 11:08:41 [PcorgSync] INFO   ============================================================
2026-09-27 11:08:41 [PcorgSync] INFO Sync terminee avec succes
2026-09-27 11:13:39 [PcorgSync] INFO Lancement sync incremental
2026-09-27 11:13:40 [PcorgSync] INFO     Messages SQL récupérés : 1
2026-09-27 11:13:40 [PcorgSync] INFO     Documents upsertés : 1
2026-09-27 11:13:40 [PcorgSync] INFO     Répartition par événement :
2026-09-27 11:13:40 [PcorgSync] INFO       24H CAMIONS 2026: 1
2026-09-27 11:13:40 [PcorgSync] INFO     Répartition par catégorie :
2026-09-27 11:13:40 [PcorgSync] INFO       PCO.MainCourante: 1
2026-09-27 11:13:40 [PcorgSync] INFO     Curseur DateWrite : 2026-09-27 09:07:50.803000
2026-09-27 11:13:40 [PcorgSync] INFO     Config pcorg : aucune nouvelle valeur
2026-09-27 11:13:40 [PcorgSync] INFO     Total en base : 29836 docs (29836 attribués, 2825 avec GPS)
2026-09-27 11:13:40 [PcorgSync] INFO   ============================================================
2026-09-27 11:13:40 [PcorgSync] INFO Sync terminee avec succes
2026-09-27 11:18:14 [PcorgSync] INFO Lancement sync incremental
2026-09-27 11:18:15 [PcorgSync] INFO     Messages SQL récupérés : 1
2026-09-27 11:18:15 [PcorgSync] INFO     Documents upsertés : 1
2026-09-27 11:18:15 [PcorgSync] INFO     Répartition par événement :
2026-09-27 11:18:15 [PcorgSync] INFO       24H CAMIONS 2026: 1
2026-09-27 11:18:15 [PcorgSync] INFO     Répartition par catégorie :
2026-09-27 11:18:15 [PcorgSync] INFO       PCO.MainCourante: 1
2026-09-27 11:18:15 [PcorgSync] INFO     Curseur DateWrite : 2026-09-27 09:07:50.803000
2026-09-27 11:18:15 [PcorgSync] INFO     Config pcorg : aucune nouvelle valeur
2026-09-27 11:18:15 [PcorgSync] INFO     Total en base : 29836 docs (29836 attribués, 2825 avec GPS)
2026-09-27 11:18:15 [PcorgSync] INFO   ============================================================
2026-09-27 11:18:15 [PcorgSync] INFO Sync terminee avec succes
2026-09-27 11:23:44 [PcorgSync] INFO Lancement sync incremental
2026-09-27 11:23:45 [PcorgSync] INFO     Messages SQL récupérés : 1
2026-09-27 11:23:45 [PcorgSync] INFO     Documents upsertés : 1
2026-09-27 11:23:45 [PcorgSync] INFO     Répartition par événement :
2026-09-27 11:23:45 [PcorgSync] INFO       24H CAMIONS 2026: 1
2026-09-27 11:23:45 [PcorgSync] INFO     Répartition par catégorie :
2026-09-27 11:23:45 [PcorgSync] INFO       PCO.MainCourante: 1
2026-09-27 11:23:45 [PcorgSync] INFO     Curseur DateWrite : 2026-09-27 09:07:50.803000
2026-09-27 11:23:45 [PcorgSync] INFO     Config pcorg : aucune nouvelle valeur
2026-09-27 11:23:45 [PcorgSync] INFO     Total en base : 29836 docs (29836 attribués, 2825 avec GPS)
2026-09-27 11:23:45 [PcorgSync] INFO   ============================================================
2026-09-27 11:23:45 [PcorgSync] INFO Sync terminee avec succes
2026-09-27 11:28:14 [PcorgSync] INFO Lancement sync incremental
2026-09-27 11:28:15 [PcorgSync] INFO     Messages SQL récupérés : 1
2026-09-27 11:28:15 [PcorgSync] INFO     Documents upsertés : 1
2026-09-27 11:28:15 [PcorgSync] INFO     Répartition par événement :
2026-09-27 11:28:15 [PcorgSync] INFO       24H CAMIONS 2026: 1
2026-09-27 11:28:15 [PcorgSync] INFO     Répartition par catégorie :
2026-09-27 11:28:15 [PcorgSync] INFO       PCO.MainCourante: 1
2026-09-27 11:28:15 [PcorgSync] INFO     Curseur DateWrite : 2026-09-27 09:07:50.803000
2026-09-27 11:28:15 [PcorgSync] INFO     Config pcorg : aucune nouvelle valeur
2026-09-27 11:28:15 [PcorgSync] INFO     Total en base : 29836 docs (29836 attribués, 2825 avec GPS)
2026-09-27 11:28:15 [PcorgSync] INFO   ============================================================
2026-09-27 11:28:15 [PcorgSync] INFO Sync terminee avec succes
2026-09-27 11:33:24 [PcorgSync] INFO Lancement sync incremental
2026-09-27 11:33:25 [PcorgSync] INFO     Répartition par événement :
2026-09-27 11:33:25 [PcorgSync] INFO       24H CAMIONS 2026: 4
2026-09-27 11:33:25 [PcorgSync] INFO     Répartition par catégorie :
2026-09-27 11:33:25 [PcorgSync] INFO       PCO.Technique: 2
2026-09-27 11:33:25 [PcorgSync] INFO       PCO.MainCourante: 1
2026-09-27 11:33:25 [PcorgSync] INFO       PCS.Information: 1
2026-09-27 11:33:25 [PcorgSync] INFO     Curseur DateWrite : 2026-09-27 09:32:51.223000
2026-09-27 11:33:25 [PcorgSync] INFO     Config pcorg : aucune nouvelle valeur
2026-09-27 11:33:25 [PcorgSync] INFO     Total en base : 29838 docs (29838 attribués, 2826 avec GPS)
2026-09-27 11:33:25 [PcorgSync] INFO   ============================================================
2026-09-27 11:33:25 [PcorgSync] INFO Sync terminee avec succes
2026-09-27 11:38:29 [PcorgSync] INFO Lancement sync incremental
2026-09-27 11:38:30 [PcorgSync] INFO     Répartition par événement :
2026-09-27 11:38:30 [PcorgSync] INFO       24H CAMIONS 2026: 3
2026-09-27 11:38:30 [PcorgSync] INFO     Répartition par catégorie :
2026-09-27 11:38:30 [PcorgSync] INFO       PCO.Technique: 1
2026-09-27 11:38:30 [PcorgSync] INFO       PCO.Information: 1
2026-09-27 11:38:30 [PcorgSync] INFO       PCO.Securite: 1
2026-09-27 11:38:30 [PcorgSync] INFO     Curseur DateWrite : 2026-09-27 09:38:26.757000
2026-09-27 11:38:30 [PcorgSync] INFO     Config pcorg : aucune nouvelle valeur
2026-09-27 11:38:30 [PcorgSync] INFO     Total en base : 29839 docs (29839 attribués, 2826 avec GPS)
2026-09-27 11:38:30 [PcorgSync] INFO   ============================================================
2026-09-27 11:38:30 [PcorgSync] INFO Sync terminee avec succes
2026-09-27 11:43:39 [PcorgSync] INFO Lancement sync incremental
2026-09-27 11:43:40 [PcorgSync] INFO   ============================================================
2026-09-27 11:43:40 [PcorgSync] INFO   
2026-09-27 11:43:40 [PcorgSync] INFO   Dernier sync : 2026-09-27 09:38:26.757000
2026-09-27 11:43:40 [PcorgSync] INFO   Connexion SQL Server...
2026-09-27 11:43:40 [PcorgSync] INFO     Driver ODBC : ODBC Driver 18 for SQL Server
2026-09-27 11:43:40 [PcorgSync] INFO     Port résolu via SQL Browser : 65422
2026-09-27 11:43:40 [PcorgSync] INFO     Connecté à 10.34.0.4,65422
2026-09-27 11:43:40 [PcorgSync] INFO   Récupération par lots de 1000...
2026-09-27 11:43:40 [PcorgSync] INFO   
2026-09-27 11:43:40 [PcorgSync] INFO   Aucun nouveau message. Rien à synchroniser.
2026-09-27 11:43:40 [PcorgSync] INFO Sync terminee avec succes
2026-09-27 11:48:14 [PcorgSync] INFO Lancement sync incremental
2026-09-27 11:48:15 [PcorgSync] INFO     Documents upsertés : 3
2026-09-27 11:48:15 [PcorgSync] INFO     Répartition par événement :
2026-09-27 11:48:15 [PcorgSync] INFO       24H CAMIONS 2026: 3
2026-09-27 11:48:15 [PcorgSync] INFO     Répartition par catégorie :
2026-09-27 11:48:15 [PcorgSync] INFO       PCO.Secours: 2
2026-09-27 11:48:15 [PcorgSync] INFO       PCO.Securite: 1
2026-09-27 11:48:15 [PcorgSync] INFO     Curseur DateWrite : 2026-09-27 09:47:59.507000
2026-09-27 11:48:15 [PcorgSync] INFO     Config pcorg : aucune nouvelle valeur
2026-09-27 11:48:15 [PcorgSync] INFO     Total en base : 29840 docs (29840 attribués, 2827 avec GPS)
2026-09-27 11:48:15 [PcorgSync] INFO   ============================================================
2026-09-27 11:48:15 [PcorgSync] INFO Sync terminee avec succes
2026-09-27 11:53:24 [PcorgSync] INFO Lancement sync incremental
2026-09-27 11:53:25 [PcorgSync] INFO     Répartition par événement :
2026-09-27 11:53:25 [PcorgSync] INFO       24H CAMIONS 2026: 3
2026-09-27 11:53:25 [PcorgSync] INFO     Répartition par catégorie :
2026-09-27 11:53:25 [PcorgSync] INFO       PCO.Secours: 1
2026-09-27 11:53:25 [PcorgSync] INFO       PCO.Information: 1
2026-09-27 11:53:25 [PcorgSync] INFO       PCO.Securite: 1
2026-09-27 11:53:25 [PcorgSync] INFO     Curseur DateWrite : 2026-09-27 09:51:55.320000
2026-09-27 11:53:25 [PcorgSync] INFO     Config pcorg : aucune nouvelle valeur
2026-09-27 11:53:25 [PcorgSync] INFO     Total en base : 29841 docs (29841 attribués, 2828 avec GPS)
2026-09-27 11:53:25 [PcorgSync] INFO   ============================================================
2026-09-27 11:53:25 [PcorgSync] INFO Sync terminee avec succes
2026-09-27 11:58:39 [PcorgSync] INFO Lancement sync incremental
2026-09-27 11:58:40 [PcorgSync] INFO   ============================================================
2026-09-27 11:58:40 [PcorgSync] INFO   
2026-09-27 11:58:40 [PcorgSync] INFO   Dernier sync : 2026-09-27 09:51:55.320000
2026-09-27 11:58:40 [PcorgSync] INFO   Connexion SQL Server...
2026-09-27 11:58:40 [PcorgSync] INFO     Driver ODBC : ODBC Driver 18 for SQL Server
2026-09-27 11:58:40 [PcorgSync] INFO     Port résolu via SQL Browser : 65422
2026-09-27 11:58:40 [PcorgSync] INFO     Connecté à 10.34.0.4,65422
2026-09-27 11:58:40 [PcorgSync] INFO   Récupération par lots de 1000...
2026-09-27 11:58:40 [PcorgSync] INFO   
2026-09-27 11:58:40 [PcorgSync] INFO   Aucun nouveau message. Rien à synchroniser.
2026-09-27 11:58:40 [PcorgSync] INFO Sync terminee avec succes
2026-09-27 12:03:14 [PcorgSync] INFO Lancement sync incremental
2026-09-27 12:03:16 [PcorgSync] INFO     Documents upsertés : 2
2026-09-27 12:03:16 [PcorgSync] INFO     Répartition par événement :
2026-09-27 12:03:16 [PcorgSync] INFO       24H CAMIONS 2026: 2
2026-09-27 12:03:16 [PcorgSync] INFO     Répartition par catégorie :
2026-09-27 12:03:16 [PcorgSync] INFO       PCO.Securite: 1
2026-09-27 12:03:16 [PcorgSync] INFO       PCO.Technique: 1
2026-09-27 12:03:16 [PcorgSync] INFO     Curseur DateWrite : 2026-09-27 10:00:14.643000
2026-09-27 12:03:16 [PcorgSync] INFO     Config pcorg : aucune nouvelle valeur
2026-09-27 12:03:16 [PcorgSync] INFO     Total en base : 29841 docs (29841 attribués, 2828 avec GPS)
2026-09-27 12:03:16 [PcorgSync] INFO   ============================================================
2026-09-27 12:03:16 [PcorgSync] INFO Sync terminee avec succes
2026-09-27 12:08:44 [PcorgSync] INFO Lancement sync incremental
2026-09-27 12:08:46 [PcorgSync] INFO     Répartition par événement :
2026-09-27 12:08:46 [PcorgSync] INFO       24H CAMIONS 2026: 4
2026-09-27 12:08:46 [PcorgSync] INFO     Répartition par catégorie :
2026-09-27 12:08:46 [PcorgSync] INFO       PCO.Secours: 2
2026-09-27 12:08:46 [PcorgSync] INFO       PCO.Technique: 1
2026-09-27 12:08:46 [PcorgSync] INFO       PCO.Securite: 1
2026-09-27 12:08:46 [PcorgSync] INFO     Curseur DateWrite : 2026-09-27 10:08:22.283000
2026-09-27 12:08:46 [PcorgSync] INFO     Config pcorg : aucune nouvelle valeur
2026-09-27 12:08:46 [PcorgSync] INFO     Total en base : 29841 docs (29841 attribués, 2828 avec GPS)
2026-09-27 12:08:46 [PcorgSync] INFO   ============================================================
2026-09-27 12:08:46 [PcorgSync] INFO Sync terminee avec succes
2026-09-27 12:13:29 [PcorgSync] INFO Lancement sync incremental
2026-09-27 12:13:30 [PcorgSync] INFO     Documents upsertés : 2
2026-09-27 12:13:30 [PcorgSync] INFO     Répartition par événement :
2026-09-27 12:13:30 [PcorgSync] INFO       24H CAMIONS 2026: 2
2026-09-27 12:13:30 [PcorgSync] INFO     Répartition par catégorie :
2026-09-27 12:13:30 [PcorgSync] INFO       PCO.Secours: 1
2026-09-27 12:13:30 [PcorgSync] INFO       PCO.Technique: 1
2026-09-27 12:13:30 [PcorgSync] INFO     Curseur DateWrite : 2026-09-27 10:10:56.770000
2026-09-27 12:13:30 [PcorgSync] INFO     Config pcorg : aucune nouvelle valeur
2026-09-27 12:13:30 [PcorgSync] INFO     Total en base : 29841 docs (29841 attribués, 2828 avec GPS)
2026-09-27 12:13:30 [PcorgSync] INFO   ============================================================
2026-09-27 12:13:30 [PcorgSync] INFO Sync terminee avec succes
2026-09-27 12:18:14 [PcorgSync] INFO Lancement sync incremental
2026-09-27 12:18:15 [PcorgSync] INFO   ============================================================
2026-09-27 12:18:15 [PcorgSync] INFO   
2026-09-27 12:18:15 [PcorgSync] INFO   Dernier sync : 2026-09-27 10:10:56.770000
2026-09-27 12:18:15 [PcorgSync] INFO   Connexion SQL Server...
2026-09-27 12:18:15 [PcorgSync] INFO     Driver ODBC : ODBC Driver 18 for SQL Server
2026-09-27 12:18:15 [PcorgSync] INFO     Port résolu via SQL Browser : 65422
2026-09-27 12:18:15 [PcorgSync] INFO     Connecté à 10.34.0.4,65422
2026-09-27 12:18:15 [PcorgSync] INFO   Récupération par lots de 1000...
2026-09-27 12:18:15 [PcorgSync] INFO   
2026-09-27 12:18:15 [PcorgSync] INFO   Aucun nouveau message. Rien à synchroniser.
2026-09-27 12:18:15 [PcorgSync] INFO Sync terminee avec succes
2026-09-27 12:23:24 [PcorgSync] INFO Lancement sync incremental
2026-09-27 12:23:26 [PcorgSync] INFO     Messages SQL récupérés : 1
2026-09-27 12:23:26 [PcorgSync] INFO     Documents upsertés : 1
2026-09-27 12:23:26 [PcorgSync] INFO     Répartition par événement :
2026-09-27 12:23:26 [PcorgSync] INFO       24H CAMIONS 2026: 1
2026-09-27 12:23:26 [PcorgSync] INFO     Répartition par catégorie :
2026-09-27 12:23:26 [PcorgSync] INFO       PCO.Technique: 1
2026-09-27 12:23:26 [PcorgSync] INFO     Curseur DateWrite : 2026-09-27 10:21:08.900000
2026-09-27 12:23:26 [PcorgSync] INFO     Config pcorg : aucune nouvelle valeur
2026-09-27 12:23:26 [PcorgSync] INFO     Total en base : 29841 docs (29841 attribués, 2828 avec GPS)
2026-09-27 12:23:26 [PcorgSync] INFO   ============================================================
2026-09-27 12:23:26 [PcorgSync] INFO Sync terminee avec succes
2026-09-27 12:28:39 [PcorgSync] INFO Lancement sync incremental
2026-09-27 12:28:41 [PcorgSync] INFO     Messages SQL récupérés : 1
2026-09-27 12:28:41 [PcorgSync] INFO     Documents upsertés : 1
2026-09-27 12:28:41 [PcorgSync] INFO     Répartition par événement :
2026-09-27 12:28:41 [PcorgSync] INFO       24H CAMIONS 2026: 1
2026-09-27 12:28:41 [PcorgSync] INFO     Répartition par catégorie :
2026-09-27 12:28:41 [PcorgSync] INFO       PCO.Securite: 1
2026-09-27 12:28:41 [PcorgSync] INFO     Curseur DateWrite : 2026-09-27 10:24:20.427000
2026-09-27 12:28:41 [PcorgSync] INFO     Config pcorg : aucune nouvelle valeur
2026-09-27 12:28:41 [PcorgSync] INFO     Total en base : 29841 docs (29841 attribués, 2828 avec GPS)
2026-09-27 12:28:41 [PcorgSync] INFO   ============================================================
2026-09-27 12:28:41 [PcorgSync] INFO Sync terminee avec succes
2026-09-27 12:33:29 [PcorgSync] INFO Lancement sync incremental
2026-09-27 12:33:30 [PcorgSync] INFO     Documents upsertés : 3
2026-09-27 12:33:30 [PcorgSync] INFO     Répartition par événement :
2026-09-27 12:33:30 [PcorgSync] INFO       24H CAMIONS 2026: 3
2026-09-27 12:33:30 [PcorgSync] INFO     Répartition par catégorie :
2026-09-27 12:33:30 [PcorgSync] INFO       PCO.Technique: 2
2026-09-27 12:33:30 [PcorgSync] INFO       PCO.Fourriere: 1
2026-09-27 12:33:30 [PcorgSync] INFO     Curseur DateWrite : 2026-09-27 10:33:29.487000
2026-09-27 12:33:30 [PcorgSync] INFO     Config pcorg : aucune nouvelle valeur
2026-09-27 12:33:30 [PcorgSync] INFO     Total en base : 29843 docs (29843 attribués, 2830 avec GPS)
2026-09-27 12:33:30 [PcorgSync] INFO   ============================================================
2026-09-27 12:33:30 [PcorgSync] INFO Sync terminee avec succes
2026-09-27 12:38:44 [PcorgSync] INFO Lancement sync incremental
2026-09-27 12:38:45 [PcorgSync] INFO   ============================================================
2026-09-27 12:38:45 [PcorgSync] INFO   
2026-09-27 12:38:45 [PcorgSync] INFO   Dernier sync : 2026-09-27 10:33:29.487000
2026-09-27 12:38:45 [PcorgSync] INFO   Connexion SQL Server...
2026-09-27 12:38:45 [PcorgSync] INFO     Driver ODBC : ODBC Driver 18 for SQL Server
2026-09-27 12:38:45 [PcorgSync] INFO     Port résolu via SQL Browser : 65422
2026-09-27 12:38:45 [PcorgSync] INFO     Connecté à 10.34.0.4,65422
2026-09-27 12:38:45 [PcorgSync] INFO   Récupération par lots de 1000...
2026-09-27 12:38:45 [PcorgSync] INFO   
2026-09-27 12:38:45 [PcorgSync] INFO   Aucun nouveau message. Rien à synchroniser.
2026-09-27 12:38:45 [PcorgSync] INFO Sync terminee avec succes
2026-09-27 12:43:29 [PcorgSync] INFO Lancement sync incremental
2026-09-27 12:43:30 [PcorgSync] INFO     Messages SQL récupérés : 1
2026-09-27 12:43:30 [PcorgSync] INFO     Documents upsertés : 1
2026-09-27 12:43:30 [PcorgSync] INFO     Répartition par événement :
2026-09-27 12:43:30 [PcorgSync] INFO       24H CAMIONS 2026: 1
2026-09-27 12:43:30 [PcorgSync] INFO     Répartition par catégorie :
2026-09-27 12:43:30 [PcorgSync] INFO       PCO.Fourriere: 1
2026-09-27 12:43:30 [PcorgSync] INFO     Curseur DateWrite : 2026-09-27 10:41:49.840000
2026-09-27 12:43:30 [PcorgSync] INFO     Config pcorg : aucune nouvelle valeur
2026-09-27 12:43:30 [PcorgSync] INFO     Total en base : 29844 docs (29844 attribués, 2831 avec GPS)
2026-09-27 12:43:30 [PcorgSync] INFO   ============================================================
2026-09-27 12:43:30 [PcorgSync] INFO Sync terminee avec succes
2026-09-27 12:48:14 [PcorgSync] INFO Lancement sync incremental
2026-09-27 12:48:15 [PcorgSync] INFO     Documents upsertés : 2
2026-09-27 12:48:15 [PcorgSync] INFO     Répartition par événement :
2026-09-27 12:48:15 [PcorgSync] INFO       24H CAMIONS 2026: 2
2026-09-27 12:48:15 [PcorgSync] INFO     Répartition par catégorie :
2026-09-27 12:48:15 [PcorgSync] INFO       PCO.Technique: 1
2026-09-27 12:48:15 [PcorgSync] INFO       PCO.Information: 1
2026-09-27 12:48:15 [PcorgSync] INFO     Curseur DateWrite : 2026-09-27 10:47:18.210000
2026-09-27 12:48:15 [PcorgSync] INFO     Config pcorg : aucune nouvelle valeur
2026-09-27 12:48:15 [PcorgSync] INFO     Total en base : 29845 docs (29845 attribués, 2831 avec GPS)
2026-09-27 12:48:15 [PcorgSync] INFO   ============================================================
2026-09-27 12:48:15 [PcorgSync] INFO Sync terminee avec succes
2026-09-27 12:53:24 [PcorgSync] INFO Lancement sync incremental
2026-09-27 12:53:26 [PcorgSync] INFO     Messages SQL récupérés : 2
2026-09-27 12:53:26 [PcorgSync] INFO     Documents upsertés : 2
2026-09-27 12:53:26 [PcorgSync] INFO     Répartition par événement :
2026-09-27 12:53:26 [PcorgSync] INFO       24H CAMIONS 2026: 2
2026-09-27 12:53:26 [PcorgSync] INFO     Répartition par catégorie :
2026-09-27 12:53:26 [PcorgSync] INFO       PCO.Secours: 2
2026-09-27 12:53:26 [PcorgSync] INFO     Curseur DateWrite : 2026-09-27 10:53:11.467000
2026-09-27 12:53:26 [PcorgSync] INFO     Config pcorg : aucune nouvelle valeur
2026-09-27 12:53:26 [PcorgSync] INFO     Total en base : 29847 docs (29847 attribués, 2833 avec GPS)
2026-09-27 12:53:26 [PcorgSync] INFO   ============================================================
2026-09-27 12:53:26 [PcorgSync] INFO Sync terminee avec succes
2026-09-27 12:58:39 [PcorgSync] INFO Lancement sync incremental
2026-09-27 12:58:41 [PcorgSync] INFO     Messages SQL récupérés : 1
2026-09-27 12:58:41 [PcorgSync] INFO     Documents upsertés : 1
2026-09-27 12:58:41 [PcorgSync] INFO     Répartition par événement :
2026-09-27 12:58:41 [PcorgSync] INFO       24H CAMIONS 2026: 1
2026-09-27 12:58:41 [PcorgSync] INFO     Répartition par catégorie :
2026-09-27 12:58:41 [PcorgSync] INFO       PCO.Fourriere: 1
2026-09-27 12:58:41 [PcorgSync] INFO     Curseur DateWrite : 2026-09-27 10:55:33.517000
2026-09-27 12:58:41 [PcorgSync] INFO     Config pcorg : aucune nouvelle valeur
2026-09-27 12:58:41 [PcorgSync] INFO     Total en base : 29848 docs (29848 attribués, 2834 avec GPS)
2026-09-27 12:58:41 [PcorgSync] INFO   ============================================================
2026-09-27 12:58:41 [PcorgSync] INFO Sync terminee avec succes
2026-09-27 13:03:29 [PcorgSync] INFO Lancement sync incremental
2026-09-27 13:03:30 [PcorgSync] INFO     Messages SQL récupérés : 2
2026-09-27 13:03:30 [PcorgSync] INFO     Documents upsertés : 2
2026-09-27 13:03:30 [PcorgSync] INFO     Répartition par événement :
2026-09-27 13:03:30 [PcorgSync] INFO       24H CAMIONS 2026: 2
2026-09-27 13:03:30 [PcorgSync] INFO     Répartition par catégorie :
2026-09-27 13:03:30 [PcorgSync] INFO       PCO.Technique: 2
2026-09-27 13:03:30 [PcorgSync] INFO     Curseur DateWrite : 2026-09-27 11:03:20.530000
2026-09-27 13:03:30 [PcorgSync] INFO     Config pcorg : aucune nouvelle valeur
2026-09-27 13:03:30 [PcorgSync] INFO     Total en base : 29848 docs (29848 attribués, 2834 avec GPS)
2026-09-27 13:03:30 [PcorgSync] INFO   ============================================================
2026-09-27 13:03:30 [PcorgSync] INFO Sync terminee avec succes
2026-09-27 13:08:44 [PcorgSync] INFO Lancement sync incremental
2026-09-27 13:08:45 [PcorgSync] INFO       24H CAMIONS 2026: 10
2026-09-27 13:08:45 [PcorgSync] INFO     Répartition par catégorie :
2026-09-27 13:08:45 [PcorgSync] INFO       PCO.Secours: 4
2026-09-27 13:08:45 [PcorgSync] INFO       PCO.Securite: 3
2026-09-27 13:08:45 [PcorgSync] INFO       PCO.Technique: 2
2026-09-27 13:08:45 [PcorgSync] INFO       PCO.Information: 1
2026-09-27 13:08:45 [PcorgSync] INFO     Curseur DateWrite : 2026-09-27 11:08:04.983000
2026-09-27 13:08:45 [PcorgSync] INFO     Config pcorg : aucune nouvelle valeur
2026-09-27 13:08:45 [PcorgSync] INFO     Total en base : 29848 docs (29848 attribués, 2834 avec GPS)
2026-09-27 13:08:45 [PcorgSync] INFO   ============================================================
2026-09-27 13:08:45 [PcorgSync] INFO Sync terminee avec succes
2026-09-27 13:13:29 [PcorgSync] INFO Lancement sync incremental
2026-09-27 13:13:30 [PcorgSync] INFO     Documents upsertés : 4
2026-09-27 13:13:30 [PcorgSync] INFO     Répartition par événement :
2026-09-27 13:13:30 [PcorgSync] INFO       24H CAMIONS 2026: 4
2026-09-27 13:13:30 [PcorgSync] INFO     Répartition par catégorie :
2026-09-27 13:13:30 [PcorgSync] INFO       PCO.Technique: 3
2026-09-27 13:13:30 [PcorgSync] INFO       PCO.Information: 1
2026-09-27 13:13:30 [PcorgSync] INFO     Curseur DateWrite : 2026-09-27 11:13:05.943000
2026-09-27 13:13:30 [PcorgSync] INFO     Config pcorg : aucune nouvelle valeur
2026-09-27 13:13:30 [PcorgSync] INFO     Total en base : 29849 docs (29849 attribués, 2835 avec GPS)
2026-09-27 13:13:30 [PcorgSync] INFO   ============================================================
2026-09-27 13:13:30 [PcorgSync] INFO Sync terminee avec succes
2026-09-27 13:18:14 [PcorgSync] INFO Lancement sync incremental
2026-09-27 13:18:16 [PcorgSync] INFO     Messages SQL récupérés : 1
2026-09-27 13:18:16 [PcorgSync] INFO     Documents upsertés : 1
2026-09-27 13:18:16 [PcorgSync] INFO     Répartition par événement :
2026-09-27 13:18:16 [PcorgSync] INFO       24H CAMIONS 2026: 1
2026-09-27 13:18:16 [PcorgSync] INFO     Répartition par catégorie :
2026-09-27 13:18:16 [PcorgSync] INFO       PCO.Technique: 1
2026-09-27 13:18:16 [PcorgSync] INFO     Curseur DateWrite : 2026-09-27 11:13:05.943000
2026-09-27 13:18:16 [PcorgSync] INFO     Config pcorg : aucune nouvelle valeur
2026-09-27 13:18:16 [PcorgSync] INFO     Total en base : 29849 docs (29849 attribués, 2835 avec GPS)
2026-09-27 13:18:16 [PcorgSync] INFO   ============================================================
2026-09-27 13:18:16 [PcorgSync] INFO Sync terminee avec succes
2026-09-27 13:23:44 [PcorgSync] INFO Lancement sync incremental
2026-09-27 13:23:45 [PcorgSync] INFO     Documents upsertés : 2
2026-09-27 13:23:45 [PcorgSync] INFO     Répartition par événement :
2026-09-27 13:23:45 [PcorgSync] INFO       24H CAMIONS 2026: 2
2026-09-27 13:23:45 [PcorgSync] INFO     Répartition par catégorie :
2026-09-27 13:23:45 [PcorgSync] INFO       PCO.Technique: 1
2026-09-27 13:23:45 [PcorgSync] INFO       PCO.Fourriere: 1
2026-09-27 13:23:45 [PcorgSync] INFO     Curseur DateWrite : 2026-09-27 11:19:23.743000
2026-09-27 13:23:45 [PcorgSync] INFO     Config pcorg : aucune nouvelle valeur
2026-09-27 13:23:45 [PcorgSync] INFO     Total en base : 29850 docs (29850 attribués, 2836 avec GPS)
2026-09-27 13:23:45 [PcorgSync] INFO   ============================================================
2026-09-27 13:23:45 [PcorgSync] INFO Sync terminee avec succes
2026-09-27 13:28:14 [PcorgSync] INFO Lancement sync incremental
2026-09-27 13:28:15 [PcorgSync] INFO     Documents upsertés : 2
2026-09-27 13:28:15 [PcorgSync] INFO     Répartition par événement :
2026-09-27 13:28:15 [PcorgSync] INFO       24H CAMIONS 2026: 2
2026-09-27 13:28:15 [PcorgSync] INFO     Répartition par catégorie :
2026-09-27 13:28:15 [PcorgSync] INFO       PCO.Fourriere: 1
2026-09-27 13:28:15 [PcorgSync] INFO       PCO.Technique: 1
2026-09-27 13:28:15 [PcorgSync] INFO     Curseur DateWrite : 2026-09-27 11:26:59.553000
2026-09-27 13:28:15 [PcorgSync] INFO     Config pcorg : aucune nouvelle valeur
2026-09-27 13:28:15 [PcorgSync] INFO     Total en base : 29850 docs (29850 attribués, 2836 avec GPS)
2026-09-27 13:28:15 [PcorgSync] INFO   ============================================================
2026-09-27 13:28:15 [PcorgSync] INFO Sync terminee avec succes
2026-09-27 13:33:14 [PcorgSync] INFO Lancement sync incremental
2026-09-27 13:33:15 [PcorgSync] INFO     Documents upsertés : 2
2026-09-27 13:33:15 [PcorgSync] INFO     Répartition par événement :
2026-09-27 13:33:15 [PcorgSync] INFO       24H CAMIONS 2026: 2
2026-09-27 13:33:15 [PcorgSync] INFO     Répartition par catégorie :
2026-09-27 13:33:15 [PcorgSync] INFO       PCO.Technique: 1
2026-09-27 13:33:15 [PcorgSync] INFO       PCO.Securite: 1
2026-09-27 13:33:15 [PcorgSync] INFO     Curseur DateWrite : 2026-09-27 11:32:37.717000
2026-09-27 13:33:15 [PcorgSync] INFO     Config pcorg : aucune nouvelle valeur
2026-09-27 13:33:15 [PcorgSync] INFO     Total en base : 29851 docs (29851 attribués, 2837 avec GPS)
2026-09-27 13:33:15 [PcorgSync] INFO   ============================================================
2026-09-27 13:33:15 [PcorgSync] INFO Sync terminee avec succes
2026-09-27 13:38:39 [PcorgSync] INFO Lancement sync incremental
2026-09-27 13:38:41 [PcorgSync] INFO     Messages SQL récupérés : 1
2026-09-27 13:38:41 [PcorgSync] INFO     Documents upsertés : 1
2026-09-27 13:38:41 [PcorgSync] INFO     Répartition par événement :
2026-09-27 13:38:41 [PcorgSync] INFO       24H CAMIONS 2026: 1
2026-09-27 13:38:41 [PcorgSync] INFO     Répartition par catégorie :
2026-09-27 13:38:41 [PcorgSync] INFO       PCO.Technique: 1
2026-09-27 13:38:41 [PcorgSync] INFO     Curseur DateWrite : 2026-09-27 11:36:36.777000
2026-09-27 13:38:41 [PcorgSync] INFO     Config pcorg : aucune nouvelle valeur
2026-09-27 13:38:41 [PcorgSync] INFO     Total en base : 29852 docs (29852 attribués, 2838 avec GPS)
2026-09-27 13:38:41 [PcorgSync] INFO   ============================================================
2026-09-27 13:38:41 [PcorgSync] INFO Sync terminee avec succes
2026-09-27 13:43:39 [PcorgSync] INFO Lancement sync incremental
2026-09-27 13:43:41 [PcorgSync] INFO     Documents upsertés : 2
2026-09-27 13:43:41 [PcorgSync] INFO     Répartition par événement :
2026-09-27 13:43:41 [PcorgSync] INFO       24H CAMIONS 2026: 2
2026-09-27 13:43:41 [PcorgSync] INFO     Répartition par catégorie :
2026-09-27 13:43:41 [PcorgSync] INFO       PCO.Technique: 1
2026-09-27 13:43:41 [PcorgSync] INFO       PCO.Fourriere: 1
2026-09-27 13:43:41 [PcorgSync] INFO     Curseur DateWrite : 2026-09-27 11:43:38.103000
2026-09-27 13:43:41 [PcorgSync] INFO     Config pcorg : aucune nouvelle valeur
2026-09-27 13:43:41 [PcorgSync] INFO     Total en base : 29853 docs (29853 attribués, 2839 avec GPS)
2026-09-27 13:43:41 [PcorgSync] INFO   ============================================================
2026-09-27 13:43:41 [PcorgSync] INFO Sync terminee avec succes
2026-09-27 13:48:14 [PcorgSync] INFO Lancement sync incremental
2026-09-27 13:48:15 [PcorgSync] INFO     Documents upsertés : 2
2026-09-27 13:48:15 [PcorgSync] INFO     Répartition par événement :
2026-09-27 13:48:15 [PcorgSync] INFO       24H CAMIONS 2026: 2
2026-09-27 13:48:15 [PcorgSync] INFO     Répartition par catégorie :
2026-09-27 13:48:15 [PcorgSync] INFO       PCO.Fourriere: 1
2026-09-27 13:48:15 [PcorgSync] INFO       PCO.Securite: 1
2026-09-27 13:48:15 [PcorgSync] INFO     Curseur DateWrite : 2026-09-27 11:43:44.390000
2026-09-27 13:48:15 [PcorgSync] INFO     Config pcorg : aucune nouvelle valeur
2026-09-27 13:48:15 [PcorgSync] INFO     Total en base : 29853 docs (29853 attribués, 2839 avec GPS)
2026-09-27 13:48:15 [PcorgSync] INFO   ============================================================
2026-09-27 13:48:15 [PcorgSync] INFO Sync terminee avec succes
2026-09-27 13:53:39 [PcorgSync] INFO Lancement sync incremental
2026-09-27 13:53:41 [PcorgSync] INFO     Messages SQL récupérés : 1
2026-09-27 13:53:41 [PcorgSync] INFO     Documents upsertés : 1
2026-09-27 13:53:41 [PcorgSync] INFO     Répartition par événement :
2026-09-27 13:53:41 [PcorgSync] INFO       24H CAMIONS 2026: 1
2026-09-27 13:53:41 [PcorgSync] INFO     Répartition par catégorie :
2026-09-27 13:53:41 [PcorgSync] INFO       PCO.Technique: 1
2026-09-27 13:53:41 [PcorgSync] INFO     Curseur DateWrite : 2026-09-27 11:53:27.677000
2026-09-27 13:53:41 [PcorgSync] INFO     Config pcorg : aucune nouvelle valeur
2026-09-27 13:53:41 [PcorgSync] INFO     Total en base : 29854 docs (29854 attribués, 2840 avec GPS)
2026-09-27 13:53:41 [PcorgSync] INFO   ============================================================
2026-09-27 13:53:41 [PcorgSync] INFO Sync terminee avec succes
2026-09-27 13:58:14 [PcorgSync] INFO Lancement sync incremental
2026-09-27 13:58:15 [PcorgSync] INFO     Messages SQL récupérés : 1
2026-09-27 13:58:15 [PcorgSync] INFO     Documents upsertés : 1
2026-09-27 13:58:15 [PcorgSync] INFO     Répartition par événement :
2026-09-27 13:58:15 [PcorgSync] INFO       24H CAMIONS 2026: 1
2026-09-27 13:58:15 [PcorgSync] INFO     Répartition par catégorie :
2026-09-27 13:58:15 [PcorgSync] INFO       PCO.Information: 1
2026-09-27 13:58:15 [PcorgSync] INFO     Curseur DateWrite : 2026-09-27 11:54:36.073000
2026-09-27 13:58:15 [PcorgSync] INFO     Config pcorg : aucune nouvelle valeur
2026-09-27 13:58:15 [PcorgSync] INFO     Total en base : 29855 docs (29855 attribués, 2840 avec GPS)
2026-09-27 13:58:15 [PcorgSync] INFO   ============================================================
2026-09-27 13:58:15 [PcorgSync] INFO Sync terminee avec succes
2026-09-27 14:03:24 [PcorgSync] INFO Lancement sync incremental
2026-09-27 14:03:27 [PcorgSync] INFO     Messages SQL récupérés : 1
2026-09-27 14:03:27 [PcorgSync] INFO     Documents upsertés : 1
2026-09-27 14:03:27 [PcorgSync] INFO     Répartition par événement :
2026-09-27 14:03:27 [PcorgSync] INFO       24H CAMIONS 2026: 1
2026-09-27 14:03:27 [PcorgSync] INFO     Répartition par catégorie :
2026-09-27 14:03:27 [PcorgSync] INFO       PCO.Information: 1
2026-09-27 14:03:27 [PcorgSync] INFO     Curseur DateWrite : 2026-09-27 11:54:36.073000
2026-09-27 14:03:27 [PcorgSync] INFO     Config pcorg : aucune nouvelle valeur
2026-09-27 14:03:27 [PcorgSync] INFO     Total en base : 29855 docs (29855 attribués, 2840 avec GPS)
2026-09-27 14:03:27 [PcorgSync] INFO   ============================================================
2026-09-27 14:03:27 [PcorgSync] INFO Sync terminee avec succes
2026-09-27 14:08:59 [PcorgSync] INFO Lancement sync incremental
2026-09-27 14:09:01 [PcorgSync] INFO     Répartition par événement :
2026-09-27 14:09:01 [PcorgSync] INFO       24H CAMIONS 2026: 3
2026-09-27 14:09:01 [PcorgSync] INFO     Répartition par catégorie :
2026-09-27 14:09:01 [PcorgSync] INFO       PCO.Information: 1
2026-09-27 14:09:01 [PcorgSync] INFO       PCO.Technique: 1
2026-09-27 14:09:01 [PcorgSync] INFO       PCO.Fourriere: 1
2026-09-27 14:09:01 [PcorgSync] INFO     Curseur DateWrite : 2026-09-27 12:06:52.597000
2026-09-27 14:09:01 [PcorgSync] INFO     Config pcorg enrichie : 1 nouvelle(s) valeur(s) ajoutee(s)
2026-09-27 14:09:01 [PcorgSync] INFO     Total en base : 29857 docs (29857 attribués, 2842 avec GPS)
2026-09-27 14:09:01 [PcorgSync] INFO   ============================================================
2026-09-27 14:09:01 [PcorgSync] INFO Sync terminee avec succes
2026-09-27 14:13:39 [PcorgSync] INFO Lancement sync incremental
2026-09-27 14:13:40 [PcorgSync] INFO   ============================================================
2026-09-27 14:13:40 [PcorgSync] INFO   
2026-09-27 14:13:40 [PcorgSync] INFO   Dernier sync : 2026-09-27 12:06:52.597000
2026-09-27 14:13:40 [PcorgSync] INFO   Connexion SQL Server...
2026-09-27 14:13:40 [PcorgSync] INFO     Driver ODBC : ODBC Driver 18 for SQL Server
2026-09-27 14:13:40 [PcorgSync] INFO     Port résolu via SQL Browser : 65422
2026-09-27 14:13:40 [PcorgSync] INFO     Connecté à 10.34.0.4,65422
2026-09-27 14:13:40 [PcorgSync] INFO   Récupération par lots de 1000...
2026-09-27 14:13:40 [PcorgSync] INFO   
2026-09-27 14:13:40 [PcorgSync] INFO   Aucun nouveau message. Rien à synchroniser.
2026-09-27 14:13:40 [PcorgSync] INFO Sync terminee avec succes
2026-09-27 14:18:29 [PcorgSync] INFO Lancement sync incremental
2026-09-27 14:18:30 [PcorgSync] INFO     Messages SQL récupérés : 1
2026-09-27 14:18:30 [PcorgSync] INFO     Documents upsertés : 1
2026-09-27 14:18:30 [PcorgSync] INFO     Répartition par événement :
2026-09-27 14:18:30 [PcorgSync] INFO       24H CAMIONS 2026: 1
2026-09-27 14:18:30 [PcorgSync] INFO     Répartition par catégorie :
2026-09-27 14:18:30 [PcorgSync] INFO       PCO.Technique: 1
2026-09-27 14:18:30 [PcorgSync] INFO     Curseur DateWrite : 2026-09-27 12:17:35.857000
2026-09-27 14:18:30 [PcorgSync] INFO     Config pcorg : aucune nouvelle valeur
2026-09-27 14:18:30 [PcorgSync] INFO     Total en base : 29857 docs (29857 attribués, 2842 avec GPS)
2026-09-27 14:18:30 [PcorgSync] INFO   ============================================================
2026-09-27 14:18:30 [PcorgSync] INFO Sync terminee avec succes
2026-09-27 14:23:44 [PcorgSync] INFO Lancement sync incremental
2026-09-27 14:23:45 [PcorgSync] INFO   ============================================================
2026-09-27 14:23:45 [PcorgSync] INFO   
2026-09-27 14:23:45 [PcorgSync] INFO   Dernier sync : 2026-09-27 12:17:35.857000
2026-09-27 14:23:45 [PcorgSync] INFO   Connexion SQL Server...
2026-09-27 14:23:45 [PcorgSync] INFO     Driver ODBC : ODBC Driver 18 for SQL Server
2026-09-27 14:23:45 [PcorgSync] INFO     Port résolu via SQL Browser : 65422
2026-09-27 14:23:45 [PcorgSync] INFO     Connecté à 10.34.0.4,65422
2026-09-27 14:23:45 [PcorgSync] INFO   Récupération par lots de 1000...
2026-09-27 14:23:45 [PcorgSync] INFO   
2026-09-27 14:23:45 [PcorgSync] INFO   Aucun nouveau message. Rien à synchroniser.
2026-09-27 14:23:45 [PcorgSync] INFO Sync terminee avec succes
2026-09-27 14:28:14 [PcorgSync] INFO Lancement sync incremental
2026-09-27 14:28:15 [PcorgSync] INFO   ============================================================
2026-09-27 14:28:15 [PcorgSync] INFO   
2026-09-27 14:28:15 [PcorgSync] INFO   Dernier sync : 2026-09-27 12:17:35.857000
2026-09-27 14:28:15 [PcorgSync] INFO   Connexion SQL Server...
2026-09-27 14:28:15 [PcorgSync] INFO     Driver ODBC : ODBC Driver 18 for SQL Server
2026-09-27 14:28:15 [PcorgSync] INFO     Port résolu via SQL Browser : 65422
2026-09-27 14:28:15 [PcorgSync] INFO     Connecté à 10.34.0.4,65422
2026-09-27 14:28:15 [PcorgSync] INFO   Récupération par lots de 1000...
2026-09-27 14:28:15 [PcorgSync] INFO   
2026-09-27 14:28:15 [PcorgSync] INFO   Aucun nouveau message. Rien à synchroniser.
2026-09-27 14:28:15 [PcorgSync] INFO Sync terminee avec succes
2026-09-27 14:33:39 [PcorgSync] INFO Lancement sync incremental
2026-09-27 14:33:41 [PcorgSync] INFO     Messages SQL récupérés : 1
2026-09-27 14:33:41 [PcorgSync] INFO     Documents upsertés : 1
2026-09-27 14:33:41 [PcorgSync] INFO     Répartition par événement :
2026-09-27 14:33:41 [PcorgSync] INFO       24H CAMIONS 2026: 1
2026-09-27 14:33:41 [PcorgSync] INFO     Répartition par catégorie :
2026-09-27 14:33:41 [PcorgSync] INFO       PCO.Technique: 1
2026-09-27 14:33:41 [PcorgSync] INFO     Curseur DateWrite : 2026-09-27 12:30:54.793000
2026-09-27 14:33:41 [PcorgSync] INFO     Config pcorg : aucune nouvelle valeur
2026-09-27 14:33:41 [PcorgSync] INFO     Total en base : 29857 docs (29857 attribués, 2842 avec GPS)
2026-09-27 14:33:41 [PcorgSync] INFO   ============================================================
2026-09-27 14:33:41 [PcorgSync] INFO Sync terminee avec succes
2026-09-27 14:38:44 [PcorgSync] INFO Lancement sync incremental
2026-09-27 14:38:46 [PcorgSync] INFO     Messages SQL récupérés : 1
2026-09-27 14:38:46 [PcorgSync] INFO     Documents upsertés : 1
2026-09-27 14:38:46 [PcorgSync] INFO     Répartition par événement :
2026-09-27 14:38:46 [PcorgSync] INFO       24H CAMIONS 2026: 1
2026-09-27 14:38:46 [PcorgSync] INFO     Répartition par catégorie :
2026-09-27 14:38:46 [PcorgSync] INFO       PCO.Technique: 1
2026-09-27 14:38:46 [PcorgSync] INFO     Curseur DateWrite : 2026-09-27 12:30:54.793000
2026-09-27 14:38:46 [PcorgSync] INFO     Config pcorg : aucune nouvelle valeur
2026-09-27 14:38:46 [PcorgSync] INFO     Total en base : 29857 docs (29857 attribués, 2842 avec GPS)
2026-09-27 14:38:46 [PcorgSync] INFO   ============================================================
2026-09-27 14:38:46 [PcorgSync] INFO Sync terminee avec succes
2026-09-27 14:43:39 [PcorgSync] INFO Lancement sync incremental
2026-09-27 14:43:41 [PcorgSync] INFO     Messages SQL récupérés : 2
2026-09-27 14:43:41 [PcorgSync] INFO     Documents upsertés : 2
2026-09-27 14:43:41 [PcorgSync] INFO     Répartition par événement :
2026-09-27 14:43:41 [PcorgSync] INFO       24H CAMIONS 2026: 2
2026-09-27 14:43:41 [PcorgSync] INFO     Répartition par catégorie :
2026-09-27 14:43:41 [PcorgSync] INFO       PCO.Technique: 2
2026-09-27 14:43:41 [PcorgSync] INFO     Curseur DateWrite : 2026-09-27 12:41:35.970000
2026-09-27 14:43:41 [PcorgSync] INFO     Config pcorg : aucune nouvelle valeur
2026-09-27 14:43:41 [PcorgSync] INFO     Total en base : 29858 docs (29858 attribués, 2843 avec GPS)
2026-09-27 14:43:41 [PcorgSync] INFO   ============================================================
2026-09-27 14:43:41 [PcorgSync] INFO Sync terminee avec succes
2026-09-27 14:48:14 [PcorgSync] INFO Lancement sync incremental
2026-09-27 14:48:15 [PcorgSync] INFO     Messages SQL récupérés : 1
2026-09-27 14:48:15 [PcorgSync] INFO     Documents upsertés : 1
2026-09-27 14:48:15 [PcorgSync] INFO     Répartition par événement :
2026-09-27 14:48:15 [PcorgSync] INFO       24H CAMIONS 2026: 1
2026-09-27 14:48:15 [PcorgSync] INFO     Répartition par catégorie :
2026-09-27 14:48:15 [PcorgSync] INFO       PCO.Securite: 1
2026-09-27 14:48:15 [PcorgSync] INFO     Curseur DateWrite : 2026-09-27 12:47:19.720000
2026-09-27 14:48:15 [PcorgSync] INFO     Config pcorg : aucune nouvelle valeur
2026-09-27 14:48:15 [PcorgSync] INFO     Total en base : 29859 docs (29859 attribués, 2844 avec GPS)
2026-09-27 14:48:15 [PcorgSync] INFO   ============================================================
2026-09-27 14:48:15 [PcorgSync] INFO Sync terminee avec succes
2026-09-27 14:53:24 [PcorgSync] INFO Lancement sync incremental
2026-09-27 14:53:25 [PcorgSync] INFO     Messages SQL récupérés : 1
2026-09-27 14:53:25 [PcorgSync] INFO     Documents upsertés : 1
2026-09-27 14:53:25 [PcorgSync] INFO     Répartition par événement :
2026-09-27 14:53:25 [PcorgSync] INFO       24H CAMIONS 2026: 1
2026-09-27 14:53:25 [PcorgSync] INFO     Répartition par catégorie :
2026-09-27 14:53:25 [PcorgSync] INFO       PCO.Information: 1
2026-09-27 14:53:25 [PcorgSync] INFO     Curseur DateWrite : 2026-09-27 12:51:11.237000
2026-09-27 14:53:25 [PcorgSync] INFO     Config pcorg : aucune nouvelle valeur
2026-09-27 14:53:25 [PcorgSync] INFO     Total en base : 29860 docs (29860 attribués, 2844 avec GPS)
2026-09-27 14:53:25 [PcorgSync] INFO   ============================================================
2026-09-27 14:53:25 [PcorgSync] INFO Sync terminee avec succes
2026-09-27 14:58:38 [PcorgSync] INFO Lancement sync incremental
2026-09-27 14:58:40 [PcorgSync] INFO     Messages SQL récupérés : 1
2026-09-27 14:58:40 [PcorgSync] INFO     Documents upsertés : 1
2026-09-27 14:58:40 [PcorgSync] INFO     Répartition par événement :
2026-09-27 14:58:40 [PcorgSync] INFO       24H CAMIONS 2026: 1
2026-09-27 14:58:40 [PcorgSync] INFO     Répartition par catégorie :
2026-09-27 14:58:40 [PcorgSync] INFO       PCO.Technique: 1
2026-09-27 14:58:40 [PcorgSync] INFO     Curseur DateWrite : 2026-09-27 12:57:44.330000
2026-09-27 14:58:40 [PcorgSync] INFO     Config pcorg : aucune nouvelle valeur
2026-09-27 14:58:40 [PcorgSync] INFO     Total en base : 29860 docs (29860 attribués, 2844 avec GPS)
2026-09-27 14:58:40 [PcorgSync] INFO   ============================================================
2026-09-27 14:58:40 [PcorgSync] INFO Sync terminee avec succes
2026-09-27 15:03:14 [PcorgSync] INFO Lancement sync incremental
2026-09-27 15:03:16 [PcorgSync] INFO     Messages SQL récupérés : 1
2026-09-27 15:03:16 [PcorgSync] INFO     Documents upsertés : 1
2026-09-27 15:03:16 [PcorgSync] INFO     Répartition par événement :
2026-09-27 15:03:16 [PcorgSync] INFO       24H CAMIONS 2026: 1
2026-09-27 15:03:16 [PcorgSync] INFO     Répartition par catégorie :
2026-09-27 15:03:16 [PcorgSync] INFO       PCO.Technique: 1
2026-09-27 15:03:16 [PcorgSync] INFO     Curseur DateWrite : 2026-09-27 13:03:02.487000
2026-09-27 15:03:16 [PcorgSync] INFO     Config pcorg : aucune nouvelle valeur
2026-09-27 15:03:16 [PcorgSync] INFO     Total en base : 29860 docs (29860 attribués, 2844 avec GPS)
2026-09-27 15:03:16 [PcorgSync] INFO   ============================================================
2026-09-27 15:03:16 [PcorgSync] INFO Sync terminee avec succes
2026-09-27 15:08:14 [PcorgSync] INFO Lancement sync incremental
2026-09-27 15:08:15 [PcorgSync] INFO     Messages SQL récupérés : 1
2026-09-27 15:08:15 [PcorgSync] INFO     Documents upsertés : 1
2026-09-27 15:08:15 [PcorgSync] INFO     Répartition par événement :
2026-09-27 15:08:15 [PcorgSync] INFO       24H CAMIONS 2026: 1
2026-09-27 15:08:15 [PcorgSync] INFO     Répartition par catégorie :
2026-09-27 15:08:15 [PcorgSync] INFO       PCO.Technique: 1
2026-09-27 15:08:15 [PcorgSync] INFO     Curseur DateWrite : 2026-09-27 13:03:28.513000
2026-09-27 15:08:15 [PcorgSync] INFO     Config pcorg : aucune nouvelle valeur
2026-09-27 15:08:15 [PcorgSync] INFO     Total en base : 29860 docs (29860 attribués, 2844 avec GPS)
2026-09-27 15:08:15 [PcorgSync] INFO   ============================================================
2026-09-27 15:08:15 [PcorgSync] INFO Sync terminee avec succes
2026-09-27 15:13:38 [PcorgSync] INFO Lancement sync incremental
2026-09-27 15:13:40 [PcorgSync] INFO     Messages SQL récupérés : 1
2026-09-27 15:13:40 [PcorgSync] INFO     Documents upsertés : 1
2026-09-27 15:13:40 [PcorgSync] INFO     Répartition par événement :
2026-09-27 15:13:40 [PcorgSync] INFO       24H CAMIONS 2026: 1
2026-09-27 15:13:40 [PcorgSync] INFO     Répartition par catégorie :
2026-09-27 15:13:40 [PcorgSync] INFO       PCO.Technique: 1
2026-09-27 15:13:40 [PcorgSync] INFO     Curseur DateWrite : 2026-09-27 13:03:28.513000
2026-09-27 15:13:40 [PcorgSync] INFO     Config pcorg : aucune nouvelle valeur
2026-09-27 15:13:40 [PcorgSync] INFO     Total en base : 29860 docs (29860 attribués, 2844 avec GPS)
2026-09-27 15:13:40 [PcorgSync] INFO   ============================================================
2026-09-27 15:13:40 [PcorgSync] INFO Sync terminee avec succes
2026-09-27 15:18:29 [PcorgSync] INFO Lancement sync incremental
2026-09-27 15:18:30 [PcorgSync] INFO     Documents upsertés : 3
2026-09-27 15:18:30 [PcorgSync] INFO     Répartition par événement :
2026-09-27 15:18:30 [PcorgSync] INFO       24H CAMIONS 2026: 3
2026-09-27 15:18:30 [PcorgSync] INFO     Répartition par catégorie :
2026-09-27 15:18:30 [PcorgSync] INFO       PCO.Fourriere: 2
2026-09-27 15:18:30 [PcorgSync] INFO       PCO.Technique: 1
2026-09-27 15:18:30 [PcorgSync] INFO     Curseur DateWrite : 2026-09-27 13:16:11.723000
2026-09-27 15:18:30 [PcorgSync] INFO     Config pcorg : aucune nouvelle valeur
2026-09-27 15:18:30 [PcorgSync] INFO     Total en base : 29860 docs (29860 attribués, 2844 avec GPS)
2026-09-27 15:18:30 [PcorgSync] INFO   ============================================================
2026-09-27 15:18:30 [PcorgSync] INFO Sync terminee avec succes
2026-09-27 15:23:29 [PcorgSync] INFO Lancement sync incremental
2026-09-27 15:23:30 [PcorgSync] INFO     Documents upsertés : 3
2026-09-27 15:23:30 [PcorgSync] INFO     Répartition par événement :
2026-09-27 15:23:30 [PcorgSync] INFO       24H CAMIONS 2026: 3
2026-09-27 15:23:30 [PcorgSync] INFO     Répartition par catégorie :
2026-09-27 15:23:30 [PcorgSync] INFO       PCO.Fourriere: 2
2026-09-27 15:23:30 [PcorgSync] INFO       PCO.Technique: 1
2026-09-27 15:23:30 [PcorgSync] INFO     Curseur DateWrite : 2026-09-27 13:22:53.213000
2026-09-27 15:23:30 [PcorgSync] INFO     Config pcorg : aucune nouvelle valeur
2026-09-27 15:23:30 [PcorgSync] INFO     Total en base : 29861 docs (29861 attribués, 2845 avec GPS)
2026-09-27 15:23:30 [PcorgSync] INFO   ============================================================
2026-09-27 15:23:30 [PcorgSync] INFO Sync terminee avec succes
2026-09-27 15:28:23 [PcorgSync] INFO Lancement sync incremental
2026-09-27 15:28:25 [PcorgSync] INFO     Documents upsertés : 2
2026-09-27 15:28:25 [PcorgSync] INFO     Répartition par événement :
2026-09-27 15:28:25 [PcorgSync] INFO       24H CAMIONS 2026: 2
2026-09-27 15:28:25 [PcorgSync] INFO     Répartition par catégorie :
2026-09-27 15:28:25 [PcorgSync] INFO       PCO.Technique: 1
2026-09-27 15:28:25 [PcorgSync] INFO       PCO.Fourriere: 1
2026-09-27 15:28:25 [PcorgSync] INFO     Curseur DateWrite : 2026-09-27 13:25:10.080000
2026-09-27 15:28:25 [PcorgSync] INFO     Config pcorg : aucune nouvelle valeur
2026-09-27 15:28:25 [PcorgSync] INFO     Total en base : 29862 docs (29862 attribués, 2846 avec GPS)
2026-09-27 15:28:25 [PcorgSync] INFO   ============================================================
2026-09-27 15:28:25 [PcorgSync] INFO Sync terminee avec succes
2026-09-27 15:33:38 [PcorgSync] INFO Lancement sync incremental
2026-09-27 15:33:40 [PcorgSync] INFO     Documents upsertés : 2
2026-09-27 15:33:40 [PcorgSync] INFO     Répartition par événement :
2026-09-27 15:33:40 [PcorgSync] INFO       24H CAMIONS 2026: 2
2026-09-27 15:33:40 [PcorgSync] INFO     Répartition par catégorie :
2026-09-27 15:33:40 [PcorgSync] INFO       PCO.Technique: 1
2026-09-27 15:33:40 [PcorgSync] INFO       PCO.Fourriere: 1
2026-09-27 15:33:40 [PcorgSync] INFO     Curseur DateWrite : 2026-09-27 13:32:34.807000
2026-09-27 15:33:40 [PcorgSync] INFO     Config pcorg : aucune nouvelle valeur
2026-09-27 15:33:40 [PcorgSync] INFO     Total en base : 29864 docs (29864 attribués, 2848 avec GPS)
2026-09-27 15:33:40 [PcorgSync] INFO   ============================================================
2026-09-27 15:33:40 [PcorgSync] INFO Sync terminee avec succes
2026-09-27 15:38:44 [PcorgSync] INFO Lancement sync incremental
2026-09-27 15:38:45 [PcorgSync] INFO   ============================================================
2026-09-27 15:38:45 [PcorgSync] INFO   
2026-09-27 15:38:45 [PcorgSync] INFO   Dernier sync : 2026-09-27 13:32:34.807000
2026-09-27 15:38:45 [PcorgSync] INFO   Connexion SQL Server...
2026-09-27 15:38:45 [PcorgSync] INFO     Driver ODBC : ODBC Driver 18 for SQL Server
2026-09-27 15:38:45 [PcorgSync] INFO     Port résolu via SQL Browser : 65422
2026-09-27 15:38:45 [PcorgSync] INFO     Connecté à 10.34.0.4,65422
2026-09-27 15:38:45 [PcorgSync] INFO   Récupération par lots de 1000...
2026-09-27 15:38:45 [PcorgSync] INFO   
2026-09-27 15:38:45 [PcorgSync] INFO   Aucun nouveau message. Rien à synchroniser.
2026-09-27 15:38:45 [PcorgSync] INFO Sync terminee avec succes
2026-09-27 15:43:29 [PcorgSync] INFO Lancement sync incremental
2026-09-27 15:43:30 [PcorgSync] INFO     Messages SQL récupérés : 2
2026-09-27 15:43:30 [PcorgSync] INFO     Documents upsertés : 2
2026-09-27 15:43:30 [PcorgSync] INFO     Répartition par événement :
2026-09-27 15:43:30 [PcorgSync] INFO       24H CAMIONS 2026: 2
2026-09-27 15:43:30 [PcorgSync] INFO     Répartition par catégorie :
2026-09-27 15:43:30 [PcorgSync] INFO       PCO.Technique: 2
2026-09-27 15:43:30 [PcorgSync] INFO     Curseur DateWrite : 2026-09-27 13:41:38.473000
2026-09-27 15:43:30 [PcorgSync] INFO     Config pcorg : aucune nouvelle valeur
2026-09-27 15:43:30 [PcorgSync] INFO     Total en base : 29865 docs (29865 attribués, 2849 avec GPS)
2026-09-27 15:43:30 [PcorgSync] INFO   ============================================================
2026-09-27 15:43:30 [PcorgSync] INFO Sync terminee avec succes
2026-09-27 15:48:14 [PcorgSync] INFO Lancement sync incremental
2026-09-27 15:48:15 [PcorgSync] INFO     Messages SQL récupérés : 1
2026-09-27 15:48:15 [PcorgSync] INFO     Documents upsertés : 1
2026-09-27 15:48:15 [PcorgSync] INFO     Répartition par événement :
2026-09-27 15:48:15 [PcorgSync] INFO       24H CAMIONS 2026: 1
2026-09-27 15:48:15 [PcorgSync] INFO     Répartition par catégorie :
2026-09-27 15:48:15 [PcorgSync] INFO       PCO.Technique: 1
2026-09-27 15:48:15 [PcorgSync] INFO     Curseur DateWrite : 2026-09-27 13:41:38.473000
2026-09-27 15:48:15 [PcorgSync] INFO     Config pcorg : aucune nouvelle valeur
2026-09-27 15:48:15 [PcorgSync] INFO     Total en base : 29865 docs (29865 attribués, 2849 avec GPS)
2026-09-27 15:48:15 [PcorgSync] INFO   ============================================================
2026-09-27 15:48:15 [PcorgSync] INFO Sync terminee avec succes
2026-09-27 15:53:44 [PcorgSync] INFO Lancement sync incremental
2026-09-27 15:53:45 [PcorgSync] INFO     Messages SQL récupérés : 3
2026-09-27 15:53:45 [PcorgSync] INFO     Documents upsertés : 3
2026-09-27 15:53:45 [PcorgSync] INFO     Répartition par événement :
2026-09-27 15:53:45 [PcorgSync] INFO       24H CAMIONS 2026: 3
2026-09-27 15:53:45 [PcorgSync] INFO     Répartition par catégorie :
2026-09-27 15:53:45 [PcorgSync] INFO       PCO.Technique: 3
2026-09-27 15:53:45 [PcorgSync] INFO     Curseur DateWrite : 2026-09-27 13:50:26.073000
2026-09-27 15:53:45 [PcorgSync] INFO     Config pcorg : aucune nouvelle valeur
2026-09-27 15:53:45 [PcorgSync] INFO     Total en base : 29865 docs (29865 attribués, 2849 avec GPS)
2026-09-27 15:53:45 [PcorgSync] INFO   ============================================================
2026-09-27 15:53:45 [PcorgSync] INFO Sync terminee avec succes
2026-09-27 15:58:14 [PcorgSync] INFO Lancement sync incremental
2026-09-27 15:58:15 [PcorgSync] INFO     Messages SQL récupérés : 1
2026-09-27 15:58:15 [PcorgSync] INFO     Documents upsertés : 1
2026-09-27 15:58:15 [PcorgSync] INFO     Répartition par événement :
2026-09-27 15:58:15 [PcorgSync] INFO       24H CAMIONS 2026: 1
2026-09-27 15:58:15 [PcorgSync] INFO     Répartition par catégorie :
2026-09-27 15:58:15 [PcorgSync] INFO       PCO.Technique: 1
2026-09-27 15:58:15 [PcorgSync] INFO     Curseur DateWrite : 2026-09-27 13:56:04.790000
2026-09-27 15:58:15 [PcorgSync] INFO     Config pcorg : aucune nouvelle valeur
2026-09-27 15:58:15 [PcorgSync] INFO     Total en base : 29865 docs (29865 attribués, 2849 avec GPS)
2026-09-27 15:58:15 [PcorgSync] INFO   ============================================================
2026-09-27 15:58:15 [PcorgSync] INFO Sync terminee avec succes
2026-09-27 16:03:38 [PcorgSync] INFO Lancement sync incremental
2026-09-27 16:03:40 [PcorgSync] INFO       24H CAMIONS 2026: 4
2026-09-27 16:03:40 [PcorgSync] INFO     Répartition par catégorie :
2026-09-27 16:03:40 [PcorgSync] INFO       PCO.Securite: 1
2026-09-27 16:03:40 [PcorgSync] INFO       PCO.MainCourante: 1
2026-09-27 16:03:40 [PcorgSync] INFO       PCO.Fourriere: 1
2026-09-27 16:03:40 [PcorgSync] INFO       PCO.Technique: 1
2026-09-27 16:03:40 [PcorgSync] INFO     Curseur DateWrite : 2026-09-27 14:03:36.097000
2026-09-27 16:03:40 [PcorgSync] INFO     Config pcorg : aucune nouvelle valeur
2026-09-27 16:03:40 [PcorgSync] INFO     Total en base : 29866 docs (29866 attribués, 2850 avec GPS)
2026-09-27 16:03:40 [PcorgSync] INFO   ============================================================
2026-09-27 16:03:40 [PcorgSync] INFO Sync terminee avec succes
2026-09-27 16:08:29 [PcorgSync] INFO Lancement sync incremental
2026-09-27 16:08:31 [PcorgSync] INFO     Messages SQL récupérés : 4
2026-09-27 16:08:31 [PcorgSync] INFO     Documents upsertés : 4
2026-09-27 16:08:31 [PcorgSync] INFO     Répartition par événement :
2026-09-27 16:08:31 [PcorgSync] INFO       24H CAMIONS 2026: 4
2026-09-27 16:08:31 [PcorgSync] INFO     Répartition par catégorie :
2026-09-27 16:08:31 [PcorgSync] INFO       PCO.Technique: 4
2026-09-27 16:08:31 [PcorgSync] INFO     Curseur DateWrite : 2026-09-27 14:04:42.163000
2026-09-27 16:08:31 [PcorgSync] INFO     Config pcorg : aucune nouvelle valeur
2026-09-27 16:08:31 [PcorgSync] INFO     Total en base : 29866 docs (29866 attribués, 2850 avec GPS)
2026-09-27 16:08:31 [PcorgSync] INFO   ============================================================
2026-09-27 16:08:31 [PcorgSync] INFO Sync terminee avec succes
2026-09-27 16:13:38 [PcorgSync] INFO Lancement sync incremental
2026-09-27 16:13:40 [PcorgSync] INFO     Messages SQL récupérés : 1
2026-09-27 16:13:40 [PcorgSync] INFO     Documents upsertés : 1
2026-09-27 16:13:40 [PcorgSync] INFO     Répartition par événement :
2026-09-27 16:13:40 [PcorgSync] INFO       24H CAMIONS 2026: 1
2026-09-27 16:13:40 [PcorgSync] INFO     Répartition par catégorie :
2026-09-27 16:13:40 [PcorgSync] INFO       PCO.Technique: 1
2026-09-27 16:13:40 [PcorgSync] INFO     Curseur DateWrite : 2026-09-27 14:04:42.163000
2026-09-27 16:13:40 [PcorgSync] INFO     Config pcorg : aucune nouvelle valeur
2026-09-27 16:13:40 [PcorgSync] INFO     Total en base : 29866 docs (29866 attribués, 2850 avec GPS)
2026-09-27 16:13:40 [PcorgSync] INFO   ============================================================
2026-09-27 16:13:40 [PcorgSync] INFO Sync terminee avec succes
2026-09-27 16:18:14 [PcorgSync] INFO Lancement sync incremental
2026-09-27 16:18:16 [PcorgSync] INFO     Messages SQL récupérés : 2
2026-09-27 16:18:16 [PcorgSync] INFO     Documents upsertés : 2
2026-09-27 16:18:16 [PcorgSync] INFO     Répartition par événement :
2026-09-27 16:18:16 [PcorgSync] INFO       24H CAMIONS 2026: 2
2026-09-27 16:18:16 [PcorgSync] INFO     Répartition par catégorie :
2026-09-27 16:18:16 [PcorgSync] INFO       PCO.Technique: 2
2026-09-27 16:18:16 [PcorgSync] INFO     Curseur DateWrite : 2026-09-27 14:15:51.003000
2026-09-27 16:18:16 [PcorgSync] INFO     Config pcorg : aucune nouvelle valeur
2026-09-27 16:18:16 [PcorgSync] INFO     Total en base : 29866 docs (29866 attribués, 2850 avec GPS)
2026-09-27 16:18:16 [PcorgSync] INFO   ============================================================
2026-09-27 16:18:16 [PcorgSync] INFO Sync terminee avec succes
2026-09-27 16:23:29 [PcorgSync] INFO Lancement sync incremental
2026-09-27 16:23:30 [PcorgSync] INFO     Messages SQL récupérés : 2
2026-09-27 16:23:30 [PcorgSync] INFO     Documents upsertés : 2
2026-09-27 16:23:30 [PcorgSync] INFO     Répartition par événement :
2026-09-27 16:23:30 [PcorgSync] INFO       24H CAMIONS 2026: 2
2026-09-27 16:23:30 [PcorgSync] INFO     Répartition par catégorie :
2026-09-27 16:23:30 [PcorgSync] INFO       PCO.Technique: 2
2026-09-27 16:23:30 [PcorgSync] INFO     Curseur DateWrite : 2026-09-27 14:21:42.887000
2026-09-27 16:23:30 [PcorgSync] INFO     Config pcorg : aucune nouvelle valeur
2026-09-27 16:23:30 [PcorgSync] INFO     Total en base : 29867 docs (29867 attribués, 2851 avec GPS)
2026-09-27 16:23:30 [PcorgSync] INFO   ============================================================
2026-09-27 16:23:30 [PcorgSync] INFO Sync terminee avec succes
2026-09-27 16:28:14 [PcorgSync] INFO Lancement sync incremental
2026-09-27 16:28:15 [PcorgSync] INFO   ============================================================
2026-09-27 16:28:15 [PcorgSync] INFO   
2026-09-27 16:28:15 [PcorgSync] INFO   Dernier sync : 2026-09-27 14:21:42.887000
2026-09-27 16:28:15 [PcorgSync] INFO   Connexion SQL Server...
2026-09-27 16:28:15 [PcorgSync] INFO     Driver ODBC : ODBC Driver 18 for SQL Server
2026-09-27 16:28:15 [PcorgSync] INFO     Port résolu via SQL Browser : 65422
2026-09-27 16:28:15 [PcorgSync] INFO     Connecté à 10.34.0.4,65422
2026-09-27 16:28:15 [PcorgSync] INFO   Récupération par lots de 1000...
2026-09-27 16:28:15 [PcorgSync] INFO   
2026-09-27 16:28:15 [PcorgSync] INFO   Aucun nouveau message. Rien à synchroniser.
2026-09-27 16:28:15 [PcorgSync] INFO Sync terminee avec succes
2026-09-27 16:33:14 [PcorgSync] INFO Lancement sync incremental
2026-09-27 16:33:15 [PcorgSync] INFO     Documents upsertés : 2
2026-09-27 16:33:15 [PcorgSync] INFO     Répartition par événement :
2026-09-27 16:33:15 [PcorgSync] INFO       24H CAMIONS 2026: 2
2026-09-27 16:33:15 [PcorgSync] INFO     Répartition par catégorie :
2026-09-27 16:33:15 [PcorgSync] INFO       PCS.Information: 1
2026-09-27 16:33:15 [PcorgSync] INFO       PCO.Securite: 1
2026-09-27 16:33:15 [PcorgSync] INFO     Curseur DateWrite : 2026-09-27 14:32:57.300000
2026-09-27 16:33:15 [PcorgSync] INFO     Config pcorg : aucune nouvelle valeur
2026-09-27 16:33:15 [PcorgSync] INFO     Total en base : 29868 docs (29868 attribués, 2852 avec GPS)
2026-09-27 16:33:15 [PcorgSync] INFO   ============================================================
2026-09-27 16:33:15 [PcorgSync] INFO Sync terminee avec succes
2026-09-27 16:38:44 [PcorgSync] INFO Lancement sync incremental
2026-09-27 16:38:45 [PcorgSync] INFO   ============================================================
2026-09-27 16:38:45 [PcorgSync] INFO   
2026-09-27 16:38:45 [PcorgSync] INFO   Dernier sync : 2026-09-27 14:32:57.300000
2026-09-27 16:38:45 [PcorgSync] INFO   Connexion SQL Server...
2026-09-27 16:38:45 [PcorgSync] INFO     Driver ODBC : ODBC Driver 18 for SQL Server
2026-09-27 16:38:45 [PcorgSync] INFO     Port résolu via SQL Browser : 65422
2026-09-27 16:38:45 [PcorgSync] INFO     Connecté à 10.34.0.4,65422
2026-09-27 16:38:45 [PcorgSync] INFO   Récupération par lots de 1000...
2026-09-27 16:38:45 [PcorgSync] INFO   
2026-09-27 16:38:45 [PcorgSync] INFO   Aucun nouveau message. Rien à synchroniser.
2026-09-27 16:38:45 [PcorgSync] INFO Sync terminee avec succes
2026-09-27 16:43:38 [PcorgSync] INFO Lancement sync incremental
2026-09-27 16:43:40 [PcorgSync] INFO     Documents upsertés : 2
2026-09-27 16:43:40 [PcorgSync] INFO     Répartition par événement :
2026-09-27 16:43:40 [PcorgSync] INFO       24H CAMIONS 2026: 2
2026-09-27 16:43:40 [PcorgSync] INFO     Répartition par catégorie :
2026-09-27 16:43:40 [PcorgSync] INFO       PCO.Information: 1
2026-09-27 16:43:40 [PcorgSync] INFO       PCO.Fourriere: 1
2026-09-27 16:43:40 [PcorgSync] INFO     Curseur DateWrite : 2026-09-27 14:43:23.423000
2026-09-27 16:43:40 [PcorgSync] INFO     Config pcorg : aucune nouvelle valeur
2026-09-27 16:43:40 [PcorgSync] INFO     Total en base : 29869 docs (29869 attribués, 2852 avec GPS)
2026-09-27 16:43:40 [PcorgSync] INFO   ============================================================
2026-09-27 16:43:40 [PcorgSync] INFO Sync terminee avec succes
2026-09-27 16:48:14 [PcorgSync] INFO Lancement sync incremental
2026-09-27 16:48:15 [PcorgSync] INFO     Documents upsertés : 2
2026-09-27 16:48:15 [PcorgSync] INFO     Répartition par événement :
2026-09-27 16:48:15 [PcorgSync] INFO       24H CAMIONS 2026: 2
2026-09-27 16:48:15 [PcorgSync] INFO     Répartition par catégorie :
2026-09-27 16:48:15 [PcorgSync] INFO       PCO.Fourriere: 1
2026-09-27 16:48:15 [PcorgSync] INFO       PCO.Information: 1
2026-09-27 16:48:15 [PcorgSync] INFO     Curseur DateWrite : 2026-09-27 14:45:47.517000
2026-09-27 16:48:15 [PcorgSync] INFO     Config pcorg : aucune nouvelle valeur
2026-09-27 16:48:15 [PcorgSync] INFO     Total en base : 29870 docs (29870 attribués, 2852 avec GPS)
2026-09-27 16:48:15 [PcorgSync] INFO   ============================================================
2026-09-27 16:48:15 [PcorgSync] INFO Sync terminee avec succes
2026-09-27 16:53:29 [PcorgSync] INFO Lancement sync incremental
2026-09-27 16:53:30 [PcorgSync] INFO     Répartition par événement :
2026-09-27 16:53:30 [PcorgSync] INFO       24H CAMIONS 2026: 3
2026-09-27 16:53:30 [PcorgSync] INFO     Répartition par catégorie :
2026-09-27 16:53:30 [PcorgSync] INFO       PCO.Technique: 1
2026-09-27 16:53:30 [PcorgSync] INFO       PCO.Fourriere: 1
2026-09-27 16:53:30 [PcorgSync] INFO       PCO.MainCourante: 1
2026-09-27 16:53:30 [PcorgSync] INFO     Curseur DateWrite : 2026-09-27 14:51:09.723000
2026-09-27 16:53:30 [PcorgSync] INFO     Config pcorg : aucune nouvelle valeur
2026-09-27 16:53:30 [PcorgSync] INFO     Total en base : 29872 docs (29872 attribués, 2853 avec GPS)
2026-09-27 16:53:30 [PcorgSync] INFO   ============================================================
2026-09-27 16:53:30 [PcorgSync] INFO Sync terminee avec succes
2026-09-27 16:58:36 [PcorgSync] INFO Lancement sync incremental
2026-09-27 16:58:37 [PcorgSync] INFO     Documents upsertés : 4
2026-09-27 16:58:37 [PcorgSync] INFO     Répartition par événement :
2026-09-27 16:58:37 [PcorgSync] INFO       24H CAMIONS 2026: 4
2026-09-27 16:58:37 [PcorgSync] INFO     Répartition par catégorie :
2026-09-27 16:58:37 [PcorgSync] INFO       PCO.Fourriere: 3
2026-09-27 16:58:37 [PcorgSync] INFO       PCO.MainCourante: 1
2026-09-27 16:58:37 [PcorgSync] INFO     Curseur DateWrite : 2026-09-27 14:58:16.140000
2026-09-27 16:58:37 [PcorgSync] INFO     Config pcorg : aucune nouvelle valeur
2026-09-27 16:58:37 [PcorgSync] INFO     Total en base : 29873 docs (29873 attribués, 2854 avec GPS)
2026-09-27 16:58:37 [PcorgSync] INFO   ============================================================
2026-09-27 16:58:37 [PcorgSync] INFO Sync terminee avec succes
2026-09-27 17:03:26 [PcorgSync] INFO Lancement sync incremental
2026-09-27 17:03:29 [PcorgSync] INFO     Messages SQL récupérés : 1
2026-09-27 17:03:29 [PcorgSync] INFO     Documents upsertés : 1
2026-09-27 17:03:29 [PcorgSync] INFO     Répartition par événement :
2026-09-27 17:03:29 [PcorgSync] INFO       24H CAMIONS 2026: 1
2026-09-27 17:03:29 [PcorgSync] INFO     Répartition par catégorie :
2026-09-27 17:03:29 [PcorgSync] INFO       PCO.Fourriere: 1
2026-09-27 17:03:29 [PcorgSync] INFO     Curseur DateWrite : 2026-09-27 15:00:02.747000
2026-09-27 17:03:29 [PcorgSync] INFO     Config pcorg : aucune nouvelle valeur
2026-09-27 17:03:29 [PcorgSync] INFO     Total en base : 29873 docs (29873 attribués, 2854 avec GPS)
2026-09-27 17:03:29 [PcorgSync] INFO   ============================================================
2026-09-27 17:03:29 [PcorgSync] INFO Sync terminee avec succes
2026-09-27 17:08:29 [PcorgSync] INFO Lancement sync incremental
2026-09-27 17:08:30 [PcorgSync] INFO   ============================================================
2026-09-27 17:08:30 [PcorgSync] INFO   
2026-09-27 17:08:30 [PcorgSync] INFO   Dernier sync : 2026-09-27 15:00:02.747000
2026-09-27 17:08:30 [PcorgSync] INFO   Connexion SQL Server...
2026-09-27 17:08:30 [PcorgSync] INFO     Driver ODBC : ODBC Driver 18 for SQL Server
2026-09-27 17:08:30 [PcorgSync] INFO     Port résolu via SQL Browser : 65422
2026-09-27 17:08:30 [PcorgSync] INFO     Connecté à 10.34.0.4,65422
2026-09-27 17:08:30 [PcorgSync] INFO   Récupération par lots de 1000...
2026-09-27 17:08:30 [PcorgSync] INFO   
2026-09-27 17:08:30 [PcorgSync] INFO   Aucun nouveau message. Rien à synchroniser.
2026-09-27 17:08:30 [PcorgSync] INFO Sync terminee avec succes
2026-09-27 17:13:29 [PcorgSync] INFO Lancement sync incremental
2026-09-27 17:13:30 [PcorgSync] INFO     Messages SQL récupérés : 1
2026-09-27 17:13:30 [PcorgSync] INFO     Documents upsertés : 1
2026-09-27 17:13:30 [PcorgSync] INFO     Répartition par événement :
2026-09-27 17:13:30 [PcorgSync] INFO       24H CAMIONS 2026: 1
2026-09-27 17:13:30 [PcorgSync] INFO     Répartition par catégorie :
2026-09-27 17:13:30 [PcorgSync] INFO       PCO.Information: 1
2026-09-27 17:13:30 [PcorgSync] INFO     Curseur DateWrite : 2026-09-27 15:10:19.557000
2026-09-27 17:13:30 [PcorgSync] INFO     Config pcorg : aucune nouvelle valeur
2026-09-27 17:13:30 [PcorgSync] INFO     Total en base : 29873 docs (29873 attribués, 2854 avec GPS)
2026-09-27 17:13:30 [PcorgSync] INFO   ============================================================
2026-09-27 17:13:30 [PcorgSync] INFO Sync terminee avec succes
2026-09-27 17:18:14 [PcorgSync] INFO Lancement sync incremental
2026-09-27 17:18:15 [PcorgSync] INFO   ============================================================
2026-09-27 17:18:15 [PcorgSync] INFO   
2026-09-27 17:18:15 [PcorgSync] INFO   Dernier sync : 2026-09-27 15:10:19.557000
2026-09-27 17:18:15 [PcorgSync] INFO   Connexion SQL Server...
2026-09-27 17:18:15 [PcorgSync] INFO     Driver ODBC : ODBC Driver 18 for SQL Server
2026-09-27 17:18:15 [PcorgSync] INFO     Port résolu via SQL Browser : 65422
2026-09-27 17:18:15 [PcorgSync] INFO     Connecté à 10.34.0.4,65422
2026-09-27 17:18:15 [PcorgSync] INFO   Récupération par lots de 1000...
2026-09-27 17:18:15 [PcorgSync] INFO   
2026-09-27 17:18:15 [PcorgSync] INFO   Aucun nouveau message. Rien à synchroniser.
2026-09-27 17:18:15 [PcorgSync] INFO Sync terminee avec succes
2026-09-27 17:23:29 [PcorgSync] INFO Lancement sync incremental
2026-09-27 17:23:31 [PcorgSync] INFO     Messages SQL récupérés : 5
2026-09-27 17:23:31 [PcorgSync] INFO     Documents upsertés : 5
2026-09-27 17:23:31 [PcorgSync] INFO     Répartition par événement :
2026-09-27 17:23:31 [PcorgSync] INFO       24H CAMIONS 2026: 5
2026-09-27 17:23:31 [PcorgSync] INFO     Répartition par catégorie :
2026-09-27 17:23:31 [PcorgSync] INFO       PCO.Fourriere: 5
2026-09-27 17:23:31 [PcorgSync] INFO     Curseur DateWrite : 2026-09-27 15:19:53.710000
2026-09-27 17:23:31 [PcorgSync] INFO     Config pcorg : aucune nouvelle valeur
2026-09-27 17:23:31 [PcorgSync] INFO     Total en base : 29873 docs (29873 attribués, 2854 avec GPS)
2026-09-27 17:23:31 [PcorgSync] INFO   ============================================================
2026-09-27 17:23:31 [PcorgSync] INFO Sync terminee avec succes
2026-09-27 17:28:14 [PcorgSync] INFO Lancement sync incremental
2026-09-27 17:28:15 [PcorgSync] INFO     Messages SQL récupérés : 1
2026-09-27 17:28:15 [PcorgSync] INFO     Documents upsertés : 1
2026-09-27 17:28:15 [PcorgSync] INFO     Répartition par événement :
2026-09-27 17:28:15 [PcorgSync] INFO       24H CAMIONS 2026: 1
2026-09-27 17:28:15 [PcorgSync] INFO     Répartition par catégorie :
2026-09-27 17:28:15 [PcorgSync] INFO       PCO.Technique: 1
2026-09-27 17:28:15 [PcorgSync] INFO     Curseur DateWrite : 2026-09-27 15:23:32.590000
2026-09-27 17:28:15 [PcorgSync] INFO     Config pcorg : aucune nouvelle valeur
2026-09-27 17:28:15 [PcorgSync] INFO     Total en base : 29873 docs (29873 attribués, 2854 avec GPS)
2026-09-27 17:28:15 [PcorgSync] INFO   ============================================================
2026-09-27 17:28:15 [PcorgSync] INFO Sync terminee avec succes
2026-09-27 17:33:14 [PcorgSync] INFO Lancement sync incremental
2026-09-27 17:33:15 [PcorgSync] INFO   ============================================================
2026-09-27 17:33:15 [PcorgSync] INFO   
2026-09-27 17:33:15 [PcorgSync] INFO   Dernier sync : 2026-09-27 15:23:32.590000
2026-09-27 17:33:15 [PcorgSync] INFO   Connexion SQL Server...
2026-09-27 17:33:15 [PcorgSync] INFO     Driver ODBC : ODBC Driver 18 for SQL Server
2026-09-27 17:33:15 [PcorgSync] INFO     Port résolu via SQL Browser : 65422
2026-09-27 17:33:15 [PcorgSync] INFO     Connecté à 10.34.0.4,65422
2026-09-27 17:33:15 [PcorgSync] INFO   Récupération par lots de 1000...
2026-09-27 17:33:15 [PcorgSync] INFO   
2026-09-27 17:33:15 [PcorgSync] INFO   Aucun nouveau message. Rien à synchroniser.
2026-09-27 17:33:15 [PcorgSync] INFO Sync terminee avec succes
2026-09-27 17:38:44 [PcorgSync] INFO Lancement sync incremental
2026-09-27 17:38:45 [PcorgSync] INFO   ============================================================
2026-09-27 17:38:45 [PcorgSync] INFO   
2026-09-27 17:38:45 [PcorgSync] INFO   Dernier sync : 2026-09-27 15:23:32.590000
2026-09-27 17:38:45 [PcorgSync] INFO   Connexion SQL Server...
2026-09-27 17:38:45 [PcorgSync] INFO     Driver ODBC : ODBC Driver 18 for SQL Server
2026-09-27 17:38:45 [PcorgSync] INFO     Port résolu via SQL Browser : 65422
2026-09-27 17:38:45 [PcorgSync] INFO     Connecté à 10.34.0.4,65422
2026-09-27 17:38:45 [PcorgSync] INFO   Récupération par lots de 1000...
2026-09-27 17:38:45 [PcorgSync] INFO   
2026-09-27 17:38:45 [PcorgSync] INFO   Aucun nouveau message. Rien à synchroniser.
2026-09-27 17:38:45 [PcorgSync] INFO Sync terminee avec succes
2026-09-27 17:43:38 [PcorgSync] INFO Lancement sync incremental
2026-09-27 17:43:40 [PcorgSync] INFO     Messages SQL récupérés : 1
2026-09-27 17:43:40 [PcorgSync] INFO     Documents upsertés : 1
2026-09-27 17:43:40 [PcorgSync] INFO     Répartition par événement :
2026-09-27 17:43:40 [PcorgSync] INFO       24H CAMIONS 2026: 1
2026-09-27 17:43:40 [PcorgSync] INFO     Répartition par catégorie :
2026-09-27 17:43:40 [PcorgSync] INFO       PCO.Information: 1
2026-09-27 17:43:40 [PcorgSync] INFO     Curseur DateWrite : 2026-09-27 15:39:19.830000
2026-09-27 17:43:40 [PcorgSync] INFO     Config pcorg : aucune nouvelle valeur
2026-09-27 17:43:40 [PcorgSync] INFO     Total en base : 29873 docs (29873 attribués, 2854 avec GPS)
2026-09-27 17:43:40 [PcorgSync] INFO   ============================================================
2026-09-27 17:43:40 [PcorgSync] INFO Sync terminee avec succes
2026-09-27 17:48:29 [PcorgSync] INFO Lancement sync incremental
2026-09-27 17:48:30 [PcorgSync] INFO   ============================================================
2026-09-27 17:48:30 [PcorgSync] INFO   
2026-09-27 17:48:30 [PcorgSync] INFO   Dernier sync : 2026-09-27 15:39:19.830000
2026-09-27 17:48:30 [PcorgSync] INFO   Connexion SQL Server...
2026-09-27 17:48:30 [PcorgSync] INFO     Driver ODBC : ODBC Driver 18 for SQL Server
2026-09-27 17:48:30 [PcorgSync] INFO     Port résolu via SQL Browser : 65422
2026-09-27 17:48:30 [PcorgSync] INFO     Connecté à 10.34.0.4,65422
2026-09-27 17:48:30 [PcorgSync] INFO   Récupération par lots de 1000...
2026-09-27 17:48:30 [PcorgSync] INFO   
2026-09-27 17:48:30 [PcorgSync] INFO   Aucun nouveau message. Rien à synchroniser.
2026-09-27 17:48:30 [PcorgSync] INFO Sync terminee avec succes
2026-09-27 17:53:44 [PcorgSync] INFO Lancement sync incremental
2026-09-27 17:53:45 [PcorgSync] INFO   ============================================================
2026-09-27 17:53:45 [PcorgSync] INFO   
2026-09-27 17:53:45 [PcorgSync] INFO   Dernier sync : 2026-09-27 15:39:19.830000
2026-09-27 17:53:45 [PcorgSync] INFO   Connexion SQL Server...
2026-09-27 17:53:45 [PcorgSync] INFO     Driver ODBC : ODBC Driver 18 for SQL Server
2026-09-27 17:53:45 [PcorgSync] INFO     Port résolu via SQL Browser : 65422
2026-09-27 17:53:45 [PcorgSync] INFO     Connecté à 10.34.0.4,65422
2026-09-27 17:53:45 [PcorgSync] INFO   Récupération par lots de 1000...
2026-09-27 17:53:45 [PcorgSync] INFO   
2026-09-27 17:53:45 [PcorgSync] INFO   Aucun nouveau message. Rien à synchroniser.
2026-09-27 17:53:45 [PcorgSync] INFO Sync terminee avec succes
2026-09-27 17:58:14 [PcorgSync] INFO Lancement sync incremental
2026-09-27 17:58:15 [PcorgSync] INFO   ============================================================
2026-09-27 17:58:15 [PcorgSync] INFO   
2026-09-27 17:58:15 [PcorgSync] INFO   Dernier sync : 2026-09-27 15:39:19.830000
2026-09-27 17:58:15 [PcorgSync] INFO   Connexion SQL Server...
2026-09-27 17:58:15 [PcorgSync] INFO     Driver ODBC : ODBC Driver 18 for SQL Server
2026-09-27 17:58:15 [PcorgSync] INFO     Port résolu via SQL Browser : 65422
2026-09-27 17:58:15 [PcorgSync] INFO     Connecté à 10.34.0.4,65422
2026-09-27 17:58:15 [PcorgSync] INFO   Récupération par lots de 1000...
2026-09-27 17:58:15 [PcorgSync] INFO   
2026-09-27 17:58:15 [PcorgSync] INFO   Aucun nouveau message. Rien à synchroniser.
2026-09-27 17:58:15 [PcorgSync] INFO Sync terminee avec succes
2026-09-27 18:03:14 [PcorgSync] INFO Lancement sync incremental
2026-09-27 18:03:16 [PcorgSync] INFO   ============================================================
2026-09-27 18:03:16 [PcorgSync] INFO   
2026-09-27 18:03:16 [PcorgSync] INFO   Dernier sync : 2026-09-27 15:39:19.830000
2026-09-27 18:03:16 [PcorgSync] INFO   Connexion SQL Server...
2026-09-27 18:03:16 [PcorgSync] INFO     Driver ODBC : ODBC Driver 18 for SQL Server
2026-09-27 18:03:16 [PcorgSync] INFO     Port résolu via SQL Browser : 65422
2026-09-27 18:03:16 [PcorgSync] INFO     Connecté à 10.34.0.4,65422
2026-09-27 18:03:16 [PcorgSync] INFO   Récupération par lots de 1000...
2026-09-27 18:03:16 [PcorgSync] INFO   
2026-09-27 18:03:16 [PcorgSync] INFO   Aucun nouveau message. Rien à synchroniser.
2026-09-27 18:03:16 [PcorgSync] INFO Sync terminee avec succes
2026-09-27 18:08:29 [PcorgSync] INFO Lancement sync incremental
2026-09-27 18:08:30 [PcorgSync] INFO     Messages SQL récupérés : 1
2026-09-27 18:08:30 [PcorgSync] INFO     Documents upsertés : 1
2026-09-27 18:08:30 [PcorgSync] INFO     Répartition par événement :
2026-09-27 18:08:30 [PcorgSync] INFO       24H CAMIONS 2026: 1
2026-09-27 18:08:30 [PcorgSync] INFO     Répartition par catégorie :
2026-09-27 18:08:30 [PcorgSync] INFO       PCO.Securite: 1
2026-09-27 18:08:30 [PcorgSync] INFO     Curseur DateWrite : 2026-09-27 16:06:01.210000
2026-09-27 18:08:30 [PcorgSync] INFO     Config pcorg : aucune nouvelle valeur
2026-09-27 18:08:30 [PcorgSync] INFO     Total en base : 29874 docs (29874 attribués, 2855 avec GPS)
2026-09-27 18:08:30 [PcorgSync] INFO   ============================================================
2026-09-27 18:08:30 [PcorgSync] INFO Sync terminee avec succes
2026-09-27 18:13:29 [PcorgSync] INFO Lancement sync incremental
2026-09-27 18:13:30 [PcorgSync] INFO     Messages SQL récupérés : 1
2026-09-27 18:13:30 [PcorgSync] INFO     Documents upsertés : 1
2026-09-27 18:13:30 [PcorgSync] INFO     Répartition par événement :
2026-09-27 18:13:30 [PcorgSync] INFO       24H CAMIONS 2026: 1
2026-09-27 18:13:30 [PcorgSync] INFO     Répartition par catégorie :
2026-09-27 18:13:30 [PcorgSync] INFO       PCO.Securite: 1
2026-09-27 18:13:30 [PcorgSync] INFO     Curseur DateWrite : 2026-09-27 16:09:15.710000
2026-09-27 18:13:30 [PcorgSync] INFO     Config pcorg : aucune nouvelle valeur
2026-09-27 18:13:30 [PcorgSync] INFO     Total en base : 29875 docs (29875 attribués, 2856 avec GPS)
2026-09-27 18:13:30 [PcorgSync] INFO   ============================================================
2026-09-27 18:13:30 [PcorgSync] INFO Sync terminee avec succes
2026-09-27 18:18:38 [PcorgSync] INFO Lancement sync incremental
2026-09-27 18:18:39 [PcorgSync] INFO   ============================================================
2026-09-27 18:18:39 [PcorgSync] INFO   
2026-09-27 18:18:39 [PcorgSync] INFO   Dernier sync : 2026-09-27 16:09:15.710000
2026-09-27 18:18:39 [PcorgSync] INFO   Connexion SQL Server...
2026-09-27 18:18:39 [PcorgSync] INFO     Driver ODBC : ODBC Driver 18 for SQL Server
2026-09-27 18:18:39 [PcorgSync] INFO     Port résolu via SQL Browser : 65422
2026-09-27 18:18:39 [PcorgSync] INFO     Connecté à 10.34.0.4,65422
2026-09-27 18:18:39 [PcorgSync] INFO   Récupération par lots de 1000...
2026-09-27 18:18:39 [PcorgSync] INFO   
2026-09-27 18:18:39 [PcorgSync] INFO   Aucun nouveau message. Rien à synchroniser.
2026-09-27 18:18:39 [PcorgSync] INFO Sync terminee avec succes
2026-09-27 18:23:23 [PcorgSync] INFO Lancement sync incremental
2026-09-27 18:23:24 [PcorgSync] INFO   ============================================================
2026-09-27 18:23:24 [PcorgSync] INFO   
2026-09-27 18:23:24 [PcorgSync] INFO   Dernier sync : 2026-09-27 16:09:15.710000
2026-09-27 18:23:24 [PcorgSync] INFO   Connexion SQL Server...
2026-09-27 18:23:24 [PcorgSync] INFO     Driver ODBC : ODBC Driver 18 for SQL Server
2026-09-27 18:23:24 [PcorgSync] INFO     Port résolu via SQL Browser : 65422
2026-09-27 18:23:24 [PcorgSync] INFO     Connecté à 10.34.0.4,65422
2026-09-27 18:23:24 [PcorgSync] INFO   Récupération par lots de 1000...
2026-09-27 18:23:24 [PcorgSync] INFO   
2026-09-27 18:23:24 [PcorgSync] INFO   Aucun nouveau message. Rien à synchroniser.
2026-09-27 18:23:24 [PcorgSync] INFO Sync terminee avec succes
2026-09-27 18:28:38 [PcorgSync] INFO Lancement sync incremental
2026-09-27 18:28:40 [PcorgSync] INFO     Messages SQL récupérés : 1
2026-09-27 18:28:40 [PcorgSync] INFO     Documents upsertés : 1
2026-09-27 18:28:40 [PcorgSync] INFO     Répartition par événement :
2026-09-27 18:28:40 [PcorgSync] INFO       24H CAMIONS 2026: 1
2026-09-27 18:28:40 [PcorgSync] INFO     Répartition par catégorie :
2026-09-27 18:28:40 [PcorgSync] INFO       PCO.Fourriere: 1
2026-09-27 18:28:40 [PcorgSync] INFO     Curseur DateWrite : 2026-09-27 16:25:39.197000
2026-09-27 18:28:40 [PcorgSync] INFO     Config pcorg : aucune nouvelle valeur
2026-09-27 18:28:40 [PcorgSync] INFO     Total en base : 29875 docs (29875 attribués, 2856 avec GPS)
2026-09-27 18:28:40 [PcorgSync] INFO   ============================================================
2026-09-27 18:28:40 [PcorgSync] INFO Sync terminee avec succes
2026-09-27 18:33:14 [PcorgSync] INFO Lancement sync incremental
2026-09-27 18:33:15 [PcorgSync] INFO   ============================================================
2026-09-27 18:33:15 [PcorgSync] INFO   
2026-09-27 18:33:15 [PcorgSync] INFO   Dernier sync : 2026-09-27 16:25:39.197000
2026-09-27 18:33:15 [PcorgSync] INFO   Connexion SQL Server...
2026-09-27 18:33:15 [PcorgSync] INFO     Driver ODBC : ODBC Driver 18 for SQL Server
2026-09-27 18:33:15 [PcorgSync] INFO     Port résolu via SQL Browser : 65422
2026-09-27 18:33:15 [PcorgSync] INFO     Connecté à 10.34.0.4,65422
2026-09-27 18:33:15 [PcorgSync] INFO   Récupération par lots de 1000...
2026-09-27 18:33:15 [PcorgSync] INFO   
2026-09-27 18:33:15 [PcorgSync] INFO   Aucun nouveau message. Rien à synchroniser.
2026-09-27 18:33:15 [PcorgSync] INFO Sync terminee avec succes
2026-09-27 18:38:44 [PcorgSync] INFO Lancement sync incremental
2026-09-27 18:38:45 [PcorgSync] INFO   ============================================================
2026-09-27 18:38:45 [PcorgSync] INFO   
2026-09-27 18:38:45 [PcorgSync] INFO   Dernier sync : 2026-09-27 16:25:39.197000
2026-09-27 18:38:45 [PcorgSync] INFO   Connexion SQL Server...
2026-09-27 18:38:45 [PcorgSync] INFO     Driver ODBC : ODBC Driver 18 for SQL Server
2026-09-27 18:38:45 [PcorgSync] INFO     Port résolu via SQL Browser : 65422
2026-09-27 18:38:45 [PcorgSync] INFO     Connecté à 10.34.0.4,65422
2026-09-27 18:38:45 [PcorgSync] INFO   Récupération par lots de 1000...
2026-09-27 18:38:45 [PcorgSync] INFO   
2026-09-27 18:38:45 [PcorgSync] INFO   Aucun nouveau message. Rien à synchroniser.
2026-09-27 18:38:45 [PcorgSync] INFO Sync terminee avec succes
2026-09-27 18:43:38 [PcorgSync] INFO Lancement sync incremental
2026-09-27 18:43:39 [PcorgSync] INFO   ============================================================
2026-09-27 18:43:39 [PcorgSync] INFO   
2026-09-27 18:43:39 [PcorgSync] INFO   Dernier sync : 2026-09-27 16:25:39.197000
2026-09-27 18:43:39 [PcorgSync] INFO   Connexion SQL Server...
2026-09-27 18:43:39 [PcorgSync] INFO     Driver ODBC : ODBC Driver 18 for SQL Server
2026-09-27 18:43:39 [PcorgSync] INFO     Port résolu via SQL Browser : 65422
2026-09-27 18:43:39 [PcorgSync] INFO     Connecté à 10.34.0.4,65422
2026-09-27 18:43:39 [PcorgSync] INFO   Récupération par lots de 1000...
2026-09-27 18:43:39 [PcorgSync] INFO   
2026-09-27 18:43:39 [PcorgSync] INFO   Aucun nouveau message. Rien à synchroniser.
2026-09-27 18:43:39 [PcorgSync] INFO Sync terminee avec succes
2026-09-27 18:48:14 [PcorgSync] INFO Lancement sync incremental
2026-09-27 18:48:15 [PcorgSync] INFO     Documents upsertés : 3
2026-09-27 18:48:15 [PcorgSync] INFO     Répartition par événement :
2026-09-27 18:48:15 [PcorgSync] INFO       24H CAMIONS 2026: 3
2026-09-27 18:48:15 [PcorgSync] INFO     Répartition par catégorie :
2026-09-27 18:48:15 [PcorgSync] INFO       PCS.Surete: 2
2026-09-27 18:48:15 [PcorgSync] INFO       PCS.Information: 1
2026-09-27 18:48:15 [PcorgSync] INFO     Curseur DateWrite : 2026-09-27 16:47:30.690000
2026-09-27 18:48:15 [PcorgSync] INFO     Config pcorg : aucune nouvelle valeur
2026-09-27 18:48:15 [PcorgSync] INFO     Total en base : 29876 docs (29876 attribués, 2856 avec GPS)
2026-09-27 18:48:15 [PcorgSync] INFO   ============================================================
2026-09-27 18:48:15 [PcorgSync] INFO Sync terminee avec succes
2026-09-27 18:53:44 [PcorgSync] INFO Lancement sync incremental
2026-09-27 18:53:45 [PcorgSync] INFO   ============================================================
2026-09-27 18:53:45 [PcorgSync] INFO   
2026-09-27 18:53:45 [PcorgSync] INFO   Dernier sync : 2026-09-27 16:47:30.690000
2026-09-27 18:53:45 [PcorgSync] INFO   Connexion SQL Server...
2026-09-27 18:53:45 [PcorgSync] INFO     Driver ODBC : ODBC Driver 18 for SQL Server
2026-09-27 18:53:45 [PcorgSync] INFO     Port résolu via SQL Browser : 65422
2026-09-27 18:53:45 [PcorgSync] INFO     Connecté à 10.34.0.4,65422
2026-09-27 18:53:45 [PcorgSync] INFO   Récupération par lots de 1000...
2026-09-27 18:53:45 [PcorgSync] INFO   
2026-09-27 18:53:45 [PcorgSync] INFO   Aucun nouveau message. Rien à synchroniser.
2026-09-27 18:53:45 [PcorgSync] INFO Sync terminee avec succes
2026-09-27 18:58:14 [PcorgSync] INFO Lancement sync incremental
2026-09-27 18:58:15 [PcorgSync] INFO     Messages SQL récupérés : 1
2026-09-27 18:58:15 [PcorgSync] INFO     Documents upsertés : 1
2026-09-27 18:58:15 [PcorgSync] INFO     Répartition par événement :
2026-09-27 18:58:15 [PcorgSync] INFO       24H CAMIONS 2026: 1
2026-09-27 18:58:15 [PcorgSync] INFO     Répartition par catégorie :
2026-09-27 18:58:15 [PcorgSync] INFO       PCO.Information: 1
2026-09-27 18:58:15 [PcorgSync] INFO     Curseur DateWrite : 2026-09-27 16:56:44.577000
2026-09-27 18:58:15 [PcorgSync] INFO     Config pcorg : aucune nouvelle valeur
2026-09-27 18:58:15 [PcorgSync] INFO     Total en base : 29877 docs (29877 attribués, 2856 avec GPS)
2026-09-27 18:58:15 [PcorgSync] INFO   ============================================================
2026-09-27 18:58:15 [PcorgSync] INFO Sync terminee avec succes
2026-09-27 19:03:14 [PcorgSync] INFO Lancement sync incremental
2026-09-27 19:03:16 [PcorgSync] INFO   ============================================================
2026-09-27 19:03:16 [PcorgSync] INFO   
2026-09-27 19:03:16 [PcorgSync] INFO   Dernier sync : 2026-09-27 16:56:44.577000
2026-09-27 19:03:16 [PcorgSync] INFO   Connexion SQL Server...
2026-09-27 19:03:16 [PcorgSync] INFO     Driver ODBC : ODBC Driver 18 for SQL Server
2026-09-27 19:03:16 [PcorgSync] INFO     Port résolu via SQL Browser : 65422
2026-09-27 19:03:16 [PcorgSync] INFO     Connecté à 10.34.0.4,65422
2026-09-27 19:03:16 [PcorgSync] INFO   Récupération par lots de 1000...
2026-09-27 19:03:16 [PcorgSync] INFO   
2026-09-27 19:03:16 [PcorgSync] INFO   Aucun nouveau message. Rien à synchroniser.
2026-09-27 19:03:16 [PcorgSync] INFO Sync terminee avec succes
2026-09-27 19:08:29 [PcorgSync] INFO Lancement sync incremental
2026-09-27 19:08:30 [PcorgSync] INFO   ============================================================
2026-09-27 19:08:30 [PcorgSync] INFO   
2026-09-27 19:08:30 [PcorgSync] INFO   Dernier sync : 2026-09-27 16:56:44.577000
2026-09-27 19:08:30 [PcorgSync] INFO   Connexion SQL Server...
2026-09-27 19:08:30 [PcorgSync] INFO     Driver ODBC : ODBC Driver 18 for SQL Server
2026-09-27 19:08:30 [PcorgSync] INFO     Port résolu via SQL Browser : 65422
2026-09-27 19:08:30 [PcorgSync] INFO     Connecté à 10.34.0.4,65422
2026-09-27 19:08:30 [PcorgSync] INFO   Récupération par lots de 1000...
2026-09-27 19:08:30 [PcorgSync] INFO   
2026-09-27 19:08:30 [PcorgSync] INFO   Aucun nouveau message. Rien à synchroniser.
2026-09-27 19:08:30 [PcorgSync] INFO Sync terminee avec succes
2026-09-27 19:13:29 [PcorgSync] INFO Lancement sync incremental
2026-09-27 19:13:30 [PcorgSync] INFO   ============================================================
2026-09-27 19:13:30 [PcorgSync] INFO   
2026-09-27 19:13:30 [PcorgSync] INFO   Dernier sync : 2026-09-27 16:56:44.577000
2026-09-27 19:13:30 [PcorgSync] INFO   Connexion SQL Server...
2026-09-27 19:13:30 [PcorgSync] INFO     Driver ODBC : ODBC Driver 18 for SQL Server
2026-09-27 19:13:30 [PcorgSync] INFO     Port résolu via SQL Browser : 65422
2026-09-27 19:13:30 [PcorgSync] INFO     Connecté à 10.34.0.4,65422
2026-09-27 19:13:30 [PcorgSync] INFO   Récupération par lots de 1000...
2026-09-27 19:13:30 [PcorgSync] INFO   
2026-09-27 19:13:30 [PcorgSync] INFO   Aucun nouveau message. Rien à synchroniser.
2026-09-27 19:13:30 [PcorgSync] INFO Sync terminee avec succes
2026-09-27 19:18:14 [PcorgSync] INFO Lancement sync incremental
2026-09-27 19:18:15 [PcorgSync] INFO     Messages SQL récupérés : 1
2026-09-27 19:18:15 [PcorgSync] INFO     Documents upsertés : 1
2026-09-27 19:18:15 [PcorgSync] INFO     Répartition par événement :
2026-09-27 19:18:15 [PcorgSync] INFO       24H CAMIONS 2026: 1
2026-09-27 19:18:15 [PcorgSync] INFO     Répartition par catégorie :
2026-09-27 19:18:15 [PcorgSync] INFO       PCO.Information: 1
2026-09-27 19:18:15 [PcorgSync] INFO     Curseur DateWrite : 2026-09-27 17:15:04.323000
2026-09-27 19:18:15 [PcorgSync] INFO     Config pcorg : aucune nouvelle valeur
2026-09-27 19:18:15 [PcorgSync] INFO     Total en base : 29878 docs (29878 attribués, 2856 avec GPS)
2026-09-27 19:18:15 [PcorgSync] INFO   ============================================================
2026-09-27 19:18:15 [PcorgSync] INFO Sync terminee avec succes
2026-09-27 19:23:29 [PcorgSync] INFO Lancement sync incremental
2026-09-27 19:23:30 [PcorgSync] INFO     Messages SQL récupérés : 1
2026-09-27 19:23:30 [PcorgSync] INFO     Documents upsertés : 1
2026-09-27 19:23:30 [PcorgSync] INFO     Répartition par événement :
2026-09-27 19:23:30 [PcorgSync] INFO       24H CAMIONS 2026: 1
2026-09-27 19:23:30 [PcorgSync] INFO     Répartition par catégorie :
2026-09-27 19:23:30 [PcorgSync] INFO       PCO.Information: 1
2026-09-27 19:23:30 [PcorgSync] INFO     Curseur DateWrite : 2026-09-27 17:15:04.323000
2026-09-27 19:23:30 [PcorgSync] INFO     Config pcorg : aucune nouvelle valeur
2026-09-27 19:23:30 [PcorgSync] INFO     Total en base : 29878 docs (29878 attribués, 2856 avec GPS)
2026-09-27 19:23:30 [PcorgSync] INFO   ============================================================
2026-09-27 19:23:30 [PcorgSync] INFO Sync terminee avec succes
2026-09-27 19:28:29 [PcorgSync] INFO Lancement sync incremental
2026-09-27 19:28:30 [PcorgSync] INFO     Messages SQL récupérés : 1
2026-09-27 19:28:30 [PcorgSync] INFO     Documents upsertés : 1
2026-09-27 19:28:30 [PcorgSync] INFO     Répartition par événement :
2026-09-27 19:28:30 [PcorgSync] INFO       24H CAMIONS 2026: 1
2026-09-27 19:28:30 [PcorgSync] INFO     Répartition par catégorie :
2026-09-27 19:28:30 [PcorgSync] INFO       PCO.Information: 1
2026-09-27 19:28:30 [PcorgSync] INFO     Curseur DateWrite : 2026-09-27 17:15:04.323000
2026-09-27 19:28:30 [PcorgSync] INFO     Config pcorg : aucune nouvelle valeur
2026-09-27 19:28:30 [PcorgSync] INFO     Total en base : 29878 docs (29878 attribués, 2856 avec GPS)
2026-09-27 19:28:30 [PcorgSync] INFO   ============================================================
2026-09-27 19:28:30 [PcorgSync] INFO Sync terminee avec succes
2026-09-27 19:33:14 [PcorgSync] INFO Lancement sync incremental
2026-09-27 19:33:15 [PcorgSync] INFO     Messages SQL récupérés : 1
2026-09-27 19:33:15 [PcorgSync] INFO     Documents upsertés : 1
2026-09-27 19:33:15 [PcorgSync] INFO     Répartition par événement :
2026-09-27 19:33:15 [PcorgSync] INFO       24H CAMIONS 2026: 1
2026-09-27 19:33:15 [PcorgSync] INFO     Répartition par catégorie :
2026-09-27 19:33:15 [PcorgSync] INFO       PCO.Information: 1
2026-09-27 19:33:15 [PcorgSync] INFO     Curseur DateWrite : 2026-09-27 17:15:04.323000
2026-09-27 19:33:15 [PcorgSync] INFO     Config pcorg : aucune nouvelle valeur
2026-09-27 19:33:15 [PcorgSync] INFO     Total en base : 29878 docs (29878 attribués, 2856 avec GPS)
2026-09-27 19:33:15 [PcorgSync] INFO   ============================================================
2026-09-27 19:33:15 [PcorgSync] INFO Sync terminee avec succes
2026-09-27 19:38:29 [PcorgSync] INFO Lancement sync incremental
2026-09-27 19:38:30 [PcorgSync] INFO     Documents upsertés : 2
2026-09-27 19:38:30 [PcorgSync] INFO     Répartition par événement :
2026-09-27 19:38:30 [PcorgSync] INFO       24H CAMIONS 2026: 2
2026-09-27 19:38:30 [PcorgSync] INFO     Répartition par catégorie :
2026-09-27 19:38:30 [PcorgSync] INFO       PCO.Information: 1
2026-09-27 19:38:30 [PcorgSync] INFO       PCO.Fourriere: 1
2026-09-27 19:38:30 [PcorgSync] INFO     Curseur DateWrite : 2026-09-27 17:34:19.997000
2026-09-27 19:38:30 [PcorgSync] INFO     Config pcorg : aucune nouvelle valeur
2026-09-27 19:38:30 [PcorgSync] INFO     Total en base : 29878 docs (29878 attribués, 2856 avec GPS)
2026-09-27 19:38:30 [PcorgSync] INFO   ============================================================
2026-09-27 19:38:30 [PcorgSync] INFO Sync terminee avec succes
