2026-09-24 14:28:23 [VisionSync] INFO Config syncee: GPF 2026
2026-09-24 14:31:37 [VisionSync] INFO Immatriculations: 10719 upsert
2026-09-24 14:31:38 [VisionSync] INFO Blacklist: 32 entrees syncees
2026-09-24 14:31:38 [VisionSync] INFO Sync terminee: 10719 immat, 32 blacklist
2026-09-24 14:33:39 [VisionSync] INFO === Demarrage sync Vision incremental ===
2026-09-24 14:33:50 [VisionSync] INFO Config syncee: GPF 2026
2026-09-24 14:36:57 [VisionSync] INFO Immatriculations: 10719 upsert
2026-09-24 14:36:57 [VisionSync] INFO Blacklist: 32 entrees syncees
2026-09-24 14:36:57 [VisionSync] INFO Sync terminee: 10719 immat, 32 blacklist
2026-09-24 14:38:29 [VisionSync] INFO === Demarrage sync Vision incremental ===
2026-09-24 14:38:32 [VisionSync] INFO Config syncee: GPF 2026
2026-09-24 14:41:24 [VisionSync] INFO Immatriculations: 10719 upsert
2026-09-24 14:41:24 [VisionSync] INFO Blacklist: 32 entrees syncees
2026-09-24 14:41:24 [VisionSync] INFO Sync terminee: 10719 immat, 32 blacklist
2026-09-24 14:43:44 [VisionSync] INFO === Demarrage sync Vision incremental ===
2026-09-24 14:43:54 [VisionSync] INFO Config syncee: GPF 2026
2026-09-24 14:46:24 [VisionSync] INFO Immatriculations: 10719 upsert
2026-09-24 14:46:24 [VisionSync] INFO Blacklist: 32 entrees syncees
2026-09-24 14:46:24 [VisionSync] INFO Sync terminee: 10719 immat, 32 blacklist
2026-09-24 14:48:14 [VisionSync] INFO === Demarrage sync Vision incremental ===
2026-09-24 14:48:21 [VisionSync] INFO Config syncee: GPF 2026
2026-09-24 14:51:05 [VisionSync] INFO Immatriculations: 10719 upsert
2026-09-24 14:51:05 [VisionSync] INFO Blacklist: 32 entrees syncees
2026-09-24 14:51:05 [VisionSync] INFO Sync terminee: 10719 immat, 32 blacklist
2026-09-24 14:53:44 [VisionSync] INFO === Demarrage sync Vision incremental ===
2026-09-24 14:53:54 [VisionSync] INFO Config syncee: GPF 2026
2026-09-24 14:56:52 [VisionSync] INFO Immatriculations: 10719 upsert
2026-09-24 14:56:52 [VisionSync] INFO Blacklist: 32 entrees syncees
2026-09-24 14:56:52 [VisionSync] INFO Sync terminee: 10719 immat, 32 blacklist
2026-09-24 14:58:14 [VisionSync] INFO === Demarrage sync Vision incremental ===
2026-09-24 14:58:21 [VisionSync] INFO Config syncee: GPF 2026
2026-09-24 15:01:19 [VisionSync] INFO Immatriculations: 10719 upsert
2026-09-24 15:01:19 [VisionSync] INFO Blacklist: 32 entrees syncees
2026-09-24 15:01:19 [VisionSync] INFO Sync terminee: 10719 immat, 32 blacklist
2026-09-24 15:03:24 [VisionSync] INFO === Demarrage sync Vision incremental ===
2026-09-24 15:03:27 [VisionSync] INFO Config syncee: GPF 2026
2026-09-24 15:06:22 [VisionSync] INFO Immatriculations: 10719 upsert
2026-09-24 15:06:22 [VisionSync] INFO Blacklist: 32 entrees syncees
2026-09-24 15:06:22 [VisionSync] INFO Sync terminee: 10719 immat, 32 blacklist
2026-09-24 15:08:59 [VisionSync] INFO === Demarrage sync Vision incremental ===
2026-09-24 15:09:06 [VisionSync] INFO Config syncee: GPF 2026
2026-09-24 15:12:05 [VisionSync] INFO Immatriculations: 10719 upsert
2026-09-24 15:12:05 [VisionSync] INFO Blacklist: 32 entrees syncees
2026-09-24 15:12:05 [VisionSync] INFO Sync terminee: 10719 immat, 32 blacklist
2026-09-24 15:13:39 [VisionSync] INFO === Demarrage sync Vision incremental ===
2026-09-24 15:13:49 [VisionSync] INFO Config syncee: GPF 2026
2026-09-24 15:16:55 [VisionSync] INFO Immatriculations: 10719 upsert
2026-09-24 15:16:56 [VisionSync] INFO Blacklist: 32 entrees syncees
2026-09-24 15:16:56 [VisionSync] INFO Sync terminee: 10719 immat, 32 blacklist
2026-09-24 15:18:14 [VisionSync] INFO === Demarrage sync Vision incremental ===
2026-09-24 15:18:21 [VisionSync] INFO Config syncee: GPF 2026
2026-09-24 15:21:43 [VisionSync] INFO Immatriculations: 10719 upsert
2026-09-24 15:21:43 [VisionSync] INFO Blacklist: 32 entrees syncees
2026-09-24 15:21:43 [VisionSync] INFO Sync terminee: 10719 immat, 32 blacklist
2026-09-24 15:23:24 [VisionSync] INFO === Demarrage sync Vision incremental ===
2026-09-24 15:23:30 [VisionSync] INFO Config syncee: GPF 2026
2026-09-24 15:26:48 [VisionSync] INFO Immatriculations: 10719 upsert
2026-09-24 15:26:48 [VisionSync] INFO Blacklist: 32 entrees syncees
2026-09-24 15:26:48 [VisionSync] INFO Sync terminee: 10719 immat, 32 blacklist
2026-09-24 15:28:14 [VisionSync] INFO === Demarrage sync Vision incremental ===
2026-09-24 15:28:22 [VisionSync] INFO Config syncee: GPF 2026
2026-09-24 15:31:42 [VisionSync] INFO Immatriculations: 10719 upsert
2026-09-24 15:31:42 [VisionSync] INFO Blacklist: 32 entrees syncees
2026-09-24 15:31:42 [VisionSync] INFO Sync terminee: 10719 immat, 32 blacklist
2026-09-24 15:33:14 [VisionSync] INFO === Demarrage sync Vision incremental ===
2026-09-24 15:33:25 [VisionSync] INFO Config syncee: GPF 2026
2026-09-24 15:36:15 [VisionSync] INFO Immatriculations: 10719 upsert
2026-09-24 15:36:16 [VisionSync] INFO Blacklist: 32 entrees syncees
2026-09-24 15:36:16 [VisionSync] INFO Sync terminee: 10719 immat, 32 blacklist
2026-09-24 15:38:44 [VisionSync] INFO === Demarrage sync Vision incremental ===
2026-09-24 15:38:51 [VisionSync] INFO Config syncee: GPF 2026
2026-09-24 15:41:26 [VisionSync] INFO Immatriculations: 10719 upsert
2026-09-24 15:41:26 [VisionSync] INFO Blacklist: 32 entrees syncees
2026-09-24 15:41:26 [VisionSync] INFO Sync terminee: 10719 immat, 32 blacklist
2026-09-24 15:43:39 [VisionSync] INFO === Demarrage sync Vision incremental ===
2026-09-24 15:43:49 [VisionSync] INFO Config syncee: GPF 2026
2026-09-24 15:46:31 [VisionSync] INFO Immatriculations: 10719 upsert
2026-09-24 15:46:31 [VisionSync] INFO Blacklist: 32 entrees syncees
2026-09-24 15:46:31 [VisionSync] INFO Sync terminee: 10719 immat, 32 blacklist
2026-09-24 15:48:14 [VisionSync] INFO === Demarrage sync Vision incremental ===
2026-09-24 15:48:21 [VisionSync] INFO Config syncee: GPF 2026
2026-09-24 15:51:17 [VisionSync] INFO Immatriculations: 10719 upsert
2026-09-24 15:51:17 [VisionSync] INFO Blacklist: 32 entrees syncees
2026-09-24 15:51:17 [VisionSync] INFO Sync terminee: 10719 immat, 32 blacklist
2026-09-24 15:53:44 [VisionSync] INFO === Demarrage sync Vision incremental ===
2026-09-24 15:53:54 [VisionSync] INFO Config syncee: GPF 2026
2026-09-24 15:57:02 [VisionSync] INFO Immatriculations: 10719 upsert
2026-09-24 15:57:03 [VisionSync] INFO Blacklist: 32 entrees syncees
2026-09-24 15:57:03 [VisionSync] INFO Sync terminee: 10719 immat, 32 blacklist
2026-09-24 15:58:14 [VisionSync] INFO === Demarrage sync Vision incremental ===
2026-09-24 15:58:21 [VisionSync] INFO Config syncee: GPF 2026
2026-09-24 16:01:29 [VisionSync] INFO Immatriculations: 10719 upsert
2026-09-24 16:01:29 [VisionSync] INFO Blacklist: 32 entrees syncees
2026-09-24 16:01:29 [VisionSync] INFO Sync terminee: 10719 immat, 32 blacklist
2026-09-24 16:03:14 [VisionSync] INFO === Demarrage sync Vision incremental ===
2026-09-24 16:03:17 [VisionSync] INFO Config syncee: GPF 2026
2026-09-24 16:06:17 [VisionSync] INFO Immatriculations: 10719 upsert
2026-09-24 16:06:17 [VisionSync] INFO Blacklist: 32 entrees syncees
2026-09-24 16:06:17 [VisionSync] INFO Sync terminee: 10719 immat, 32 blacklist
2026-09-24 16:08:44 [VisionSync] INFO === Demarrage sync Vision incremental ===
2026-09-24 16:08:51 [VisionSync] INFO Config syncee: GPF 2026
2026-09-24 16:11:58 [VisionSync] INFO Immatriculations: 10719 upsert
2026-09-24 16:11:59 [VisionSync] INFO Blacklist: 32 entrees syncees
2026-09-24 16:11:59 [VisionSync] INFO Sync terminee: 10719 immat, 32 blacklist
2026-09-24 16:13:39 [VisionSync] INFO === Demarrage sync Vision incremental ===
2026-09-24 16:13:49 [VisionSync] INFO Config syncee: GPF 2026
2026-09-24 16:17:00 [VisionSync] INFO Immatriculations: 10719 upsert
2026-09-24 16:17:00 [VisionSync] INFO Blacklist: 32 entrees syncees
2026-09-24 16:17:00 [VisionSync] INFO Sync terminee: 10719 immat, 32 blacklist
2026-09-24 16:18:14 [VisionSync] INFO === Demarrage sync Vision incremental ===
2026-09-24 16:18:17 [VisionSync] INFO Config syncee: GPF 2026
2026-09-24 16:21:26 [VisionSync] INFO Immatriculations: 10719 upsert
2026-09-24 16:21:26 [VisionSync] INFO Blacklist: 32 entrees syncees
2026-09-24 16:21:26 [VisionSync] INFO Sync terminee: 10719 immat, 32 blacklist
2026-09-24 16:23:41 [VisionSync] INFO === Demarrage sync Vision incremental ===
2026-09-24 16:23:54 [VisionSync] INFO Config syncee: GPF 2026
2026-09-24 16:27:20 [VisionSync] INFO Immatriculations: 10719 upsert
2026-09-24 16:27:21 [VisionSync] INFO Blacklist: 32 entrees syncees
2026-09-24 16:27:21 [VisionSync] INFO Sync terminee: 10719 immat, 32 blacklist
2026-09-24 16:28:14 [VisionSync] INFO === Demarrage sync Vision incremental ===
2026-09-24 16:28:21 [VisionSync] INFO Config syncee: GPF 2026
2026-09-24 16:31:22 [VisionSync] INFO Immatriculations: 10719 upsert
2026-09-24 16:31:22 [VisionSync] INFO Blacklist: 32 entrees syncees
2026-09-24 16:31:22 [VisionSync] INFO Sync terminee: 10719 immat, 32 blacklist
2026-09-24 16:33:24 [VisionSync] INFO === Demarrage sync Vision incremental ===
2026-09-24 16:33:27 [VisionSync] INFO Config syncee: GPF 2026
2026-09-24 16:36:02 [VisionSync] INFO Immatriculations: 10719 upsert
2026-09-24 16:36:02 [VisionSync] INFO Blacklist: 32 entrees syncees
2026-09-24 16:36:02 [VisionSync] INFO Sync terminee: 10719 immat, 32 blacklist
2026-09-24 16:38:44 [VisionSync] INFO === Demarrage sync Vision incremental ===
2026-09-24 16:38:51 [VisionSync] INFO Config syncee: GPF 2026
2026-09-24 16:41:30 [VisionSync] INFO Immatriculations: 10719 upsert
2026-09-24 16:41:31 [VisionSync] INFO Blacklist: 32 entrees syncees
2026-09-24 16:41:31 [VisionSync] INFO Sync terminee: 10719 immat, 32 blacklist
2026-09-24 16:43:39 [VisionSync] INFO === Demarrage sync Vision incremental ===
2026-09-24 16:43:49 [VisionSync] INFO Config syncee: GPF 2026
2026-09-24 16:46:28 [VisionSync] INFO Immatriculations: 10719 upsert
2026-09-24 16:46:28 [VisionSync] INFO Blacklist: 32 entrees syncees
2026-09-24 16:46:28 [VisionSync] INFO Sync terminee: 10719 immat, 32 blacklist
2026-09-24 16:48:14 [VisionSync] INFO === Demarrage sync Vision incremental ===
2026-09-24 16:48:16 [VisionSync] INFO Config syncee: GPF 2026
2026-09-24 16:51:08 [VisionSync] INFO Immatriculations: 10719 upsert
2026-09-24 16:51:08 [VisionSync] INFO Blacklist: 32 entrees syncees
2026-09-24 16:51:08 [VisionSync] INFO Sync terminee: 10719 immat, 32 blacklist
2026-09-24 16:53:39 [VisionSync] INFO === Demarrage sync Vision incremental ===
2026-09-24 16:53:49 [VisionSync] INFO Config syncee: GPF 2026
2026-09-24 16:56:53 [VisionSync] INFO Immatriculations: 10719 upsert
2026-09-24 16:56:53 [VisionSync] INFO Blacklist: 32 entrees syncees
2026-09-24 16:56:53 [VisionSync] INFO Sync terminee: 10719 immat, 32 blacklist
2026-09-24 16:58:14 [VisionSync] INFO === Demarrage sync Vision incremental ===
2026-09-24 16:58:21 [VisionSync] INFO Config syncee: GPF 2026
2026-09-24 17:01:15 [VisionSync] INFO Immatriculations: 10719 upsert
2026-09-24 17:01:15 [VisionSync] INFO Blacklist: 32 entrees syncees
2026-09-24 17:01:15 [VisionSync] INFO Sync terminee: 10719 immat, 32 blacklist
2026-09-24 17:03:14 [VisionSync] INFO === Demarrage sync Vision incremental ===
2026-09-24 17:03:25 [VisionSync] INFO Config syncee: GPF 2026
2026-09-24 17:06:22 [VisionSync] INFO Immatriculations: 10719 upsert
2026-09-24 17:06:22 [VisionSync] INFO Blacklist: 32 entrees syncees
2026-09-24 17:06:22 [VisionSync] INFO Sync terminee: 10719 immat, 32 blacklist
2026-09-24 17:08:14 [VisionSync] INFO === Demarrage sync Vision incremental ===
2026-09-24 17:08:21 [VisionSync] INFO Config syncee: GPF 2026
2026-09-24 17:11:22 [VisionSync] INFO Immatriculations: 10719 upsert
2026-09-24 17:11:23 [VisionSync] INFO Blacklist: 32 entrees syncees
2026-09-24 17:11:23 [VisionSync] INFO Sync terminee: 10719 immat, 32 blacklist
2026-09-24 17:13:29 [VisionSync] INFO === Demarrage sync Vision incremental ===
2026-09-24 17:13:34 [VisionSync] INFO Config syncee: GPF 2026
2026-09-24 17:16:48 [VisionSync] INFO Immatriculations: 10719 upsert
2026-09-24 17:16:49 [VisionSync] INFO Blacklist: 32 entrees syncees
2026-09-24 17:16:49 [VisionSync] INFO Sync terminee: 10719 immat, 32 blacklist
2026-09-24 17:18:14 [VisionSync] INFO === Demarrage sync Vision incremental ===
2026-09-24 17:18:21 [VisionSync] INFO Config syncee: GPF 2026
2026-09-24 17:21:53 [VisionSync] INFO Immatriculations: 10719 upsert
2026-09-24 17:21:53 [VisionSync] INFO Blacklist: 32 entrees syncees
2026-09-24 17:21:53 [VisionSync] INFO Sync terminee: 10719 immat, 32 blacklist
2026-09-24 17:23:39 [VisionSync] INFO === Demarrage sync Vision incremental ===
2026-09-24 17:23:52 [VisionSync] INFO Config syncee: GPF 2026
2026-09-24 17:27:18 [VisionSync] INFO Immatriculations: 10719 upsert
2026-09-24 17:27:18 [VisionSync] INFO Blacklist: 32 entrees syncees
2026-09-24 17:27:18 [VisionSync] INFO Sync terminee: 10719 immat, 32 blacklist
2026-09-24 17:28:14 [VisionSync] INFO === Demarrage sync Vision incremental ===
2026-09-24 17:28:21 [VisionSync] INFO Config syncee: GPF 2026
2026-09-24 17:31:17 [VisionSync] INFO Immatriculations: 10719 upsert
2026-09-24 17:31:17 [VisionSync] INFO Blacklist: 32 entrees syncees
2026-09-24 17:31:17 [VisionSync] INFO Sync terminee: 10719 immat, 32 blacklist
2026-09-24 17:33:24 [VisionSync] INFO === Demarrage sync Vision incremental ===
2026-09-24 17:33:27 [VisionSync] INFO Config syncee: GPF 2026
2026-09-24 17:36:08 [VisionSync] INFO Immatriculations: 10719 upsert
2026-09-24 17:36:09 [VisionSync] INFO Blacklist: 32 entrees syncees
2026-09-24 17:36:09 [VisionSync] INFO Sync terminee: 10719 immat, 32 blacklist
2026-09-24 17:38:29 [VisionSync] INFO === Demarrage sync Vision incremental ===
2026-09-24 17:38:38 [VisionSync] INFO Config syncee: GPF 2026
2026-09-24 17:41:06 [VisionSync] INFO Immatriculations: 10719 upsert
2026-09-24 17:41:07 [VisionSync] INFO Blacklist: 32 entrees syncees
2026-09-24 17:41:07 [VisionSync] INFO Sync terminee: 10719 immat, 32 blacklist
2026-09-24 17:43:39 [VisionSync] INFO === Demarrage sync Vision incremental ===
2026-09-24 17:43:49 [VisionSync] INFO Config syncee: GPF 2026
2026-09-24 17:46:28 [VisionSync] INFO Immatriculations: 10719 upsert
2026-09-24 17:46:28 [VisionSync] INFO Blacklist: 32 entrees syncees
2026-09-24 17:46:28 [VisionSync] INFO Sync terminee: 10719 immat, 32 blacklist
2026-09-24 17:48:15 [VisionSync] INFO === Demarrage sync Vision incremental ===
2026-09-24 17:48:20 [VisionSync] INFO Config syncee: GPF 2026
2026-09-24 17:51:14 [VisionSync] INFO Immatriculations: 10719 upsert
2026-09-24 17:51:14 [VisionSync] INFO Blacklist: 32 entrees syncees
2026-09-24 17:51:14 [VisionSync] INFO Sync terminee: 10719 immat, 32 blacklist
2026-09-24 17:53:29 [VisionSync] INFO === Demarrage sync Vision incremental ===
2026-09-24 17:53:32 [VisionSync] INFO Config syncee: GPF 2026
2026-09-24 17:56:29 [VisionSync] INFO Immatriculations: 10719 upsert
2026-09-24 17:56:29 [VisionSync] INFO Blacklist: 32 entrees syncees
2026-09-24 17:56:29 [VisionSync] INFO Sync terminee: 10719 immat, 32 blacklist
2026-09-24 17:58:39 [VisionSync] INFO === Demarrage sync Vision incremental ===
2026-09-24 17:58:46 [VisionSync] INFO Config syncee: GPF 2026
2026-09-24 18:01:37 [VisionSync] INFO Immatriculations: 10719 upsert
2026-09-24 18:01:37 [VisionSync] INFO Blacklist: 32 entrees syncees
2026-09-24 18:01:37 [VisionSync] INFO Sync terminee: 10719 immat, 32 blacklist
2026-09-24 18:03:14 [VisionSync] INFO === Demarrage sync Vision incremental ===
2026-09-24 18:03:24 [VisionSync] INFO Config syncee: GPF 2026
2026-09-24 18:06:20 [VisionSync] INFO Immatriculations: 10719 upsert
2026-09-24 18:06:20 [VisionSync] INFO Blacklist: 32 entrees syncees
2026-09-24 18:06:20 [VisionSync] INFO Sync terminee: 10719 immat, 32 blacklist
2026-09-24 18:08:44 [VisionSync] INFO === Demarrage sync Vision incremental ===
2026-09-24 18:08:52 [VisionSync] INFO Config syncee: GPF 2026
2026-09-24 18:11:45 [VisionSync] INFO Immatriculations: 10719 upsert
2026-09-24 18:11:45 [VisionSync] INFO Blacklist: 32 entrees syncees
2026-09-24 18:11:45 [VisionSync] INFO Sync terminee: 10719 immat, 32 blacklist
2026-09-24 18:13:39 [VisionSync] INFO === Demarrage sync Vision incremental ===
2026-09-24 18:13:50 [VisionSync] INFO Config syncee: GPF 2026
2026-09-24 18:16:53 [VisionSync] INFO Immatriculations: 10719 upsert
2026-09-24 18:16:53 [VisionSync] INFO Blacklist: 32 entrees syncees
2026-09-24 18:16:53 [VisionSync] INFO Sync terminee: 10719 immat, 32 blacklist
2026-09-24 18:18:24 [VisionSync] INFO === Demarrage sync Vision incremental ===
2026-09-24 18:18:28 [VisionSync] INFO Config syncee: GPF 2026
2026-09-24 18:21:40 [VisionSync] INFO Immatriculations: 10719 upsert
2026-09-24 18:21:41 [VisionSync] INFO Blacklist: 32 entrees syncees
2026-09-24 18:21:41 [VisionSync] INFO Sync terminee: 10719 immat, 32 blacklist
2026-09-24 18:23:14 [VisionSync] INFO === Demarrage sync Vision incremental ===
2026-09-24 18:23:17 [VisionSync] INFO Config syncee: GPF 2026
2026-09-24 18:26:13 [VisionSync] INFO Immatriculations: 10719 upsert
2026-09-24 18:26:13 [VisionSync] INFO Blacklist: 32 entrees syncees
2026-09-24 18:26:13 [VisionSync] INFO Sync terminee: 10719 immat, 32 blacklist
2026-09-24 18:28:14 [VisionSync] INFO === Demarrage sync Vision incremental ===
2026-09-24 18:28:21 [VisionSync] INFO Config syncee: GPF 2026
2026-09-24 18:31:14 [VisionSync] INFO Immatriculations: 10719 upsert
2026-09-24 18:31:14 [VisionSync] INFO Blacklist: 32 entrees syncees
2026-09-24 18:31:14 [VisionSync] INFO Sync terminee: 10719 immat, 32 blacklist
2026-09-24 18:33:14 [VisionSync] INFO === Demarrage sync Vision incremental ===
2026-09-24 18:33:17 [VisionSync] INFO Config syncee: GPF 2026
2026-09-24 18:35:41 [VisionSync] INFO Immatriculations: 10719 upsert
2026-09-24 18:35:41 [VisionSync] INFO Blacklist: 32 entrees syncees
2026-09-24 18:35:41 [VisionSync] INFO Sync terminee: 10719 immat, 32 blacklist
2026-09-24 18:38:44 [VisionSync] INFO === Demarrage sync Vision incremental ===
2026-09-24 18:38:51 [VisionSync] INFO Config syncee: GPF 2026
2026-09-24 18:41:25 [VisionSync] INFO Immatriculations: 10719 upsert
2026-09-24 18:41:25 [VisionSync] INFO Blacklist: 32 entrees syncees
2026-09-24 18:41:25 [VisionSync] INFO Sync terminee: 10719 immat, 32 blacklist
2026-09-24 18:43:39 [VisionSync] INFO === Demarrage sync Vision incremental ===
2026-09-24 18:43:50 [VisionSync] INFO Config syncee: GPF 2026
2026-09-24 18:46:29 [VisionSync] INFO Immatriculations: 10719 upsert
2026-09-24 18:46:30 [VisionSync] INFO Blacklist: 32 entrees syncees
2026-09-24 18:46:30 [VisionSync] INFO Sync terminee: 10719 immat, 32 blacklist
2026-09-24 18:48:14 [VisionSync] INFO === Demarrage sync Vision incremental ===
2026-09-24 18:48:21 [VisionSync] INFO Config syncee: GPF 2026
2026-09-24 18:51:17 [VisionSync] INFO Immatriculations: 10719 upsert
2026-09-24 18:51:17 [VisionSync] INFO Blacklist: 32 entrees syncees
2026-09-24 18:51:17 [VisionSync] INFO Sync terminee: 10719 immat, 32 blacklist
2026-09-24 18:53:29 [VisionSync] INFO === Demarrage sync Vision incremental ===
2026-09-24 18:53:32 [VisionSync] INFO Config syncee: GPF 2026
2026-09-24 18:56:45 [VisionSync] INFO Immatriculations: 10719 upsert
2026-09-24 18:56:45 [VisionSync] INFO Blacklist: 32 entrees syncees
2026-09-24 18:56:45 [VisionSync] INFO Sync terminee: 10719 immat, 32 blacklist
2026-09-24 18:58:14 [VisionSync] INFO === Demarrage sync Vision incremental ===
2026-09-24 18:58:21 [VisionSync] INFO Config syncee: GPF 2026
2026-09-24 19:01:28 [VisionSync] INFO Immatriculations: 10719 upsert
2026-09-24 19:01:29 [VisionSync] INFO Blacklist: 32 entrees syncees
2026-09-24 19:01:29 [VisionSync] INFO Sync terminee: 10719 immat, 32 blacklist
2026-09-24 19:03:24 [VisionSync] INFO === Demarrage sync Vision incremental ===
2026-09-24 19:03:27 [VisionSync] INFO Config syncee: GPF 2026
2026-09-24 19:06:28 [VisionSync] INFO Immatriculations: 10719 upsert
2026-09-24 19:06:29 [VisionSync] INFO Blacklist: 32 entrees syncees
2026-09-24 19:06:29 [VisionSync] INFO Sync terminee: 10719 immat, 32 blacklist
2026-09-24 19:08:29 [VisionSync] INFO === Demarrage sync Vision incremental ===
2026-09-24 19:08:37 [VisionSync] INFO Config syncee: GPF 2026
2026-09-24 19:11:43 [VisionSync] INFO Immatriculations: 10719 upsert
2026-09-24 19:11:43 [VisionSync] INFO Blacklist: 32 entrees syncees
2026-09-24 19:11:43 [VisionSync] INFO Sync terminee: 10719 immat, 32 blacklist
2026-09-24 19:13:40 [VisionSync] INFO === Demarrage sync Vision incremental ===
2026-09-24 19:13:51 [VisionSync] INFO Config syncee: GPF 2026
2026-09-24 19:17:02 [VisionSync] INFO Immatriculations: 10719 upsert
2026-09-24 19:17:02 [VisionSync] INFO Blacklist: 32 entrees syncees
2026-09-24 19:17:02 [VisionSync] INFO Sync terminee: 10719 immat, 32 blacklist
2026-09-24 19:18:14 [VisionSync] INFO === Demarrage sync Vision incremental ===
2026-09-24 19:18:19 [VisionSync] INFO Config syncee: GPF 2026
2026-09-24 19:21:39 [VisionSync] INFO Immatriculations: 10719 upsert
2026-09-24 19:21:41 [VisionSync] INFO Blacklist: 32 entrees syncees
2026-09-24 19:21:41 [VisionSync] INFO Sync terminee: 10719 immat, 32 blacklist
2026-09-24 19:23:29 [VisionSync] INFO === Demarrage sync Vision incremental ===
2026-09-24 19:23:33 [VisionSync] INFO Config syncee: GPF 2026
2026-09-24 19:26:34 [VisionSync] INFO Immatriculations: 10719 upsert
2026-09-24 19:26:34 [VisionSync] INFO Blacklist: 32 entrees syncees
2026-09-24 19:26:34 [VisionSync] INFO Sync terminee: 10719 immat, 32 blacklist
2026-09-24 19:28:39 [VisionSync] INFO === Demarrage sync Vision incremental ===
2026-09-24 19:28:46 [VisionSync] INFO Config syncee: GPF 2026
2026-09-24 19:31:18 [VisionSync] INFO Immatriculations: 10719 upsert
2026-09-24 19:31:19 [VisionSync] INFO Blacklist: 32 entrees syncees
2026-09-24 19:31:19 [VisionSync] INFO Sync terminee: 10719 immat, 32 blacklist
2026-09-24 19:33:14 [VisionSync] INFO === Demarrage sync Vision incremental ===
2026-09-24 19:33:25 [VisionSync] INFO Config syncee: GPF 2026
2026-09-24 19:35:59 [VisionSync] INFO Immatriculations: 10719 upsert
2026-09-24 19:35:59 [VisionSync] INFO Blacklist: 32 entrees syncees
2026-09-24 19:35:59 [VisionSync] INFO Sync terminee: 10719 immat, 32 blacklist
2026-09-24 19:38:44 [VisionSync] INFO === Demarrage sync Vision incremental ===
2026-09-24 19:38:52 [VisionSync] INFO Config syncee: GPF 2026
2026-09-24 19:41:32 [VisionSync] INFO Immatriculations: 10719 upsert
2026-09-24 19:41:32 [VisionSync] INFO Blacklist: 32 entrees syncees
2026-09-24 19:41:32 [VisionSync] INFO Sync terminee: 10719 immat, 32 blacklist
2026-09-24 19:43:39 [VisionSync] INFO === Demarrage sync Vision incremental ===
2026-09-24 19:43:49 [VisionSync] INFO Config syncee: GPF 2026
2026-09-24 19:46:39 [VisionSync] INFO Immatriculations: 10719 upsert
2026-09-24 19:46:40 [VisionSync] INFO Blacklist: 32 entrees syncees
2026-09-24 19:46:40 [VisionSync] INFO Sync terminee: 10719 immat, 32 blacklist
2026-09-24 19:48:14 [VisionSync] INFO === Demarrage sync Vision incremental ===
2026-09-24 19:48:21 [VisionSync] INFO Config syncee: GPF 2026
2026-09-24 19:51:29 [VisionSync] INFO Immatriculations: 10719 upsert
2026-09-24 19:51:29 [VisionSync] INFO Blacklist: 32 entrees syncees
2026-09-24 19:51:29 [VisionSync] INFO Sync terminee: 10719 immat, 32 blacklist
2026-09-24 19:53:39 [VisionSync] INFO === Demarrage sync Vision incremental ===
2026-09-24 19:53:49 [VisionSync] INFO Config syncee: GPF 2026
2026-09-24 19:57:06 [VisionSync] INFO Immatriculations: 10719 upsert
2026-09-24 19:57:06 [VisionSync] INFO Blacklist: 32 entrees syncees
2026-09-24 19:57:06 [VisionSync] INFO Sync terminee: 10719 immat, 32 blacklist
2026-09-24 19:58:24 [VisionSync] INFO === Demarrage sync Vision incremental ===
2026-09-24 19:58:27 [VisionSync] INFO Config syncee: GPF 2026
2026-09-24 20:01:42 [VisionSync] INFO Immatriculations: 10719 upsert
2026-09-24 20:01:42 [VisionSync] INFO Blacklist: 32 entrees syncees
2026-09-24 20:01:42 [VisionSync] INFO Sync terminee: 10719 immat, 32 blacklist
2026-09-24 20:03:14 [VisionSync] INFO === Demarrage sync Vision incremental ===
2026-09-24 20:03:17 [VisionSync] INFO Config syncee: GPF 2026
2026-09-24 20:06:56 [VisionSync] INFO Immatriculations: 10719 upsert
2026-09-24 20:06:56 [VisionSync] INFO Blacklist: 32 entrees syncees
2026-09-24 20:06:56 [VisionSync] INFO Sync terminee: 10719 immat, 32 blacklist
2026-09-24 20:09:17 [VisionSync] INFO === Demarrage sync Vision incremental ===
2026-09-24 20:09:23 [VisionSync] INFO Config syncee: GPF 2026
2026-09-24 20:13:06 [VisionSync] INFO Immatriculations: 10719 upsert
2026-09-24 20:13:07 [VisionSync] INFO Blacklist: 32 entrees syncees
2026-09-24 20:13:07 [VisionSync] INFO Sync terminee: 10719 immat, 32 blacklist
2026-09-24 20:13:25 [VisionSync] INFO === Demarrage sync Vision incremental ===
2026-09-24 20:13:31 [VisionSync] INFO Config syncee: GPF 2026
2026-09-24 20:17:32 [VisionSync] INFO Immatriculations: 10719 upsert
2026-09-24 20:17:32 [VisionSync] INFO Blacklist: 32 entrees syncees
2026-09-24 20:17:32 [VisionSync] INFO Sync terminee: 10719 immat, 32 blacklist
2026-09-24 20:18:14 [VisionSync] INFO === Demarrage sync Vision incremental ===
2026-09-24 20:18:22 [VisionSync] INFO Config syncee: GPF 2026
2026-09-24 20:21:50 [VisionSync] INFO Immatriculations: 10719 upsert
2026-09-24 20:21:51 [VisionSync] INFO Blacklist: 32 entrees syncees
2026-09-24 20:21:51 [VisionSync] INFO Sync terminee: 10719 immat, 32 blacklist
2026-09-24 20:23:29 [VisionSync] INFO === Demarrage sync Vision incremental ===
2026-09-24 20:23:35 [VisionSync] INFO Config syncee: GPF 2026
2026-09-24 20:26:40 [VisionSync] INFO Immatriculations: 10719 upsert
2026-09-24 20:26:40 [VisionSync] INFO Blacklist: 32 entrees syncees
2026-09-24 20:26:40 [VisionSync] INFO Sync terminee: 10719 immat, 32 blacklist
2026-09-24 20:28:24 [VisionSync] INFO === Demarrage sync Vision incremental ===
2026-09-24 20:28:31 [VisionSync] INFO Config syncee: GPF 2026
2026-09-24 20:31:43 [VisionSync] INFO Immatriculations: 10719 upsert
2026-09-24 20:31:44 [VisionSync] INFO Blacklist: 32 entrees syncees
2026-09-24 20:31:44 [VisionSync] INFO Sync terminee: 10719 immat, 32 blacklist
2026-09-24 20:33:14 [VisionSync] INFO === Demarrage sync Vision incremental ===
2026-09-24 20:33:20 [VisionSync] INFO Config syncee: GPF 2026
2026-09-24 20:36:17 [VisionSync] INFO Immatriculations: 10719 upsert
2026-09-24 20:36:18 [VisionSync] INFO Blacklist: 32 entrees syncees
2026-09-24 20:36:18 [VisionSync] INFO Sync terminee: 10719 immat, 32 blacklist
2026-09-24 20:38:44 [VisionSync] INFO === Demarrage sync Vision incremental ===
2026-09-24 20:38:51 [VisionSync] INFO Config syncee: GPF 2026
2026-09-24 20:41:48 [VisionSync] INFO Immatriculations: 10719 upsert
2026-09-24 20:41:48 [VisionSync] INFO Blacklist: 32 entrees syncees
2026-09-24 20:41:48 [VisionSync] INFO Sync terminee: 10719 immat, 32 blacklist
2026-09-24 20:43:29 [VisionSync] INFO === Demarrage sync Vision incremental ===
2026-09-24 20:43:31 [VisionSync] INFO Config syncee: GPF 2026
2026-09-24 20:46:32 [VisionSync] INFO Immatriculations: 10719 upsert
2026-09-24 20:46:32 [VisionSync] INFO Blacklist: 32 entrees syncees
2026-09-24 20:46:32 [VisionSync] INFO Sync terminee: 10719 immat, 32 blacklist
2026-09-24 20:48:24 [VisionSync] INFO === Demarrage sync Vision incremental ===
2026-09-24 20:48:27 [VisionSync] INFO Config syncee: GPF 2026
2026-09-24 20:51:44 [VisionSync] INFO Immatriculations: 10719 upsert
2026-09-24 20:51:45 [VisionSync] INFO Blacklist: 32 entrees syncees
2026-09-24 20:51:45 [VisionSync] INFO Sync terminee: 10719 immat, 32 blacklist
2026-09-24 20:53:44 [VisionSync] INFO === Demarrage sync Vision incremental ===
2026-09-24 20:53:54 [VisionSync] INFO Config syncee: GPF 2026
2026-09-24 20:57:11 [VisionSync] INFO Immatriculations: 10719 upsert
2026-09-24 20:57:12 [VisionSync] INFO Blacklist: 32 entrees syncees
2026-09-24 20:57:12 [VisionSync] INFO Sync terminee: 10719 immat, 32 blacklist
2026-09-24 20:58:14 [VisionSync] INFO === Demarrage sync Vision incremental ===
2026-09-24 20:58:21 [VisionSync] INFO Config syncee: GPF 2026
2026-09-24 21:01:37 [VisionSync] INFO Immatriculations: 10719 upsert
2026-09-24 21:01:38 [VisionSync] INFO Blacklist: 32 entrees syncees
2026-09-24 21:01:38 [VisionSync] INFO Sync terminee: 10719 immat, 32 blacklist
2026-09-24 21:03:14 [VisionSync] INFO === Demarrage sync Vision incremental ===
2026-09-24 21:03:17 [VisionSync] INFO Config syncee: GPF 2026
2026-09-24 21:06:24 [VisionSync] INFO Immatriculations: 10719 upsert
2026-09-24 21:06:25 [VisionSync] INFO Blacklist: 32 entrees syncees
2026-09-24 21:06:25 [VisionSync] INFO Sync terminee: 10719 immat, 32 blacklist
2026-09-24 21:08:38 [VisionSync] INFO === Demarrage sync Vision incremental ===
2026-09-24 21:08:45 [VisionSync] INFO Config syncee: GPF 2026
2026-09-24 21:12:05 [VisionSync] INFO Immatriculations: 10719 upsert
2026-09-24 21:12:06 [VisionSync] INFO Blacklist: 32 entrees syncees
2026-09-24 21:12:06 [VisionSync] INFO Sync terminee: 10719 immat, 32 blacklist
2026-09-24 21:13:23 [VisionSync] INFO === Demarrage sync Vision incremental ===
2026-09-24 21:13:32 [VisionSync] INFO Config syncee: GPF 2026
2026-09-24 21:16:47 [VisionSync] INFO Immatriculations: 10719 upsert
2026-09-24 21:16:47 [VisionSync] INFO Blacklist: 32 entrees syncees
2026-09-24 21:16:47 [VisionSync] INFO Sync terminee: 10719 immat, 32 blacklist
2026-09-24 21:18:14 [VisionSync] INFO === Demarrage sync Vision incremental ===
2026-09-24 21:18:22 [VisionSync] INFO Config syncee: GPF 2026
2026-09-24 21:21:25 [VisionSync] INFO Immatriculations: 10719 upsert
2026-09-24 21:21:25 [VisionSync] INFO Blacklist: 32 entrees syncees
2026-09-24 21:21:25 [VisionSync] INFO Sync terminee: 10719 immat, 32 blacklist
2026-09-24 21:23:44 [VisionSync] INFO === Demarrage sync Vision incremental ===
2026-09-24 21:23:54 [VisionSync] INFO Config syncee: GPF 2026
2026-09-24 21:27:17 [VisionSync] INFO Immatriculations: 10719 upsert
2026-09-24 21:27:17 [VisionSync] INFO Blacklist: 32 entrees syncees
2026-09-24 21:27:17 [VisionSync] INFO Sync terminee: 10719 immat, 32 blacklist
2026-09-24 21:28:14 [VisionSync] INFO === Demarrage sync Vision incremental ===
2026-09-24 21:28:21 [VisionSync] INFO Config syncee: GPF 2026
2026-09-24 21:31:44 [VisionSync] INFO Immatriculations: 10719 upsert
2026-09-24 21:31:44 [VisionSync] INFO Blacklist: 32 entrees syncees
2026-09-24 21:31:44 [VisionSync] INFO Sync terminee: 10719 immat, 32 blacklist
2026-09-24 21:33:14 [VisionSync] INFO === Demarrage sync Vision incremental ===
2026-09-24 21:33:25 [VisionSync] INFO Config syncee: GPF 2026
2026-09-24 21:36:43 [VisionSync] INFO Immatriculations: 10719 upsert
2026-09-24 21:36:43 [VisionSync] INFO Blacklist: 32 entrees syncees
2026-09-24 21:36:43 [VisionSync] INFO Sync terminee: 10719 immat, 32 blacklist
2026-09-24 21:38:44 [VisionSync] INFO === Demarrage sync Vision incremental ===
2026-09-24 21:38:51 [VisionSync] INFO Config syncee: GPF 2026
2026-09-24 21:41:50 [VisionSync] INFO Immatriculations: 10719 upsert
2026-09-24 21:41:50 [VisionSync] INFO Blacklist: 32 entrees syncees
2026-09-24 21:41:50 [VisionSync] INFO Sync terminee: 10719 immat, 32 blacklist
2026-09-24 21:43:29 [VisionSync] INFO === Demarrage sync Vision incremental ===
2026-09-24 21:43:32 [VisionSync] INFO Config syncee: GPF 2026
2026-09-24 21:46:35 [VisionSync] INFO Immatriculations: 10719 upsert
2026-09-24 21:46:36 [VisionSync] INFO Blacklist: 32 entrees syncees
2026-09-24 21:46:36 [VisionSync] INFO Sync terminee: 10719 immat, 32 blacklist
2026-09-24 21:48:14 [VisionSync] INFO === Demarrage sync Vision incremental ===
2026-09-24 21:48:17 [VisionSync] INFO Config syncee: GPF 2026
2026-09-24 21:51:25 [VisionSync] INFO Immatriculations: 10719 upsert
2026-09-24 21:51:25 [VisionSync] INFO Blacklist: 32 entrees syncees
2026-09-24 21:51:25 [VisionSync] INFO Sync terminee: 10719 immat, 32 blacklist
2026-09-24 21:53:29 [VisionSync] INFO === Demarrage sync Vision incremental ===
2026-09-24 21:53:31 [VisionSync] INFO Config syncee: GPF 2026
2026-09-24 21:56:35 [VisionSync] INFO Immatriculations: 10719 upsert
2026-09-24 21:56:35 [VisionSync] INFO Blacklist: 32 entrees syncees
2026-09-24 21:56:35 [VisionSync] INFO Sync terminee: 10719 immat, 32 blacklist
2026-09-24 21:58:14 [VisionSync] INFO === Demarrage sync Vision incremental ===
2026-09-24 21:58:21 [VisionSync] INFO Config syncee: GPF 2026
2026-09-24 22:01:22 [VisionSync] INFO Immatriculations: 10719 upsert
2026-09-24 22:01:22 [VisionSync] INFO Blacklist: 32 entrees syncees
2026-09-24 22:01:22 [VisionSync] INFO Sync terminee: 10719 immat, 32 blacklist
2026-09-24 22:03:14 [VisionSync] INFO === Demarrage sync Vision incremental ===
2026-09-24 22:03:17 [VisionSync] INFO Config syncee: GPF 2026
2026-09-24 22:06:15 [VisionSync] INFO Immatriculations: 10719 upsert
2026-09-24 22:06:15 [VisionSync] INFO Blacklist: 32 entrees syncees
2026-09-24 22:06:15 [VisionSync] INFO Sync terminee: 10719 immat, 32 blacklist
2026-09-24 22:08:44 [VisionSync] INFO === Demarrage sync Vision incremental ===
2026-09-24 22:08:52 [VisionSync] INFO Config syncee: GPF 2026
2026-09-24 22:11:35 [VisionSync] INFO Immatriculations: 10719 upsert
2026-09-24 22:11:35 [VisionSync] INFO Blacklist: 32 entrees syncees
2026-09-24 22:11:35 [VisionSync] INFO Sync terminee: 10719 immat, 32 blacklist
2026-09-24 22:13:29 [VisionSync] INFO === Demarrage sync Vision incremental ===
2026-09-24 22:13:38 [VisionSync] INFO Config syncee: GPF 2026
2026-09-24 22:16:18 [VisionSync] INFO Immatriculations: 10719 upsert
2026-09-24 22:16:20 [VisionSync] INFO Blacklist: 32 entrees syncees
2026-09-24 22:16:20 [VisionSync] INFO Sync terminee: 10719 immat, 32 blacklist
2026-09-24 22:18:14 [VisionSync] INFO === Demarrage sync Vision incremental ===
2026-09-24 22:18:21 [VisionSync] INFO Config syncee: GPF 2026
2026-09-24 22:21:20 [VisionSync] INFO Immatriculations: 10719 upsert
2026-09-24 22:21:20 [VisionSync] INFO Blacklist: 32 entrees syncees
2026-09-24 22:21:20 [VisionSync] INFO Sync terminee: 10719 immat, 32 blacklist
2026-09-24 22:23:44 [VisionSync] INFO === Demarrage sync Vision incremental ===
2026-09-24 22:23:54 [VisionSync] INFO Config syncee: GPF 2026
2026-09-24 22:27:04 [VisionSync] INFO Immatriculations: 10719 upsert
2026-09-24 22:27:04 [VisionSync] INFO Blacklist: 32 entrees syncees
2026-09-24 22:27:04 [VisionSync] INFO Sync terminee: 10719 immat, 32 blacklist
2026-09-24 22:28:14 [VisionSync] INFO === Demarrage sync Vision incremental ===
2026-09-24 22:28:21 [VisionSync] INFO Config syncee: GPF 2026
2026-09-24 22:31:22 [VisionSync] INFO Immatriculations: 10719 upsert
2026-09-24 22:31:22 [VisionSync] INFO Blacklist: 32 entrees syncees
2026-09-24 22:31:22 [VisionSync] INFO Sync terminee: 10719 immat, 32 blacklist
2026-09-24 22:33:14 [VisionSync] INFO === Demarrage sync Vision incremental ===
2026-09-24 22:33:17 [VisionSync] INFO Config syncee: GPF 2026
2026-09-24 22:36:12 [VisionSync] INFO Immatriculations: 10719 upsert
2026-09-24 22:36:12 [VisionSync] INFO Blacklist: 32 entrees syncees
2026-09-24 22:36:12 [VisionSync] INFO Sync terminee: 10719 immat, 32 blacklist
2026-09-24 22:38:23 [VisionSync] INFO === Demarrage sync Vision incremental ===
2026-09-24 22:38:26 [VisionSync] INFO Config syncee: GPF 2026
2026-09-24 22:41:28 [VisionSync] INFO Immatriculations: 10719 upsert
2026-09-24 22:41:28 [VisionSync] INFO Blacklist: 32 entrees syncees
2026-09-24 22:41:28 [VisionSync] INFO Sync terminee: 10719 immat, 32 blacklist
2026-09-24 22:43:38 [VisionSync] INFO === Demarrage sync Vision incremental ===
2026-09-24 22:43:49 [VisionSync] INFO Config syncee: GPF 2026
2026-09-24 22:46:58 [VisionSync] INFO Immatriculations: 10719 upsert
2026-09-24 22:46:59 [VisionSync] INFO Blacklist: 32 entrees syncees
2026-09-24 22:46:59 [VisionSync] INFO Sync terminee: 10719 immat, 32 blacklist
2026-09-24 22:48:14 [VisionSync] INFO === Demarrage sync Vision incremental ===
2026-09-24 22:48:16 [VisionSync] INFO Config syncee: GPF 2026
2026-09-24 22:51:23 [VisionSync] INFO Immatriculations: 10719 upsert
2026-09-24 22:51:23 [VisionSync] INFO Blacklist: 32 entrees syncees
2026-09-24 22:51:23 [VisionSync] INFO Sync terminee: 10719 immat, 32 blacklist
2026-09-24 22:53:29 [VisionSync] INFO === Demarrage sync Vision incremental ===
2026-09-24 22:53:35 [VisionSync] INFO Config syncee: GPF 2026
2026-09-24 22:56:24 [VisionSync] INFO Immatriculations: 10719 upsert
2026-09-24 22:56:24 [VisionSync] INFO Blacklist: 32 entrees syncees
2026-09-24 22:56:24 [VisionSync] INFO Sync terminee: 10719 immat, 32 blacklist
2026-09-24 22:58:38 [VisionSync] INFO === Demarrage sync Vision incremental ===
2026-09-24 22:58:45 [VisionSync] INFO Config syncee: GPF 2026
2026-09-24 23:01:32 [VisionSync] INFO Immatriculations: 10719 upsert
2026-09-24 23:01:32 [VisionSync] INFO Blacklist: 32 entrees syncees
2026-09-24 23:01:32 [VisionSync] INFO Sync terminee: 10719 immat, 32 blacklist
2026-09-24 23:03:14 [VisionSync] INFO === Demarrage sync Vision incremental ===
2026-09-24 23:03:23 [VisionSync] INFO Config syncee: GPF 2026
2026-09-24 23:06:01 [VisionSync] INFO Immatriculations: 10719 upsert
2026-09-24 23:06:02 [VisionSync] INFO Blacklist: 32 entrees syncees
2026-09-24 23:06:02 [VisionSync] INFO Sync terminee: 10719 immat, 32 blacklist
2026-09-24 23:08:44 [VisionSync] INFO === Demarrage sync Vision incremental ===
2026-09-24 23:08:52 [VisionSync] INFO Config syncee: GPF 2026
2026-09-24 23:11:33 [VisionSync] INFO Immatriculations: 10719 upsert
2026-09-24 23:11:33 [VisionSync] INFO Blacklist: 32 entrees syncees
2026-09-24 23:11:33 [VisionSync] INFO Sync terminee: 10719 immat, 32 blacklist
2026-09-24 23:13:38 [VisionSync] INFO === Demarrage sync Vision incremental ===
2026-09-24 23:13:49 [VisionSync] INFO Config syncee: GPF 2026
2026-09-24 23:16:33 [VisionSync] INFO Immatriculations: 10719 upsert
2026-09-24 23:16:34 [VisionSync] INFO Blacklist: 32 entrees syncees
2026-09-24 23:16:34 [VisionSync] INFO Sync terminee: 10719 immat, 32 blacklist
2026-09-24 23:18:29 [VisionSync] INFO === Demarrage sync Vision incremental ===
2026-09-24 23:18:32 [VisionSync] INFO Config syncee: GPF 2026
2026-09-24 23:21:35 [VisionSync] INFO Immatriculations: 10719 upsert
2026-09-24 23:21:36 [VisionSync] INFO Blacklist: 32 entrees syncees
2026-09-24 23:21:36 [VisionSync] INFO Sync terminee: 10719 immat, 32 blacklist
2026-09-24 23:23:44 [VisionSync] INFO === Demarrage sync Vision incremental ===
2026-09-24 23:23:54 [VisionSync] INFO Config syncee: GPF 2026
2026-09-24 23:27:10 [VisionSync] INFO Immatriculations: 10719 upsert
2026-09-24 23:27:10 [VisionSync] INFO Blacklist: 32 entrees syncees
2026-09-24 23:27:10 [VisionSync] INFO Sync terminee: 10719 immat, 32 blacklist
2026-09-24 23:28:14 [VisionSync] INFO === Demarrage sync Vision incremental ===
2026-09-24 23:28:21 [VisionSync] INFO Config syncee: GPF 2026
2026-09-24 23:31:33 [VisionSync] INFO Immatriculations: 10719 upsert
2026-09-24 23:31:33 [VisionSync] INFO Blacklist: 32 entrees syncees
2026-09-24 23:31:33 [VisionSync] INFO Sync terminee: 10719 immat, 32 blacklist
2026-09-24 23:33:14 [VisionSync] INFO === Demarrage sync Vision incremental ===
2026-09-24 23:33:20 [VisionSync] INFO Config syncee: GPF 2026
2026-09-24 23:36:33 [VisionSync] INFO Immatriculations: 10719 upsert
2026-09-24 23:36:33 [VisionSync] INFO Blacklist: 32 entrees syncees
2026-09-24 23:36:33 [VisionSync] INFO Sync terminee: 10719 immat, 32 blacklist
2026-09-24 23:38:44 [VisionSync] INFO === Demarrage sync Vision incremental ===
2026-09-24 23:38:51 [VisionSync] INFO Config syncee: GPF 2026
2026-09-24 23:42:11 [VisionSync] INFO Immatriculations: 10719 upsert
2026-09-24 23:42:11 [VisionSync] INFO Blacklist: 32 entrees syncees
2026-09-24 23:42:11 [VisionSync] INFO Sync terminee: 10719 immat, 32 blacklist
2026-09-24 23:43:38 [VisionSync] INFO === Demarrage sync Vision incremental ===
2026-09-24 23:43:49 [VisionSync] INFO Config syncee: GPF 2026
2026-09-24 23:46:41 [VisionSync] INFO Immatriculations: 10719 upsert
2026-09-24 23:46:41 [VisionSync] INFO Blacklist: 32 entrees syncees
2026-09-24 23:46:41 [VisionSync] INFO Sync terminee: 10719 immat, 32 blacklist
2026-09-24 23:48:14 [VisionSync] INFO === Demarrage sync Vision incremental ===
2026-09-24 23:48:22 [VisionSync] INFO Config syncee: GPF 2026
2026-09-24 23:51:02 [VisionSync] INFO Immatriculations: 10719 upsert
2026-09-24 23:51:02 [VisionSync] INFO Blacklist: 32 entrees syncees
2026-09-24 23:51:02 [VisionSync] INFO Sync terminee: 10719 immat, 32 blacklist
2026-09-24 23:53:44 [VisionSync] INFO === Demarrage sync Vision incremental ===
2026-09-24 23:53:54 [VisionSync] INFO Config syncee: GPF 2026
2026-09-24 23:56:48 [VisionSync] INFO Immatriculations: 10719 upsert
2026-09-24 23:56:48 [VisionSync] INFO Blacklist: 32 entrees syncees
2026-09-24 23:56:48 [VisionSync] INFO Sync terminee: 10719 immat, 32 blacklist
2026-09-24 23:58:14 [VisionSync] INFO === Demarrage sync Vision incremental ===
2026-09-24 23:58:21 [VisionSync] INFO Config syncee: GPF 2026
2026-09-25 00:01:01 [VisionSync] INFO Immatriculations: 10719 upsert
2026-09-25 00:01:01 [VisionSync] INFO Blacklist: 32 entrees syncees
2026-09-25 00:01:01 [VisionSync] INFO Sync terminee: 10719 immat, 32 blacklist
2026-09-25 00:03:23 [VisionSync] INFO === Demarrage sync Vision incremental ===
2026-09-25 00:03:26 [VisionSync] INFO Config syncee: GPF 2026
2026-09-25 00:06:02 [VisionSync] INFO Immatriculations: 10719 upsert
2026-09-25 00:06:03 [VisionSync] INFO Blacklist: 32 entrees syncees
2026-09-25 00:06:03 [VisionSync] INFO Sync terminee: 10719 immat, 32 blacklist
2026-09-25 00:08:38 [VisionSync] INFO === Demarrage sync Vision incremental ===
2026-09-25 00:08:46 [VisionSync] INFO Config syncee: GPF 2026
2026-09-25 00:11:28 [VisionSync] INFO Immatriculations: 10719 upsert
2026-09-25 00:11:28 [VisionSync] INFO Blacklist: 32 entrees syncees
2026-09-25 00:11:28 [VisionSync] INFO Sync terminee: 10719 immat, 32 blacklist
2026-09-25 00:13:38 [VisionSync] INFO === Demarrage sync Vision incremental ===
2026-09-25 00:13:50 [VisionSync] INFO Config syncee: GPF 2026
2026-09-25 00:16:39 [VisionSync] INFO Immatriculations: 10719 upsert
2026-09-25 00:16:39 [VisionSync] INFO Blacklist: 32 entrees syncees
2026-09-25 00:16:39 [VisionSync] INFO Sync terminee: 10719 immat, 32 blacklist
2026-09-25 00:18:14 [VisionSync] INFO === Demarrage sync Vision incremental ===
2026-09-25 00:18:20 [VisionSync] INFO Config syncee: GPF 2026
2026-09-25 00:21:27 [VisionSync] INFO Immatriculations: 10719 upsert
2026-09-25 00:21:28 [VisionSync] INFO Blacklist: 32 entrees syncees
2026-09-25 00:21:28 [VisionSync] INFO Sync terminee: 10719 immat, 32 blacklist
2026-09-25 00:23:38 [VisionSync] INFO === Demarrage sync Vision incremental ===
2026-09-25 00:23:48 [VisionSync] INFO Config syncee: GPF 2026
2026-09-25 00:26:54 [VisionSync] INFO Immatriculations: 10719 upsert
2026-09-25 00:26:55 [VisionSync] INFO Blacklist: 32 entrees syncees
2026-09-25 00:26:55 [VisionSync] INFO Sync terminee: 10719 immat, 32 blacklist
2026-09-25 00:28:38 [VisionSync] INFO === Demarrage sync Vision incremental ===
2026-09-25 00:28:46 [VisionSync] INFO Config syncee: GPF 2026
2026-09-25 00:31:45 [VisionSync] INFO Immatriculations: 10719 upsert
2026-09-25 00:31:45 [VisionSync] INFO Blacklist: 32 entrees syncees
2026-09-25 00:31:45 [VisionSync] INFO Sync terminee: 10719 immat, 32 blacklist
2026-09-25 00:33:14 [VisionSync] INFO === Demarrage sync Vision incremental ===
2026-09-25 00:33:24 [VisionSync] INFO Config syncee: GPF 2026
2026-09-25 00:36:23 [VisionSync] INFO Immatriculations: 10719 upsert
2026-09-25 00:36:23 [VisionSync] INFO Blacklist: 32 entrees syncees
2026-09-25 00:36:23 [VisionSync] INFO Sync terminee: 10719 immat, 32 blacklist
2026-09-25 00:38:14 [VisionSync] INFO === Demarrage sync Vision incremental ===
2026-09-25 00:38:16 [VisionSync] INFO Config syncee: GPF 2026
2026-09-25 00:41:12 [VisionSync] INFO Immatriculations: 10719 upsert
2026-09-25 00:41:12 [VisionSync] INFO Blacklist: 32 entrees syncees
2026-09-25 00:41:12 [VisionSync] INFO Sync terminee: 10719 immat, 32 blacklist
2026-09-25 00:43:23 [VisionSync] INFO === Demarrage sync Vision incremental ===
2026-09-25 00:43:30 [VisionSync] INFO Config syncee: GPF 2026
2026-09-25 00:46:21 [VisionSync] INFO Immatriculations: 10719 upsert
2026-09-25 00:46:21 [VisionSync] INFO Blacklist: 32 entrees syncees
2026-09-25 00:46:21 [VisionSync] INFO Sync terminee: 10719 immat, 32 blacklist
2026-09-25 00:48:14 [VisionSync] INFO === Demarrage sync Vision incremental ===
2026-09-25 00:48:21 [VisionSync] INFO Config syncee: GPF 2026
2026-09-25 00:51:13 [VisionSync] INFO Immatriculations: 10719 upsert
2026-09-25 00:51:14 [VisionSync] INFO Blacklist: 32 entrees syncees
2026-09-25 00:51:14 [VisionSync] INFO Sync terminee: 10719 immat, 32 blacklist
2026-09-25 00:53:44 [VisionSync] INFO === Demarrage sync Vision incremental ===
2026-09-25 00:53:54 [VisionSync] INFO Config syncee: GPF 2026
2026-09-25 00:56:50 [VisionSync] INFO Immatriculations: 10719 upsert
2026-09-25 00:56:50 [VisionSync] INFO Blacklist: 32 entrees syncees
2026-09-25 00:56:50 [VisionSync] INFO Sync terminee: 10719 immat, 32 blacklist
2026-09-25 00:58:14 [VisionSync] INFO === Demarrage sync Vision incremental ===
2026-09-25 00:58:21 [VisionSync] INFO Config syncee: GPF 2026
2026-09-25 01:01:16 [VisionSync] INFO Immatriculations: 10719 upsert
2026-09-25 01:01:17 [VisionSync] INFO Blacklist: 32 entrees syncees
2026-09-25 01:01:17 [VisionSync] INFO Sync terminee: 10719 immat, 32 blacklist
2026-09-25 01:03:14 [VisionSync] INFO === Demarrage sync Vision incremental ===
2026-09-25 01:03:19 [VisionSync] INFO Config syncee: GPF 2026
2026-09-25 01:06:37 [VisionSync] INFO Immatriculations: 10719 upsert
2026-09-25 01:06:38 [VisionSync] INFO Blacklist: 32 entrees syncees
2026-09-25 01:06:38 [VisionSync] INFO Sync terminee: 10719 immat, 32 blacklist
2026-09-25 01:08:44 [VisionSync] INFO === Demarrage sync Vision incremental ===
2026-09-25 01:08:48 [VisionSync] INFO Config syncee: GPF 2026
2026-09-25 01:12:14 [VisionSync] INFO Immatriculations: 10719 upsert
2026-09-25 01:12:15 [VisionSync] INFO Blacklist: 32 entrees syncees
2026-09-25 01:12:15 [VisionSync] INFO Sync terminee: 10719 immat, 32 blacklist
2026-09-25 01:13:38 [VisionSync] INFO === Demarrage sync Vision incremental ===
2026-09-25 01:13:43 [VisionSync] INFO Config syncee: GPF 2026
2026-09-25 01:17:03 [VisionSync] INFO Immatriculations: 10719 upsert
2026-09-25 01:17:03 [VisionSync] INFO Blacklist: 32 entrees syncees
2026-09-25 01:17:03 [VisionSync] INFO Sync terminee: 10719 immat, 32 blacklist
2026-09-25 01:18:14 [VisionSync] INFO === Demarrage sync Vision incremental ===
2026-09-25 01:18:18 [VisionSync] INFO Config syncee: GPF 2026
2026-09-25 01:21:26 [VisionSync] INFO Immatriculations: 10719 upsert
2026-09-25 01:21:26 [VisionSync] INFO Blacklist: 32 entrees syncees
2026-09-25 01:21:26 [VisionSync] INFO Sync terminee: 10719 immat, 32 blacklist
2026-09-25 01:23:44 [VisionSync] INFO === Demarrage sync Vision incremental ===
2026-09-25 01:23:49 [VisionSync] INFO Config syncee: GPF 2026
2026-09-25 01:27:10 [VisionSync] INFO Immatriculations: 10719 upsert
2026-09-25 01:27:10 [VisionSync] INFO Blacklist: 32 entrees syncees
2026-09-25 01:27:10 [VisionSync] INFO Sync terminee: 10719 immat, 32 blacklist
2026-09-25 01:28:14 [VisionSync] INFO === Demarrage sync Vision incremental ===
2026-09-25 01:28:17 [VisionSync] INFO Config syncee: GPF 2026
2026-09-25 01:31:45 [VisionSync] INFO Immatriculations: 10719 upsert
2026-09-25 01:31:45 [VisionSync] INFO Blacklist: 32 entrees syncees
2026-09-25 01:31:45 [VisionSync] INFO Sync terminee: 10719 immat, 32 blacklist
2026-09-25 01:33:14 [VisionSync] INFO === Demarrage sync Vision incremental ===
2026-09-25 01:33:18 [VisionSync] INFO Config syncee: GPF 2026
2026-09-25 01:36:42 [VisionSync] INFO Immatriculations: 10719 upsert
2026-09-25 01:36:42 [VisionSync] INFO Blacklist: 32 entrees syncees
2026-09-25 01:36:42 [VisionSync] INFO Sync terminee: 10719 immat, 32 blacklist
2026-09-25 01:38:44 [VisionSync] INFO === Demarrage sync Vision incremental ===
2026-09-25 01:38:47 [VisionSync] INFO Config syncee: GPF 2026
2026-09-25 01:42:20 [VisionSync] INFO Immatriculations: 10719 upsert
2026-09-25 01:42:20 [VisionSync] INFO Blacklist: 32 entrees syncees
2026-09-25 01:42:20 [VisionSync] INFO Sync terminee: 10719 immat, 32 blacklist
2026-09-25 01:43:38 [VisionSync] INFO === Demarrage sync Vision incremental ===
2026-09-25 01:43:46 [VisionSync] INFO Config syncee: GPF 2026
2026-09-25 01:47:15 [VisionSync] INFO Immatriculations: 10719 upsert
2026-09-25 01:47:15 [VisionSync] INFO Blacklist: 32 entrees syncees
2026-09-25 01:47:15 [VisionSync] INFO Sync terminee: 10719 immat, 32 blacklist
2026-09-25 01:48:14 [VisionSync] INFO === Demarrage sync Vision incremental ===
2026-09-25 01:48:15 [VisionSync] INFO Config syncee: GPF 2026
2026-09-25 01:51:36 [VisionSync] INFO Immatriculations: 10719 upsert
2026-09-25 01:51:36 [VisionSync] INFO Blacklist: 32 entrees syncees
2026-09-25 01:51:36 [VisionSync] INFO Sync terminee: 10719 immat, 32 blacklist
2026-09-25 01:53:38 [VisionSync] INFO === Demarrage sync Vision incremental ===
2026-09-25 01:53:43 [VisionSync] INFO Config syncee: GPF 2026
2026-09-25 01:56:36 [VisionSync] INFO Immatriculations: 10719 upsert
2026-09-25 01:56:36 [VisionSync] INFO Blacklist: 32 entrees syncees
2026-09-25 01:56:36 [VisionSync] INFO Sync terminee: 10719 immat, 32 blacklist
2026-09-25 01:58:23 [VisionSync] INFO === Demarrage sync Vision incremental ===
2026-09-25 01:58:26 [VisionSync] INFO Config syncee: GPF 2026
2026-09-25 02:01:26 [VisionSync] INFO Immatriculations: 10719 upsert
2026-09-25 02:01:27 [VisionSync] INFO Blacklist: 32 entrees syncees
2026-09-25 02:01:27 [VisionSync] INFO Sync terminee: 10719 immat, 32 blacklist
2026-09-25 02:03:39 [VisionSync] INFO === Demarrage sync Vision incremental ===
2026-09-25 02:03:44 [VisionSync] INFO Config syncee: GPF 2026
2026-09-25 02:06:52 [VisionSync] INFO Immatriculations: 10719 upsert
2026-09-25 02:06:52 [VisionSync] INFO Blacklist: 32 entrees syncees
2026-09-25 02:06:52 [VisionSync] INFO Sync terminee: 10719 immat, 32 blacklist
2026-09-25 02:08:44 [VisionSync] INFO === Demarrage sync Vision incremental ===
2026-09-25 02:08:47 [VisionSync] INFO Config syncee: GPF 2026
2026-09-25 02:12:07 [VisionSync] INFO Immatriculations: 10719 upsert
2026-09-25 02:12:07 [VisionSync] INFO Blacklist: 32 entrees syncees
2026-09-25 02:12:07 [VisionSync] INFO Sync terminee: 10719 immat, 32 blacklist
2026-09-25 02:13:39 [VisionSync] INFO === Demarrage sync Vision incremental ===
2026-09-25 02:13:42 [VisionSync] INFO Config syncee: GPF 2026
2026-09-25 02:16:54 [VisionSync] INFO Immatriculations: 10719 upsert
2026-09-25 02:16:54 [VisionSync] INFO Blacklist: 32 entrees syncees
2026-09-25 02:16:54 [VisionSync] INFO Sync terminee: 10719 immat, 32 blacklist
2026-09-25 02:18:39 [VisionSync] INFO === Demarrage sync Vision incremental ===
2026-09-25 02:18:41 [VisionSync] INFO Config syncee: GPF 2026
2026-09-25 02:22:18 [VisionSync] INFO Immatriculations: 10719 upsert
2026-09-25 02:22:18 [VisionSync] INFO Blacklist: 32 entrees syncees
2026-09-25 02:22:18 [VisionSync] INFO Sync terminee: 10719 immat, 32 blacklist
2026-09-25 02:23:44 [VisionSync] INFO === Demarrage sync Vision incremental ===
2026-09-25 02:23:49 [VisionSync] INFO Config syncee: GPF 2026
2026-09-25 02:27:26 [VisionSync] INFO Immatriculations: 10719 upsert
2026-09-25 02:27:26 [VisionSync] INFO Blacklist: 32 entrees syncees
2026-09-25 02:27:26 [VisionSync] INFO Sync terminee: 10719 immat, 32 blacklist
2026-09-25 02:28:14 [VisionSync] INFO === Demarrage sync Vision incremental ===
2026-09-25 02:28:19 [VisionSync] INFO Config syncee: GPF 2026
2026-09-25 02:32:00 [VisionSync] INFO Immatriculations: 10719 upsert
2026-09-25 02:32:00 [VisionSync] INFO Blacklist: 32 entrees syncees
2026-09-25 02:32:00 [VisionSync] INFO Sync terminee: 10719 immat, 32 blacklist
2026-09-25 02:33:23 [VisionSync] INFO === Demarrage sync Vision incremental ===
2026-09-25 02:33:25 [VisionSync] INFO Config syncee: GPF 2026
2026-09-25 02:37:09 [VisionSync] INFO Immatriculations: 10719 upsert
2026-09-25 02:37:09 [VisionSync] INFO Blacklist: 32 entrees syncees
2026-09-25 02:37:09 [VisionSync] INFO Sync terminee: 10719 immat, 32 blacklist
2026-09-25 02:38:44 [VisionSync] INFO === Demarrage sync Vision incremental ===
2026-09-25 02:38:47 [VisionSync] INFO Config syncee: GPF 2026
2026-09-25 02:42:37 [VisionSync] INFO Immatriculations: 10719 upsert
2026-09-25 02:42:38 [VisionSync] INFO Blacklist: 32 entrees syncees
2026-09-25 02:42:38 [VisionSync] INFO Sync terminee: 10719 immat, 32 blacklist
2026-09-25 02:43:38 [VisionSync] INFO === Demarrage sync Vision incremental ===
2026-09-25 02:43:43 [VisionSync] INFO Config syncee: GPF 2026
2026-09-25 02:47:11 [VisionSync] INFO Immatriculations: 10719 upsert
2026-09-25 02:47:12 [VisionSync] INFO Blacklist: 32 entrees syncees
2026-09-25 02:47:12 [VisionSync] INFO Sync terminee: 10719 immat, 32 blacklist
2026-09-25 02:48:14 [VisionSync] INFO === Demarrage sync Vision incremental ===
2026-09-25 02:48:17 [VisionSync] INFO Config syncee: GPF 2026
2026-09-25 02:51:14 [VisionSync] INFO Immatriculations: 10719 upsert
2026-09-25 02:51:14 [VisionSync] INFO Blacklist: 32 entrees syncees
2026-09-25 02:51:14 [VisionSync] INFO Sync terminee: 10719 immat, 32 blacklist
2026-09-25 02:53:44 [VisionSync] INFO === Demarrage sync Vision incremental ===
2026-09-25 02:53:49 [VisionSync] INFO Config syncee: GPF 2026
2026-09-25 02:56:51 [VisionSync] INFO Immatriculations: 10719 upsert
2026-09-25 02:56:51 [VisionSync] INFO Blacklist: 32 entrees syncees
2026-09-25 02:56:51 [VisionSync] INFO Sync terminee: 10719 immat, 32 blacklist
2026-09-25 02:58:14 [VisionSync] INFO === Demarrage sync Vision incremental ===
2026-09-25 02:58:17 [VisionSync] INFO Config syncee: GPF 2026
2026-09-25 03:01:25 [VisionSync] INFO Immatriculations: 10719 upsert
2026-09-25 03:01:25 [VisionSync] INFO Blacklist: 32 entrees syncees
2026-09-25 03:01:25 [VisionSync] INFO Sync terminee: 10719 immat, 32 blacklist
2026-09-25 03:03:14 [VisionSync] INFO === Demarrage sync Vision incremental ===
2026-09-25 03:03:16 [VisionSync] INFO Config syncee: GPF 2026
2026-09-25 03:06:24 [VisionSync] INFO Immatriculations: 10719 upsert
2026-09-25 03:06:24 [VisionSync] INFO Blacklist: 32 entrees syncees
2026-09-25 03:06:24 [VisionSync] INFO Sync terminee: 10719 immat, 32 blacklist
2026-09-25 03:08:44 [VisionSync] INFO === Demarrage sync Vision incremental ===
2026-09-25 03:08:50 [VisionSync] INFO Config syncee: GPF 2026
2026-09-25 03:12:16 [VisionSync] INFO Immatriculations: 10719 upsert
2026-09-25 03:12:18 [VisionSync] INFO Blacklist: 32 entrees syncees
2026-09-25 03:12:18 [VisionSync] INFO Sync terminee: 10719 immat, 32 blacklist
2026-09-25 03:13:29 [VisionSync] INFO === Demarrage sync Vision incremental ===
2026-09-25 03:13:32 [VisionSync] INFO Config syncee: GPF 2026
2026-09-25 03:17:04 [VisionSync] INFO Immatriculations: 10719 upsert
2026-09-25 03:17:05 [VisionSync] INFO Blacklist: 32 entrees syncees
2026-09-25 03:17:05 [VisionSync] INFO Sync terminee: 10719 immat, 32 blacklist
2026-09-25 03:18:23 [VisionSync] INFO === Demarrage sync Vision incremental ===
2026-09-25 03:18:26 [VisionSync] INFO Config syncee: GPF 2026
2026-09-25 03:22:11 [VisionSync] INFO Immatriculations: 10719 upsert
2026-09-25 03:22:11 [VisionSync] INFO Blacklist: 32 entrees syncees
2026-09-25 03:22:11 [VisionSync] INFO Sync terminee: 10719 immat, 32 blacklist
2026-09-25 03:23:38 [VisionSync] INFO === Demarrage sync Vision incremental ===
2026-09-25 03:23:48 [VisionSync] INFO Config syncee: GPF 2026
2026-09-25 03:27:48 [VisionSync] INFO Immatriculations: 10719 upsert
2026-09-25 03:27:48 [VisionSync] INFO Blacklist: 32 entrees syncees
2026-09-25 03:27:48 [VisionSync] INFO Sync terminee: 10719 immat, 32 blacklist
2026-09-25 03:28:14 [VisionSync] INFO === Demarrage sync Vision incremental ===
2026-09-25 03:28:17 [VisionSync] INFO Config syncee: GPF 2026
2026-09-25 03:32:07 [VisionSync] INFO Immatriculations: 10719 upsert
2026-09-25 03:32:07 [VisionSync] INFO Blacklist: 32 entrees syncees
2026-09-25 03:32:07 [VisionSync] INFO Sync terminee: 10719 immat, 32 blacklist
2026-09-25 03:33:39 [VisionSync] INFO === Demarrage sync Vision incremental ===
2026-09-25 03:33:43 [VisionSync] INFO Config syncee: GPF 2026
2026-09-25 03:37:37 [VisionSync] INFO Immatriculations: 10719 upsert
2026-09-25 03:37:37 [VisionSync] INFO Blacklist: 32 entrees syncees
2026-09-25 03:37:37 [VisionSync] INFO Sync terminee: 10719 immat, 32 blacklist
2026-09-25 03:38:44 [VisionSync] INFO === Demarrage sync Vision incremental ===
2026-09-25 03:38:48 [VisionSync] INFO Config syncee: GPF 2026
2026-09-25 03:42:14 [VisionSync] INFO Immatriculations: 10719 upsert
2026-09-25 03:42:14 [VisionSync] INFO Blacklist: 32 entrees syncees
2026-09-25 03:42:14 [VisionSync] INFO Sync terminee: 10719 immat, 32 blacklist
2026-09-25 03:43:38 [VisionSync] INFO === Demarrage sync Vision incremental ===
2026-09-25 03:43:43 [VisionSync] INFO Config syncee: GPF 2026
2026-09-25 03:46:29 [VisionSync] INFO Immatriculations: 10719 upsert
2026-09-25 03:46:29 [VisionSync] INFO Blacklist: 32 entrees syncees
2026-09-25 03:46:29 [VisionSync] INFO Sync terminee: 10719 immat, 32 blacklist
2026-09-25 03:48:14 [VisionSync] INFO === Demarrage sync Vision incremental ===
2026-09-25 03:48:22 [VisionSync] INFO Config syncee: GPF 2026
2026-09-25 03:51:11 [VisionSync] INFO Immatriculations: 10719 upsert
2026-09-25 03:51:11 [VisionSync] INFO Blacklist: 32 entrees syncees
2026-09-25 03:51:11 [VisionSync] INFO Sync terminee: 10719 immat, 32 blacklist
2026-09-25 03:53:44 [VisionSync] INFO === Demarrage sync Vision incremental ===
2026-09-25 03:53:49 [VisionSync] INFO Config syncee: GPF 2026
2026-09-25 03:56:52 [VisionSync] INFO Immatriculations: 10719 upsert
2026-09-25 03:56:53 [VisionSync] INFO Blacklist: 32 entrees syncees
2026-09-25 03:56:53 [VisionSync] INFO Sync terminee: 10719 immat, 32 blacklist
2026-09-25 03:58:14 [VisionSync] INFO === Demarrage sync Vision incremental ===
2026-09-25 03:58:18 [VisionSync] INFO Config syncee: GPF 2026
2026-09-25 04:01:35 [VisionSync] INFO Immatriculations: 10719 upsert
2026-09-25 04:01:36 [VisionSync] INFO Blacklist: 32 entrees syncees
2026-09-25 04:01:36 [VisionSync] INFO Sync terminee: 10719 immat, 32 blacklist
2026-09-25 04:03:24 [VisionSync] INFO === Demarrage sync Vision incremental ===
2026-09-25 04:03:28 [VisionSync] INFO Config syncee: GPF 2026
2026-09-25 04:06:56 [VisionSync] INFO Immatriculations: 10719 upsert
2026-09-25 04:06:56 [VisionSync] INFO Blacklist: 32 entrees syncees
2026-09-25 04:06:56 [VisionSync] INFO Sync terminee: 10719 immat, 32 blacklist
2026-09-25 04:08:44 [VisionSync] INFO === Demarrage sync Vision incremental ===
2026-09-25 04:08:48 [VisionSync] INFO Config syncee: GPF 2026
2026-09-25 04:12:09 [VisionSync] INFO Immatriculations: 10719 upsert
2026-09-25 04:12:10 [VisionSync] INFO Blacklist: 32 entrees syncees
2026-09-25 04:12:10 [VisionSync] INFO Sync terminee: 10719 immat, 32 blacklist
2026-09-25 04:13:44 [VisionSync] INFO === Demarrage sync Vision incremental ===
2026-09-25 04:13:49 [VisionSync] INFO Config syncee: GPF 2026
2026-09-25 04:17:21 [VisionSync] INFO Immatriculations: 10719 upsert
2026-09-25 04:17:21 [VisionSync] INFO Blacklist: 32 entrees syncees
2026-09-25 04:17:21 [VisionSync] INFO Sync terminee: 10719 immat, 32 blacklist
2026-09-25 04:18:14 [VisionSync] INFO === Demarrage sync Vision incremental ===
2026-09-25 04:18:17 [VisionSync] INFO Config syncee: GPF 2026
2026-09-25 04:21:54 [VisionSync] INFO Immatriculations: 10719 upsert
2026-09-25 04:21:54 [VisionSync] INFO Blacklist: 32 entrees syncees
2026-09-25 04:21:54 [VisionSync] INFO Sync terminee: 10719 immat, 32 blacklist
2026-09-25 04:23:38 [VisionSync] INFO === Demarrage sync Vision incremental ===
2026-09-25 04:23:44 [VisionSync] INFO Config syncee: GPF 2026
2026-09-25 04:27:30 [VisionSync] INFO Immatriculations: 10719 upsert
2026-09-25 04:27:30 [VisionSync] INFO Blacklist: 32 entrees syncees
2026-09-25 04:27:30 [VisionSync] INFO Sync terminee: 10719 immat, 32 blacklist
2026-09-25 04:28:14 [VisionSync] INFO === Demarrage sync Vision incremental ===
2026-09-25 04:28:18 [VisionSync] INFO Config syncee: GPF 2026
2026-09-25 04:31:56 [VisionSync] INFO Immatriculations: 10719 upsert
2026-09-25 04:31:56 [VisionSync] INFO Blacklist: 32 entrees syncees
2026-09-25 04:31:56 [VisionSync] INFO Sync terminee: 10719 immat, 32 blacklist
2026-09-25 04:33:14 [VisionSync] INFO === Demarrage sync Vision incremental ===
2026-09-25 04:33:22 [VisionSync] INFO Config syncee: GPF 2026
2026-09-25 04:36:57 [VisionSync] INFO Immatriculations: 10719 upsert
2026-09-25 04:36:57 [VisionSync] INFO Blacklist: 32 entrees syncees
2026-09-25 04:36:57 [VisionSync] INFO Sync terminee: 10719 immat, 32 blacklist
2026-09-25 04:38:38 [VisionSync] INFO === Demarrage sync Vision incremental ===
2026-09-25 04:38:42 [VisionSync] INFO Config syncee: GPF 2026
2026-09-25 04:41:35 [VisionSync] INFO Immatriculations: 10719 upsert
2026-09-25 04:41:35 [VisionSync] INFO Blacklist: 32 entrees syncees
2026-09-25 04:41:35 [VisionSync] INFO Sync terminee: 10719 immat, 32 blacklist
2026-09-25 04:43:38 [VisionSync] INFO === Demarrage sync Vision incremental ===
2026-09-25 04:43:43 [VisionSync] INFO Config syncee: GPF 2026
2026-09-25 04:46:34 [VisionSync] INFO Immatriculations: 10719 upsert
2026-09-25 04:46:34 [VisionSync] INFO Blacklist: 32 entrees syncees
2026-09-25 04:46:34 [VisionSync] INFO Sync terminee: 10719 immat, 32 blacklist
2026-09-25 04:48:23 [VisionSync] INFO === Demarrage sync Vision incremental ===
2026-09-25 04:48:26 [VisionSync] INFO Config syncee: GPF 2026
2026-09-25 04:51:36 [VisionSync] INFO Immatriculations: 10719 upsert
2026-09-25 04:51:37 [VisionSync] INFO Blacklist: 32 entrees syncees
2026-09-25 04:51:37 [VisionSync] INFO Sync terminee: 10719 immat, 32 blacklist
2026-09-25 04:53:44 [VisionSync] INFO === Demarrage sync Vision incremental ===
2026-09-25 04:53:49 [VisionSync] INFO Config syncee: GPF 2026
2026-09-25 04:57:09 [VisionSync] INFO Immatriculations: 10719 upsert
2026-09-25 04:57:09 [VisionSync] INFO Blacklist: 32 entrees syncees
2026-09-25 04:57:09 [VisionSync] INFO Sync terminee: 10719 immat, 32 blacklist
2026-09-25 04:58:14 [VisionSync] INFO === Demarrage sync Vision incremental ===
2026-09-25 04:58:18 [VisionSync] INFO Config syncee: GPF 2026
2026-09-25 05:01:34 [VisionSync] INFO Immatriculations: 10719 upsert
2026-09-25 05:01:34 [VisionSync] INFO Blacklist: 32 entrees syncees
2026-09-25 05:01:34 [VisionSync] INFO Sync terminee: 10719 immat, 32 blacklist
2026-09-25 05:03:14 [VisionSync] INFO === Demarrage sync Vision incremental ===
2026-09-25 05:03:20 [VisionSync] INFO Config syncee: GPF 2026
2026-09-25 05:06:35 [VisionSync] INFO Immatriculations: 10719 upsert
2026-09-25 05:06:35 [VisionSync] INFO Blacklist: 32 entrees syncees
2026-09-25 05:06:35 [VisionSync] INFO Sync terminee: 10719 immat, 32 blacklist
2026-09-25 05:08:29 [VisionSync] INFO === Demarrage sync Vision incremental ===
2026-09-25 05:08:30 [VisionSync] INFO Config syncee: GPF 2026
2026-09-25 05:11:58 [VisionSync] INFO Immatriculations: 10719 upsert
2026-09-25 05:11:58 [VisionSync] INFO Blacklist: 32 entrees syncees
2026-09-25 05:11:58 [VisionSync] INFO Sync terminee: 10719 immat, 32 blacklist
2026-09-25 05:13:39 [VisionSync] INFO === Demarrage sync Vision incremental ===
2026-09-25 05:13:44 [VisionSync] INFO Config syncee: GPF 2026
2026-09-25 05:17:18 [VisionSync] INFO Immatriculations: 10719 upsert
2026-09-25 05:17:18 [VisionSync] INFO Blacklist: 32 entrees syncees
2026-09-25 05:17:18 [VisionSync] INFO Sync terminee: 10719 immat, 32 blacklist
2026-09-25 05:18:29 [VisionSync] INFO === Demarrage sync Vision incremental ===
2026-09-25 05:18:31 [VisionSync] INFO Config syncee: GPF 2026
2026-09-25 05:22:16 [VisionSync] INFO Immatriculations: 10719 upsert
2026-09-25 05:22:17 [VisionSync] INFO Blacklist: 32 entrees syncees
2026-09-25 05:22:17 [VisionSync] INFO Sync terminee: 10719 immat, 32 blacklist
2026-09-25 05:23:44 [VisionSync] INFO === Demarrage sync Vision incremental ===
2026-09-25 05:23:49 [VisionSync] INFO Config syncee: GPF 2026
2026-09-25 05:27:43 [VisionSync] INFO Immatriculations: 10719 upsert
2026-09-25 05:27:43 [VisionSync] INFO Blacklist: 32 entrees syncees
2026-09-25 05:27:43 [VisionSync] INFO Sync terminee: 10719 immat, 32 blacklist
2026-09-25 05:28:14 [VisionSync] INFO === Demarrage sync Vision incremental ===
2026-09-25 05:28:19 [VisionSync] INFO Config syncee: GPF 2026
2026-09-25 05:31:55 [VisionSync] INFO Immatriculations: 10719 upsert
2026-09-25 05:31:55 [VisionSync] INFO Blacklist: 32 entrees syncees
2026-09-25 05:31:55 [VisionSync] INFO Sync terminee: 10719 immat, 32 blacklist
2026-09-25 05:33:14 [VisionSync] INFO === Demarrage sync Vision incremental ===
2026-09-25 05:33:18 [VisionSync] INFO Config syncee: GPF 2026
2026-09-25 05:36:14 [VisionSync] INFO Immatriculations: 10719 upsert
2026-09-25 05:36:15 [VisionSync] INFO Blacklist: 32 entrees syncees
2026-09-25 05:36:15 [VisionSync] INFO Sync terminee: 10719 immat, 32 blacklist
2026-09-25 05:38:44 [VisionSync] INFO === Demarrage sync Vision incremental ===
2026-09-25 05:38:48 [VisionSync] INFO Config syncee: GPF 2026
2026-09-25 05:41:51 [VisionSync] INFO Immatriculations: 10719 upsert
2026-09-25 05:41:51 [VisionSync] INFO Blacklist: 32 entrees syncees
2026-09-25 05:41:51 [VisionSync] INFO Sync terminee: 10719 immat, 32 blacklist
2026-09-25 05:43:38 [VisionSync] INFO === Demarrage sync Vision incremental ===
2026-09-25 05:43:43 [VisionSync] INFO Config syncee: GPF 2026
2026-09-25 05:46:50 [VisionSync] INFO Immatriculations: 10719 upsert
2026-09-25 05:46:50 [VisionSync] INFO Blacklist: 32 entrees syncees
2026-09-25 05:46:50 [VisionSync] INFO Sync terminee: 10719 immat, 32 blacklist
2026-09-25 05:48:14 [VisionSync] INFO === Demarrage sync Vision incremental ===
2026-09-25 05:48:17 [VisionSync] INFO Config syncee: GPF 2026
2026-09-25 05:51:24 [VisionSync] INFO Immatriculations: 10719 upsert
2026-09-25 05:51:25 [VisionSync] INFO Blacklist: 32 entrees syncees
2026-09-25 05:51:25 [VisionSync] INFO Sync terminee: 10719 immat, 32 blacklist
2026-09-25 05:53:44 [VisionSync] INFO === Demarrage sync Vision incremental ===
2026-09-25 05:53:49 [VisionSync] INFO Config syncee: GPF 2026
2026-09-25 05:57:07 [VisionSync] INFO Immatriculations: 10719 upsert
2026-09-25 05:57:07 [VisionSync] INFO Blacklist: 32 entrees syncees
2026-09-25 05:57:07 [VisionSync] INFO Sync terminee: 10719 immat, 32 blacklist
2026-09-25 05:58:14 [VisionSync] INFO === Demarrage sync Vision incremental ===
2026-09-25 05:58:17 [VisionSync] INFO Config syncee: GPF 2026
2026-09-25 06:01:30 [VisionSync] INFO Immatriculations: 10719 upsert
2026-09-25 06:01:30 [VisionSync] INFO Blacklist: 32 entrees syncees
2026-09-25 06:01:30 [VisionSync] INFO Sync terminee: 10719 immat, 32 blacklist
2026-09-25 06:03:14 [VisionSync] INFO === Demarrage sync Vision incremental ===
2026-09-25 06:03:17 [VisionSync] INFO Config syncee: GPF 2026
2026-09-25 06:06:33 [VisionSync] INFO Immatriculations: 10719 upsert
2026-09-25 06:06:33 [VisionSync] INFO Blacklist: 32 entrees syncees
2026-09-25 06:06:33 [VisionSync] INFO Sync terminee: 10719 immat, 32 blacklist
2026-09-25 06:08:44 [VisionSync] INFO === Demarrage sync Vision incremental ===
2026-09-25 06:08:47 [VisionSync] INFO Config syncee: GPF 2026
2026-09-25 06:12:10 [VisionSync] INFO Immatriculations: 10719 upsert
2026-09-25 06:12:10 [VisionSync] INFO Blacklist: 32 entrees syncees
2026-09-25 06:12:10 [VisionSync] INFO Sync terminee: 10719 immat, 32 blacklist
2026-09-25 06:13:38 [VisionSync] INFO === Demarrage sync Vision incremental ===
2026-09-25 06:13:43 [VisionSync] INFO Config syncee: GPF 2026
2026-09-25 06:17:04 [VisionSync] INFO Immatriculations: 10719 upsert
2026-09-25 06:17:04 [VisionSync] INFO Blacklist: 32 entrees syncees
2026-09-25 06:17:04 [VisionSync] INFO Sync terminee: 10719 immat, 32 blacklist
2026-09-25 06:18:14 [VisionSync] INFO === Demarrage sync Vision incremental ===
2026-09-25 06:18:22 [VisionSync] INFO Config syncee: GPF 2026
2026-09-25 06:21:43 [VisionSync] INFO Immatriculations: 10719 upsert
2026-09-25 06:21:43 [VisionSync] INFO Blacklist: 32 entrees syncees
2026-09-25 06:21:43 [VisionSync] INFO Sync terminee: 10719 immat, 32 blacklist
2026-09-25 06:23:44 [VisionSync] INFO === Demarrage sync Vision incremental ===
2026-09-25 06:23:54 [VisionSync] INFO Config syncee: GPF 2026
2026-09-25 06:26:57 [VisionSync] INFO Immatriculations: 10719 upsert
2026-09-25 06:26:57 [VisionSync] INFO Blacklist: 32 entrees syncees
2026-09-25 06:26:57 [VisionSync] INFO Sync terminee: 10719 immat, 32 blacklist
2026-09-25 06:28:14 [VisionSync] INFO === Demarrage sync Vision incremental ===
2026-09-25 06:28:24 [VisionSync] INFO Config syncee: GPF 2026
2026-09-25 06:31:24 [VisionSync] INFO Immatriculations: 10719 upsert
2026-09-25 06:31:26 [VisionSync] INFO Blacklist: 32 entrees syncees
2026-09-25 06:31:26 [VisionSync] INFO Sync terminee: 10719 immat, 32 blacklist
2026-09-25 06:33:23 [VisionSync] INFO === Demarrage sync Vision incremental ===
2026-09-25 06:33:26 [VisionSync] INFO Config syncee: GPF 2026
2026-09-25 06:36:28 [VisionSync] INFO Immatriculations: 10719 upsert
2026-09-25 06:36:28 [VisionSync] INFO Blacklist: 32 entrees syncees
2026-09-25 06:36:28 [VisionSync] INFO Sync terminee: 10719 immat, 32 blacklist
2026-09-25 06:38:44 [VisionSync] INFO === Demarrage sync Vision incremental ===
2026-09-25 06:38:51 [VisionSync] INFO Config syncee: GPF 2026
2026-09-25 06:41:35 [VisionSync] INFO Immatriculations: 10719 upsert
2026-09-25 06:41:35 [VisionSync] INFO Blacklist: 32 entrees syncees
2026-09-25 06:41:35 [VisionSync] INFO Sync terminee: 10719 immat, 32 blacklist
2026-09-25 06:43:38 [VisionSync] INFO === Demarrage sync Vision incremental ===
2026-09-25 06:43:49 [VisionSync] INFO Config syncee: GPF 2026
2026-09-25 06:46:20 [VisionSync] INFO Immatriculations: 10719 upsert
2026-09-25 06:46:20 [VisionSync] INFO Blacklist: 32 entrees syncees
2026-09-25 06:46:20 [VisionSync] INFO Sync terminee: 10719 immat, 32 blacklist
2026-09-25 06:48:14 [VisionSync] INFO === Demarrage sync Vision incremental ===
2026-09-25 06:48:17 [VisionSync] INFO Config syncee: GPF 2026
2026-09-25 06:50:57 [VisionSync] INFO Immatriculations: 10719 upsert
2026-09-25 06:50:58 [VisionSync] INFO Blacklist: 32 entrees syncees
2026-09-25 06:50:58 [VisionSync] INFO Sync terminee: 10719 immat, 32 blacklist
2026-09-25 06:53:38 [VisionSync] INFO === Demarrage sync Vision incremental ===
2026-09-25 06:53:49 [VisionSync] INFO Config syncee: GPF 2026
2026-09-25 06:56:50 [VisionSync] INFO Immatriculations: 10719 upsert
2026-09-25 06:56:50 [VisionSync] INFO Blacklist: 32 entrees syncees
2026-09-25 06:56:50 [VisionSync] INFO Sync terminee: 10719 immat, 32 blacklist
2026-09-25 06:58:14 [VisionSync] INFO === Demarrage sync Vision incremental ===
2026-09-25 06:58:21 [VisionSync] INFO Config syncee: GPF 2026
2026-09-25 07:01:33 [VisionSync] INFO Immatriculations: 10719 upsert
2026-09-25 07:01:33 [VisionSync] INFO Blacklist: 32 entrees syncees
2026-09-25 07:01:33 [VisionSync] INFO Sync terminee: 10719 immat, 32 blacklist
2026-09-25 07:03:14 [VisionSync] INFO === Demarrage sync Vision incremental ===
2026-09-25 07:03:24 [VisionSync] INFO Config syncee: GPF 2026
2026-09-25 07:06:33 [VisionSync] INFO Immatriculations: 10719 upsert
2026-09-25 07:06:33 [VisionSync] INFO Blacklist: 32 entrees syncees
2026-09-25 07:06:33 [VisionSync] INFO Sync terminee: 10719 immat, 32 blacklist
2026-09-25 07:08:44 [VisionSync] INFO === Demarrage sync Vision incremental ===
2026-09-25 07:08:51 [VisionSync] INFO Config syncee: GPF 2026
2026-09-25 07:12:03 [VisionSync] INFO Immatriculations: 10719 upsert
2026-09-25 07:12:03 [VisionSync] INFO Blacklist: 32 entrees syncees
2026-09-25 07:12:03 [VisionSync] INFO Sync terminee: 10719 immat, 32 blacklist
2026-09-25 07:13:29 [VisionSync] INFO === Demarrage sync Vision incremental ===
2026-09-25 07:13:34 [VisionSync] INFO Config syncee: GPF 2026
2026-09-25 07:16:52 [VisionSync] INFO Immatriculations: 10719 upsert
2026-09-25 07:16:52 [VisionSync] INFO Blacklist: 32 entrees syncees
2026-09-25 07:16:52 [VisionSync] INFO Sync terminee: 10719 immat, 32 blacklist
2026-09-25 07:18:29 [VisionSync] INFO === Demarrage sync Vision incremental ===
2026-09-25 07:18:31 [VisionSync] INFO Config syncee: GPF 2026
2026-09-25 07:21:42 [VisionSync] INFO Immatriculations: 10719 upsert
2026-09-25 07:21:42 [VisionSync] INFO Blacklist: 32 entrees syncees
2026-09-25 07:21:42 [VisionSync] INFO Sync terminee: 10719 immat, 32 blacklist
2026-09-25 07:23:44 [VisionSync] INFO === Demarrage sync Vision incremental ===
2026-09-25 07:23:54 [VisionSync] INFO Config syncee: GPF 2026
2026-09-25 07:27:17 [VisionSync] INFO Immatriculations: 10719 upsert
2026-09-25 07:27:17 [VisionSync] INFO Blacklist: 32 entrees syncees
2026-09-25 07:27:17 [VisionSync] INFO Sync terminee: 10719 immat, 32 blacklist
2026-09-25 07:28:14 [VisionSync] INFO === Demarrage sync Vision incremental ===
2026-09-25 07:28:22 [VisionSync] INFO Config syncee: GPF 2026
2026-09-25 07:31:29 [VisionSync] INFO Immatriculations: 10719 upsert
2026-09-25 07:31:30 [VisionSync] INFO Blacklist: 32 entrees syncees
2026-09-25 07:31:30 [VisionSync] INFO Sync terminee: 10719 immat, 32 blacklist
2026-09-25 07:33:14 [VisionSync] INFO === Demarrage sync Vision incremental ===
2026-09-25 07:33:17 [VisionSync] INFO Config syncee: GPF 2026
2026-09-25 07:36:11 [VisionSync] INFO Immatriculations: 10719 upsert
2026-09-25 07:36:11 [VisionSync] INFO Blacklist: 32 entrees syncees
2026-09-25 07:36:11 [VisionSync] INFO Sync terminee: 10719 immat, 32 blacklist
2026-09-25 07:38:38 [VisionSync] INFO === Demarrage sync Vision incremental ===
2026-09-25 07:38:46 [VisionSync] INFO Config syncee: GPF 2026
2026-09-25 07:41:49 [VisionSync] INFO Immatriculations: 10719 upsert
2026-09-25 07:41:49 [VisionSync] INFO Blacklist: 32 entrees syncees
2026-09-25 07:41:49 [VisionSync] INFO Sync terminee: 10719 immat, 32 blacklist
2026-09-25 07:43:38 [VisionSync] INFO === Demarrage sync Vision incremental ===
2026-09-25 07:43:48 [VisionSync] INFO Config syncee: GPF 2026
2026-09-25 07:47:00 [VisionSync] INFO Immatriculations: 10719 upsert
2026-09-25 07:47:01 [VisionSync] INFO Blacklist: 32 entrees syncees
2026-09-25 07:47:01 [VisionSync] INFO Sync terminee: 10719 immat, 32 blacklist
2026-09-25 07:48:14 [VisionSync] INFO === Demarrage sync Vision incremental ===
2026-09-25 07:48:21 [VisionSync] INFO Config syncee: GPF 2026
2026-09-25 07:51:45 [VisionSync] INFO Immatriculations: 10719 upsert
2026-09-25 07:51:46 [VisionSync] INFO Blacklist: 32 entrees syncees
2026-09-25 07:51:46 [VisionSync] INFO Sync terminee: 10719 immat, 32 blacklist
2026-09-25 07:53:44 [VisionSync] INFO === Demarrage sync Vision incremental ===
2026-09-25 07:53:54 [VisionSync] INFO Config syncee: GPF 2026
2026-09-25 07:57:20 [VisionSync] INFO Immatriculations: 10719 upsert
2026-09-25 07:57:20 [VisionSync] INFO Blacklist: 32 entrees syncees
2026-09-25 07:57:20 [VisionSync] INFO Sync terminee: 10719 immat, 32 blacklist
2026-09-25 07:58:14 [VisionSync] INFO === Demarrage sync Vision incremental ===
2026-09-25 07:58:22 [VisionSync] INFO Config syncee: GPF 2026
2026-09-25 08:01:23 [VisionSync] INFO Immatriculations: 10719 upsert
2026-09-25 08:01:23 [VisionSync] INFO Blacklist: 32 entrees syncees
2026-09-25 08:01:23 [VisionSync] INFO Sync terminee: 10719 immat, 32 blacklist
2026-09-25 08:03:14 [VisionSync] INFO === Demarrage sync Vision incremental ===
2026-09-25 08:03:24 [VisionSync] INFO Config syncee: GPF 2026
2026-09-25 08:06:27 [VisionSync] INFO Immatriculations: 10719 upsert
2026-09-25 08:06:27 [VisionSync] INFO Blacklist: 32 entrees syncees
2026-09-25 08:06:27 [VisionSync] INFO Sync terminee: 10719 immat, 32 blacklist
2026-09-25 08:08:44 [VisionSync] INFO === Demarrage sync Vision incremental ===
2026-09-25 08:08:53 [VisionSync] INFO Config syncee: GPF 2026
2026-09-25 08:12:01 [VisionSync] INFO Immatriculations: 10719 upsert
2026-09-25 08:12:02 [VisionSync] INFO Blacklist: 32 entrees syncees
2026-09-25 08:12:02 [VisionSync] INFO Sync terminee: 10719 immat, 32 blacklist
2026-09-25 08:13:38 [VisionSync] INFO === Demarrage sync Vision incremental ===
2026-09-25 08:13:49 [VisionSync] INFO Config syncee: GPF 2026
2026-09-25 08:16:44 [VisionSync] INFO Immatriculations: 10719 upsert
2026-09-25 08:16:44 [VisionSync] INFO Blacklist: 32 entrees syncees
2026-09-25 08:16:44 [VisionSync] INFO Sync terminee: 10719 immat, 32 blacklist
2026-09-25 08:18:14 [VisionSync] INFO === Demarrage sync Vision incremental ===
2026-09-25 08:18:20 [VisionSync] INFO Config syncee: GPF 2026
2026-09-25 08:21:31 [VisionSync] INFO Immatriculations: 10719 upsert
2026-09-25 08:21:31 [VisionSync] INFO Blacklist: 32 entrees syncees
2026-09-25 08:21:31 [VisionSync] INFO Sync terminee: 10719 immat, 32 blacklist
2026-09-25 08:23:29 [VisionSync] INFO === Demarrage sync Vision incremental ===
2026-09-25 08:23:39 [VisionSync] INFO Config syncee: GPF 2026
2026-09-25 08:26:42 [VisionSync] INFO Immatriculations: 10719 upsert
2026-09-25 08:26:42 [VisionSync] INFO Blacklist: 32 entrees syncees
2026-09-25 08:26:42 [VisionSync] INFO Sync terminee: 10719 immat, 32 blacklist
2026-09-25 08:28:14 [VisionSync] INFO === Demarrage sync Vision incremental ===
2026-09-25 08:28:22 [VisionSync] INFO Config syncee: GPF 2026
2026-09-25 08:31:10 [VisionSync] INFO Immatriculations: 10719 upsert
2026-09-25 08:31:10 [VisionSync] INFO Blacklist: 32 entrees syncees
2026-09-25 08:31:10 [VisionSync] INFO Sync terminee: 10719 immat, 32 blacklist
2026-09-25 08:33:14 [VisionSync] INFO === Demarrage sync Vision incremental ===
2026-09-25 08:33:25 [VisionSync] INFO Config syncee: GPF 2026
2026-09-25 08:36:16 [VisionSync] INFO Immatriculations: 10719 upsert
2026-09-25 08:36:16 [VisionSync] INFO Blacklist: 32 entrees syncees
2026-09-25 08:36:16 [VisionSync] INFO Sync terminee: 10719 immat, 32 blacklist
2026-09-25 08:38:44 [VisionSync] INFO === Demarrage sync Vision incremental ===
2026-09-25 08:38:51 [VisionSync] INFO Config syncee: GPF 2026
2026-09-25 08:41:47 [VisionSync] INFO Immatriculations: 10719 upsert
2026-09-25 08:41:47 [VisionSync] INFO Blacklist: 32 entrees syncees
2026-09-25 08:41:47 [VisionSync] INFO Sync terminee: 10719 immat, 32 blacklist
2026-09-25 08:43:38 [VisionSync] INFO === Demarrage sync Vision incremental ===
2026-09-25 08:43:49 [VisionSync] INFO Config syncee: GPF 2026
2026-09-25 08:46:39 [VisionSync] INFO Immatriculations: 10719 upsert
2026-09-25 08:46:39 [VisionSync] INFO Blacklist: 32 entrees syncees
2026-09-25 08:46:39 [VisionSync] INFO Sync terminee: 10719 immat, 32 blacklist
2026-09-25 08:48:14 [VisionSync] INFO === Demarrage sync Vision incremental ===
2026-09-25 08:48:23 [VisionSync] INFO Config syncee: GPF 2026
2026-09-25 08:51:21 [VisionSync] INFO Immatriculations: 10719 upsert
2026-09-25 08:51:21 [VisionSync] INFO Blacklist: 32 entrees syncees
2026-09-25 08:51:21 [VisionSync] INFO Sync terminee: 10719 immat, 32 blacklist
2026-09-25 08:53:44 [VisionSync] INFO === Demarrage sync Vision incremental ===
2026-09-25 08:53:54 [VisionSync] INFO Config syncee: GPF 2026
2026-09-25 08:56:49 [VisionSync] INFO Immatriculations: 10719 upsert
2026-09-25 08:56:49 [VisionSync] INFO Blacklist: 32 entrees syncees
2026-09-25 08:56:49 [VisionSync] INFO Sync terminee: 10719 immat, 32 blacklist
2026-09-25 08:58:14 [VisionSync] INFO === Demarrage sync Vision incremental ===
2026-09-25 08:58:18 [VisionSync] INFO Config syncee: GPF 2026
2026-09-25 09:01:14 [VisionSync] INFO Immatriculations: 10719 upsert
2026-09-25 09:01:14 [VisionSync] INFO Blacklist: 32 entrees syncees
2026-09-25 09:01:14 [VisionSync] INFO Sync terminee: 10719 immat, 32 blacklist
2026-09-25 09:03:14 [VisionSync] INFO === Demarrage sync Vision incremental ===
2026-09-25 09:03:16 [VisionSync] INFO Config syncee: GPF 2026
2026-09-25 09:06:11 [VisionSync] INFO Immatriculations: 10719 upsert
2026-09-25 09:06:12 [VisionSync] INFO Blacklist: 32 entrees syncees
2026-09-25 09:06:12 [VisionSync] INFO Sync terminee: 10719 immat, 32 blacklist
2026-09-25 09:08:25 [VisionSync] INFO === Demarrage sync Vision incremental ===
2026-09-25 09:08:29 [VisionSync] INFO Config syncee: GPF 2026
2026-09-25 09:11:18 [VisionSync] INFO Immatriculations: 10719 upsert
2026-09-25 09:11:18 [VisionSync] INFO Blacklist: 32 entrees syncees
2026-09-25 09:11:18 [VisionSync] INFO Sync terminee: 10719 immat, 32 blacklist
2026-09-25 09:13:44 [VisionSync] INFO === Demarrage sync Vision incremental ===
2026-09-25 09:13:54 [VisionSync] INFO Config syncee: GPF 2026
2026-09-25 09:16:53 [VisionSync] INFO Immatriculations: 10719 upsert
2026-09-25 09:16:53 [VisionSync] INFO Blacklist: 32 entrees syncees
2026-09-25 09:16:53 [VisionSync] INFO Sync terminee: 10719 immat, 32 blacklist
2026-09-25 09:18:14 [VisionSync] INFO === Demarrage sync Vision incremental ===
2026-09-25 09:18:20 [VisionSync] INFO Config syncee: GPF 2026
2026-09-25 09:21:34 [VisionSync] INFO Immatriculations: 10719 upsert
2026-09-25 09:21:34 [VisionSync] INFO Blacklist: 32 entrees syncees
2026-09-25 09:21:34 [VisionSync] INFO Sync terminee: 10719 immat, 32 blacklist
2026-09-25 09:23:44 [VisionSync] INFO === Demarrage sync Vision incremental ===
2026-09-25 09:23:54 [VisionSync] INFO Config syncee: GPF 2026
2026-09-25 09:27:16 [VisionSync] INFO Immatriculations: 10719 upsert
2026-09-25 09:27:17 [VisionSync] INFO Blacklist: 32 entrees syncees
2026-09-25 09:27:17 [VisionSync] INFO Sync terminee: 10719 immat, 32 blacklist
2026-09-25 09:28:23 [VisionSync] INFO === Demarrage sync Vision incremental ===
2026-09-25 09:28:26 [VisionSync] INFO Config syncee: GPF 2026
2026-09-25 09:31:41 [VisionSync] INFO Immatriculations: 10719 upsert
2026-09-25 09:31:41 [VisionSync] INFO Blacklist: 32 entrees syncees
2026-09-25 09:31:41 [VisionSync] INFO Sync terminee: 10719 immat, 32 blacklist
2026-09-25 09:33:14 [VisionSync] INFO === Demarrage sync Vision incremental ===
2026-09-25 09:33:25 [VisionSync] INFO Config syncee: GPF 2026
2026-09-25 09:36:15 [VisionSync] INFO Immatriculations: 10719 upsert
2026-09-25 09:36:15 [VisionSync] INFO Blacklist: 32 entrees syncees
2026-09-25 09:36:15 [VisionSync] INFO Sync terminee: 10719 immat, 32 blacklist
2026-09-25 09:38:44 [VisionSync] INFO === Demarrage sync Vision incremental ===
2026-09-25 09:38:51 [VisionSync] INFO Config syncee: GPF 2026
2026-09-25 09:41:28 [VisionSync] INFO Immatriculations: 10719 upsert
2026-09-25 09:41:29 [VisionSync] INFO Blacklist: 32 entrees syncees
2026-09-25 09:41:29 [VisionSync] INFO Sync terminee: 10719 immat, 32 blacklist
2026-09-25 09:43:29 [VisionSync] INFO === Demarrage sync Vision incremental ===
2026-09-25 09:43:35 [VisionSync] INFO Config syncee: GPF 2026
2026-09-25 09:46:11 [VisionSync] INFO Immatriculations: 10719 upsert
2026-09-25 09:46:11 [VisionSync] INFO Blacklist: 32 entrees syncees
2026-09-25 09:46:11 [VisionSync] INFO Sync terminee: 10719 immat, 32 blacklist
2026-09-25 09:48:14 [VisionSync] INFO === Demarrage sync Vision incremental ===
2026-09-25 09:48:17 [VisionSync] INFO Config syncee: GPF 2026
2026-09-25 09:51:06 [VisionSync] INFO Immatriculations: 10719 upsert
2026-09-25 09:51:07 [VisionSync] INFO Blacklist: 32 entrees syncees
2026-09-25 09:51:07 [VisionSync] INFO Sync terminee: 10719 immat, 32 blacklist
2026-09-25 09:53:38 [VisionSync] INFO === Demarrage sync Vision incremental ===
2026-09-25 09:53:48 [VisionSync] INFO Config syncee: GPF 2026
2026-09-25 09:56:50 [VisionSync] INFO Immatriculations: 10719 upsert
2026-09-25 09:56:50 [VisionSync] INFO Blacklist: 32 entrees syncees
2026-09-25 09:56:50 [VisionSync] INFO Sync terminee: 10719 immat, 32 blacklist
2026-09-25 09:58:14 [VisionSync] INFO === Demarrage sync Vision incremental ===
2026-09-25 09:58:21 [VisionSync] INFO Config syncee: GPF 2026
2026-09-25 10:01:24 [VisionSync] INFO Immatriculations: 10719 upsert
2026-09-25 10:01:25 [VisionSync] INFO Blacklist: 32 entrees syncees
2026-09-25 10:01:25 [VisionSync] INFO Sync terminee: 10719 immat, 32 blacklist
2026-09-25 10:03:14 [VisionSync] INFO === Demarrage sync Vision incremental ===
2026-09-25 10:03:21 [VisionSync] INFO Config syncee: GPF 2026
2026-09-25 10:06:29 [VisionSync] INFO Immatriculations: 10719 upsert
2026-09-25 10:06:29 [VisionSync] INFO Blacklist: 32 entrees syncees
2026-09-25 10:06:29 [VisionSync] INFO Sync terminee: 10719 immat, 32 blacklist
2026-09-25 10:08:29 [VisionSync] INFO === Demarrage sync Vision incremental ===
2026-09-25 10:08:35 [VisionSync] INFO Config syncee: GPF 2026
2026-09-25 10:11:49 [VisionSync] INFO Immatriculations: 10719 upsert
2026-09-25 10:11:49 [VisionSync] INFO Blacklist: 32 entrees syncees
2026-09-25 10:11:49 [VisionSync] INFO Sync terminee: 10719 immat, 32 blacklist
2026-09-25 10:13:44 [VisionSync] INFO === Demarrage sync Vision incremental ===
2026-09-25 10:13:47 [VisionSync] INFO Config syncee: GPF 2026
2026-09-25 10:17:08 [VisionSync] INFO Immatriculations: 10719 upsert
2026-09-25 10:17:09 [VisionSync] INFO Blacklist: 32 entrees syncees
2026-09-25 10:17:09 [VisionSync] INFO Sync terminee: 10719 immat, 32 blacklist
2026-09-25 10:18:14 [VisionSync] INFO === Demarrage sync Vision incremental ===
2026-09-25 10:18:21 [VisionSync] INFO Config syncee: GPF 2026
2026-09-25 10:21:41 [VisionSync] INFO Immatriculations: 10719 upsert
2026-09-25 10:21:41 [VisionSync] INFO Blacklist: 32 entrees syncees
2026-09-25 10:21:41 [VisionSync] INFO Sync terminee: 10719 immat, 32 blacklist
2026-09-25 10:23:29 [VisionSync] INFO === Demarrage sync Vision incremental ===
2026-09-25 10:23:32 [VisionSync] INFO Config syncee: GPF 2026
2026-09-25 10:26:57 [VisionSync] INFO Immatriculations: 10719 upsert
2026-09-25 10:26:57 [VisionSync] INFO Blacklist: 32 entrees syncees
2026-09-25 10:26:57 [VisionSync] INFO Sync terminee: 10719 immat, 32 blacklist
2026-09-25 10:28:14 [VisionSync] INFO === Demarrage sync Vision incremental ===
2026-09-25 10:28:21 [VisionSync] INFO Config syncee: GPF 2026
2026-09-25 10:31:24 [VisionSync] INFO Immatriculations: 10719 upsert
2026-09-25 10:31:24 [VisionSync] INFO Blacklist: 32 entrees syncees
2026-09-25 10:31:24 [VisionSync] INFO Sync terminee: 10719 immat, 32 blacklist
2026-09-25 10:33:39 [VisionSync] INFO === Demarrage sync Vision incremental ===
2026-09-25 10:33:50 [VisionSync] INFO Config syncee: GPF 2026
2026-09-25 10:36:22 [VisionSync] INFO Immatriculations: 10719 upsert
2026-09-25 10:36:22 [VisionSync] INFO Blacklist: 32 entrees syncees
2026-09-25 10:36:22 [VisionSync] INFO Sync terminee: 10719 immat, 32 blacklist
2026-09-25 10:38:44 [VisionSync] INFO === Demarrage sync Vision incremental ===
2026-09-25 10:38:51 [VisionSync] INFO Config syncee: GPF 2026
2026-09-25 10:41:27 [VisionSync] INFO Immatriculations: 10719 upsert
2026-09-25 10:41:28 [VisionSync] INFO Blacklist: 32 entrees syncees
2026-09-25 10:41:28 [VisionSync] INFO Sync terminee: 10719 immat, 32 blacklist
2026-09-25 10:43:29 [VisionSync] INFO === Demarrage sync Vision incremental ===
2026-09-25 10:43:32 [VisionSync] INFO Config syncee: GPF 2026
2026-09-25 10:46:13 [VisionSync] INFO Immatriculations: 10719 upsert
2026-09-25 10:46:13 [VisionSync] INFO Blacklist: 32 entrees syncees
2026-09-25 10:46:13 [VisionSync] INFO Sync terminee: 10719 immat, 32 blacklist
2026-09-25 10:48:14 [VisionSync] INFO === Demarrage sync Vision incremental ===
2026-09-25 10:48:17 [VisionSync] INFO Config syncee: GPF 2026
2026-09-25 10:51:15 [VisionSync] INFO Immatriculations: 10719 upsert
2026-09-25 10:51:15 [VisionSync] INFO Blacklist: 32 entrees syncees
2026-09-25 10:51:15 [VisionSync] INFO Sync terminee: 10719 immat, 32 blacklist
2026-09-25 10:53:23 [VisionSync] INFO === Demarrage sync Vision incremental ===
2026-09-25 10:53:26 [VisionSync] INFO Config syncee: GPF 2026
2026-09-25 10:56:38 [VisionSync] INFO Immatriculations: 10719 upsert
2026-09-25 10:56:39 [VisionSync] INFO Blacklist: 32 entrees syncees
2026-09-25 10:56:39 [VisionSync] INFO Sync terminee: 10719 immat, 32 blacklist
2026-09-25 10:58:38 [VisionSync] INFO === Demarrage sync Vision incremental ===
2026-09-25 10:58:47 [VisionSync] INFO Config syncee: GPF 2026
2026-09-25 11:01:58 [VisionSync] INFO Immatriculations: 10719 upsert
2026-09-25 11:01:59 [VisionSync] INFO Blacklist: 32 entrees syncees
2026-09-25 11:01:59 [VisionSync] INFO Sync terminee: 10719 immat, 32 blacklist
2026-09-25 11:03:14 [VisionSync] INFO === Demarrage sync Vision incremental ===
2026-09-25 11:03:24 [VisionSync] INFO Config syncee: GPF 2026
2026-09-25 11:06:40 [VisionSync] INFO Immatriculations: 10719 upsert
2026-09-25 11:06:40 [VisionSync] INFO Blacklist: 32 entrees syncees
2026-09-25 11:06:40 [VisionSync] INFO Sync terminee: 10719 immat, 32 blacklist
2026-09-25 11:08:14 [VisionSync] INFO === Demarrage sync Vision incremental ===
2026-09-25 11:08:21 [VisionSync] INFO Config syncee: GPF 2026
2026-09-25 11:11:42 [VisionSync] INFO Immatriculations: 10719 upsert
2026-09-25 11:11:42 [VisionSync] INFO Blacklist: 32 entrees syncees
2026-09-25 11:11:42 [VisionSync] INFO Sync terminee: 10719 immat, 32 blacklist
2026-09-25 11:13:29 [VisionSync] INFO === Demarrage sync Vision incremental ===
2026-09-25 11:13:35 [VisionSync] INFO Config syncee: GPF 2026
2026-09-25 11:16:45 [VisionSync] INFO Immatriculations: 10719 upsert
2026-09-25 11:16:45 [VisionSync] INFO Blacklist: 32 entrees syncees
2026-09-25 11:16:45 [VisionSync] INFO Sync terminee: 10719 immat, 32 blacklist
2026-09-25 11:18:23 [VisionSync] INFO === Demarrage sync Vision incremental ===
2026-09-25 11:18:27 [VisionSync] INFO Config syncee: GPF 2026
2026-09-25 11:21:59 [VisionSync] INFO Immatriculations: 10719 upsert
2026-09-25 11:21:59 [VisionSync] INFO Blacklist: 32 entrees syncees
2026-09-25 11:21:59 [VisionSync] INFO Sync terminee: 10719 immat, 32 blacklist
2026-09-25 11:23:39 [VisionSync] INFO === Demarrage sync Vision incremental ===
2026-09-25 11:23:49 [VisionSync] INFO Config syncee: GPF 2026
2026-09-25 11:26:46 [VisionSync] INFO Immatriculations: 10719 upsert
2026-09-25 11:26:47 [VisionSync] INFO Blacklist: 32 entrees syncees
2026-09-25 11:26:47 [VisionSync] INFO Sync terminee: 10719 immat, 32 blacklist
2026-09-25 11:28:29 [VisionSync] INFO === Demarrage sync Vision incremental ===
2026-09-25 11:28:32 [VisionSync] INFO Config syncee: GPF 2026
2026-09-25 11:31:07 [VisionSync] INFO Immatriculations: 10719 upsert
2026-09-25 11:31:07 [VisionSync] INFO Blacklist: 32 entrees syncees
2026-09-25 11:31:07 [VisionSync] INFO Sync terminee: 10719 immat, 32 blacklist
2026-09-25 11:33:14 [VisionSync] INFO === Demarrage sync Vision incremental ===
2026-09-25 11:33:20 [VisionSync] INFO Config syncee: GPF 2026
2026-09-25 11:35:58 [VisionSync] INFO Immatriculations: 10719 upsert
2026-09-25 11:35:59 [VisionSync] INFO Blacklist: 32 entrees syncees
2026-09-25 11:35:59 [VisionSync] INFO Sync terminee: 10719 immat, 32 blacklist
2026-09-25 11:38:44 [VisionSync] INFO === Demarrage sync Vision incremental ===
2026-09-25 11:38:51 [VisionSync] INFO Config syncee: GPF 2026
2026-09-25 11:41:40 [VisionSync] INFO Immatriculations: 10719 upsert
2026-09-25 11:41:40 [VisionSync] INFO Blacklist: 32 entrees syncees
2026-09-25 11:41:40 [VisionSync] INFO Sync terminee: 10719 immat, 32 blacklist
2026-09-25 11:43:29 [VisionSync] INFO === Demarrage sync Vision incremental ===
2026-09-25 11:43:32 [VisionSync] INFO Config syncee: GPF 2026
2026-09-25 11:46:21 [VisionSync] INFO Immatriculations: 10719 upsert
2026-09-25 11:46:21 [VisionSync] INFO Blacklist: 32 entrees syncees
2026-09-25 11:46:21 [VisionSync] INFO Sync terminee: 10719 immat, 32 blacklist
2026-09-25 11:48:14 [VisionSync] INFO === Demarrage sync Vision incremental ===
2026-09-25 11:48:22 [VisionSync] INFO Config syncee: GPF 2026
2026-09-25 11:51:20 [VisionSync] INFO Immatriculations: 10719 upsert
2026-09-25 11:51:21 [VisionSync] INFO Blacklist: 32 entrees syncees
2026-09-25 11:51:21 [VisionSync] INFO Sync terminee: 10719 immat, 32 blacklist
2026-09-25 11:53:29 [VisionSync] INFO === Demarrage sync Vision incremental ===
2026-09-25 11:53:35 [VisionSync] INFO Config syncee: GPF 2026
2026-09-25 11:56:33 [VisionSync] INFO Immatriculations: 10719 upsert
2026-09-25 11:56:33 [VisionSync] INFO Blacklist: 32 entrees syncees
2026-09-25 11:56:33 [VisionSync] INFO Sync terminee: 10719 immat, 32 blacklist
2026-09-25 11:58:23 [VisionSync] INFO === Demarrage sync Vision incremental ===
2026-09-25 11:58:26 [VisionSync] INFO Config syncee: GPF 2026
2026-09-25 12:01:16 [VisionSync] INFO Immatriculations: 10719 upsert
2026-09-25 12:01:17 [VisionSync] INFO Blacklist: 32 entrees syncees
2026-09-25 12:01:17 [VisionSync] INFO Sync terminee: 10719 immat, 32 blacklist
2026-09-25 12:03:14 [VisionSync] INFO === Demarrage sync Vision incremental ===
2026-09-25 12:03:24 [VisionSync] INFO Config syncee: GPF 2026
2026-09-25 12:06:14 [VisionSync] INFO Immatriculations: 10719 upsert
2026-09-25 12:06:15 [VisionSync] INFO Blacklist: 32 entrees syncees
2026-09-25 12:06:15 [VisionSync] INFO Sync terminee: 10719 immat, 32 blacklist
2026-09-25 12:08:44 [VisionSync] INFO === Demarrage sync Vision incremental ===
2026-09-25 12:08:52 [VisionSync] INFO Config syncee: GPF 2026
2026-09-25 12:11:37 [VisionSync] INFO Immatriculations: 10719 upsert
2026-09-25 12:11:37 [VisionSync] INFO Blacklist: 32 entrees syncees
2026-09-25 12:11:37 [VisionSync] INFO Sync terminee: 10719 immat, 32 blacklist
2026-09-25 12:13:39 [VisionSync] INFO === Demarrage sync Vision incremental ===
2026-09-25 12:13:49 [VisionSync] INFO Config syncee: GPF 2026
2026-09-25 12:16:35 [VisionSync] INFO Immatriculations: 10719 upsert
2026-09-25 12:16:35 [VisionSync] INFO Blacklist: 32 entrees syncees
2026-09-25 12:16:35 [VisionSync] INFO Sync terminee: 10719 immat, 32 blacklist
2026-09-25 12:18:24 [VisionSync] INFO === Demarrage sync Vision incremental ===
2026-09-25 12:18:27 [VisionSync] INFO Config syncee: GPF 2026
2026-09-25 12:21:29 [VisionSync] INFO Immatriculations: 10719 upsert
2026-09-25 12:21:29 [VisionSync] INFO Blacklist: 32 entrees syncees
2026-09-25 12:21:29 [VisionSync] INFO Sync terminee: 10719 immat, 32 blacklist
2026-09-25 12:23:44 [VisionSync] INFO === Demarrage sync Vision incremental ===
2026-09-25 12:23:54 [VisionSync] INFO Config syncee: GPF 2026
2026-09-25 12:26:50 [VisionSync] INFO Immatriculations: 10719 upsert
2026-09-25 12:26:50 [VisionSync] INFO Blacklist: 32 entrees syncees
2026-09-25 12:26:50 [VisionSync] INFO Sync terminee: 10719 immat, 32 blacklist
2026-09-25 12:28:14 [VisionSync] INFO === Demarrage sync Vision incremental ===
2026-09-25 12:28:24 [VisionSync] INFO Config syncee: GPF 2026
2026-09-25 12:31:00 [VisionSync] INFO Immatriculations: 10719 upsert
2026-09-25 12:31:00 [VisionSync] INFO Blacklist: 32 entrees syncees
2026-09-25 12:31:00 [VisionSync] INFO Sync terminee: 10719 immat, 32 blacklist
2026-09-25 12:33:14 [VisionSync] INFO === Demarrage sync Vision incremental ===
2026-09-25 12:33:25 [VisionSync] INFO Config syncee: GPF 2026
2026-09-25 12:36:06 [VisionSync] INFO Immatriculations: 10719 upsert
2026-09-25 12:36:06 [VisionSync] INFO Blacklist: 32 entrees syncees
2026-09-25 12:36:06 [VisionSync] INFO Sync terminee: 10719 immat, 32 blacklist
2026-09-25 12:38:44 [VisionSync] INFO === Demarrage sync Vision incremental ===
2026-09-25 12:38:51 [VisionSync] INFO Config syncee: GPF 2026
2026-09-25 12:41:39 [VisionSync] INFO Immatriculations: 10719 upsert
2026-09-25 12:41:39 [VisionSync] INFO Blacklist: 32 entrees syncees
2026-09-25 12:41:39 [VisionSync] INFO Sync terminee: 10719 immat, 32 blacklist
2026-09-25 12:43:29 [VisionSync] INFO === Demarrage sync Vision incremental ===
2026-09-25 12:43:34 [VisionSync] INFO Config syncee: GPF 2026
2026-09-25 12:46:29 [VisionSync] INFO Immatriculations: 10719 upsert
2026-09-25 12:46:29 [VisionSync] INFO Blacklist: 32 entrees syncees
2026-09-25 12:46:29 [VisionSync] INFO Sync terminee: 10719 immat, 32 blacklist
2026-09-25 12:48:14 [VisionSync] INFO === Demarrage sync Vision incremental ===
2026-09-25 12:48:21 [VisionSync] INFO Config syncee: GPF 2026
2026-09-25 12:51:32 [VisionSync] INFO Immatriculations: 10719 upsert
2026-09-25 12:51:33 [VisionSync] INFO Blacklist: 32 entrees syncees
2026-09-25 12:51:33 [VisionSync] INFO Sync terminee: 10719 immat, 32 blacklist
2026-09-25 12:53:39 [VisionSync] INFO === Demarrage sync Vision incremental ===
2026-09-25 12:53:49 [VisionSync] INFO Config syncee: GPF 2026
2026-09-25 12:57:14 [VisionSync] INFO Immatriculations: 10719 upsert
2026-09-25 12:57:15 [VisionSync] INFO Blacklist: 32 entrees syncees
2026-09-25 12:57:15 [VisionSync] INFO Sync terminee: 10719 immat, 32 blacklist
2026-09-25 12:58:14 [VisionSync] INFO === Demarrage sync Vision incremental ===
2026-09-25 12:58:22 [VisionSync] INFO Config syncee: GPF 2026
2026-09-25 13:01:48 [VisionSync] INFO Immatriculations: 10719 upsert
2026-09-25 13:01:49 [VisionSync] INFO Blacklist: 32 entrees syncees
2026-09-25 13:01:49 [VisionSync] INFO Sync terminee: 10719 immat, 32 blacklist
2026-09-25 13:03:39 [VisionSync] INFO === Demarrage sync Vision incremental ===
2026-09-25 13:03:49 [VisionSync] INFO Config syncee: GPF 2026
2026-09-25 13:06:59 [VisionSync] INFO Immatriculations: 10719 upsert
2026-09-25 13:06:59 [VisionSync] INFO Blacklist: 32 entrees syncees
2026-09-25 13:06:59 [VisionSync] INFO Sync terminee: 10719 immat, 32 blacklist
2026-09-25 13:08:44 [VisionSync] INFO === Demarrage sync Vision incremental ===
2026-09-25 13:08:51 [VisionSync] INFO Config syncee: GPF 2026
2026-09-25 13:12:12 [VisionSync] INFO Immatriculations: 10719 upsert
2026-09-25 13:12:12 [VisionSync] INFO Blacklist: 32 entrees syncees
2026-09-25 13:12:12 [VisionSync] INFO Sync terminee: 10719 immat, 32 blacklist
2026-09-25 13:13:42 [VisionSync] INFO === Demarrage sync Vision incremental ===
2026-09-25 13:13:49 [VisionSync] INFO Config syncee: GPF 2026
2026-09-25 13:16:55 [VisionSync] INFO Immatriculations: 10719 upsert
2026-09-25 13:16:55 [VisionSync] INFO Blacklist: 32 entrees syncees
2026-09-25 13:16:55 [VisionSync] INFO Sync terminee: 10719 immat, 32 blacklist
2026-09-25 13:18:14 [VisionSync] INFO === Demarrage sync Vision incremental ===
2026-09-25 13:18:16 [VisionSync] INFO Config syncee: GPF 2026
2026-09-25 13:21:05 [VisionSync] INFO Immatriculations: 10719 upsert
2026-09-25 13:21:05 [VisionSync] INFO Blacklist: 32 entrees syncees
2026-09-25 13:21:05 [VisionSync] INFO Sync terminee: 10719 immat, 32 blacklist
2026-09-25 13:23:29 [VisionSync] INFO === Demarrage sync Vision incremental ===
2026-09-25 13:23:31 [VisionSync] INFO Config syncee: GPF 2026
2026-09-25 13:26:14 [VisionSync] INFO Immatriculations: 10719 upsert
2026-09-25 13:26:14 [VisionSync] INFO Blacklist: 32 entrees syncees
2026-09-25 13:26:14 [VisionSync] INFO Sync terminee: 10719 immat, 32 blacklist
2026-09-25 13:28:14 [VisionSync] INFO === Demarrage sync Vision incremental ===
2026-09-25 13:28:21 [VisionSync] INFO Config syncee: GPF 2026
2026-09-25 13:31:08 [VisionSync] INFO Immatriculations: 10719 upsert
2026-09-25 13:31:08 [VisionSync] INFO Blacklist: 32 entrees syncees
2026-09-25 13:31:08 [VisionSync] INFO Sync terminee: 10719 immat, 32 blacklist
2026-09-25 13:33:39 [VisionSync] INFO === Demarrage sync Vision incremental ===
2026-09-25 13:33:49 [VisionSync] INFO Config syncee: GPF 2026
2026-09-25 13:36:36 [VisionSync] INFO Immatriculations: 10719 upsert
2026-09-25 13:36:36 [VisionSync] INFO Blacklist: 32 entrees syncees
2026-09-25 13:36:36 [VisionSync] INFO Sync terminee: 10719 immat, 32 blacklist
2026-09-25 13:38:44 [VisionSync] INFO === Demarrage sync Vision incremental ===
2026-09-25 13:38:51 [VisionSync] INFO Config syncee: GPF 2026
2026-09-25 13:41:47 [VisionSync] INFO Immatriculations: 10719 upsert
2026-09-25 13:41:47 [VisionSync] INFO Blacklist: 32 entrees syncees
2026-09-25 13:41:47 [VisionSync] INFO Sync terminee: 10719 immat, 32 blacklist
2026-09-25 13:43:23 [VisionSync] INFO === Demarrage sync Vision incremental ===
2026-09-25 13:43:27 [VisionSync] INFO Config syncee: GPF 2026
2026-09-25 13:46:23 [VisionSync] INFO Immatriculations: 10719 upsert
2026-09-25 13:46:23 [VisionSync] INFO Blacklist: 32 entrees syncees
2026-09-25 13:46:23 [VisionSync] INFO Sync terminee: 10719 immat, 32 blacklist
2026-09-25 13:48:14 [VisionSync] INFO === Demarrage sync Vision incremental ===
2026-09-25 13:48:21 [VisionSync] INFO Config syncee: GPF 2026
2026-09-25 13:51:29 [VisionSync] INFO Immatriculations: 10719 upsert
2026-09-25 13:51:29 [VisionSync] INFO Blacklist: 32 entrees syncees
2026-09-25 13:51:29 [VisionSync] INFO Sync terminee: 10719 immat, 32 blacklist
2026-09-25 13:53:29 [VisionSync] INFO === Demarrage sync Vision incremental ===
2026-09-25 13:53:31 [VisionSync] INFO Config syncee: GPF 2026
2026-09-25 13:56:52 [VisionSync] INFO Immatriculations: 10719 upsert
2026-09-25 13:56:52 [VisionSync] INFO Blacklist: 32 entrees syncees
2026-09-25 13:56:52 [VisionSync] INFO Sync terminee: 10719 immat, 32 blacklist
2026-09-25 13:58:14 [VisionSync] INFO === Demarrage sync Vision incremental ===
2026-09-25 13:58:21 [VisionSync] INFO Config syncee: GPF 2026
2026-09-25 14:01:34 [VisionSync] INFO Immatriculations: 10719 upsert
2026-09-25 14:01:34 [VisionSync] INFO Blacklist: 32 entrees syncees
2026-09-25 14:01:34 [VisionSync] INFO Sync terminee: 10719 immat, 32 blacklist
2026-09-25 14:03:23 [VisionSync] INFO === Demarrage sync Vision incremental ===
2026-09-25 14:03:27 [VisionSync] INFO Config syncee: GPF 2026
2026-09-25 14:06:41 [VisionSync] INFO Immatriculations: 10719 upsert
2026-09-25 14:06:41 [VisionSync] INFO Blacklist: 32 entrees syncees
2026-09-25 14:06:41 [VisionSync] INFO Sync terminee: 10719 immat, 32 blacklist
2026-09-25 14:08:39 [VisionSync] INFO === Demarrage sync Vision incremental ===
2026-09-25 14:08:47 [VisionSync] INFO Config syncee: GPF 2026
2026-09-25 14:11:53 [VisionSync] INFO Immatriculations: 10719 upsert
2026-09-25 14:11:54 [VisionSync] INFO Blacklist: 32 entrees syncees
2026-09-25 14:11:54 [VisionSync] INFO Sync terminee: 10719 immat, 32 blacklist
2026-09-25 14:13:39 [VisionSync] INFO === Demarrage sync Vision incremental ===
2026-09-25 14:13:49 [VisionSync] INFO Config syncee: GPF 2026
2026-09-25 14:16:33 [VisionSync] INFO Immatriculations: 10719 upsert
2026-09-25 14:16:34 [VisionSync] INFO Blacklist: 32 entrees syncees
2026-09-25 14:16:34 [VisionSync] INFO Sync terminee: 10719 immat, 32 blacklist
2026-09-25 14:18:14 [VisionSync] INFO === Demarrage sync Vision incremental ===
2026-09-25 14:18:17 [VisionSync] INFO Config syncee: GPF 2026
2026-09-25 14:20:58 [VisionSync] INFO Immatriculations: 10719 upsert
2026-09-25 14:20:58 [VisionSync] INFO Blacklist: 32 entrees syncees
2026-09-25 14:20:58 [VisionSync] INFO Sync terminee: 10719 immat, 32 blacklist
2026-09-25 14:23:39 [VisionSync] INFO === Demarrage sync Vision incremental ===
2026-09-25 14:23:49 [VisionSync] INFO Config syncee: GPF 2026
2026-09-25 14:26:46 [VisionSync] INFO Immatriculations: 10719 upsert
2026-09-25 14:26:46 [VisionSync] INFO Blacklist: 32 entrees syncees
2026-09-25 14:26:46 [VisionSync] INFO Sync terminee: 10719 immat, 32 blacklist
2026-09-25 14:28:14 [VisionSync] INFO === Demarrage sync Vision incremental ===
2026-09-25 14:28:21 [VisionSync] INFO Config syncee: GPF 2026
2026-09-25 14:31:21 [VisionSync] INFO Immatriculations: 10719 upsert
2026-09-25 14:31:21 [VisionSync] INFO Blacklist: 32 entrees syncees
2026-09-25 14:31:21 [VisionSync] INFO Sync terminee: 10719 immat, 32 blacklist
2026-09-25 14:33:39 [VisionSync] INFO === Demarrage sync Vision incremental ===
2026-09-25 14:33:49 [VisionSync] INFO Config syncee: GPF 2026
2026-09-25 14:36:48 [VisionSync] INFO Immatriculations: 10719 upsert
2026-09-25 14:36:49 [VisionSync] INFO Blacklist: 32 entrees syncees
2026-09-25 14:36:49 [VisionSync] INFO Sync terminee: 10719 immat, 32 blacklist
2026-09-25 14:38:44 [VisionSync] INFO === Demarrage sync Vision incremental ===
2026-09-25 14:38:51 [VisionSync] INFO Config syncee: GPF 2026
2026-09-25 14:41:42 [VisionSync] INFO Immatriculations: 10719 upsert
2026-09-25 14:41:42 [VisionSync] INFO Blacklist: 32 entrees syncees
2026-09-25 14:41:42 [VisionSync] INFO Sync terminee: 10719 immat, 32 blacklist
2026-09-25 14:43:39 [VisionSync] INFO === Demarrage sync Vision incremental ===
2026-09-25 14:43:49 [VisionSync] INFO Config syncee: GPF 2026
2026-09-25 14:46:34 [VisionSync] INFO Immatriculations: 10719 upsert
2026-09-25 14:46:35 [VisionSync] INFO Blacklist: 32 entrees syncees
2026-09-25 14:46:35 [VisionSync] INFO Sync terminee: 10719 immat, 32 blacklist
2026-09-25 14:48:14 [VisionSync] INFO === Demarrage sync Vision incremental ===
2026-09-25 14:48:22 [VisionSync] INFO Config syncee: GPF 2026
2026-09-25 14:50:59 [VisionSync] INFO Immatriculations: 10719 upsert
2026-09-25 14:50:59 [VisionSync] INFO Blacklist: 32 entrees syncees
2026-09-25 14:50:59 [VisionSync] INFO Sync terminee: 10719 immat, 32 blacklist
2026-09-25 14:53:44 [VisionSync] INFO === Demarrage sync Vision incremental ===
2026-09-25 14:53:54 [VisionSync] INFO Config syncee: GPF 2026
2026-09-25 14:56:48 [VisionSync] INFO Immatriculations: 10719 upsert
2026-09-25 14:56:48 [VisionSync] INFO Blacklist: 32 entrees syncees
2026-09-25 14:56:48 [VisionSync] INFO Sync terminee: 10719 immat, 32 blacklist
2026-09-25 14:58:14 [VisionSync] INFO === Demarrage sync Vision incremental ===
2026-09-25 14:58:21 [VisionSync] INFO Config syncee: GPF 2026
2026-09-25 15:01:09 [VisionSync] INFO Immatriculations: 10719 upsert
2026-09-25 15:01:09 [VisionSync] INFO Blacklist: 32 entrees syncees
2026-09-25 15:01:09 [VisionSync] INFO Sync terminee: 10719 immat, 32 blacklist
2026-09-25 15:03:24 [VisionSync] INFO === Demarrage sync Vision incremental ===
2026-09-25 15:03:26 [VisionSync] INFO Config syncee: GPF 2026
2026-09-25 15:06:13 [VisionSync] INFO Immatriculations: 10719 upsert
2026-09-25 15:06:13 [VisionSync] INFO Blacklist: 32 entrees syncees
2026-09-25 15:06:13 [VisionSync] INFO Sync terminee: 10719 immat, 32 blacklist
2026-09-25 15:08:44 [VisionSync] INFO === Demarrage sync Vision incremental ===
2026-09-25 15:08:51 [VisionSync] INFO Config syncee: GPF 2026
2026-09-25 15:11:47 [VisionSync] INFO Immatriculations: 10719 upsert
2026-09-25 15:11:47 [VisionSync] INFO Blacklist: 32 entrees syncees
2026-09-25 15:11:47 [VisionSync] INFO Sync terminee: 10719 immat, 32 blacklist
2026-09-25 15:13:39 [VisionSync] INFO === Demarrage sync Vision incremental ===
2026-09-25 15:13:49 [VisionSync] INFO Config syncee: GPF 2026
2026-09-25 15:16:51 [VisionSync] INFO Immatriculations: 10719 upsert
2026-09-25 15:16:52 [VisionSync] INFO Blacklist: 32 entrees syncees
2026-09-25 15:16:52 [VisionSync] INFO Sync terminee: 10719 immat, 32 blacklist
2026-09-25 15:18:14 [VisionSync] INFO === Demarrage sync Vision incremental ===
2026-09-25 15:18:21 [VisionSync] INFO Config syncee: GPF 2026
2026-09-25 15:21:44 [VisionSync] INFO Immatriculations: 10719 upsert
2026-09-25 15:21:44 [VisionSync] INFO Blacklist: 32 entrees syncees
2026-09-25 15:21:44 [VisionSync] INFO Sync terminee: 10719 immat, 32 blacklist
2026-09-25 15:23:29 [VisionSync] INFO === Demarrage sync Vision incremental ===
2026-09-25 15:23:32 [VisionSync] INFO Config syncee: GPF 2026
2026-09-25 15:27:06 [VisionSync] INFO Immatriculations: 10719 upsert
2026-09-25 15:27:06 [VisionSync] INFO Blacklist: 32 entrees syncees
2026-09-25 15:27:06 [VisionSync] INFO Sync terminee: 10719 immat, 32 blacklist
2026-09-25 15:28:14 [VisionSync] INFO === Demarrage sync Vision incremental ===
2026-09-25 15:28:21 [VisionSync] INFO Config syncee: GPF 2026
2026-09-25 15:31:53 [VisionSync] INFO Immatriculations: 10719 upsert
2026-09-25 15:31:53 [VisionSync] INFO Blacklist: 32 entrees syncees
2026-09-25 15:31:53 [VisionSync] INFO Sync terminee: 10719 immat, 32 blacklist
2026-09-25 15:33:14 [VisionSync] INFO === Demarrage sync Vision incremental ===
2026-09-25 15:33:24 [VisionSync] INFO Config syncee: GPF 2026
2026-09-25 15:36:42 [VisionSync] INFO Immatriculations: 10719 upsert
2026-09-25 15:36:42 [VisionSync] INFO Blacklist: 32 entrees syncees
2026-09-25 15:36:42 [VisionSync] INFO Sync terminee: 10719 immat, 32 blacklist
2026-09-25 15:38:44 [VisionSync] INFO === Demarrage sync Vision incremental ===
2026-09-25 15:38:52 [VisionSync] INFO Config syncee: GPF 2026
2026-09-25 15:41:24 [VisionSync] INFO Immatriculations: 10719 upsert
2026-09-25 15:41:24 [VisionSync] INFO Blacklist: 32 entrees syncees
2026-09-25 15:41:24 [VisionSync] INFO Sync terminee: 10719 immat, 32 blacklist
2026-09-25 15:43:29 [VisionSync] INFO === Demarrage sync Vision incremental ===
2026-09-25 15:43:32 [VisionSync] INFO Config syncee: GPF 2026
2026-09-25 15:46:03 [VisionSync] INFO Immatriculations: 10719 upsert
2026-09-25 15:46:04 [VisionSync] INFO Blacklist: 32 entrees syncees
2026-09-25 15:46:04 [VisionSync] INFO Sync terminee: 10719 immat, 32 blacklist
2026-09-25 15:48:14 [VisionSync] INFO === Demarrage sync Vision incremental ===
2026-09-25 15:48:22 [VisionSync] INFO Config syncee: GPF 2026
2026-09-25 15:51:10 [VisionSync] INFO Immatriculations: 10719 upsert
2026-09-25 15:51:11 [VisionSync] INFO Blacklist: 32 entrees syncees
2026-09-25 15:51:11 [VisionSync] INFO Sync terminee: 10719 immat, 32 blacklist
2026-09-25 15:53:44 [VisionSync] INFO === Demarrage sync Vision incremental ===
2026-09-25 15:53:54 [VisionSync] INFO Config syncee: GPF 2026
2026-09-25 15:56:54 [VisionSync] INFO Immatriculations: 10719 upsert
2026-09-25 15:56:55 [VisionSync] INFO Blacklist: 32 entrees syncees
2026-09-25 15:56:55 [VisionSync] INFO Sync terminee: 10719 immat, 32 blacklist
2026-09-25 15:58:29 [VisionSync] INFO === Demarrage sync Vision incremental ===
2026-09-25 15:58:31 [VisionSync] INFO Config syncee: GPF 2026
2026-09-25 16:01:25 [VisionSync] INFO Immatriculations: 10719 upsert
2026-09-25 16:01:25 [VisionSync] INFO Blacklist: 32 entrees syncees
2026-09-25 16:01:25 [VisionSync] INFO Sync terminee: 10719 immat, 32 blacklist
2026-09-25 16:03:24 [VisionSync] INFO === Demarrage sync Vision incremental ===
2026-09-25 16:03:27 [VisionSync] INFO Config syncee: GPF 2026
2026-09-25 16:06:26 [VisionSync] INFO Immatriculations: 10719 upsert
2026-09-25 16:06:26 [VisionSync] INFO Blacklist: 32 entrees syncees
2026-09-25 16:06:26 [VisionSync] INFO Sync terminee: 10719 immat, 32 blacklist
2026-09-25 16:08:44 [VisionSync] INFO === Demarrage sync Vision incremental ===
2026-09-25 16:08:53 [VisionSync] INFO Config syncee: GPF 2026
2026-09-25 16:12:07 [VisionSync] INFO Immatriculations: 10719 upsert
2026-09-25 16:12:08 [VisionSync] INFO Blacklist: 32 entrees syncees
2026-09-25 16:12:08 [VisionSync] INFO Sync terminee: 10719 immat, 32 blacklist
2026-09-25 16:13:39 [VisionSync] INFO === Demarrage sync Vision incremental ===
2026-09-25 16:13:49 [VisionSync] INFO Config syncee: GPF 2026
2026-09-25 16:17:10 [VisionSync] INFO Immatriculations: 10719 upsert
2026-09-25 16:17:11 [VisionSync] INFO Blacklist: 32 entrees syncees
2026-09-25 16:17:11 [VisionSync] INFO Sync terminee: 10719 immat, 32 blacklist
2026-09-25 16:18:14 [VisionSync] INFO === Demarrage sync Vision incremental ===
2026-09-25 16:18:21 [VisionSync] INFO Config syncee: GPF 2026
2026-09-25 16:21:53 [VisionSync] INFO Immatriculations: 10719 upsert
2026-09-25 16:21:53 [VisionSync] INFO Blacklist: 32 entrees syncees
2026-09-25 16:21:53 [VisionSync] INFO Sync terminee: 10719 immat, 32 blacklist
2026-09-25 16:23:44 [VisionSync] INFO === Demarrage sync Vision incremental ===
2026-09-25 16:23:54 [VisionSync] INFO Config syncee: GPF 2026
2026-09-25 16:27:44 [VisionSync] INFO Immatriculations: 10719 upsert
2026-09-25 16:27:44 [VisionSync] INFO Blacklist: 32 entrees syncees
2026-09-25 16:27:44 [VisionSync] INFO Sync terminee: 10719 immat, 32 blacklist
2026-09-25 16:28:29 [VisionSync] INFO === Demarrage sync Vision incremental ===
2026-09-25 16:28:32 [VisionSync] INFO Config syncee: GPF 2026
2026-09-25 16:31:51 [VisionSync] INFO Immatriculations: 10719 upsert
2026-09-25 16:31:52 [VisionSync] INFO Blacklist: 32 entrees syncees
2026-09-25 16:31:52 [VisionSync] INFO Sync terminee: 10719 immat, 32 blacklist
2026-09-25 16:33:14 [VisionSync] INFO === Demarrage sync Vision incremental ===
2026-09-25 16:33:22 [VisionSync] INFO Config syncee: GPF 2026
2026-09-25 16:35:51 [VisionSync] INFO Immatriculations: 10719 upsert
2026-09-25 16:35:52 [VisionSync] INFO Blacklist: 32 entrees syncees
2026-09-25 16:35:52 [VisionSync] INFO Sync terminee: 10719 immat, 32 blacklist
2026-09-25 16:38:29 [VisionSync] INFO === Demarrage sync Vision incremental ===
2026-09-25 16:38:35 [VisionSync] INFO Config syncee: GPF 2026
2026-09-25 16:41:05 [VisionSync] INFO Immatriculations: 10719 upsert
2026-09-25 16:41:05 [VisionSync] INFO Blacklist: 32 entrees syncees
2026-09-25 16:41:05 [VisionSync] INFO Sync terminee: 10719 immat, 32 blacklist
2026-09-25 16:43:29 [VisionSync] INFO === Demarrage sync Vision incremental ===
2026-09-25 16:43:34 [VisionSync] INFO Config syncee: GPF 2026
2026-09-25 16:46:09 [VisionSync] INFO Immatriculations: 10719 upsert
2026-09-25 16:46:10 [VisionSync] INFO Blacklist: 32 entrees syncees
2026-09-25 16:46:10 [VisionSync] INFO Sync terminee: 10719 immat, 32 blacklist
2026-09-25 16:48:14 [VisionSync] INFO === Demarrage sync Vision incremental ===
2026-09-25 16:48:21 [VisionSync] INFO Config syncee: GPF 2026
2026-09-25 16:51:11 [VisionSync] INFO Immatriculations: 10719 upsert
2026-09-25 16:51:11 [VisionSync] INFO Blacklist: 32 entrees syncees
2026-09-25 16:51:11 [VisionSync] INFO Sync terminee: 10719 immat, 32 blacklist
2026-09-25 16:53:39 [VisionSync] INFO === Demarrage sync Vision incremental ===
2026-09-25 16:53:49 [VisionSync] INFO Config syncee: GPF 2026
2026-09-25 16:56:47 [VisionSync] INFO Immatriculations: 10719 upsert
2026-09-25 16:56:47 [VisionSync] INFO Blacklist: 32 entrees syncees
2026-09-25 16:56:47 [VisionSync] INFO Sync terminee: 10719 immat, 32 blacklist
2026-09-25 16:58:14 [VisionSync] INFO === Demarrage sync Vision incremental ===
2026-09-25 16:58:21 [VisionSync] INFO Config syncee: GPF 2026
2026-09-25 17:01:19 [VisionSync] INFO Immatriculations: 10719 upsert
2026-09-25 17:01:19 [VisionSync] INFO Blacklist: 32 entrees syncees
2026-09-25 17:01:19 [VisionSync] INFO Sync terminee: 10719 immat, 32 blacklist
2026-09-25 17:03:24 [VisionSync] INFO === Demarrage sync Vision incremental ===
2026-09-25 17:03:28 [VisionSync] INFO Config syncee: GPF 2026
2026-09-25 17:06:32 [VisionSync] INFO Immatriculations: 10719 upsert
2026-09-25 17:06:32 [VisionSync] INFO Blacklist: 32 entrees syncees
2026-09-25 17:06:32 [VisionSync] INFO Sync terminee: 10719 immat, 32 blacklist
2026-09-25 17:08:44 [VisionSync] INFO === Demarrage sync Vision incremental ===
2026-09-25 17:08:51 [VisionSync] INFO Config syncee: GPF 2026
2026-09-25 17:11:50 [VisionSync] INFO Immatriculations: 10719 upsert
2026-09-25 17:11:50 [VisionSync] INFO Blacklist: 32 entrees syncees
2026-09-25 17:11:50 [VisionSync] INFO Sync terminee: 10719 immat, 32 blacklist
2026-09-25 17:13:39 [VisionSync] INFO === Demarrage sync Vision incremental ===
2026-09-25 17:13:50 [VisionSync] INFO Config syncee: GPF 2026
2026-09-25 17:16:23 [VisionSync] INFO Immatriculations: 10719 upsert
2026-09-25 17:16:23 [VisionSync] INFO Blacklist: 32 entrees syncees
2026-09-25 17:16:23 [VisionSync] INFO Sync terminee: 10719 immat, 32 blacklist
2026-09-25 17:18:14 [VisionSync] INFO === Demarrage sync Vision incremental ===
2026-09-25 17:18:18 [VisionSync] INFO Config syncee: GPF 2026
2026-09-25 17:21:08 [VisionSync] INFO Immatriculations: 10719 upsert
2026-09-25 17:21:09 [VisionSync] INFO Blacklist: 32 entrees syncees
2026-09-25 17:21:09 [VisionSync] INFO Sync terminee: 10719 immat, 32 blacklist
2026-09-25 17:23:14 [VisionSync] INFO === Demarrage sync Vision incremental ===
2026-09-25 17:23:17 [VisionSync] INFO Config syncee: GPF 2026
2026-09-25 17:26:20 [VisionSync] INFO Immatriculations: 10719 upsert
2026-09-25 17:26:20 [VisionSync] INFO Blacklist: 32 entrees syncees
2026-09-25 17:26:20 [VisionSync] INFO Sync terminee: 10719 immat, 32 blacklist
2026-09-25 17:28:14 [VisionSync] INFO === Demarrage sync Vision incremental ===
2026-09-25 17:28:21 [VisionSync] INFO Config syncee: GPF 2026
2026-09-25 17:31:26 [VisionSync] INFO Immatriculations: 10719 upsert
2026-09-25 17:31:26 [VisionSync] INFO Blacklist: 32 entrees syncees
2026-09-25 17:31:26 [VisionSync] INFO Sync terminee: 10719 immat, 32 blacklist
2026-09-25 17:33:14 [VisionSync] INFO === Demarrage sync Vision incremental ===
2026-09-25 17:33:23 [VisionSync] INFO Config syncee: GPF 2026
2026-09-25 17:36:19 [VisionSync] INFO Immatriculations: 10719 upsert
2026-09-25 17:36:20 [VisionSync] INFO Blacklist: 32 entrees syncees
2026-09-25 17:36:20 [VisionSync] INFO Sync terminee: 10719 immat, 32 blacklist
2026-09-25 17:38:44 [VisionSync] INFO === Demarrage sync Vision incremental ===
2026-09-25 17:38:52 [VisionSync] INFO Config syncee: GPF 2026
2026-09-25 17:41:48 [VisionSync] INFO Immatriculations: 10719 upsert
2026-09-25 17:41:48 [VisionSync] INFO Blacklist: 32 entrees syncees
2026-09-25 17:41:48 [VisionSync] INFO Sync terminee: 10719 immat, 32 blacklist
2026-09-25 17:43:44 [VisionSync] INFO === Demarrage sync Vision incremental ===
2026-09-25 17:43:54 [VisionSync] INFO Config syncee: GPF 2026
2026-09-25 17:46:56 [VisionSync] INFO Immatriculations: 10719 upsert
2026-09-25 17:46:56 [VisionSync] INFO Blacklist: 32 entrees syncees
2026-09-25 17:46:56 [VisionSync] INFO Sync terminee: 10719 immat, 32 blacklist
2026-09-25 17:48:39 [VisionSync] INFO === Demarrage sync Vision incremental ===
2026-09-25 17:48:46 [VisionSync] INFO Config syncee: GPF 2026
2026-09-25 17:52:03 [VisionSync] INFO Immatriculations: 10719 upsert
2026-09-25 17:52:03 [VisionSync] INFO Blacklist: 32 entrees syncees
2026-09-25 17:52:03 [VisionSync] INFO Sync terminee: 10719 immat, 32 blacklist
2026-09-25 17:53:39 [VisionSync] INFO === Demarrage sync Vision incremental ===
2026-09-25 17:53:49 [VisionSync] INFO Config syncee: GPF 2026
2026-09-25 17:57:18 [VisionSync] INFO Immatriculations: 10719 upsert
2026-09-25 17:57:19 [VisionSync] INFO Blacklist: 32 entrees syncees
2026-09-25 17:57:19 [VisionSync] INFO Sync terminee: 10719 immat, 32 blacklist
2026-09-25 17:58:14 [VisionSync] INFO === Demarrage sync Vision incremental ===
2026-09-25 17:58:18 [VisionSync] INFO Config syncee: GPF 2026
2026-09-25 18:01:45 [VisionSync] INFO Immatriculations: 10719 upsert
2026-09-25 18:01:45 [VisionSync] INFO Blacklist: 32 entrees syncees
2026-09-25 18:01:45 [VisionSync] INFO Sync terminee: 10719 immat, 32 blacklist
2026-09-25 18:03:14 [VisionSync] INFO === Demarrage sync Vision incremental ===
2026-09-25 18:03:17 [VisionSync] INFO Config syncee: GPF 2026
2026-09-25 18:06:02 [VisionSync] INFO Immatriculations: 10719 upsert
2026-09-25 18:06:02 [VisionSync] INFO Blacklist: 32 entrees syncees
2026-09-25 18:06:02 [VisionSync] INFO Sync terminee: 10719 immat, 32 blacklist
2026-09-25 18:08:24 [VisionSync] INFO === Demarrage sync Vision incremental ===
2026-09-25 18:08:27 [VisionSync] INFO Config syncee: GPF 2026
2026-09-25 18:11:01 [VisionSync] INFO Immatriculations: 10719 upsert
2026-09-25 18:11:02 [VisionSync] INFO Blacklist: 32 entrees syncees
2026-09-25 18:11:02 [VisionSync] INFO Sync terminee: 10719 immat, 32 blacklist
2026-09-25 18:13:39 [VisionSync] INFO === Demarrage sync Vision incremental ===
2026-09-25 18:13:49 [VisionSync] INFO Config syncee: GPF 2026
2026-09-25 18:16:39 [VisionSync] INFO Immatriculations: 10719 upsert
2026-09-25 18:16:39 [VisionSync] INFO Blacklist: 32 entrees syncees
2026-09-25 18:16:39 [VisionSync] INFO Sync terminee: 10719 immat, 32 blacklist
2026-09-25 18:18:14 [VisionSync] INFO === Demarrage sync Vision incremental ===
2026-09-25 18:18:22 [VisionSync] INFO Config syncee: GPF 2026
2026-09-25 18:21:26 [VisionSync] INFO Immatriculations: 10719 upsert
2026-09-25 18:21:26 [VisionSync] INFO Blacklist: 32 entrees syncees
2026-09-25 18:21:26 [VisionSync] INFO Sync terminee: 10719 immat, 32 blacklist
2026-09-25 18:23:44 [VisionSync] INFO === Demarrage sync Vision incremental ===
2026-09-25 18:23:54 [VisionSync] INFO Config syncee: GPF 2026
2026-09-25 18:27:09 [VisionSync] INFO Immatriculations: 10719 upsert
2026-09-25 18:27:09 [VisionSync] INFO Blacklist: 32 entrees syncees
2026-09-25 18:27:09 [VisionSync] INFO Sync terminee: 10719 immat, 32 blacklist
2026-09-25 18:28:39 [VisionSync] INFO === Demarrage sync Vision incremental ===
2026-09-25 18:28:46 [VisionSync] INFO Config syncee: GPF 2026
2026-09-25 18:31:43 [VisionSync] INFO Immatriculations: 10719 upsert
2026-09-25 18:31:43 [VisionSync] INFO Blacklist: 32 entrees syncees
2026-09-25 18:31:43 [VisionSync] INFO Sync terminee: 10719 immat, 32 blacklist
2026-09-25 18:33:14 [VisionSync] INFO === Demarrage sync Vision incremental ===
2026-09-25 18:33:26 [VisionSync] INFO Config syncee: GPF 2026
2026-09-25 18:36:18 [VisionSync] INFO Immatriculations: 10719 upsert
2026-09-25 18:36:18 [VisionSync] INFO Blacklist: 32 entrees syncees
2026-09-25 18:36:18 [VisionSync] INFO Sync terminee: 10719 immat, 32 blacklist
2026-09-25 18:38:44 [VisionSync] INFO === Demarrage sync Vision incremental ===
2026-09-25 18:38:51 [VisionSync] INFO Config syncee: GPF 2026
2026-09-25 18:41:47 [VisionSync] INFO Immatriculations: 10719 upsert
2026-09-25 18:41:47 [VisionSync] INFO Blacklist: 32 entrees syncees
2026-09-25 18:41:47 [VisionSync] INFO Sync terminee: 10719 immat, 32 blacklist
2026-09-25 18:43:29 [VisionSync] INFO === Demarrage sync Vision incremental ===
2026-09-25 18:43:33 [VisionSync] INFO Config syncee: GPF 2026
2026-09-25 18:46:40 [VisionSync] INFO Immatriculations: 10719 upsert
2026-09-25 18:46:40 [VisionSync] INFO Blacklist: 32 entrees syncees
2026-09-25 18:46:40 [VisionSync] INFO Sync terminee: 10719 immat, 32 blacklist
2026-09-25 18:48:14 [VisionSync] INFO === Demarrage sync Vision incremental ===
2026-09-25 18:48:21 [VisionSync] INFO Config syncee: GPF 2026
2026-09-25 18:50:55 [VisionSync] INFO Immatriculations: 10719 upsert
2026-09-25 18:50:56 [VisionSync] INFO Blacklist: 32 entrees syncees
2026-09-25 18:50:56 [VisionSync] INFO Sync terminee: 10719 immat, 32 blacklist
2026-09-25 18:53:29 [VisionSync] INFO === Demarrage sync Vision incremental ===
2026-09-25 18:53:39 [VisionSync] INFO Config syncee: GPF 2026
2026-09-25 18:56:31 [VisionSync] INFO Immatriculations: 10719 upsert
2026-09-25 18:56:32 [VisionSync] INFO Blacklist: 32 entrees syncees
2026-09-25 18:56:32 [VisionSync] INFO Sync terminee: 10719 immat, 32 blacklist
2026-09-25 18:58:14 [VisionSync] INFO === Demarrage sync Vision incremental ===
2026-09-25 18:58:21 [VisionSync] INFO Config syncee: GPF 2026
2026-09-25 19:01:10 [VisionSync] INFO Immatriculations: 10719 upsert
2026-09-25 19:01:11 [VisionSync] INFO Blacklist: 32 entrees syncees
2026-09-25 19:01:11 [VisionSync] INFO Sync terminee: 10719 immat, 32 blacklist
2026-09-25 19:03:14 [VisionSync] INFO === Demarrage sync Vision incremental ===
2026-09-25 19:03:17 [VisionSync] INFO Config syncee: GPF 2026
2026-09-25 19:06:08 [VisionSync] INFO Immatriculations: 10719 upsert
2026-09-25 19:06:08 [VisionSync] INFO Blacklist: 32 entrees syncees
2026-09-25 19:06:08 [VisionSync] INFO Sync terminee: 10719 immat, 32 blacklist
2026-09-25 19:08:29 [VisionSync] INFO === Demarrage sync Vision incremental ===
2026-09-25 19:08:32 [VisionSync] INFO Config syncee: GPF 2026
2026-09-25 19:11:31 [VisionSync] INFO Immatriculations: 10719 upsert
2026-09-25 19:11:31 [VisionSync] INFO Blacklist: 32 entrees syncees
2026-09-25 19:11:31 [VisionSync] INFO Sync terminee: 10719 immat, 32 blacklist
2026-09-25 19:13:39 [VisionSync] INFO === Demarrage sync Vision incremental ===
2026-09-25 19:13:49 [VisionSync] INFO Config syncee: GPF 2026
2026-09-25 19:16:55 [VisionSync] INFO Immatriculations: 10719 upsert
2026-09-25 19:16:56 [VisionSync] INFO Blacklist: 32 entrees syncees
2026-09-25 19:16:56 [VisionSync] INFO Sync terminee: 10719 immat, 32 blacklist
2026-09-25 19:18:14 [VisionSync] INFO === Demarrage sync Vision incremental ===
2026-09-25 19:18:16 [VisionSync] INFO Config syncee: GPF 2026
2026-09-25 19:21:36 [VisionSync] INFO Immatriculations: 10719 upsert
2026-09-25 19:21:36 [VisionSync] INFO Blacklist: 32 entrees syncees
2026-09-25 19:21:36 [VisionSync] INFO Sync terminee: 10719 immat, 32 blacklist
2026-09-25 19:23:29 [VisionSync] INFO === Demarrage sync Vision incremental ===
2026-09-25 19:23:36 [VisionSync] INFO Config syncee: GPF 2026
2026-09-25 19:26:53 [VisionSync] INFO Immatriculations: 10719 upsert
2026-09-25 19:26:54 [VisionSync] INFO Blacklist: 32 entrees syncees
2026-09-25 19:26:54 [VisionSync] INFO Sync terminee: 10719 immat, 32 blacklist
2026-09-25 19:28:14 [VisionSync] INFO === Demarrage sync Vision incremental ===
2026-09-25 19:28:21 [VisionSync] INFO Config syncee: GPF 2026
2026-09-25 19:31:37 [VisionSync] INFO Immatriculations: 10719 upsert
2026-09-25 19:31:37 [VisionSync] INFO Blacklist: 32 entrees syncees
2026-09-25 19:31:37 [VisionSync] INFO Sync terminee: 10719 immat, 32 blacklist
2026-09-25 19:33:14 [VisionSync] INFO === Demarrage sync Vision incremental ===
2026-09-25 19:33:24 [VisionSync] INFO Config syncee: GPF 2026
2026-09-25 19:36:39 [VisionSync] INFO Immatriculations: 10719 upsert
2026-09-25 19:36:40 [VisionSync] INFO Blacklist: 32 entrees syncees
2026-09-25 19:36:40 [VisionSync] INFO Sync terminee: 10719 immat, 32 blacklist
2026-09-25 19:38:44 [VisionSync] INFO === Demarrage sync Vision incremental ===
2026-09-25 19:38:52 [VisionSync] INFO Config syncee: GPF 2026
2026-09-25 19:41:47 [VisionSync] INFO Immatriculations: 10719 upsert
2026-09-25 19:41:47 [VisionSync] INFO Blacklist: 32 entrees syncees
2026-09-25 19:41:47 [VisionSync] INFO Sync terminee: 10719 immat, 32 blacklist
2026-09-25 19:43:40 [VisionSync] INFO === Demarrage sync Vision incremental ===
2026-09-25 19:43:52 [VisionSync] INFO Config syncee: GPF 2026
2026-09-25 19:46:25 [VisionSync] INFO Immatriculations: 10719 upsert
2026-09-25 19:46:25 [VisionSync] INFO Blacklist: 32 entrees syncees
2026-09-25 19:46:25 [VisionSync] INFO Sync terminee: 10719 immat, 32 blacklist
2026-09-25 19:48:14 [VisionSync] INFO === Demarrage sync Vision incremental ===
2026-09-25 19:48:22 [VisionSync] INFO Config syncee: GPF 2026
2026-09-25 19:51:11 [VisionSync] INFO Immatriculations: 10719 upsert
2026-09-25 19:51:11 [VisionSync] INFO Blacklist: 32 entrees syncees
2026-09-25 19:51:11 [VisionSync] INFO Sync terminee: 10719 immat, 32 blacklist
2026-09-25 19:53:14 [VisionSync] INFO === Demarrage sync Vision incremental ===
2026-09-25 19:53:21 [VisionSync] INFO Config syncee: GPF 2026
2026-09-25 19:56:24 [VisionSync] INFO Immatriculations: 10719 upsert
2026-09-25 19:56:24 [VisionSync] INFO Blacklist: 32 entrees syncees
2026-09-25 19:56:24 [VisionSync] INFO Sync terminee: 10719 immat, 32 blacklist
2026-09-25 19:58:14 [VisionSync] INFO === Demarrage sync Vision incremental ===
2026-09-25 19:58:21 [VisionSync] INFO Config syncee: GPF 2026
2026-09-25 20:01:29 [VisionSync] INFO Immatriculations: 10719 upsert
2026-09-25 20:01:29 [VisionSync] INFO Blacklist: 32 entrees syncees
2026-09-25 20:01:29 [VisionSync] INFO Sync terminee: 10719 immat, 32 blacklist
2026-09-25 20:03:24 [VisionSync] INFO === Demarrage sync Vision incremental ===
2026-09-25 20:03:26 [VisionSync] INFO Config syncee: GPF 2026
2026-09-25 20:07:03 [VisionSync] INFO Immatriculations: 10719 upsert
2026-09-25 20:07:03 [VisionSync] INFO Blacklist: 32 entrees syncees
2026-09-25 20:07:03 [VisionSync] INFO Sync terminee: 10719 immat, 32 blacklist
2026-09-25 20:08:39 [VisionSync] INFO === Demarrage sync Vision incremental ===
2026-09-25 20:08:49 [VisionSync] INFO Config syncee: GPF 2026
2026-09-25 20:12:36 [VisionSync] INFO Immatriculations: 10719 upsert
2026-09-25 20:12:36 [VisionSync] INFO Blacklist: 32 entrees syncees
2026-09-25 20:12:36 [VisionSync] INFO Sync terminee: 10719 immat, 32 blacklist
2026-09-25 20:13:40 [VisionSync] INFO === Demarrage sync Vision incremental ===
2026-09-25 20:13:51 [VisionSync] INFO Config syncee: GPF 2026
2026-09-25 20:17:41 [VisionSync] INFO Immatriculations: 10719 upsert
2026-09-25 20:17:42 [VisionSync] INFO Blacklist: 32 entrees syncees
2026-09-25 20:17:42 [VisionSync] INFO Sync terminee: 10719 immat, 32 blacklist
2026-09-25 20:18:14 [VisionSync] INFO === Demarrage sync Vision incremental ===
2026-09-25 20:18:22 [VisionSync] INFO Config syncee: GPF 2026
2026-09-25 20:22:01 [VisionSync] INFO Immatriculations: 10719 upsert
2026-09-25 20:22:01 [VisionSync] INFO Blacklist: 32 entrees syncees
2026-09-25 20:22:01 [VisionSync] INFO Sync terminee: 10719 immat, 32 blacklist
2026-09-25 20:23:14 [VisionSync] INFO === Demarrage sync Vision incremental ===
2026-09-25 20:23:20 [VisionSync] INFO Config syncee: GPF 2026
2026-09-25 20:26:33 [VisionSync] INFO Immatriculations: 10719 upsert
2026-09-25 20:26:33 [VisionSync] INFO Blacklist: 32 entrees syncees
2026-09-25 20:26:33 [VisionSync] INFO Sync terminee: 10719 immat, 32 blacklist
2026-09-25 20:28:14 [VisionSync] INFO === Demarrage sync Vision incremental ===
2026-09-25 20:28:21 [VisionSync] INFO Config syncee: GPF 2026
2026-09-25 20:31:48 [VisionSync] INFO Immatriculations: 10719 upsert
2026-09-25 20:31:48 [VisionSync] INFO Blacklist: 32 entrees syncees
2026-09-25 20:31:48 [VisionSync] INFO Sync terminee: 10719 immat, 32 blacklist
2026-09-25 20:33:14 [VisionSync] INFO === Demarrage sync Vision incremental ===
2026-09-25 20:33:24 [VisionSync] INFO Config syncee: GPF 2026
2026-09-25 20:36:36 [VisionSync] INFO Immatriculations: 10719 upsert
2026-09-25 20:36:37 [VisionSync] INFO Blacklist: 32 entrees syncees
2026-09-25 20:36:37 [VisionSync] INFO Sync terminee: 10719 immat, 32 blacklist
2026-09-25 20:38:44 [VisionSync] INFO === Demarrage sync Vision incremental ===
2026-09-25 20:38:52 [VisionSync] INFO Config syncee: GPF 2026
2026-09-25 20:41:56 [VisionSync] INFO Immatriculations: 10719 upsert
2026-09-25 20:41:56 [VisionSync] INFO Blacklist: 32 entrees syncees
2026-09-25 20:41:56 [VisionSync] INFO Sync terminee: 10719 immat, 32 blacklist
2026-09-25 20:43:24 [VisionSync] INFO === Demarrage sync Vision incremental ===
2026-09-25 20:43:34 [VisionSync] INFO Config syncee: GPF 2026
2026-09-25 20:46:53 [VisionSync] INFO Immatriculations: 10719 upsert
2026-09-25 20:46:54 [VisionSync] INFO Blacklist: 32 entrees syncees
2026-09-25 20:46:54 [VisionSync] INFO Sync terminee: 10719 immat, 32 blacklist
2026-09-25 20:48:39 [VisionSync] INFO === Demarrage sync Vision incremental ===
2026-09-25 20:48:46 [VisionSync] INFO Config syncee: GPF 2026
2026-09-25 20:52:16 [VisionSync] INFO Immatriculations: 10719 upsert
2026-09-25 20:52:16 [VisionSync] INFO Blacklist: 32 entrees syncees
2026-09-25 20:52:16 [VisionSync] INFO Sync terminee: 10719 immat, 32 blacklist
2026-09-25 20:53:44 [VisionSync] INFO === Demarrage sync Vision incremental ===
2026-09-25 20:53:54 [VisionSync] INFO Config syncee: GPF 2026
2026-09-25 20:57:22 [VisionSync] INFO Immatriculations: 10719 upsert
2026-09-25 20:57:22 [VisionSync] INFO Blacklist: 32 entrees syncees
2026-09-25 20:57:22 [VisionSync] INFO Sync terminee: 10719 immat, 32 blacklist
2026-09-25 20:58:14 [VisionSync] INFO === Demarrage sync Vision incremental ===
2026-09-25 20:58:22 [VisionSync] INFO Config syncee: GPF 2026
2026-09-25 21:01:52 [VisionSync] INFO Immatriculations: 10719 upsert
2026-09-25 21:01:52 [VisionSync] INFO Blacklist: 32 entrees syncees
2026-09-25 21:01:52 [VisionSync] INFO Sync terminee: 10719 immat, 32 blacklist
2026-09-25 21:03:14 [VisionSync] INFO === Demarrage sync Vision incremental ===
2026-09-25 21:03:20 [VisionSync] INFO Config syncee: GPF 2026
2026-09-25 21:06:53 [VisionSync] INFO Immatriculations: 10719 upsert
2026-09-25 21:06:54 [VisionSync] INFO Blacklist: 32 entrees syncees
2026-09-25 21:06:54 [VisionSync] INFO Sync terminee: 10719 immat, 32 blacklist
2026-09-25 21:08:29 [VisionSync] INFO === Demarrage sync Vision incremental ===
2026-09-25 21:08:31 [VisionSync] INFO Config syncee: GPF 2026
2026-09-25 21:12:07 [VisionSync] INFO Immatriculations: 10719 upsert
2026-09-25 21:12:07 [VisionSync] INFO Blacklist: 32 entrees syncees
2026-09-25 21:12:07 [VisionSync] INFO Sync terminee: 10719 immat, 32 blacklist
2026-09-25 21:13:39 [VisionSync] INFO === Demarrage sync Vision incremental ===
2026-09-25 21:13:49 [VisionSync] INFO Config syncee: GPF 2026
2026-09-25 21:16:54 [VisionSync] INFO Immatriculations: 10719 upsert
2026-09-25 21:16:54 [VisionSync] INFO Blacklist: 32 entrees syncees
2026-09-25 21:16:54 [VisionSync] INFO Sync terminee: 10719 immat, 32 blacklist
2026-09-25 21:18:14 [VisionSync] INFO === Demarrage sync Vision incremental ===
2026-09-25 21:18:22 [VisionSync] INFO Config syncee: GPF 2026
2026-09-25 21:21:14 [VisionSync] INFO Immatriculations: 10719 upsert
2026-09-25 21:21:14 [VisionSync] INFO Blacklist: 32 entrees syncees
2026-09-25 21:21:14 [VisionSync] INFO Sync terminee: 10719 immat, 32 blacklist
2026-09-25 21:23:44 [VisionSync] INFO === Demarrage sync Vision incremental ===
2026-09-25 21:23:57 [VisionSync] INFO Config syncee: GPF 2026
2026-09-25 21:27:00 [VisionSync] INFO Immatriculations: 10719 upsert
2026-09-25 21:27:01 [VisionSync] INFO Blacklist: 32 entrees syncees
2026-09-25 21:27:01 [VisionSync] INFO Sync terminee: 10719 immat, 32 blacklist
2026-09-25 21:28:14 [VisionSync] INFO === Demarrage sync Vision incremental ===
2026-09-25 21:28:24 [VisionSync] INFO Config syncee: GPF 2026
2026-09-25 21:31:33 [VisionSync] INFO Immatriculations: 10719 upsert
2026-09-25 21:31:34 [VisionSync] INFO Blacklist: 32 entrees syncees
2026-09-25 21:31:34 [VisionSync] INFO Sync terminee: 10719 immat, 32 blacklist
2026-09-25 21:33:14 [VisionSync] INFO === Demarrage sync Vision incremental ===
2026-09-25 21:33:22 [VisionSync] INFO Config syncee: GPF 2026
2026-09-25 21:36:28 [VisionSync] INFO Immatriculations: 10719 upsert
2026-09-25 21:36:28 [VisionSync] INFO Blacklist: 32 entrees syncees
2026-09-25 21:36:28 [VisionSync] INFO Sync terminee: 10719 immat, 32 blacklist
2026-09-25 21:38:44 [VisionSync] INFO === Demarrage sync Vision incremental ===
2026-09-25 21:38:51 [VisionSync] INFO Config syncee: GPF 2026
2026-09-25 21:41:59 [VisionSync] INFO Immatriculations: 10719 upsert
2026-09-25 21:41:59 [VisionSync] INFO Blacklist: 32 entrees syncees
2026-09-25 21:41:59 [VisionSync] INFO Sync terminee: 10719 immat, 32 blacklist
2026-09-25 21:43:29 [VisionSync] INFO === Demarrage sync Vision incremental ===
2026-09-25 21:43:33 [VisionSync] INFO Config syncee: GPF 2026
2026-09-25 21:46:44 [VisionSync] INFO Immatriculations: 10719 upsert
2026-09-25 21:46:44 [VisionSync] INFO Blacklist: 32 entrees syncees
2026-09-25 21:46:44 [VisionSync] INFO Sync terminee: 10719 immat, 32 blacklist
2026-09-25 21:48:24 [VisionSync] INFO === Demarrage sync Vision incremental ===
2026-09-25 21:48:26 [VisionSync] INFO Config syncee: GPF 2026
2026-09-25 21:51:45 [VisionSync] INFO Immatriculations: 10719 upsert
2026-09-25 21:51:45 [VisionSync] INFO Blacklist: 32 entrees syncees
2026-09-25 21:51:45 [VisionSync] INFO Sync terminee: 10719 immat, 32 blacklist
2026-09-25 21:53:39 [VisionSync] INFO === Demarrage sync Vision incremental ===
2026-09-25 21:53:50 [VisionSync] INFO Config syncee: GPF 2026
2026-09-25 21:57:16 [VisionSync] INFO Immatriculations: 10719 upsert
2026-09-25 21:57:16 [VisionSync] INFO Blacklist: 32 entrees syncees
2026-09-25 21:57:16 [VisionSync] INFO Sync terminee: 10719 immat, 32 blacklist
2026-09-25 21:58:14 [VisionSync] INFO === Demarrage sync Vision incremental ===
2026-09-25 21:58:21 [VisionSync] INFO Config syncee: GPF 2026
2026-09-25 22:01:41 [VisionSync] INFO Immatriculations: 10719 upsert
2026-09-25 22:01:42 [VisionSync] INFO Blacklist: 32 entrees syncees
2026-09-25 22:01:42 [VisionSync] INFO Sync terminee: 10719 immat, 32 blacklist
2026-09-25 22:03:14 [VisionSync] INFO === Demarrage sync Vision incremental ===
2026-09-25 22:03:17 [VisionSync] INFO Config syncee: GPF 2026
2026-09-25 22:06:38 [VisionSync] INFO Immatriculations: 10719 upsert
2026-09-25 22:06:38 [VisionSync] INFO Blacklist: 32 entrees syncees
2026-09-25 22:06:38 [VisionSync] INFO Sync terminee: 10719 immat, 32 blacklist
2026-09-25 22:08:44 [VisionSync] INFO === Demarrage sync Vision incremental ===
2026-09-25 22:08:51 [VisionSync] INFO Config syncee: GPF 2026
2026-09-25 22:11:41 [VisionSync] INFO Immatriculations: 10719 upsert
2026-09-25 22:11:41 [VisionSync] INFO Blacklist: 32 entrees syncees
2026-09-25 22:11:41 [VisionSync] INFO Sync terminee: 10719 immat, 32 blacklist
2026-09-25 22:13:39 [VisionSync] INFO === Demarrage sync Vision incremental ===
2026-09-25 22:13:49 [VisionSync] INFO Config syncee: GPF 2026
2026-09-25 22:16:26 [VisionSync] INFO Immatriculations: 10719 upsert
2026-09-25 22:16:26 [VisionSync] INFO Blacklist: 32 entrees syncees
2026-09-25 22:16:26 [VisionSync] INFO Sync terminee: 10719 immat, 32 blacklist
2026-09-25 22:18:14 [VisionSync] INFO === Demarrage sync Vision incremental ===
2026-09-25 22:18:24 [VisionSync] INFO Config syncee: GPF 2026
2026-09-25 22:21:20 [VisionSync] INFO Immatriculations: 10719 upsert
2026-09-25 22:21:20 [VisionSync] INFO Blacklist: 32 entrees syncees
2026-09-25 22:21:20 [VisionSync] INFO Sync terminee: 10719 immat, 32 blacklist
2026-09-25 22:23:44 [VisionSync] INFO === Demarrage sync Vision incremental ===
2026-09-25 22:23:55 [VisionSync] INFO Config syncee: GPF 2026
2026-09-25 22:27:00 [VisionSync] INFO Immatriculations: 10719 upsert
2026-09-25 22:27:01 [VisionSync] INFO Blacklist: 32 entrees syncees
2026-09-25 22:27:01 [VisionSync] INFO Sync terminee: 10719 immat, 32 blacklist
2026-09-25 22:28:14 [VisionSync] INFO === Demarrage sync Vision incremental ===
2026-09-25 22:28:21 [VisionSync] INFO Config syncee: GPF 2026
2026-09-25 22:31:21 [VisionSync] INFO Immatriculations: 10719 upsert
2026-09-25 22:31:21 [VisionSync] INFO Blacklist: 32 entrees syncees
2026-09-25 22:31:21 [VisionSync] INFO Sync terminee: 10719 immat, 32 blacklist
2026-09-25 22:33:24 [VisionSync] INFO === Demarrage sync Vision incremental ===
2026-09-25 22:33:26 [VisionSync] INFO Config syncee: GPF 2026
2026-09-25 22:36:05 [VisionSync] INFO Immatriculations: 10719 upsert
2026-09-25 22:36:05 [VisionSync] INFO Blacklist: 32 entrees syncees
2026-09-25 22:36:05 [VisionSync] INFO Sync terminee: 10719 immat, 32 blacklist
2026-09-25 22:38:44 [VisionSync] INFO === Demarrage sync Vision incremental ===
2026-09-25 22:38:51 [VisionSync] INFO Config syncee: GPF 2026
2026-09-25 22:41:27 [VisionSync] INFO Immatriculations: 10719 upsert
2026-09-25 22:41:27 [VisionSync] INFO Blacklist: 32 entrees syncees
2026-09-25 22:41:27 [VisionSync] INFO Sync terminee: 10719 immat, 32 blacklist
2026-09-25 22:43:39 [VisionSync] INFO === Demarrage sync Vision incremental ===
2026-09-25 22:43:49 [VisionSync] INFO Config syncee: GPF 2026
2026-09-25 22:46:23 [VisionSync] INFO Immatriculations: 10719 upsert
2026-09-25 22:46:23 [VisionSync] INFO Blacklist: 32 entrees syncees
2026-09-25 22:46:23 [VisionSync] INFO Sync terminee: 10719 immat, 32 blacklist
2026-09-25 22:48:14 [VisionSync] INFO === Demarrage sync Vision incremental ===
2026-09-25 22:48:21 [VisionSync] INFO Config syncee: GPF 2026
2026-09-25 22:51:07 [VisionSync] INFO Immatriculations: 10719 upsert
2026-09-25 22:51:07 [VisionSync] INFO Blacklist: 32 entrees syncees
2026-09-25 22:51:07 [VisionSync] INFO Sync terminee: 10719 immat, 32 blacklist
2026-09-25 22:53:44 [VisionSync] INFO === Demarrage sync Vision incremental ===
2026-09-25 22:53:54 [VisionSync] INFO Config syncee: GPF 2026
2026-09-25 22:56:55 [VisionSync] INFO Immatriculations: 10719 upsert
2026-09-25 22:56:55 [VisionSync] INFO Blacklist: 32 entrees syncees
2026-09-25 22:56:55 [VisionSync] INFO Sync terminee: 10719 immat, 32 blacklist
2026-09-25 22:58:29 [VisionSync] INFO === Demarrage sync Vision incremental ===
2026-09-25 22:58:35 [VisionSync] INFO Config syncee: GPF 2026
2026-09-25 23:01:37 [VisionSync] INFO Immatriculations: 10719 upsert
2026-09-25 23:01:37 [VisionSync] INFO Blacklist: 32 entrees syncees
2026-09-25 23:01:37 [VisionSync] INFO Sync terminee: 10719 immat, 32 blacklist
2026-09-25 23:03:14 [VisionSync] INFO === Demarrage sync Vision incremental ===
2026-09-25 23:03:23 [VisionSync] INFO Config syncee: GPF 2026
2026-09-25 23:06:24 [VisionSync] INFO Immatriculations: 10719 upsert
2026-09-25 23:06:24 [VisionSync] INFO Blacklist: 32 entrees syncees
2026-09-25 23:06:24 [VisionSync] INFO Sync terminee: 10719 immat, 32 blacklist
2026-09-25 23:08:44 [VisionSync] INFO === Demarrage sync Vision incremental ===
2026-09-25 23:08:51 [VisionSync] INFO Config syncee: GPF 2026
2026-09-25 23:12:02 [VisionSync] INFO Immatriculations: 10719 upsert
2026-09-25 23:12:02 [VisionSync] INFO Blacklist: 32 entrees syncees
2026-09-25 23:12:02 [VisionSync] INFO Sync terminee: 10719 immat, 32 blacklist
2026-09-25 23:13:29 [VisionSync] INFO === Demarrage sync Vision incremental ===
2026-09-25 23:13:35 [VisionSync] INFO Config syncee: GPF 2026
2026-09-25 23:16:55 [VisionSync] INFO Immatriculations: 10719 upsert
2026-09-25 23:16:55 [VisionSync] INFO Blacklist: 32 entrees syncees
2026-09-25 23:16:55 [VisionSync] INFO Sync terminee: 10719 immat, 32 blacklist
2026-09-25 23:18:14 [VisionSync] INFO === Demarrage sync Vision incremental ===
2026-09-25 23:18:21 [VisionSync] INFO Config syncee: GPF 2026
2026-09-25 23:21:58 [VisionSync] INFO Immatriculations: 10719 upsert
2026-09-25 23:21:58 [VisionSync] INFO Blacklist: 32 entrees syncees
2026-09-25 23:21:58 [VisionSync] INFO Sync terminee: 10719 immat, 32 blacklist
2026-09-25 23:23:44 [VisionSync] INFO === Demarrage sync Vision incremental ===
2026-09-25 23:23:57 [VisionSync] INFO Config syncee: GPF 2026
2026-09-25 23:27:23 [VisionSync] INFO Immatriculations: 10719 upsert
2026-09-25 23:27:24 [VisionSync] INFO Blacklist: 32 entrees syncees
2026-09-25 23:27:24 [VisionSync] INFO Sync terminee: 10719 immat, 32 blacklist
2026-09-25 23:28:14 [VisionSync] INFO === Demarrage sync Vision incremental ===
2026-09-25 23:28:21 [VisionSync] INFO Config syncee: GPF 2026
2026-09-25 23:30:59 [VisionSync] INFO Immatriculations: 10719 upsert
2026-09-25 23:31:00 [VisionSync] INFO Blacklist: 32 entrees syncees
2026-09-25 23:31:00 [VisionSync] INFO Sync terminee: 10719 immat, 32 blacklist
2026-09-25 23:33:24 [VisionSync] INFO === Demarrage sync Vision incremental ===
2026-09-25 23:33:26 [VisionSync] INFO Config syncee: GPF 2026
2026-09-25 23:36:04 [VisionSync] INFO Immatriculations: 10719 upsert
2026-09-25 23:36:04 [VisionSync] INFO Blacklist: 32 entrees syncees
2026-09-25 23:36:04 [VisionSync] INFO Sync terminee: 10719 immat, 32 blacklist
2026-09-25 23:38:44 [VisionSync] INFO === Demarrage sync Vision incremental ===
2026-09-25 23:38:51 [VisionSync] INFO Config syncee: GPF 2026
2026-09-25 23:41:26 [VisionSync] INFO Immatriculations: 10719 upsert
2026-09-25 23:41:26 [VisionSync] INFO Blacklist: 32 entrees syncees
2026-09-25 23:41:26 [VisionSync] INFO Sync terminee: 10719 immat, 32 blacklist
2026-09-25 23:43:39 [VisionSync] INFO === Demarrage sync Vision incremental ===
2026-09-25 23:43:49 [VisionSync] INFO Config syncee: GPF 2026
2026-09-25 23:46:31 [VisionSync] INFO Immatriculations: 10719 upsert
2026-09-25 23:46:31 [VisionSync] INFO Blacklist: 32 entrees syncees
2026-09-25 23:46:31 [VisionSync] INFO Sync terminee: 10719 immat, 32 blacklist
2026-09-25 23:48:14 [VisionSync] INFO === Demarrage sync Vision incremental ===
2026-09-25 23:48:22 [VisionSync] INFO Config syncee: GPF 2026
2026-09-25 23:51:14 [VisionSync] INFO Immatriculations: 10719 upsert
2026-09-25 23:51:15 [VisionSync] INFO Blacklist: 32 entrees syncees
2026-09-25 23:51:15 [VisionSync] INFO Sync terminee: 10719 immat, 32 blacklist
2026-09-25 23:53:29 [VisionSync] INFO === Demarrage sync Vision incremental ===
2026-09-25 23:53:32 [VisionSync] INFO Config syncee: GPF 2026
2026-09-25 23:56:31 [VisionSync] INFO Immatriculations: 10719 upsert
2026-09-25 23:56:31 [VisionSync] INFO Blacklist: 32 entrees syncees
2026-09-25 23:56:31 [VisionSync] INFO Sync terminee: 10719 immat, 32 blacklist
2026-09-25 23:58:29 [VisionSync] INFO === Demarrage sync Vision incremental ===
2026-09-25 23:58:31 [VisionSync] INFO Config syncee: GPF 2026
2026-09-26 00:01:40 [VisionSync] INFO Immatriculations: 10719 upsert
2026-09-26 00:01:40 [VisionSync] INFO Blacklist: 32 entrees syncees
2026-09-26 00:01:40 [VisionSync] INFO Sync terminee: 10719 immat, 32 blacklist
2026-09-26 00:03:24 [VisionSync] INFO === Demarrage sync Vision incremental ===
2026-09-26 00:03:26 [VisionSync] INFO Config syncee: GPF 2026
2026-09-26 00:06:30 [VisionSync] INFO Immatriculations: 10719 upsert
2026-09-26 00:06:30 [VisionSync] INFO Blacklist: 32 entrees syncees
2026-09-26 00:06:30 [VisionSync] INFO Sync terminee: 10719 immat, 32 blacklist
2026-09-26 00:08:44 [VisionSync] INFO === Demarrage sync Vision incremental ===
2026-09-26 00:08:52 [VisionSync] INFO Config syncee: GPF 2026
2026-09-26 00:12:06 [VisionSync] INFO Immatriculations: 10719 upsert
2026-09-26 00:12:06 [VisionSync] INFO Blacklist: 32 entrees syncees
2026-09-26 00:12:06 [VisionSync] INFO Sync terminee: 10719 immat, 32 blacklist
2026-09-26 00:13:29 [VisionSync] INFO === Demarrage sync Vision incremental ===
2026-09-26 00:13:34 [VisionSync] INFO Config syncee: GPF 2026
2026-09-26 00:16:56 [VisionSync] INFO Immatriculations: 10719 upsert
2026-09-26 00:16:58 [VisionSync] INFO Blacklist: 32 entrees syncees
2026-09-26 00:16:58 [VisionSync] INFO Sync terminee: 10719 immat, 32 blacklist
2026-09-26 00:18:14 [VisionSync] INFO === Demarrage sync Vision incremental ===
2026-09-26 00:18:16 [VisionSync] INFO Config syncee: GPF 2026
2026-09-26 00:21:34 [VisionSync] INFO Immatriculations: 10719 upsert
2026-09-26 00:21:34 [VisionSync] INFO Blacklist: 32 entrees syncees
2026-09-26 00:21:34 [VisionSync] INFO Sync terminee: 10719 immat, 32 blacklist
2026-09-26 00:23:24 [VisionSync] INFO === Demarrage sync Vision incremental ===
2026-09-26 00:23:34 [VisionSync] INFO Config syncee: GPF 2026
2026-09-26 00:26:18 [VisionSync] INFO Immatriculations: 10719 upsert
2026-09-26 00:26:18 [VisionSync] INFO Blacklist: 32 entrees syncees
2026-09-26 00:26:18 [VisionSync] INFO Sync terminee: 10719 immat, 32 blacklist
2026-09-26 00:28:39 [VisionSync] INFO === Demarrage sync Vision incremental ===
2026-09-26 00:28:46 [VisionSync] INFO Config syncee: GPF 2026
2026-09-26 00:31:34 [VisionSync] INFO Immatriculations: 10719 upsert
2026-09-26 00:31:34 [VisionSync] INFO Blacklist: 32 entrees syncees
2026-09-26 00:31:34 [VisionSync] INFO Sync terminee: 10719 immat, 32 blacklist
2026-09-26 00:33:24 [VisionSync] INFO === Demarrage sync Vision incremental ===
2026-09-26 00:33:27 [VisionSync] INFO Config syncee: GPF 2026
2026-09-26 00:36:13 [VisionSync] INFO Immatriculations: 10719 upsert
2026-09-26 00:36:13 [VisionSync] INFO Blacklist: 32 entrees syncees
2026-09-26 00:36:13 [VisionSync] INFO Sync terminee: 10719 immat, 32 blacklist
2026-09-26 00:38:29 [VisionSync] INFO === Demarrage sync Vision incremental ===
2026-09-26 00:38:31 [VisionSync] INFO Config syncee: GPF 2026
2026-09-26 00:41:19 [VisionSync] INFO Immatriculations: 10719 upsert
2026-09-26 00:41:20 [VisionSync] INFO Blacklist: 32 entrees syncees
2026-09-26 00:41:20 [VisionSync] INFO Sync terminee: 10719 immat, 32 blacklist
2026-09-26 00:43:29 [VisionSync] INFO === Demarrage sync Vision incremental ===
2026-09-26 00:43:32 [VisionSync] INFO Config syncee: GPF 2026
2026-09-26 00:46:09 [VisionSync] INFO Immatriculations: 10719 upsert
2026-09-26 00:46:09 [VisionSync] INFO Blacklist: 32 entrees syncees
2026-09-26 00:46:09 [VisionSync] INFO Sync terminee: 10719 immat, 32 blacklist
2026-09-26 00:48:14 [VisionSync] INFO === Demarrage sync Vision incremental ===
2026-09-26 00:48:21 [VisionSync] INFO Config syncee: GPF 2026
2026-09-26 00:51:01 [VisionSync] INFO Immatriculations: 10719 upsert
2026-09-26 00:51:01 [VisionSync] INFO Blacklist: 32 entrees syncees
2026-09-26 00:51:01 [VisionSync] INFO Sync terminee: 10719 immat, 32 blacklist
2026-09-26 00:53:44 [VisionSync] INFO === Demarrage sync Vision incremental ===
2026-09-26 00:53:54 [VisionSync] INFO Config syncee: GPF 2026
2026-09-26 00:56:50 [VisionSync] INFO Immatriculations: 10719 upsert
2026-09-26 00:56:50 [VisionSync] INFO Blacklist: 32 entrees syncees
2026-09-26 00:56:50 [VisionSync] INFO Sync terminee: 10719 immat, 32 blacklist
2026-09-26 00:58:29 [VisionSync] INFO === Demarrage sync Vision incremental ===
2026-09-26 00:58:30 [VisionSync] INFO Config syncee: GPF 2026
2026-09-26 01:01:33 [VisionSync] INFO Immatriculations: 10719 upsert
2026-09-26 01:01:34 [VisionSync] INFO Blacklist: 32 entrees syncees
2026-09-26 01:01:34 [VisionSync] INFO Sync terminee: 10719 immat, 32 blacklist
2026-09-26 01:03:32 [VisionSync] INFO === Demarrage sync Vision incremental ===
2026-09-26 01:03:35 [VisionSync] INFO Config syncee: GPF 2026
2026-09-26 01:07:04 [VisionSync] INFO Immatriculations: 10719 upsert
2026-09-26 01:07:04 [VisionSync] INFO Blacklist: 32 entrees syncees
2026-09-26 01:07:04 [VisionSync] INFO Sync terminee: 10719 immat, 32 blacklist
2026-09-26 01:08:24 [VisionSync] INFO === Demarrage sync Vision incremental ===
2026-09-26 01:08:28 [VisionSync] INFO Config syncee: GPF 2026
2026-09-26 01:12:05 [VisionSync] INFO Immatriculations: 10719 upsert
2026-09-26 01:12:06 [VisionSync] INFO Blacklist: 32 entrees syncees
2026-09-26 01:12:06 [VisionSync] INFO Sync terminee: 10719 immat, 32 blacklist
2026-09-26 01:13:39 [VisionSync] INFO === Demarrage sync Vision incremental ===
2026-09-26 01:13:45 [VisionSync] INFO Config syncee: GPF 2026
2026-09-26 01:17:29 [VisionSync] INFO Immatriculations: 10719 upsert
2026-09-26 01:17:29 [VisionSync] INFO Blacklist: 32 entrees syncees
2026-09-26 01:17:29 [VisionSync] INFO Sync terminee: 10719 immat, 32 blacklist
2026-09-26 01:18:14 [VisionSync] INFO === Demarrage sync Vision incremental ===
2026-09-26 01:18:17 [VisionSync] INFO Config syncee: GPF 2026
2026-09-26 01:22:16 [VisionSync] INFO Immatriculations: 10719 upsert
2026-09-26 01:22:16 [VisionSync] INFO Blacklist: 32 entrees syncees
2026-09-26 01:22:16 [VisionSync] INFO Sync terminee: 10719 immat, 32 blacklist
2026-09-26 01:23:30 [VisionSync] INFO === Demarrage sync Vision incremental ===
2026-09-26 01:23:36 [VisionSync] INFO Config syncee: GPF 2026
2026-09-26 01:27:35 [VisionSync] INFO Immatriculations: 10719 upsert
2026-09-26 01:27:36 [VisionSync] INFO Blacklist: 32 entrees syncees
2026-09-26 01:27:36 [VisionSync] INFO Sync terminee: 10719 immat, 32 blacklist
2026-09-26 01:28:14 [VisionSync] INFO === Demarrage sync Vision incremental ===
2026-09-26 01:28:18 [VisionSync] INFO Config syncee: GPF 2026
2026-09-26 01:31:10 [VisionSync] INFO Immatriculations: 10719 upsert
2026-09-26 01:31:10 [VisionSync] INFO Blacklist: 32 entrees syncees
2026-09-26 01:31:10 [VisionSync] INFO Sync terminee: 10719 immat, 32 blacklist
2026-09-26 01:33:24 [VisionSync] INFO === Demarrage sync Vision incremental ===
2026-09-26 01:33:27 [VisionSync] INFO Config syncee: GPF 2026
2026-09-26 01:36:17 [VisionSync] INFO Immatriculations: 10719 upsert
2026-09-26 01:36:17 [VisionSync] INFO Blacklist: 32 entrees syncees
2026-09-26 01:36:17 [VisionSync] INFO Sync terminee: 10719 immat, 32 blacklist
2026-09-26 01:38:44 [VisionSync] INFO === Demarrage sync Vision incremental ===
2026-09-26 01:38:50 [VisionSync] INFO Config syncee: GPF 2026
2026-09-26 01:41:40 [VisionSync] INFO Immatriculations: 10719 upsert
2026-09-26 01:41:40 [VisionSync] INFO Blacklist: 32 entrees syncees
2026-09-26 01:41:40 [VisionSync] INFO Sync terminee: 10719 immat, 32 blacklist
2026-09-26 01:43:39 [VisionSync] INFO === Demarrage sync Vision incremental ===
2026-09-26 01:43:44 [VisionSync] INFO Config syncee: GPF 2026
2026-09-26 01:46:37 [VisionSync] INFO Immatriculations: 10719 upsert
2026-09-26 01:46:37 [VisionSync] INFO Blacklist: 32 entrees syncees
2026-09-26 01:46:37 [VisionSync] INFO Sync terminee: 10719 immat, 32 blacklist
2026-09-26 01:48:14 [VisionSync] INFO === Demarrage sync Vision incremental ===
2026-09-26 01:48:16 [VisionSync] INFO Config syncee: GPF 2026
2026-09-26 01:51:28 [VisionSync] INFO Immatriculations: 10719 upsert
2026-09-26 01:51:29 [VisionSync] INFO Blacklist: 32 entrees syncees
2026-09-26 01:51:29 [VisionSync] INFO Sync terminee: 10719 immat, 32 blacklist
2026-09-26 01:53:44 [VisionSync] INFO === Demarrage sync Vision incremental ===
2026-09-26 01:53:49 [VisionSync] INFO Config syncee: GPF 2026
2026-09-26 01:57:16 [VisionSync] INFO Immatriculations: 10719 upsert
2026-09-26 01:57:16 [VisionSync] INFO Blacklist: 32 entrees syncees
2026-09-26 01:57:16 [VisionSync] INFO Sync terminee: 10719 immat, 32 blacklist
2026-09-26 01:58:14 [VisionSync] INFO === Demarrage sync Vision incremental ===
2026-09-26 01:58:17 [VisionSync] INFO Config syncee: GPF 2026
2026-09-26 02:01:51 [VisionSync] INFO Immatriculations: 10719 upsert
2026-09-26 02:01:52 [VisionSync] INFO Blacklist: 32 entrees syncees
2026-09-26 02:01:52 [VisionSync] INFO Sync terminee: 10719 immat, 32 blacklist
2026-09-26 02:03:14 [VisionSync] INFO === Demarrage sync Vision incremental ===
2026-09-26 02:03:15 [VisionSync] INFO Config syncee: GPF 2026
2026-09-26 02:06:52 [VisionSync] INFO Immatriculations: 10719 upsert
2026-09-26 02:06:52 [VisionSync] INFO Blacklist: 32 entrees syncees
2026-09-26 02:06:52 [VisionSync] INFO Sync terminee: 10719 immat, 32 blacklist
2026-09-26 02:08:44 [VisionSync] INFO === Demarrage sync Vision incremental ===
2026-09-26 02:08:48 [VisionSync] INFO Config syncee: GPF 2026
2026-09-26 02:12:40 [VisionSync] INFO Immatriculations: 10719 upsert
2026-09-26 02:12:40 [VisionSync] INFO Blacklist: 32 entrees syncees
2026-09-26 02:12:40 [VisionSync] INFO Sync terminee: 10719 immat, 32 blacklist
2026-09-26 02:13:29 [VisionSync] INFO === Demarrage sync Vision incremental ===
2026-09-26 02:13:30 [VisionSync] INFO Config syncee: GPF 2026
2026-09-26 02:17:23 [VisionSync] INFO Immatriculations: 10719 upsert
2026-09-26 02:17:23 [VisionSync] INFO Blacklist: 32 entrees syncees
2026-09-26 02:17:23 [VisionSync] INFO Sync terminee: 10719 immat, 32 blacklist
2026-09-26 02:18:14 [VisionSync] INFO === Demarrage sync Vision incremental ===
2026-09-26 02:18:18 [VisionSync] INFO Config syncee: GPF 2026
2026-09-26 02:21:12 [VisionSync] INFO Immatriculations: 10719 upsert
2026-09-26 02:21:13 [VisionSync] INFO Blacklist: 32 entrees syncees
2026-09-26 02:21:13 [VisionSync] INFO Sync terminee: 10719 immat, 32 blacklist
2026-09-26 02:23:44 [VisionSync] INFO === Demarrage sync Vision incremental ===
2026-09-26 02:23:51 [VisionSync] INFO Config syncee: GPF 2026
2026-09-26 02:26:44 [VisionSync] INFO Immatriculations: 10719 upsert
2026-09-26 02:26:44 [VisionSync] INFO Blacklist: 32 entrees syncees
2026-09-26 02:26:44 [VisionSync] INFO Sync terminee: 10719 immat, 32 blacklist
2026-09-26 02:28:14 [VisionSync] INFO === Demarrage sync Vision incremental ===
2026-09-26 02:28:21 [VisionSync] INFO Config syncee: GPF 2026
2026-09-26 02:31:18 [VisionSync] INFO Immatriculations: 10719 upsert
2026-09-26 02:31:18 [VisionSync] INFO Blacklist: 32 entrees syncees
2026-09-26 02:31:18 [VisionSync] INFO Sync terminee: 10719 immat, 32 blacklist
2026-09-26 02:33:24 [VisionSync] INFO === Demarrage sync Vision incremental ===
2026-09-26 02:33:28 [VisionSync] INFO Config syncee: GPF 2026
2026-09-26 02:36:28 [VisionSync] INFO Immatriculations: 10719 upsert
2026-09-26 02:36:29 [VisionSync] INFO Blacklist: 32 entrees syncees
2026-09-26 02:36:29 [VisionSync] INFO Sync terminee: 10719 immat, 32 blacklist
2026-09-26 02:38:14 [VisionSync] INFO === Demarrage sync Vision incremental ===
2026-09-26 02:38:15 [VisionSync] INFO Config syncee: GPF 2026
2026-09-26 02:41:24 [VisionSync] INFO Immatriculations: 10719 upsert
2026-09-26 02:41:24 [VisionSync] INFO Blacklist: 32 entrees syncees
2026-09-26 02:41:24 [VisionSync] INFO Sync terminee: 10719 immat, 32 blacklist
2026-09-26 02:43:24 [VisionSync] INFO === Demarrage sync Vision incremental ===
2026-09-26 02:43:28 [VisionSync] INFO Config syncee: GPF 2026
2026-09-26 02:46:46 [VisionSync] INFO Immatriculations: 10719 upsert
2026-09-26 02:46:47 [VisionSync] INFO Blacklist: 32 entrees syncees
2026-09-26 02:46:47 [VisionSync] INFO Sync terminee: 10719 immat, 32 blacklist
2026-09-26 02:48:29 [VisionSync] INFO === Demarrage sync Vision incremental ===
2026-09-26 02:48:32 [VisionSync] INFO Config syncee: GPF 2026
2026-09-26 02:52:00 [VisionSync] INFO Immatriculations: 10719 upsert
2026-09-26 02:52:00 [VisionSync] INFO Blacklist: 32 entrees syncees
2026-09-26 02:52:00 [VisionSync] INFO Sync terminee: 10719 immat, 32 blacklist
2026-09-26 02:53:29 [VisionSync] INFO === Demarrage sync Vision incremental ===
2026-09-26 02:53:32 [VisionSync] INFO Config syncee: GPF 2026
2026-09-26 02:57:14 [VisionSync] INFO Immatriculations: 10719 upsert
2026-09-26 02:57:14 [VisionSync] INFO Blacklist: 32 entrees syncees
2026-09-26 02:57:14 [VisionSync] INFO Sync terminee: 10719 immat, 32 blacklist
2026-09-26 02:58:14 [VisionSync] INFO === Demarrage sync Vision incremental ===
2026-09-26 02:58:17 [VisionSync] INFO Config syncee: GPF 2026
2026-09-26 03:02:00 [VisionSync] INFO Immatriculations: 10719 upsert
2026-09-26 03:02:00 [VisionSync] INFO Blacklist: 32 entrees syncees
2026-09-26 03:02:00 [VisionSync] INFO Sync terminee: 10719 immat, 32 blacklist
2026-09-26 03:03:14 [VisionSync] INFO === Demarrage sync Vision incremental ===
2026-09-26 03:03:19 [VisionSync] INFO Config syncee: GPF 2026
2026-09-26 03:07:02 [VisionSync] INFO Immatriculations: 10719 upsert
2026-09-26 03:07:02 [VisionSync] INFO Blacklist: 32 entrees syncees
2026-09-26 03:07:02 [VisionSync] INFO Sync terminee: 10719 immat, 32 blacklist
2026-09-26 03:08:44 [VisionSync] INFO === Demarrage sync Vision incremental ===
2026-09-26 03:08:51 [VisionSync] INFO Config syncee: GPF 2026
2026-09-26 03:12:04 [VisionSync] INFO Immatriculations: 10719 upsert
2026-09-26 03:12:05 [VisionSync] INFO Blacklist: 32 entrees syncees
2026-09-26 03:12:05 [VisionSync] INFO Sync terminee: 10719 immat, 32 blacklist
2026-09-26 03:13:29 [VisionSync] INFO === Demarrage sync Vision incremental ===
2026-09-26 03:13:32 [VisionSync] INFO Config syncee: GPF 2026
2026-09-26 03:16:15 [VisionSync] INFO Immatriculations: 10719 upsert
2026-09-26 03:16:15 [VisionSync] INFO Blacklist: 32 entrees syncees
2026-09-26 03:16:15 [VisionSync] INFO Sync terminee: 10719 immat, 32 blacklist
2026-09-26 03:18:14 [VisionSync] INFO === Demarrage sync Vision incremental ===
2026-09-26 03:18:18 [VisionSync] INFO Config syncee: GPF 2026
2026-09-26 03:21:13 [VisionSync] INFO Immatriculations: 10719 upsert
2026-09-26 03:21:14 [VisionSync] INFO Blacklist: 32 entrees syncees
2026-09-26 03:21:14 [VisionSync] INFO Sync terminee: 10719 immat, 32 blacklist
2026-09-26 03:23:44 [VisionSync] INFO === Demarrage sync Vision incremental ===
2026-09-26 03:23:51 [VisionSync] INFO Config syncee: GPF 2026
2026-09-26 03:26:53 [VisionSync] INFO Immatriculations: 10719 upsert
2026-09-26 03:26:53 [VisionSync] INFO Blacklist: 32 entrees syncees
2026-09-26 03:26:53 [VisionSync] INFO Sync terminee: 10719 immat, 32 blacklist
2026-09-26 03:28:14 [VisionSync] INFO === Demarrage sync Vision incremental ===
2026-09-26 03:28:20 [VisionSync] INFO Config syncee: GPF 2026
2026-09-26 03:31:29 [VisionSync] INFO Immatriculations: 10719 upsert
2026-09-26 03:31:29 [VisionSync] INFO Blacklist: 32 entrees syncees
2026-09-26 03:31:29 [VisionSync] INFO Sync terminee: 10719 immat, 32 blacklist
2026-09-26 03:33:14 [VisionSync] INFO === Demarrage sync Vision incremental ===
2026-09-26 03:33:16 [VisionSync] INFO Config syncee: GPF 2026
2026-09-26 03:36:29 [VisionSync] INFO Immatriculations: 10719 upsert
2026-09-26 03:36:29 [VisionSync] INFO Blacklist: 32 entrees syncees
2026-09-26 03:36:29 [VisionSync] INFO Sync terminee: 10719 immat, 32 blacklist
2026-09-26 03:38:29 [VisionSync] INFO === Demarrage sync Vision incremental ===
2026-09-26 03:38:30 [VisionSync] INFO Config syncee: GPF 2026
2026-09-26 03:41:39 [VisionSync] INFO Immatriculations: 10719 upsert
2026-09-26 03:41:39 [VisionSync] INFO Blacklist: 32 entrees syncees
2026-09-26 03:41:39 [VisionSync] INFO Sync terminee: 10719 immat, 32 blacklist
2026-09-26 03:43:39 [VisionSync] INFO === Demarrage sync Vision incremental ===
2026-09-26 03:43:45 [VisionSync] INFO Config syncee: GPF 2026
2026-09-26 03:46:46 [VisionSync] INFO Immatriculations: 10719 upsert
2026-09-26 03:46:46 [VisionSync] INFO Blacklist: 32 entrees syncees
2026-09-26 03:46:46 [VisionSync] INFO Sync terminee: 10719 immat, 32 blacklist
2026-09-26 03:48:14 [VisionSync] INFO === Demarrage sync Vision incremental ===
2026-09-26 03:48:21 [VisionSync] INFO Config syncee: GPF 2026
2026-09-26 03:51:37 [VisionSync] INFO Immatriculations: 10719 upsert
2026-09-26 03:51:38 [VisionSync] INFO Blacklist: 32 entrees syncees
2026-09-26 03:51:38 [VisionSync] INFO Sync terminee: 10719 immat, 32 blacklist
2026-09-26 03:53:29 [VisionSync] INFO === Demarrage sync Vision incremental ===
2026-09-26 03:53:35 [VisionSync] INFO Config syncee: GPF 2026
2026-09-26 03:57:05 [VisionSync] INFO Immatriculations: 10719 upsert
2026-09-26 03:57:05 [VisionSync] INFO Blacklist: 32 entrees syncees
2026-09-26 03:57:05 [VisionSync] INFO Sync terminee: 10719 immat, 32 blacklist
2026-09-26 03:58:14 [VisionSync] INFO === Demarrage sync Vision incremental ===
2026-09-26 03:58:18 [VisionSync] INFO Config syncee: GPF 2026
2026-09-26 04:01:52 [VisionSync] INFO Immatriculations: 10719 upsert
2026-09-26 04:01:53 [VisionSync] INFO Blacklist: 32 entrees syncees
2026-09-26 04:01:53 [VisionSync] INFO Sync terminee: 10719 immat, 32 blacklist
2026-09-26 04:03:14 [VisionSync] INFO === Demarrage sync Vision incremental ===
2026-09-26 04:03:24 [VisionSync] INFO Config syncee: GPF 2026
2026-09-26 04:06:38 [VisionSync] INFO Immatriculations: 10719 upsert
2026-09-26 04:06:39 [VisionSync] INFO Blacklist: 32 entrees syncees
2026-09-26 04:06:39 [VisionSync] INFO Sync terminee: 10719 immat, 32 blacklist
2026-09-26 04:08:44 [VisionSync] INFO === Demarrage sync Vision incremental ===
2026-09-26 04:08:50 [VisionSync] INFO Config syncee: GPF 2026
2026-09-26 04:12:06 [VisionSync] INFO Immatriculations: 10719 upsert
2026-09-26 04:12:07 [VisionSync] INFO Blacklist: 32 entrees syncees
2026-09-26 04:12:07 [VisionSync] INFO Sync terminee: 10719 immat, 32 blacklist
2026-09-26 04:13:39 [VisionSync] INFO === Demarrage sync Vision incremental ===
2026-09-26 04:13:47 [VisionSync] INFO Config syncee: GPF 2026
2026-09-26 04:17:19 [VisionSync] INFO Immatriculations: 10719 upsert
2026-09-26 04:17:20 [VisionSync] INFO Blacklist: 32 entrees syncees
2026-09-26 04:17:20 [VisionSync] INFO Sync terminee: 10719 immat, 32 blacklist
2026-09-26 04:18:14 [VisionSync] INFO === Demarrage sync Vision incremental ===
2026-09-26 04:18:17 [VisionSync] INFO Config syncee: GPF 2026
2026-09-26 04:21:51 [VisionSync] INFO Immatriculations: 10719 upsert
2026-09-26 04:21:51 [VisionSync] INFO Blacklist: 32 entrees syncees
2026-09-26 04:21:51 [VisionSync] INFO Sync terminee: 10719 immat, 32 blacklist
2026-09-26 04:23:29 [VisionSync] INFO === Demarrage sync Vision incremental ===
2026-09-26 04:23:32 [VisionSync] INFO Config syncee: GPF 2026
2026-09-26 04:27:05 [VisionSync] INFO Immatriculations: 10719 upsert
2026-09-26 04:27:05 [VisionSync] INFO Blacklist: 32 entrees syncees
2026-09-26 04:27:05 [VisionSync] INFO Sync terminee: 10719 immat, 32 blacklist
2026-09-26 04:28:39 [VisionSync] INFO === Demarrage sync Vision incremental ===
2026-09-26 04:28:43 [VisionSync] INFO Config syncee: GPF 2026
2026-09-26 04:32:15 [VisionSync] INFO Immatriculations: 10719 upsert
2026-09-26 04:32:16 [VisionSync] INFO Blacklist: 32 entrees syncees
2026-09-26 04:32:16 [VisionSync] INFO Sync terminee: 10719 immat, 32 blacklist
2026-09-26 04:33:14 [VisionSync] INFO === Demarrage sync Vision incremental ===
2026-09-26 04:33:23 [VisionSync] INFO Config syncee: GPF 2026
2026-09-26 04:36:21 [VisionSync] INFO Immatriculations: 10719 upsert
2026-09-26 04:36:22 [VisionSync] INFO Blacklist: 32 entrees syncees
2026-09-26 04:36:22 [VisionSync] INFO Sync terminee: 10719 immat, 32 blacklist
2026-09-26 04:38:44 [VisionSync] INFO === Demarrage sync Vision incremental ===
2026-09-26 04:38:47 [VisionSync] INFO Config syncee: GPF 2026
2026-09-26 04:41:55 [VisionSync] INFO Immatriculations: 10719 upsert
2026-09-26 04:41:55 [VisionSync] INFO Blacklist: 32 entrees syncees
2026-09-26 04:41:55 [VisionSync] INFO Sync terminee: 10719 immat, 32 blacklist
2026-09-26 04:43:39 [VisionSync] INFO === Demarrage sync Vision incremental ===
2026-09-26 04:43:43 [VisionSync] INFO Config syncee: GPF 2026
2026-09-26 04:46:58 [VisionSync] INFO Immatriculations: 10719 upsert
2026-09-26 04:46:58 [VisionSync] INFO Blacklist: 32 entrees syncees
2026-09-26 04:46:58 [VisionSync] INFO Sync terminee: 10719 immat, 32 blacklist
2026-09-26 04:48:24 [VisionSync] INFO === Demarrage sync Vision incremental ===
2026-09-26 04:48:25 [VisionSync] INFO Config syncee: GPF 2026
2026-09-26 04:51:45 [VisionSync] INFO Immatriculations: 10719 upsert
2026-09-26 04:51:46 [VisionSync] INFO Blacklist: 32 entrees syncees
2026-09-26 04:51:46 [VisionSync] INFO Sync terminee: 10719 immat, 32 blacklist
2026-09-26 04:53:39 [VisionSync] INFO === Demarrage sync Vision incremental ===
2026-09-26 04:53:44 [VisionSync] INFO Config syncee: GPF 2026
2026-09-26 04:57:16 [VisionSync] INFO Immatriculations: 10719 upsert
2026-09-26 04:57:16 [VisionSync] INFO Blacklist: 32 entrees syncees
2026-09-26 04:57:16 [VisionSync] INFO Sync terminee: 10719 immat, 32 blacklist
2026-09-26 04:58:14 [VisionSync] INFO === Demarrage sync Vision incremental ===
2026-09-26 04:58:17 [VisionSync] INFO Config syncee: GPF 2026
2026-09-26 05:01:51 [VisionSync] INFO Immatriculations: 10719 upsert
2026-09-26 05:01:51 [VisionSync] INFO Blacklist: 32 entrees syncees
2026-09-26 05:01:51 [VisionSync] INFO Sync terminee: 10719 immat, 32 blacklist
2026-09-26 05:03:14 [VisionSync] INFO === Demarrage sync Vision incremental ===
2026-09-26 05:03:17 [VisionSync] INFO Config syncee: GPF 2026
2026-09-26 05:06:43 [VisionSync] INFO Immatriculations: 10719 upsert
2026-09-26 05:06:44 [VisionSync] INFO Blacklist: 32 entrees syncees
2026-09-26 05:06:44 [VisionSync] INFO Sync terminee: 10719 immat, 32 blacklist
2026-09-26 05:08:39 [VisionSync] INFO === Demarrage sync Vision incremental ===
2026-09-26 05:08:44 [VisionSync] INFO Config syncee: GPF 2026
2026-09-26 05:12:10 [VisionSync] INFO Immatriculations: 10719 upsert
2026-09-26 05:12:11 [VisionSync] INFO Blacklist: 32 entrees syncees
2026-09-26 05:12:11 [VisionSync] INFO Sync terminee: 10719 immat, 32 blacklist
2026-09-26 05:13:39 [VisionSync] INFO === Demarrage sync Vision incremental ===
2026-09-26 05:13:44 [VisionSync] INFO Config syncee: GPF 2026
2026-09-26 05:17:00 [VisionSync] INFO Immatriculations: 10719 upsert
2026-09-26 05:17:00 [VisionSync] INFO Blacklist: 32 entrees syncees
2026-09-26 05:17:00 [VisionSync] INFO Sync terminee: 10719 immat, 32 blacklist
2026-09-26 05:18:14 [VisionSync] INFO === Demarrage sync Vision incremental ===
2026-09-26 05:18:17 [VisionSync] INFO Config syncee: GPF 2026
2026-09-26 05:21:14 [VisionSync] INFO Immatriculations: 10719 upsert
2026-09-26 05:21:15 [VisionSync] INFO Blacklist: 32 entrees syncees
2026-09-26 05:21:15 [VisionSync] INFO Sync terminee: 10719 immat, 32 blacklist
2026-09-26 05:23:44 [VisionSync] INFO === Demarrage sync Vision incremental ===
2026-09-26 05:23:49 [VisionSync] INFO Config syncee: GPF 2026
2026-09-26 05:26:58 [VisionSync] INFO Immatriculations: 10719 upsert
2026-09-26 05:26:58 [VisionSync] INFO Blacklist: 32 entrees syncees
2026-09-26 05:26:58 [VisionSync] INFO Sync terminee: 10719 immat, 32 blacklist
2026-09-26 05:28:14 [VisionSync] INFO === Demarrage sync Vision incremental ===
2026-09-26 05:28:21 [VisionSync] INFO Config syncee: GPF 2026
2026-09-26 05:31:34 [VisionSync] INFO Immatriculations: 10719 upsert
2026-09-26 05:31:34 [VisionSync] INFO Blacklist: 32 entrees syncees
2026-09-26 05:31:34 [VisionSync] INFO Sync terminee: 10719 immat, 32 blacklist
2026-09-26 05:33:24 [VisionSync] INFO === Demarrage sync Vision incremental ===
2026-09-26 05:33:26 [VisionSync] INFO Config syncee: GPF 2026
2026-09-26 05:36:54 [VisionSync] INFO Immatriculations: 10719 upsert
2026-09-26 05:36:54 [VisionSync] INFO Blacklist: 32 entrees syncees
2026-09-26 05:36:54 [VisionSync] INFO Sync terminee: 10719 immat, 32 blacklist
2026-09-26 05:38:14 [VisionSync] INFO === Demarrage sync Vision incremental ===
2026-09-26 05:38:16 [VisionSync] INFO Config syncee: GPF 2026
2026-09-26 05:41:54 [VisionSync] INFO Immatriculations: 10719 upsert
2026-09-26 05:41:55 [VisionSync] INFO Blacklist: 32 entrees syncees
2026-09-26 05:41:55 [VisionSync] INFO Sync terminee: 10719 immat, 32 blacklist
2026-09-26 05:43:39 [VisionSync] INFO === Demarrage sync Vision incremental ===
2026-09-26 05:43:44 [VisionSync] INFO Config syncee: GPF 2026
2026-09-26 05:47:15 [VisionSync] INFO Immatriculations: 10719 upsert
2026-09-26 05:47:15 [VisionSync] INFO Blacklist: 32 entrees syncees
2026-09-26 05:47:15 [VisionSync] INFO Sync terminee: 10719 immat, 32 blacklist
2026-09-26 05:48:14 [VisionSync] INFO === Demarrage sync Vision incremental ===
2026-09-26 05:48:17 [VisionSync] INFO Config syncee: GPF 2026
2026-09-26 05:51:57 [VisionSync] INFO Immatriculations: 10719 upsert
2026-09-26 05:51:57 [VisionSync] INFO Blacklist: 32 entrees syncees
2026-09-26 05:51:57 [VisionSync] INFO Sync terminee: 10719 immat, 32 blacklist
2026-09-26 05:53:44 [VisionSync] INFO === Demarrage sync Vision incremental ===
2026-09-26 05:53:48 [VisionSync] INFO Config syncee: GPF 2026
2026-09-26 05:57:37 [VisionSync] INFO Immatriculations: 10719 upsert
2026-09-26 05:57:37 [VisionSync] INFO Blacklist: 32 entrees syncees
2026-09-26 05:57:37 [VisionSync] INFO Sync terminee: 10719 immat, 32 blacklist
2026-09-26 05:58:14 [VisionSync] INFO === Demarrage sync Vision incremental ===
2026-09-26 05:58:19 [VisionSync] INFO Config syncee: GPF 2026
2026-09-26 06:01:39 [VisionSync] INFO Immatriculations: 10719 upsert
2026-09-26 06:01:40 [VisionSync] INFO Blacklist: 32 entrees syncees
2026-09-26 06:01:40 [VisionSync] INFO Sync terminee: 10719 immat, 32 blacklist
2026-09-26 06:03:14 [VisionSync] INFO === Demarrage sync Vision incremental ===
2026-09-26 06:03:18 [VisionSync] INFO Config syncee: GPF 2026
2026-09-26 06:06:35 [VisionSync] INFO Immatriculations: 10719 upsert
2026-09-26 06:06:35 [VisionSync] INFO Blacklist: 32 entrees syncees
2026-09-26 06:06:35 [VisionSync] INFO Sync terminee: 10719 immat, 32 blacklist
2026-09-26 06:08:44 [VisionSync] INFO === Demarrage sync Vision incremental ===
2026-09-26 06:08:48 [VisionSync] INFO Config syncee: GPF 2026
2026-09-26 06:12:00 [VisionSync] INFO Immatriculations: 10719 upsert
2026-09-26 06:12:00 [VisionSync] INFO Blacklist: 32 entrees syncees
2026-09-26 06:12:00 [VisionSync] INFO Sync terminee: 10719 immat, 32 blacklist
2026-09-26 06:13:39 [VisionSync] INFO === Demarrage sync Vision incremental ===
2026-09-26 06:13:44 [VisionSync] INFO Config syncee: GPF 2026
2026-09-26 06:16:25 [VisionSync] INFO Immatriculations: 10719 upsert
2026-09-26 06:16:26 [VisionSync] INFO Blacklist: 32 entrees syncees
2026-09-26 06:16:26 [VisionSync] INFO Sync terminee: 10719 immat, 32 blacklist
2026-09-26 06:18:29 [VisionSync] INFO === Demarrage sync Vision incremental ===
2026-09-26 06:18:32 [VisionSync] INFO Config syncee: GPF 2026
2026-09-26 06:21:22 [VisionSync] INFO Immatriculations: 10719 upsert
2026-09-26 06:21:22 [VisionSync] INFO Blacklist: 32 entrees syncees
2026-09-26 06:21:22 [VisionSync] INFO Sync terminee: 10719 immat, 32 blacklist
2026-09-26 06:23:44 [VisionSync] INFO === Demarrage sync Vision incremental ===
2026-09-26 06:23:55 [VisionSync] INFO Config syncee: GPF 2026
2026-09-26 06:26:50 [VisionSync] INFO Immatriculations: 10719 upsert
2026-09-26 06:26:50 [VisionSync] INFO Blacklist: 32 entrees syncees
2026-09-26 06:26:50 [VisionSync] INFO Sync terminee: 10719 immat, 32 blacklist
2026-09-26 06:28:14 [VisionSync] INFO === Demarrage sync Vision incremental ===
2026-09-26 06:28:21 [VisionSync] INFO Config syncee: GPF 2026
2026-09-26 06:31:18 [VisionSync] INFO Immatriculations: 10719 upsert
2026-09-26 06:31:19 [VisionSync] INFO Blacklist: 32 entrees syncees
2026-09-26 06:31:19 [VisionSync] INFO Sync terminee: 10719 immat, 32 blacklist
2026-09-26 06:33:39 [VisionSync] INFO === Demarrage sync Vision incremental ===
2026-09-26 06:33:49 [VisionSync] INFO Config syncee: GPF 2026
2026-09-26 06:36:48 [VisionSync] INFO Immatriculations: 10719 upsert
2026-09-26 06:36:49 [VisionSync] INFO Blacklist: 32 entrees syncees
2026-09-26 06:36:49 [VisionSync] INFO Sync terminee: 10719 immat, 32 blacklist
2026-09-26 06:38:44 [VisionSync] INFO === Demarrage sync Vision incremental ===
2026-09-26 06:38:51 [VisionSync] INFO Config syncee: GPF 2026
2026-09-26 06:41:52 [VisionSync] INFO Immatriculations: 10719 upsert
2026-09-26 06:41:53 [VisionSync] INFO Blacklist: 32 entrees syncees
2026-09-26 06:41:53 [VisionSync] INFO Sync terminee: 10719 immat, 32 blacklist
2026-09-26 06:43:38 [VisionSync] INFO === Demarrage sync Vision incremental ===
2026-09-26 06:43:52 [VisionSync] INFO Config syncee: GPF 2026
2026-09-26 06:46:57 [VisionSync] INFO Immatriculations: 10719 upsert
2026-09-26 06:46:59 [VisionSync] INFO Blacklist: 32 entrees syncees
2026-09-26 06:46:59 [VisionSync] INFO Sync terminee: 10719 immat, 32 blacklist
2026-09-26 06:48:14 [VisionSync] INFO === Demarrage sync Vision incremental ===
2026-09-26 06:48:18 [VisionSync] INFO Config syncee: GPF 2026
2026-09-26 06:51:37 [VisionSync] INFO Immatriculations: 10719 upsert
2026-09-26 06:51:37 [VisionSync] INFO Blacklist: 32 entrees syncees
2026-09-26 06:51:37 [VisionSync] INFO Sync terminee: 10719 immat, 32 blacklist
2026-09-26 06:53:38 [VisionSync] INFO === Demarrage sync Vision incremental ===
2026-09-26 06:53:48 [VisionSync] INFO Config syncee: GPF 2026
2026-09-26 06:56:50 [VisionSync] INFO Immatriculations: 10719 upsert
2026-09-26 06:56:51 [VisionSync] INFO Blacklist: 32 entrees syncees
2026-09-26 06:56:51 [VisionSync] INFO Sync terminee: 10719 immat, 32 blacklist
2026-09-26 06:58:14 [VisionSync] INFO === Demarrage sync Vision incremental ===
2026-09-26 06:58:17 [VisionSync] INFO Config syncee: GPF 2026
2026-09-26 07:01:18 [VisionSync] INFO Immatriculations: 10719 upsert
2026-09-26 07:01:18 [VisionSync] INFO Blacklist: 32 entrees syncees
2026-09-26 07:01:18 [VisionSync] INFO Sync terminee: 10719 immat, 32 blacklist
2026-09-26 07:03:14 [VisionSync] INFO === Demarrage sync Vision incremental ===
2026-09-26 07:03:16 [VisionSync] INFO Config syncee: GPF 2026
2026-09-26 07:06:15 [VisionSync] INFO Immatriculations: 10719 upsert
2026-09-26 07:06:16 [VisionSync] INFO Blacklist: 32 entrees syncees
2026-09-26 07:06:16 [VisionSync] INFO Sync terminee: 10719 immat, 32 blacklist
2026-09-26 07:08:44 [VisionSync] INFO === Demarrage sync Vision incremental ===
2026-09-26 07:08:51 [VisionSync] INFO Config syncee: GPF 2026
2026-09-26 07:11:56 [VisionSync] INFO Immatriculations: 10719 upsert
2026-09-26 07:11:56 [VisionSync] INFO Blacklist: 32 entrees syncees
2026-09-26 07:11:56 [VisionSync] INFO Sync terminee: 10719 immat, 32 blacklist
2026-09-26 07:13:38 [VisionSync] INFO === Demarrage sync Vision incremental ===
2026-09-26 07:13:48 [VisionSync] INFO Config syncee: GPF 2026
2026-09-26 07:16:37 [VisionSync] INFO Immatriculations: 10719 upsert
2026-09-26 07:16:37 [VisionSync] INFO Blacklist: 32 entrees syncees
2026-09-26 07:16:37 [VisionSync] INFO Sync terminee: 10719 immat, 32 blacklist
2026-09-26 07:18:14 [VisionSync] INFO === Demarrage sync Vision incremental ===
2026-09-26 07:18:17 [VisionSync] INFO Config syncee: GPF 2026
2026-09-26 07:21:00 [VisionSync] INFO Immatriculations: 10719 upsert
2026-09-26 07:21:00 [VisionSync] INFO Blacklist: 32 entrees syncees
2026-09-26 07:21:00 [VisionSync] INFO Sync terminee: 10719 immat, 32 blacklist
2026-09-26 07:23:44 [VisionSync] INFO === Demarrage sync Vision incremental ===
2026-09-26 07:23:54 [VisionSync] INFO Config syncee: GPF 2026
2026-09-26 07:26:41 [VisionSync] INFO Immatriculations: 10719 upsert
2026-09-26 07:26:41 [VisionSync] INFO Blacklist: 32 entrees syncees
2026-09-26 07:26:41 [VisionSync] INFO Sync terminee: 10719 immat, 32 blacklist
2026-09-26 07:28:14 [VisionSync] INFO === Demarrage sync Vision incremental ===
2026-09-26 07:28:21 [VisionSync] INFO Config syncee: GPF 2026
2026-09-26 07:31:12 [VisionSync] INFO Immatriculations: 10719 upsert
2026-09-26 07:31:12 [VisionSync] INFO Blacklist: 32 entrees syncees
2026-09-26 07:31:12 [VisionSync] INFO Sync terminee: 10719 immat, 32 blacklist
2026-09-26 07:33:14 [VisionSync] INFO === Demarrage sync Vision incremental ===
2026-09-26 07:33:20 [VisionSync] INFO Config syncee: GPF 2026
2026-09-26 07:36:17 [VisionSync] INFO Immatriculations: 10719 upsert
2026-09-26 07:36:17 [VisionSync] INFO Blacklist: 32 entrees syncees
2026-09-26 07:36:17 [VisionSync] INFO Sync terminee: 10719 immat, 32 blacklist
2026-09-26 07:38:44 [VisionSync] INFO === Demarrage sync Vision incremental ===
2026-09-26 07:38:54 [VisionSync] INFO Config syncee: GPF 2026
2026-09-26 07:41:55 [VisionSync] INFO Immatriculations: 10719 upsert
2026-09-26 07:41:56 [VisionSync] INFO Blacklist: 32 entrees syncees
2026-09-26 07:41:56 [VisionSync] INFO Sync terminee: 10719 immat, 32 blacklist
2026-09-26 07:43:38 [VisionSync] INFO === Demarrage sync Vision incremental ===
2026-09-26 07:43:48 [VisionSync] INFO Config syncee: GPF 2026
2026-09-26 07:46:53 [VisionSync] INFO Immatriculations: 10719 upsert
2026-09-26 07:46:53 [VisionSync] INFO Blacklist: 32 entrees syncees
2026-09-26 07:46:53 [VisionSync] INFO Sync terminee: 10719 immat, 32 blacklist
2026-09-26 07:48:14 [VisionSync] INFO === Demarrage sync Vision incremental ===
2026-09-26 07:48:21 [VisionSync] INFO Config syncee: GPF 2026
2026-09-26 07:51:37 [VisionSync] INFO Immatriculations: 10719 upsert
2026-09-26 07:51:37 [VisionSync] INFO Blacklist: 32 entrees syncees
2026-09-26 07:51:37 [VisionSync] INFO Sync terminee: 10719 immat, 32 blacklist
2026-09-26 07:53:29 [VisionSync] INFO === Demarrage sync Vision incremental ===
2026-09-26 07:53:31 [VisionSync] INFO Config syncee: GPF 2026
2026-09-26 07:56:58 [VisionSync] INFO Immatriculations: 10719 upsert
2026-09-26 07:56:59 [VisionSync] INFO Blacklist: 32 entrees syncees
2026-09-26 07:56:59 [VisionSync] INFO Sync terminee: 10719 immat, 32 blacklist
2026-09-26 07:58:14 [VisionSync] INFO === Demarrage sync Vision incremental ===
2026-09-26 07:58:21 [VisionSync] INFO Config syncee: GPF 2026
2026-09-26 08:01:55 [VisionSync] INFO Immatriculations: 10719 upsert
2026-09-26 08:01:55 [VisionSync] INFO Blacklist: 32 entrees syncees
2026-09-26 08:01:55 [VisionSync] INFO Sync terminee: 10719 immat, 32 blacklist
2026-09-26 08:03:14 [VisionSync] INFO === Demarrage sync Vision incremental ===
2026-09-26 08:03:21 [VisionSync] INFO Config syncee: GPF 2026
2026-09-26 08:06:49 [VisionSync] INFO Immatriculations: 10719 upsert
2026-09-26 08:06:49 [VisionSync] INFO Blacklist: 32 entrees syncees
2026-09-26 08:06:49 [VisionSync] INFO Sync terminee: 10719 immat, 32 blacklist
2026-09-26 08:08:44 [VisionSync] INFO === Demarrage sync Vision incremental ===
2026-09-26 08:08:51 [VisionSync] INFO Config syncee: GPF 2026
2026-09-26 08:12:06 [VisionSync] INFO Immatriculations: 10719 upsert
2026-09-26 08:12:07 [VisionSync] INFO Blacklist: 32 entrees syncees
2026-09-26 08:12:07 [VisionSync] INFO Sync terminee: 10719 immat, 32 blacklist
2026-09-26 08:13:39 [VisionSync] INFO === Demarrage sync Vision incremental ===
2026-09-26 08:13:51 [VisionSync] INFO Config syncee: GPF 2026
2026-09-26 08:16:41 [VisionSync] INFO Immatriculations: 10719 upsert
2026-09-26 08:16:42 [VisionSync] INFO Blacklist: 32 entrees syncees
2026-09-26 08:16:42 [VisionSync] INFO Sync terminee: 10719 immat, 32 blacklist
2026-09-26 08:18:14 [VisionSync] INFO === Demarrage sync Vision incremental ===
2026-09-26 08:18:16 [VisionSync] INFO Config syncee: GPF 2026
2026-09-26 08:21:12 [VisionSync] INFO Immatriculations: 10719 upsert
2026-09-26 08:21:12 [VisionSync] INFO Blacklist: 32 entrees syncees
2026-09-26 08:21:12 [VisionSync] INFO Sync terminee: 10719 immat, 32 blacklist
2026-09-26 08:23:29 [VisionSync] INFO === Demarrage sync Vision incremental ===
2026-09-26 08:23:30 [VisionSync] INFO Config syncee: GPF 2026
2026-09-26 08:26:37 [VisionSync] INFO Immatriculations: 10719 upsert
2026-09-26 08:26:37 [VisionSync] INFO Blacklist: 32 entrees syncees
2026-09-26 08:26:37 [VisionSync] INFO Sync terminee: 10719 immat, 32 blacklist
2026-09-26 08:28:14 [VisionSync] INFO === Demarrage sync Vision incremental ===
2026-09-26 08:28:21 [VisionSync] INFO Config syncee: GPF 2026
2026-09-26 08:31:33 [VisionSync] INFO Immatriculations: 10719 upsert
2026-09-26 08:31:33 [VisionSync] INFO Blacklist: 32 entrees syncees
2026-09-26 08:31:33 [VisionSync] INFO Sync terminee: 10719 immat, 32 blacklist
2026-09-26 08:33:14 [VisionSync] INFO === Demarrage sync Vision incremental ===
2026-09-26 08:33:24 [VisionSync] INFO Config syncee: GPF 2026
2026-09-26 08:36:20 [VisionSync] INFO Immatriculations: 10719 upsert
2026-09-26 08:36:21 [VisionSync] INFO Blacklist: 32 entrees syncees
2026-09-26 08:36:21 [VisionSync] INFO Sync terminee: 10719 immat, 32 blacklist
2026-09-26 08:38:44 [VisionSync] INFO === Demarrage sync Vision incremental ===
2026-09-26 08:38:51 [VisionSync] INFO Config syncee: GPF 2026
2026-09-26 08:41:40 [VisionSync] INFO Immatriculations: 10719 upsert
2026-09-26 08:41:40 [VisionSync] INFO Blacklist: 32 entrees syncees
2026-09-26 08:41:40 [VisionSync] INFO Sync terminee: 10719 immat, 32 blacklist
2026-09-26 08:43:44 [VisionSync] INFO === Demarrage sync Vision incremental ===
2026-09-26 08:43:54 [VisionSync] INFO Config syncee: GPF 2026
2026-09-26 08:46:48 [VisionSync] INFO Immatriculations: 10719 upsert
2026-09-26 08:46:48 [VisionSync] INFO Blacklist: 32 entrees syncees
2026-09-26 08:46:48 [VisionSync] INFO Sync terminee: 10719 immat, 32 blacklist
2026-09-26 08:48:14 [VisionSync] INFO === Demarrage sync Vision incremental ===
2026-09-26 08:48:23 [VisionSync] INFO Config syncee: GPF 2026
2026-09-26 08:51:33 [VisionSync] INFO Immatriculations: 10719 upsert
2026-09-26 08:51:34 [VisionSync] INFO Blacklist: 32 entrees syncees
2026-09-26 08:51:34 [VisionSync] INFO Sync terminee: 10719 immat, 32 blacklist
2026-09-26 08:53:38 [VisionSync] INFO === Demarrage sync Vision incremental ===
2026-09-26 08:53:49 [VisionSync] INFO Config syncee: GPF 2026
2026-09-26 08:57:07 [VisionSync] INFO Immatriculations: 10719 upsert
2026-09-26 08:57:07 [VisionSync] INFO Blacklist: 32 entrees syncees
2026-09-26 08:57:07 [VisionSync] INFO Sync terminee: 10719 immat, 32 blacklist
2026-09-26 08:58:14 [VisionSync] INFO === Demarrage sync Vision incremental ===
2026-09-26 08:58:21 [VisionSync] INFO Config syncee: GPF 2026
2026-09-26 09:01:17 [VisionSync] INFO Immatriculations: 10719 upsert
2026-09-26 09:01:17 [VisionSync] INFO Blacklist: 32 entrees syncees
2026-09-26 09:01:17 [VisionSync] INFO Sync terminee: 10719 immat, 32 blacklist
2026-09-26 09:03:14 [VisionSync] INFO === Demarrage sync Vision incremental ===
2026-09-26 09:03:17 [VisionSync] INFO Config syncee: GPF 2026
2026-09-26 09:06:09 [VisionSync] INFO Immatriculations: 10719 upsert
2026-09-26 09:06:09 [VisionSync] INFO Blacklist: 32 entrees syncees
2026-09-26 09:06:09 [VisionSync] INFO Sync terminee: 10719 immat, 32 blacklist
2026-09-26 09:08:14 [VisionSync] INFO === Demarrage sync Vision incremental ===
2026-09-26 09:08:17 [VisionSync] INFO Config syncee: GPF 2026
2026-09-26 09:11:10 [VisionSync] INFO Immatriculations: 10719 upsert
2026-09-26 09:11:10 [VisionSync] INFO Blacklist: 32 entrees syncees
2026-09-26 09:11:10 [VisionSync] INFO Sync terminee: 10719 immat, 32 blacklist
2026-09-26 09:13:38 [VisionSync] INFO === Demarrage sync Vision incremental ===
2026-09-26 09:13:49 [VisionSync] INFO Config syncee: GPF 2026
2026-09-26 09:16:50 [VisionSync] INFO Immatriculations: 10719 upsert
2026-09-26 09:16:50 [VisionSync] INFO Blacklist: 32 entrees syncees
2026-09-26 09:16:50 [VisionSync] INFO Sync terminee: 10719 immat, 32 blacklist
2026-09-26 09:18:14 [VisionSync] INFO === Demarrage sync Vision incremental ===
2026-09-26 09:18:21 [VisionSync] INFO Config syncee: GPF 2026
2026-09-26 09:21:38 [VisionSync] INFO Immatriculations: 10719 upsert
2026-09-26 09:21:38 [VisionSync] INFO Blacklist: 32 entrees syncees
2026-09-26 09:21:38 [VisionSync] INFO Sync terminee: 10719 immat, 32 blacklist
2026-09-26 09:23:14 [VisionSync] INFO === Demarrage sync Vision incremental ===
2026-09-26 09:23:16 [VisionSync] INFO Config syncee: GPF 2026
2026-09-26 09:26:34 [VisionSync] INFO Immatriculations: 10719 upsert
2026-09-26 09:26:34 [VisionSync] INFO Blacklist: 32 entrees syncees
2026-09-26 09:26:34 [VisionSync] INFO Sync terminee: 10719 immat, 32 blacklist
2026-09-26 09:28:14 [VisionSync] INFO === Demarrage sync Vision incremental ===
2026-09-26 09:28:21 [VisionSync] INFO Config syncee: GPF 2026
2026-09-26 09:31:32 [VisionSync] INFO Immatriculations: 10719 upsert
2026-09-26 09:31:32 [VisionSync] INFO Blacklist: 32 entrees syncees
2026-09-26 09:31:32 [VisionSync] INFO Sync terminee: 10719 immat, 32 blacklist
2026-09-26 09:33:14 [VisionSync] INFO === Demarrage sync Vision incremental ===
2026-09-26 09:33:22 [VisionSync] INFO Config syncee: GPF 2026
2026-09-26 09:36:08 [VisionSync] INFO Immatriculations: 10719 upsert
2026-09-26 09:36:08 [VisionSync] INFO Blacklist: 32 entrees syncees
2026-09-26 09:36:08 [VisionSync] INFO Sync terminee: 10719 immat, 32 blacklist
2026-09-26 09:38:44 [VisionSync] INFO === Demarrage sync Vision incremental ===
2026-09-26 09:38:51 [VisionSync] INFO Config syncee: GPF 2026
2026-09-26 09:41:43 [VisionSync] INFO Immatriculations: 10719 upsert
2026-09-26 09:41:43 [VisionSync] INFO Blacklist: 32 entrees syncees
2026-09-26 09:41:43 [VisionSync] INFO Sync terminee: 10719 immat, 32 blacklist
2026-09-26 09:43:38 [VisionSync] INFO === Demarrage sync Vision incremental ===
2026-09-26 09:43:49 [VisionSync] INFO Config syncee: GPF 2026
2026-09-26 09:46:47 [VisionSync] INFO Immatriculations: 10719 upsert
2026-09-26 09:46:47 [VisionSync] INFO Blacklist: 32 entrees syncees
2026-09-26 09:46:47 [VisionSync] INFO Sync terminee: 10719 immat, 32 blacklist
2026-09-26 09:48:23 [VisionSync] INFO === Demarrage sync Vision incremental ===
2026-09-26 09:48:26 [VisionSync] INFO Config syncee: GPF 2026
2026-09-26 09:51:38 [VisionSync] INFO Immatriculations: 10719 upsert
2026-09-26 09:51:39 [VisionSync] INFO Blacklist: 32 entrees syncees
2026-09-26 09:51:39 [VisionSync] INFO Sync terminee: 10719 immat, 32 blacklist
2026-09-26 09:53:29 [VisionSync] INFO === Demarrage sync Vision incremental ===
2026-09-26 09:53:31 [VisionSync] INFO Config syncee: GPF 2026
2026-09-26 09:56:31 [VisionSync] INFO Immatriculations: 10719 upsert
2026-09-26 09:56:32 [VisionSync] INFO Blacklist: 32 entrees syncees
2026-09-26 09:56:32 [VisionSync] INFO Sync terminee: 10719 immat, 32 blacklist
2026-09-26 09:58:14 [VisionSync] INFO === Demarrage sync Vision incremental ===
2026-09-26 09:58:22 [VisionSync] INFO Config syncee: GPF 2026
2026-09-26 10:01:19 [VisionSync] INFO Immatriculations: 10719 upsert
2026-09-26 10:01:19 [VisionSync] INFO Blacklist: 32 entrees syncees
2026-09-26 10:01:19 [VisionSync] INFO Sync terminee: 10719 immat, 32 blacklist
2026-09-26 10:03:14 [VisionSync] INFO === Demarrage sync Vision incremental ===
2026-09-26 10:03:16 [VisionSync] INFO Config syncee: GPF 2026
2026-09-26 10:06:15 [VisionSync] INFO Immatriculations: 10719 upsert
2026-09-26 10:06:15 [VisionSync] INFO Blacklist: 32 entrees syncees
2026-09-26 10:06:15 [VisionSync] INFO Sync terminee: 10719 immat, 32 blacklist
2026-09-26 10:08:44 [VisionSync] INFO === Demarrage sync Vision incremental ===
2026-09-26 10:08:51 [VisionSync] INFO Config syncee: GPF 2026
2026-09-26 10:11:56 [VisionSync] INFO Immatriculations: 10719 upsert
2026-09-26 10:11:56 [VisionSync] INFO Blacklist: 32 entrees syncees
2026-09-26 10:11:56 [VisionSync] INFO Sync terminee: 10719 immat, 32 blacklist
2026-09-26 10:13:38 [VisionSync] INFO === Demarrage sync Vision incremental ===
2026-09-26 10:13:49 [VisionSync] INFO Config syncee: GPF 2026
2026-09-26 10:16:49 [VisionSync] INFO Immatriculations: 10719 upsert
2026-09-26 10:16:49 [VisionSync] INFO Blacklist: 32 entrees syncees
2026-09-26 10:16:49 [VisionSync] INFO Sync terminee: 10719 immat, 32 blacklist
2026-09-26 10:18:14 [VisionSync] INFO === Demarrage sync Vision incremental ===
2026-09-26 10:18:18 [VisionSync] INFO Config syncee: GPF 2026
2026-09-26 10:21:25 [VisionSync] INFO Immatriculations: 10719 upsert
2026-09-26 10:21:25 [VisionSync] INFO Blacklist: 32 entrees syncees
2026-09-26 10:21:25 [VisionSync] INFO Sync terminee: 10719 immat, 32 blacklist
2026-09-26 10:23:44 [VisionSync] INFO === Demarrage sync Vision incremental ===
2026-09-26 10:23:54 [VisionSync] INFO Config syncee: GPF 2026
2026-09-26 10:27:11 [VisionSync] INFO Immatriculations: 10719 upsert
2026-09-26 10:27:11 [VisionSync] INFO Blacklist: 32 entrees syncees
2026-09-26 10:27:11 [VisionSync] INFO Sync terminee: 10719 immat, 32 blacklist
2026-09-26 10:28:38 [VisionSync] INFO === Demarrage sync Vision incremental ===
2026-09-26 10:28:46 [VisionSync] INFO Config syncee: GPF 2026
2026-09-26 10:31:31 [VisionSync] INFO Immatriculations: 10719 upsert
2026-09-26 10:31:32 [VisionSync] INFO Blacklist: 32 entrees syncees
2026-09-26 10:31:32 [VisionSync] INFO Sync terminee: 10719 immat, 32 blacklist
2026-09-26 10:33:14 [VisionSync] INFO === Demarrage sync Vision incremental ===
2026-09-26 10:33:24 [VisionSync] INFO Config syncee: GPF 2026
2026-09-26 10:36:12 [VisionSync] INFO Immatriculations: 10719 upsert
2026-09-26 10:36:12 [VisionSync] INFO Blacklist: 32 entrees syncees
2026-09-26 10:36:12 [VisionSync] INFO Sync terminee: 10719 immat, 32 blacklist
2026-09-26 10:38:29 [VisionSync] INFO === Demarrage sync Vision incremental ===
2026-09-26 10:38:35 [VisionSync] INFO Config syncee: GPF 2026
2026-09-26 10:41:32 [VisionSync] INFO Immatriculations: 10719 upsert
2026-09-26 10:41:32 [VisionSync] INFO Blacklist: 32 entrees syncees
2026-09-26 10:41:32 [VisionSync] INFO Sync terminee: 10719 immat, 32 blacklist
2026-09-26 10:43:38 [VisionSync] INFO === Demarrage sync Vision incremental ===
2026-09-26 10:43:52 [VisionSync] INFO Config syncee: GPF 2026
2026-09-26 10:46:56 [VisionSync] INFO Immatriculations: 10719 upsert
2026-09-26 10:46:58 [VisionSync] INFO Blacklist: 32 entrees syncees
2026-09-26 10:46:58 [VisionSync] INFO Sync terminee: 10719 immat, 32 blacklist
2026-09-26 10:48:14 [VisionSync] INFO === Demarrage sync Vision incremental ===
2026-09-26 10:48:21 [VisionSync] INFO Config syncee: GPF 2026
2026-09-26 10:51:26 [VisionSync] INFO Immatriculations: 10719 upsert
2026-09-26 10:51:26 [VisionSync] INFO Blacklist: 32 entrees syncees
2026-09-26 10:51:26 [VisionSync] INFO Sync terminee: 10719 immat, 32 blacklist
2026-09-26 10:53:44 [VisionSync] INFO === Demarrage sync Vision incremental ===
2026-09-26 10:53:54 [VisionSync] INFO Config syncee: GPF 2026
2026-09-26 10:56:47 [VisionSync] INFO Immatriculations: 10719 upsert
2026-09-26 10:56:47 [VisionSync] INFO Blacklist: 32 entrees syncees
2026-09-26 10:56:47 [VisionSync] INFO Sync terminee: 10719 immat, 32 blacklist
2026-09-26 10:58:14 [VisionSync] INFO === Demarrage sync Vision incremental ===
2026-09-26 10:58:21 [VisionSync] INFO Config syncee: GPF 2026
2026-09-26 11:01:15 [VisionSync] INFO Immatriculations: 10719 upsert
2026-09-26 11:01:16 [VisionSync] INFO Blacklist: 32 entrees syncees
2026-09-26 11:01:16 [VisionSync] INFO Sync terminee: 10719 immat, 32 blacklist
2026-09-26 11:03:38 [VisionSync] INFO === Demarrage sync Vision incremental ===
2026-09-26 11:03:50 [VisionSync] INFO Config syncee: GPF 2026
2026-09-26 11:06:44 [VisionSync] INFO Immatriculations: 10719 upsert
2026-09-26 11:06:45 [VisionSync] INFO Blacklist: 32 entrees syncees
2026-09-26 11:06:45 [VisionSync] INFO Sync terminee: 10719 immat, 32 blacklist
2026-09-26 11:08:23 [VisionSync] INFO === Demarrage sync Vision incremental ===
2026-09-26 11:08:26 [VisionSync] INFO Config syncee: GPF 2026
2026-09-26 11:11:16 [VisionSync] INFO Immatriculations: 10719 upsert
2026-09-26 11:11:16 [VisionSync] INFO Blacklist: 32 entrees syncees
2026-09-26 11:11:16 [VisionSync] INFO Sync terminee: 10719 immat, 32 blacklist
2026-09-26 11:13:38 [VisionSync] INFO === Demarrage sync Vision incremental ===
2026-09-26 11:13:49 [VisionSync] INFO Config syncee: GPF 2026
2026-09-26 11:16:37 [VisionSync] INFO Immatriculations: 10719 upsert
2026-09-26 11:16:37 [VisionSync] INFO Blacklist: 32 entrees syncees
2026-09-26 11:16:37 [VisionSync] INFO Sync terminee: 10719 immat, 32 blacklist
2026-09-26 11:18:14 [VisionSync] INFO === Demarrage sync Vision incremental ===
2026-09-26 11:18:16 [VisionSync] INFO Config syncee: GPF 2026
2026-09-26 11:21:28 [VisionSync] INFO Immatriculations: 10719 upsert
2026-09-26 11:21:28 [VisionSync] INFO Blacklist: 32 entrees syncees
2026-09-26 11:21:28 [VisionSync] INFO Sync terminee: 10719 immat, 32 blacklist
2026-09-26 11:23:29 [VisionSync] INFO === Demarrage sync Vision incremental ===
2026-09-26 11:23:37 [VisionSync] INFO Config syncee: GPF 2026
2026-09-26 11:26:55 [VisionSync] INFO Immatriculations: 10719 upsert
2026-09-26 11:26:55 [VisionSync] INFO Blacklist: 32 entrees syncees
2026-09-26 11:26:55 [VisionSync] INFO Sync terminee: 10719 immat, 32 blacklist
2026-09-26 11:28:14 [VisionSync] INFO === Demarrage sync Vision incremental ===
2026-09-26 11:28:22 [VisionSync] INFO Config syncee: GPF 2026
2026-09-26 11:31:39 [VisionSync] INFO Immatriculations: 10719 upsert
2026-09-26 11:31:40 [VisionSync] INFO Blacklist: 32 entrees syncees
2026-09-26 11:31:40 [VisionSync] INFO Sync terminee: 10719 immat, 32 blacklist
2026-09-26 11:33:14 [VisionSync] INFO === Demarrage sync Vision incremental ===
2026-09-26 11:33:25 [VisionSync] INFO Config syncee: GPF 2026
2026-09-26 11:36:43 [VisionSync] INFO Immatriculations: 10719 upsert
2026-09-26 11:36:43 [VisionSync] INFO Blacklist: 32 entrees syncees
2026-09-26 11:36:43 [VisionSync] INFO Sync terminee: 10719 immat, 32 blacklist
2026-09-26 11:38:29 [VisionSync] INFO === Demarrage sync Vision incremental ===
2026-09-26 11:38:31 [VisionSync] INFO Config syncee: GPF 2026
2026-09-26 11:41:40 [VisionSync] INFO Immatriculations: 10719 upsert
2026-09-26 11:41:40 [VisionSync] INFO Blacklist: 32 entrees syncees
2026-09-26 11:41:40 [VisionSync] INFO Sync terminee: 10719 immat, 32 blacklist
2026-09-26 11:43:29 [VisionSync] INFO === Demarrage sync Vision incremental ===
2026-09-26 11:43:37 [VisionSync] INFO Config syncee: GPF 2026
2026-09-26 11:46:29 [VisionSync] INFO Immatriculations: 10719 upsert
2026-09-26 11:46:30 [VisionSync] INFO Blacklist: 32 entrees syncees
2026-09-26 11:46:30 [VisionSync] INFO Sync terminee: 10719 immat, 32 blacklist
2026-09-26 11:48:14 [VisionSync] INFO === Demarrage sync Vision incremental ===
2026-09-26 11:48:16 [VisionSync] INFO Config syncee: GPF 2026
2026-09-26 11:50:59 [VisionSync] INFO Immatriculations: 10719 upsert
2026-09-26 11:50:59 [VisionSync] INFO Blacklist: 32 entrees syncees
2026-09-26 11:50:59 [VisionSync] INFO Sync terminee: 10719 immat, 32 blacklist
2026-09-26 11:53:29 [VisionSync] INFO === Demarrage sync Vision incremental ===
2026-09-26 11:53:32 [VisionSync] INFO Config syncee: GPF 2026
2026-09-26 11:56:28 [VisionSync] INFO Immatriculations: 10719 upsert
2026-09-26 11:56:28 [VisionSync] INFO Blacklist: 32 entrees syncees
2026-09-26 11:56:28 [VisionSync] INFO Sync terminee: 10719 immat, 32 blacklist
2026-09-26 11:58:38 [VisionSync] INFO === Demarrage sync Vision incremental ===
2026-09-26 11:58:46 [VisionSync] INFO Config syncee: GPF 2026
2026-09-26 12:01:43 [VisionSync] INFO Immatriculations: 10719 upsert
2026-09-26 12:01:43 [VisionSync] INFO Blacklist: 32 entrees syncees
2026-09-26 12:01:43 [VisionSync] INFO Sync terminee: 10719 immat, 32 blacklist
2026-09-26 12:03:14 [VisionSync] INFO === Demarrage sync Vision incremental ===
2026-09-26 12:03:17 [VisionSync] INFO Config syncee: GPF 2026
2026-09-26 12:06:15 [VisionSync] INFO Immatriculations: 10719 upsert
2026-09-26 12:06:15 [VisionSync] INFO Blacklist: 32 entrees syncees
2026-09-26 12:06:15 [VisionSync] INFO Sync terminee: 10719 immat, 32 blacklist
2026-09-26 12:08:38 [VisionSync] INFO === Demarrage sync Vision incremental ===
2026-09-26 12:08:46 [VisionSync] INFO Config syncee: GPF 2026
2026-09-26 12:11:38 [VisionSync] INFO Immatriculations: 10719 upsert
2026-09-26 12:11:38 [VisionSync] INFO Blacklist: 32 entrees syncees
2026-09-26 12:11:38 [VisionSync] INFO Sync terminee: 10719 immat, 32 blacklist
2026-09-26 12:13:38 [VisionSync] INFO === Demarrage sync Vision incremental ===
2026-09-26 12:13:49 [VisionSync] INFO Config syncee: GPF 2026
2026-09-26 12:16:46 [VisionSync] INFO Immatriculations: 10719 upsert
2026-09-26 12:16:46 [VisionSync] INFO Blacklist: 32 entrees syncees
2026-09-26 12:16:46 [VisionSync] INFO Sync terminee: 10719 immat, 32 blacklist
2026-09-26 12:18:14 [VisionSync] INFO === Demarrage sync Vision incremental ===
2026-09-26 12:18:22 [VisionSync] INFO Config syncee: GPF 2026
2026-09-26 12:21:36 [VisionSync] INFO Immatriculations: 10719 upsert
2026-09-26 12:21:37 [VisionSync] INFO Blacklist: 32 entrees syncees
2026-09-26 12:21:37 [VisionSync] INFO Sync terminee: 10719 immat, 32 blacklist
2026-09-26 12:23:29 [VisionSync] INFO === Demarrage sync Vision incremental ===
2026-09-26 12:23:35 [VisionSync] INFO Config syncee: GPF 2026
2026-09-26 12:26:56 [VisionSync] INFO Immatriculations: 10719 upsert
2026-09-26 12:26:56 [VisionSync] INFO Blacklist: 32 entrees syncees
2026-09-26 12:26:56 [VisionSync] INFO Sync terminee: 10719 immat, 32 blacklist
2026-09-26 12:28:29 [VisionSync] INFO === Demarrage sync Vision incremental ===
2026-09-26 12:28:32 [VisionSync] INFO Config syncee: GPF 2026
2026-09-26 12:31:30 [VisionSync] INFO Immatriculations: 10719 upsert
2026-09-26 12:31:30 [VisionSync] INFO Blacklist: 32 entrees syncees
2026-09-26 12:31:30 [VisionSync] INFO Sync terminee: 10719 immat, 32 blacklist
2026-09-26 12:33:14 [VisionSync] INFO === Demarrage sync Vision incremental ===
2026-09-26 12:33:24 [VisionSync] INFO Config syncee: GPF 2026
2026-09-26 12:36:26 [VisionSync] INFO Immatriculations: 10719 upsert
2026-09-26 12:36:26 [VisionSync] INFO Blacklist: 32 entrees syncees
2026-09-26 12:36:26 [VisionSync] INFO Sync terminee: 10719 immat, 32 blacklist
2026-09-26 12:38:44 [VisionSync] INFO === Demarrage sync Vision incremental ===
2026-09-26 12:38:53 [VisionSync] INFO Config syncee: GPF 2026
2026-09-26 12:41:41 [VisionSync] INFO Immatriculations: 10719 upsert
2026-09-26 12:41:42 [VisionSync] INFO Blacklist: 32 entrees syncees
2026-09-26 12:41:42 [VisionSync] INFO Sync terminee: 10719 immat, 32 blacklist
2026-09-26 12:43:29 [VisionSync] INFO === Demarrage sync Vision incremental ===
2026-09-26 12:43:34 [VisionSync] INFO Config syncee: GPF 2026
2026-09-26 12:46:20 [VisionSync] INFO Immatriculations: 10719 upsert
2026-09-26 12:46:21 [VisionSync] INFO Blacklist: 32 entrees syncees
2026-09-26 12:46:21 [VisionSync] INFO Sync terminee: 10719 immat, 32 blacklist
2026-09-26 12:48:14 [VisionSync] INFO === Demarrage sync Vision incremental ===
2026-09-26 12:48:24 [VisionSync] INFO Config syncee: GPF 2026
2026-09-26 12:51:22 [VisionSync] INFO Immatriculations: 10719 upsert
2026-09-26 12:51:23 [VisionSync] INFO Blacklist: 32 entrees syncees
2026-09-26 12:51:23 [VisionSync] INFO Sync terminee: 10719 immat, 32 blacklist
2026-09-26 12:53:44 [VisionSync] INFO === Demarrage sync Vision incremental ===
2026-09-26 12:53:54 [VisionSync] INFO Config syncee: GPF 2026
2026-09-26 12:57:09 [VisionSync] INFO Immatriculations: 10719 upsert
2026-09-26 12:57:09 [VisionSync] INFO Blacklist: 32 entrees syncees
2026-09-26 12:57:09 [VisionSync] INFO Sync terminee: 10719 immat, 32 blacklist
2026-09-26 12:58:14 [VisionSync] INFO === Demarrage sync Vision incremental ===
2026-09-26 12:58:21 [VisionSync] INFO Config syncee: GPF 2026
2026-09-26 13:01:42 [VisionSync] INFO Immatriculations: 10719 upsert
2026-09-26 13:01:42 [VisionSync] INFO Blacklist: 32 entrees syncees
2026-09-26 13:01:42 [VisionSync] INFO Sync terminee: 10719 immat, 32 blacklist
2026-09-26 13:03:23 [VisionSync] INFO === Demarrage sync Vision incremental ===
2026-09-26 13:03:26 [VisionSync] INFO Config syncee: GPF 2026
2026-09-26 13:06:32 [VisionSync] INFO Immatriculations: 10719 upsert
2026-09-26 13:06:33 [VisionSync] INFO Blacklist: 32 entrees syncees
2026-09-26 13:06:33 [VisionSync] INFO Sync terminee: 10719 immat, 32 blacklist
2026-09-26 13:08:44 [VisionSync] INFO === Demarrage sync Vision incremental ===
2026-09-26 13:08:51 [VisionSync] INFO Config syncee: GPF 2026
2026-09-26 13:12:02 [VisionSync] INFO Immatriculations: 10719 upsert
2026-09-26 13:12:02 [VisionSync] INFO Blacklist: 32 entrees syncees
2026-09-26 13:12:02 [VisionSync] INFO Sync terminee: 10719 immat, 32 blacklist
2026-09-26 13:13:38 [VisionSync] INFO === Demarrage sync Vision incremental ===
2026-09-26 13:13:48 [VisionSync] INFO Config syncee: GPF 2026
2026-09-26 13:17:02 [VisionSync] INFO Immatriculations: 10719 upsert
2026-09-26 13:17:03 [VisionSync] INFO Blacklist: 32 entrees syncees
2026-09-26 13:17:03 [VisionSync] INFO Sync terminee: 10719 immat, 32 blacklist
2026-09-26 13:18:14 [VisionSync] INFO === Demarrage sync Vision incremental ===
2026-09-26 13:18:21 [VisionSync] INFO Config syncee: GPF 2026
2026-09-26 13:21:23 [VisionSync] INFO Immatriculations: 10719 upsert
2026-09-26 13:21:23 [VisionSync] INFO Blacklist: 32 entrees syncees
2026-09-26 13:21:23 [VisionSync] INFO Sync terminee: 10719 immat, 32 blacklist
2026-09-26 13:23:29 [VisionSync] INFO === Demarrage sync Vision incremental ===
2026-09-26 13:23:34 [VisionSync] INFO Config syncee: GPF 2026
2026-09-26 13:26:39 [VisionSync] INFO Immatriculations: 10719 upsert
2026-09-26 13:26:39 [VisionSync] INFO Blacklist: 32 entrees syncees
2026-09-26 13:26:39 [VisionSync] INFO Sync terminee: 10719 immat, 32 blacklist
2026-09-26 13:28:38 [VisionSync] INFO === Demarrage sync Vision incremental ===
2026-09-26 13:28:46 [VisionSync] INFO Config syncee: GPF 2026
2026-09-26 13:31:51 [VisionSync] INFO Immatriculations: 10719 upsert
2026-09-26 13:31:51 [VisionSync] INFO Blacklist: 32 entrees syncees
2026-09-26 13:31:51 [VisionSync] INFO Sync terminee: 10719 immat, 32 blacklist
2026-09-26 13:33:14 [VisionSync] INFO === Demarrage sync Vision incremental ===
2026-09-26 13:33:24 [VisionSync] INFO Config syncee: GPF 2026
2026-09-26 13:36:10 [VisionSync] INFO Immatriculations: 10719 upsert
2026-09-26 13:36:10 [VisionSync] INFO Blacklist: 32 entrees syncees
2026-09-26 13:36:10 [VisionSync] INFO Sync terminee: 10719 immat, 32 blacklist
2026-09-26 13:38:44 [VisionSync] INFO === Demarrage sync Vision incremental ===
2026-09-26 13:38:51 [VisionSync] INFO Config syncee: GPF 2026
2026-09-26 13:41:36 [VisionSync] INFO Immatriculations: 10719 upsert
2026-09-26 13:41:36 [VisionSync] INFO Blacklist: 32 entrees syncees
2026-09-26 13:41:36 [VisionSync] INFO Sync terminee: 10719 immat, 32 blacklist
2026-09-26 13:43:38 [VisionSync] INFO === Demarrage sync Vision incremental ===
2026-09-26 13:43:49 [VisionSync] INFO Config syncee: GPF 2026
2026-09-26 13:46:42 [VisionSync] INFO Immatriculations: 10719 upsert
2026-09-26 13:46:42 [VisionSync] INFO Blacklist: 32 entrees syncees
2026-09-26 13:46:42 [VisionSync] INFO Sync terminee: 10719 immat, 32 blacklist
2026-09-26 13:48:23 [VisionSync] INFO === Demarrage sync Vision incremental ===
2026-09-26 13:48:26 [VisionSync] INFO Config syncee: GPF 2026
2026-09-26 13:51:34 [VisionSync] INFO Immatriculations: 10719 upsert
2026-09-26 13:51:34 [VisionSync] INFO Blacklist: 32 entrees syncees
2026-09-26 13:51:34 [VisionSync] INFO Sync terminee: 10719 immat, 32 blacklist
2026-09-26 13:53:29 [VisionSync] INFO === Demarrage sync Vision incremental ===
2026-09-26 13:53:31 [VisionSync] INFO Config syncee: GPF 2026
2026-09-26 13:56:44 [VisionSync] INFO Immatriculations: 10719 upsert
2026-09-26 13:56:44 [VisionSync] INFO Blacklist: 32 entrees syncees
2026-09-26 13:56:44 [VisionSync] INFO Sync terminee: 10719 immat, 32 blacklist
2026-09-26 13:58:14 [VisionSync] INFO === Demarrage sync Vision incremental ===
2026-09-26 13:58:21 [VisionSync] INFO Config syncee: GPF 2026
2026-09-26 14:01:26 [VisionSync] INFO Immatriculations: 10719 upsert
2026-09-26 14:01:26 [VisionSync] INFO Blacklist: 32 entrees syncees
2026-09-26 14:01:26 [VisionSync] INFO Sync terminee: 10719 immat, 32 blacklist
2026-09-26 14:03:14 [VisionSync] INFO === Demarrage sync Vision incremental ===
2026-09-26 14:03:17 [VisionSync] INFO Config syncee: GPF 2026
2026-09-26 14:06:17 [VisionSync] INFO Immatriculations: 10719 upsert
2026-09-26 14:06:17 [VisionSync] INFO Blacklist: 32 entrees syncees
2026-09-26 14:06:17 [VisionSync] INFO Sync terminee: 10719 immat, 32 blacklist
2026-09-26 14:08:29 [VisionSync] INFO === Demarrage sync Vision incremental ===
2026-09-26 14:08:37 [VisionSync] INFO Config syncee: GPF 2026
2026-09-26 14:11:45 [VisionSync] INFO Immatriculations: 10719 upsert
2026-09-26 14:11:45 [VisionSync] INFO Blacklist: 32 entrees syncees
2026-09-26 14:11:45 [VisionSync] INFO Sync terminee: 10719 immat, 32 blacklist
2026-09-26 14:13:38 [VisionSync] INFO === Demarrage sync Vision incremental ===
2026-09-26 14:13:49 [VisionSync] INFO Config syncee: GPF 2026
2026-09-26 14:16:46 [VisionSync] INFO Immatriculations: 10719 upsert
2026-09-26 14:16:46 [VisionSync] INFO Blacklist: 32 entrees syncees
2026-09-26 14:16:46 [VisionSync] INFO Sync terminee: 10719 immat, 32 blacklist
2026-09-26 14:18:14 [VisionSync] INFO === Demarrage sync Vision incremental ===
2026-09-26 14:18:20 [VisionSync] INFO Config syncee: GPF 2026
2026-09-26 14:21:28 [VisionSync] INFO Immatriculations: 10719 upsert
2026-09-26 14:21:28 [VisionSync] INFO Blacklist: 32 entrees syncees
2026-09-26 14:21:28 [VisionSync] INFO Sync terminee: 10719 immat, 32 blacklist
2026-09-26 14:23:29 [VisionSync] INFO === Demarrage sync Vision incremental ===
2026-09-26 14:23:32 [VisionSync] INFO Config syncee: GPF 2026
2026-09-26 14:26:50 [VisionSync] INFO Immatriculations: 10719 upsert
2026-09-26 14:26:50 [VisionSync] INFO Blacklist: 32 entrees syncees
2026-09-26 14:26:50 [VisionSync] INFO Sync terminee: 10719 immat, 32 blacklist
2026-09-26 14:28:38 [VisionSync] INFO === Demarrage sync Vision incremental ===
2026-09-26 14:28:46 [VisionSync] INFO Config syncee: GPF 2026
2026-09-26 14:31:35 [VisionSync] INFO Immatriculations: 10719 upsert
2026-09-26 14:31:36 [VisionSync] INFO Blacklist: 32 entrees syncees
2026-09-26 14:31:36 [VisionSync] INFO Sync terminee: 10719 immat, 32 blacklist
2026-09-26 14:33:14 [VisionSync] INFO === Demarrage sync Vision incremental ===
2026-09-26 14:33:26 [VisionSync] INFO Config syncee: GPF 2026
2026-09-26 14:36:17 [VisionSync] INFO Immatriculations: 10719 upsert
2026-09-26 14:36:17 [VisionSync] INFO Blacklist: 32 entrees syncees
2026-09-26 14:36:17 [VisionSync] INFO Sync terminee: 10719 immat, 32 blacklist
2026-09-26 14:38:44 [VisionSync] INFO === Demarrage sync Vision incremental ===
2026-09-26 14:38:51 [VisionSync] INFO Config syncee: GPF 2026
2026-09-26 14:41:48 [VisionSync] INFO Immatriculations: 10719 upsert
2026-09-26 14:41:48 [VisionSync] INFO Blacklist: 32 entrees syncees
2026-09-26 14:41:48 [VisionSync] INFO Sync terminee: 10719 immat, 32 blacklist
2026-09-26 14:43:38 [VisionSync] INFO === Demarrage sync Vision incremental ===
2026-09-26 14:43:49 [VisionSync] INFO Config syncee: GPF 2026
2026-09-26 14:46:55 [VisionSync] INFO Immatriculations: 10719 upsert
2026-09-26 14:46:55 [VisionSync] INFO Blacklist: 32 entrees syncees
2026-09-26 14:46:55 [VisionSync] INFO Sync terminee: 10719 immat, 32 blacklist
2026-09-26 14:48:23 [VisionSync] INFO === Demarrage sync Vision incremental ===
2026-09-26 14:48:26 [VisionSync] INFO Config syncee: GPF 2026
2026-09-26 14:51:41 [VisionSync] INFO Immatriculations: 10719 upsert
2026-09-26 14:51:42 [VisionSync] INFO Blacklist: 32 entrees syncees
2026-09-26 14:51:42 [VisionSync] INFO Sync terminee: 10719 immat, 32 blacklist
2026-09-26 14:53:23 [VisionSync] INFO === Demarrage sync Vision incremental ===
2026-09-26 14:53:26 [VisionSync] INFO Config syncee: GPF 2026
2026-09-26 14:56:29 [VisionSync] INFO Immatriculations: 10719 upsert
2026-09-26 14:56:29 [VisionSync] INFO Blacklist: 32 entrees syncees
2026-09-26 14:56:29 [VisionSync] INFO Sync terminee: 10719 immat, 32 blacklist
2026-09-26 14:58:38 [VisionSync] INFO === Demarrage sync Vision incremental ===
2026-09-26 14:58:46 [VisionSync] INFO Config syncee: GPF 2026
2026-09-26 15:01:23 [VisionSync] INFO Immatriculations: 10719 upsert
2026-09-26 15:01:24 [VisionSync] INFO Blacklist: 32 entrees syncees
2026-09-26 15:01:24 [VisionSync] INFO Sync terminee: 10719 immat, 32 blacklist
2026-09-26 15:03:14 [VisionSync] INFO === Demarrage sync Vision incremental ===
2026-09-26 15:03:16 [VisionSync] INFO Config syncee: GPF 2026
2026-09-26 15:05:59 [VisionSync] INFO Immatriculations: 10719 upsert
2026-09-26 15:05:59 [VisionSync] INFO Blacklist: 32 entrees syncees
2026-09-26 15:05:59 [VisionSync] INFO Sync terminee: 10719 immat, 32 blacklist
2026-09-26 15:08:59 [VisionSync] INFO === Demarrage sync Vision incremental ===
2026-09-26 15:09:06 [VisionSync] INFO Config syncee: GPF 2026
2026-09-26 15:11:57 [VisionSync] INFO Immatriculations: 10719 upsert
2026-09-26 15:11:58 [VisionSync] INFO Blacklist: 32 entrees syncees
2026-09-26 15:11:58 [VisionSync] INFO Sync terminee: 10719 immat, 32 blacklist
2026-09-26 15:13:38 [VisionSync] INFO === Demarrage sync Vision incremental ===
2026-09-26 15:13:49 [VisionSync] INFO Config syncee: GPF 2026
2026-09-26 15:16:47 [VisionSync] INFO Immatriculations: 10719 upsert
2026-09-26 15:16:47 [VisionSync] INFO Blacklist: 32 entrees syncees
2026-09-26 15:16:47 [VisionSync] INFO Sync terminee: 10719 immat, 32 blacklist
2026-09-26 15:18:14 [VisionSync] INFO === Demarrage sync Vision incremental ===
2026-09-26 15:18:22 [VisionSync] INFO Config syncee: GPF 2026
2026-09-26 15:21:37 [VisionSync] INFO Immatriculations: 10719 upsert
2026-09-26 15:21:37 [VisionSync] INFO Blacklist: 32 entrees syncees
2026-09-26 15:21:37 [VisionSync] INFO Sync terminee: 10719 immat, 32 blacklist
2026-09-26 15:23:38 [VisionSync] INFO === Demarrage sync Vision incremental ===
2026-09-26 15:23:49 [VisionSync] INFO Config syncee: GPF 2026
2026-09-26 15:27:03 [VisionSync] INFO Immatriculations: 10719 upsert
2026-09-26 15:27:04 [VisionSync] INFO Blacklist: 32 entrees syncees
2026-09-26 15:27:04 [VisionSync] INFO Sync terminee: 10719 immat, 32 blacklist
2026-09-26 15:28:14 [VisionSync] INFO === Demarrage sync Vision incremental ===
2026-09-26 15:28:21 [VisionSync] INFO Config syncee: GPF 2026
2026-09-26 15:31:28 [VisionSync] INFO Immatriculations: 10719 upsert
2026-09-26 15:31:29 [VisionSync] INFO Blacklist: 32 entrees syncees
2026-09-26 15:31:29 [VisionSync] INFO Sync terminee: 10719 immat, 32 blacklist
2026-09-26 15:33:14 [VisionSync] INFO === Demarrage sync Vision incremental ===
2026-09-26 15:33:21 [VisionSync] INFO Config syncee: GPF 2026
2026-09-26 15:36:20 [VisionSync] INFO Immatriculations: 10719 upsert
2026-09-26 15:36:20 [VisionSync] INFO Blacklist: 32 entrees syncees
2026-09-26 15:36:20 [VisionSync] INFO Sync terminee: 10719 immat, 32 blacklist
2026-09-26 15:38:14 [VisionSync] INFO === Demarrage sync Vision incremental ===
2026-09-26 15:38:20 [VisionSync] INFO Config syncee: GPF 2026
2026-09-26 15:41:30 [VisionSync] INFO Immatriculations: 10719 upsert
2026-09-26 15:41:31 [VisionSync] INFO Blacklist: 32 entrees syncees
2026-09-26 15:41:31 [VisionSync] INFO Sync terminee: 10719 immat, 32 blacklist
2026-09-26 15:43:38 [VisionSync] INFO === Demarrage sync Vision incremental ===
2026-09-26 15:43:49 [VisionSync] INFO Config syncee: GPF 2026
2026-09-26 15:47:02 [VisionSync] INFO Immatriculations: 10719 upsert
2026-09-26 15:47:02 [VisionSync] INFO Blacklist: 32 entrees syncees
2026-09-26 15:47:02 [VisionSync] INFO Sync terminee: 10719 immat, 32 blacklist
2026-09-26 15:48:14 [VisionSync] INFO === Demarrage sync Vision incremental ===
2026-09-26 15:48:17 [VisionSync] INFO Config syncee: GPF 2026
2026-09-26 15:51:06 [VisionSync] INFO Immatriculations: 10719 upsert
2026-09-26 15:51:06 [VisionSync] INFO Blacklist: 32 entrees syncees
2026-09-26 15:51:06 [VisionSync] INFO Sync terminee: 10719 immat, 32 blacklist
2026-09-26 15:53:23 [VisionSync] INFO === Demarrage sync Vision incremental ===
2026-09-26 15:53:26 [VisionSync] INFO Config syncee: GPF 2026
2026-09-26 15:56:13 [VisionSync] INFO Immatriculations: 10719 upsert
2026-09-26 15:56:13 [VisionSync] INFO Blacklist: 32 entrees syncees
2026-09-26 15:56:13 [VisionSync] INFO Sync terminee: 10719 immat, 32 blacklist
2026-09-26 15:58:38 [VisionSync] INFO === Demarrage sync Vision incremental ===
2026-09-26 15:58:47 [VisionSync] INFO Config syncee: GPF 2026
2026-09-26 16:01:37 [VisionSync] INFO Immatriculations: 10719 upsert
2026-09-26 16:01:38 [VisionSync] INFO Blacklist: 32 entrees syncees
2026-09-26 16:01:38 [VisionSync] INFO Sync terminee: 10719 immat, 32 blacklist
2026-09-26 16:03:14 [VisionSync] INFO === Demarrage sync Vision incremental ===
2026-09-26 16:03:20 [VisionSync] INFO Config syncee: GPF 2026
2026-09-26 16:06:11 [VisionSync] INFO Immatriculations: 10719 upsert
2026-09-26 16:06:11 [VisionSync] INFO Blacklist: 32 entrees syncees
2026-09-26 16:06:11 [VisionSync] INFO Sync terminee: 10719 immat, 32 blacklist
2026-09-26 16:08:29 [VisionSync] INFO === Demarrage sync Vision incremental ===
2026-09-26 16:08:31 [VisionSync] INFO Config syncee: GPF 2026
2026-09-26 16:11:29 [VisionSync] INFO Immatriculations: 10719 upsert
2026-09-26 16:11:30 [VisionSync] INFO Blacklist: 32 entrees syncees
2026-09-26 16:11:30 [VisionSync] INFO Sync terminee: 10719 immat, 32 blacklist
2026-09-26 16:13:38 [VisionSync] INFO === Demarrage sync Vision incremental ===
2026-09-26 16:13:49 [VisionSync] INFO Config syncee: GPF 2026
2026-09-26 16:16:56 [VisionSync] INFO Immatriculations: 10719 upsert
2026-09-26 16:16:56 [VisionSync] INFO Blacklist: 32 entrees syncees
2026-09-26 16:16:56 [VisionSync] INFO Sync terminee: 10719 immat, 32 blacklist
2026-09-26 16:18:14 [VisionSync] INFO === Demarrage sync Vision incremental ===
2026-09-26 16:18:21 [VisionSync] INFO Config syncee: GPF 2026
2026-09-26 16:21:47 [VisionSync] INFO Immatriculations: 10719 upsert
2026-09-26 16:21:47 [VisionSync] INFO Blacklist: 32 entrees syncees
2026-09-26 16:21:47 [VisionSync] INFO Sync terminee: 10719 immat, 32 blacklist
2026-09-26 16:23:29 [VisionSync] INFO === Demarrage sync Vision incremental ===
2026-09-26 16:23:36 [VisionSync] INFO Config syncee: GPF 2026
2026-09-26 16:26:45 [VisionSync] INFO Immatriculations: 10719 upsert
2026-09-26 16:26:46 [VisionSync] INFO Blacklist: 32 entrees syncees
2026-09-26 16:26:46 [VisionSync] INFO Sync terminee: 10719 immat, 32 blacklist
2026-09-26 16:28:38 [VisionSync] INFO === Demarrage sync Vision incremental ===
2026-09-26 16:28:45 [VisionSync] INFO Config syncee: GPF 2026
2026-09-26 16:31:47 [VisionSync] INFO Immatriculations: 10719 upsert
2026-09-26 16:31:48 [VisionSync] INFO Blacklist: 32 entrees syncees
2026-09-26 16:31:48 [VisionSync] INFO Sync terminee: 10719 immat, 32 blacklist
2026-09-26 16:33:23 [VisionSync] INFO === Demarrage sync Vision incremental ===
2026-09-26 16:33:28 [VisionSync] INFO Config syncee: GPF 2026
2026-09-26 16:36:34 [VisionSync] INFO Immatriculations: 10719 upsert
2026-09-26 16:36:36 [VisionSync] INFO Blacklist: 32 entrees syncees
2026-09-26 16:36:36 [VisionSync] INFO Sync terminee: 10719 immat, 32 blacklist
2026-09-26 16:38:29 [VisionSync] INFO === Demarrage sync Vision incremental ===
2026-09-26 16:38:36 [VisionSync] INFO Config syncee: GPF 2026
2026-09-26 16:41:46 [VisionSync] INFO Immatriculations: 10719 upsert
2026-09-26 16:41:46 [VisionSync] INFO Blacklist: 32 entrees syncees
2026-09-26 16:41:46 [VisionSync] INFO Sync terminee: 10719 immat, 32 blacklist
2026-09-26 16:43:38 [VisionSync] INFO === Demarrage sync Vision incremental ===
2026-09-26 16:43:51 [VisionSync] INFO Config syncee: GPF 2026
2026-09-26 16:46:35 [VisionSync] INFO Immatriculations: 10719 upsert
2026-09-26 16:46:36 [VisionSync] INFO Blacklist: 32 entrees syncees
2026-09-26 16:46:36 [VisionSync] INFO Sync terminee: 10719 immat, 32 blacklist
2026-09-26 16:48:38 [VisionSync] INFO === Demarrage sync Vision incremental ===
2026-09-26 16:48:45 [VisionSync] INFO Config syncee: GPF 2026
2026-09-26 16:51:29 [VisionSync] INFO Immatriculations: 10719 upsert
2026-09-26 16:51:30 [VisionSync] INFO Blacklist: 32 entrees syncees
2026-09-26 16:51:30 [VisionSync] INFO Sync terminee: 10719 immat, 32 blacklist
2026-09-26 16:53:44 [VisionSync] INFO === Demarrage sync Vision incremental ===
2026-09-26 16:53:55 [VisionSync] INFO Config syncee: GPF 2026
2026-09-26 16:56:51 [VisionSync] INFO Immatriculations: 10719 upsert
2026-09-26 16:56:51 [VisionSync] INFO Blacklist: 32 entrees syncees
2026-09-26 16:56:51 [VisionSync] INFO Sync terminee: 10719 immat, 32 blacklist
2026-09-26 16:58:14 [VisionSync] INFO === Demarrage sync Vision incremental ===
2026-09-26 16:58:23 [VisionSync] INFO Config syncee: GPF 2026
2026-09-26 17:01:20 [VisionSync] INFO Immatriculations: 10719 upsert
2026-09-26 17:01:21 [VisionSync] INFO Blacklist: 32 entrees syncees
2026-09-26 17:01:21 [VisionSync] INFO Sync terminee: 10719 immat, 32 blacklist
2026-09-26 17:03:14 [VisionSync] INFO === Demarrage sync Vision incremental ===
2026-09-26 17:03:17 [VisionSync] INFO Config syncee: GPF 2026
2026-09-26 17:06:07 [VisionSync] INFO Immatriculations: 10719 upsert
2026-09-26 17:06:07 [VisionSync] INFO Blacklist: 32 entrees syncees
2026-09-26 17:06:07 [VisionSync] INFO Sync terminee: 10719 immat, 32 blacklist
2026-09-26 17:08:23 [VisionSync] INFO === Demarrage sync Vision incremental ===
2026-09-26 17:08:26 [VisionSync] INFO Config syncee: GPF 2026
2026-09-26 17:11:24 [VisionSync] INFO Immatriculations: 10719 upsert
2026-09-26 17:11:25 [VisionSync] INFO Blacklist: 32 entrees syncees
2026-09-26 17:11:25 [VisionSync] INFO Sync terminee: 10719 immat, 32 blacklist
2026-09-26 17:13:38 [VisionSync] INFO === Demarrage sync Vision incremental ===
2026-09-26 17:13:50 [VisionSync] INFO Config syncee: GPF 2026
2026-09-26 17:16:55 [VisionSync] INFO Immatriculations: 10719 upsert
2026-09-26 17:16:56 [VisionSync] INFO Blacklist: 32 entrees syncees
2026-09-26 17:16:56 [VisionSync] INFO Sync terminee: 10719 immat, 32 blacklist
2026-09-26 17:18:14 [VisionSync] INFO === Demarrage sync Vision incremental ===
2026-09-26 17:18:24 [VisionSync] INFO Config syncee: GPF 2026
2026-09-26 17:21:19 [VisionSync] INFO Immatriculations: 10719 upsert
2026-09-26 17:21:19 [VisionSync] INFO Blacklist: 32 entrees syncees
2026-09-26 17:21:19 [VisionSync] INFO Sync terminee: 10719 immat, 32 blacklist
2026-09-26 17:23:29 [VisionSync] INFO === Demarrage sync Vision incremental ===
2026-09-26 17:23:38 [VisionSync] INFO Config syncee: GPF 2026
2026-09-26 17:26:38 [VisionSync] INFO Immatriculations: 10719 upsert
2026-09-26 17:26:38 [VisionSync] INFO Blacklist: 32 entrees syncees
2026-09-26 17:26:38 [VisionSync] INFO Sync terminee: 10719 immat, 32 blacklist
2026-09-26 17:28:14 [VisionSync] INFO === Demarrage sync Vision incremental ===
2026-09-26 17:28:21 [VisionSync] INFO Config syncee: GPF 2026
2026-09-26 17:31:22 [VisionSync] INFO Immatriculations: 10719 upsert
2026-09-26 17:31:23 [VisionSync] INFO Blacklist: 32 entrees syncees
2026-09-26 17:31:23 [VisionSync] INFO Sync terminee: 10719 immat, 32 blacklist
2026-09-26 17:33:14 [VisionSync] INFO === Demarrage sync Vision incremental ===
2026-09-26 17:33:26 [VisionSync] INFO Config syncee: GPF 2026
2026-09-26 17:36:27 [VisionSync] INFO Immatriculations: 10719 upsert
2026-09-26 17:36:27 [VisionSync] INFO Blacklist: 32 entrees syncees
2026-09-26 17:36:27 [VisionSync] INFO Sync terminee: 10719 immat, 32 blacklist
2026-09-26 17:38:44 [VisionSync] INFO === Demarrage sync Vision incremental ===
2026-09-26 17:38:51 [VisionSync] INFO Config syncee: GPF 2026
2026-09-26 17:41:48 [VisionSync] INFO Immatriculations: 10719 upsert
2026-09-26 17:41:48 [VisionSync] INFO Blacklist: 32 entrees syncees
2026-09-26 17:41:48 [VisionSync] INFO Sync terminee: 10719 immat, 32 blacklist
2026-09-26 17:43:29 [VisionSync] INFO === Demarrage sync Vision incremental ===
2026-09-26 17:43:37 [VisionSync] INFO Config syncee: GPF 2026
2026-09-26 17:46:38 [VisionSync] INFO Immatriculations: 10719 upsert
2026-09-26 17:46:39 [VisionSync] INFO Blacklist: 32 entrees syncees
2026-09-26 17:46:39 [VisionSync] INFO Sync terminee: 10719 immat, 32 blacklist
2026-09-26 17:48:14 [VisionSync] INFO === Demarrage sync Vision incremental ===
2026-09-26 17:48:17 [VisionSync] INFO Config syncee: GPF 2026
2026-09-26 17:51:33 [VisionSync] INFO Immatriculations: 10719 upsert
2026-09-26 17:51:33 [VisionSync] INFO Blacklist: 32 entrees syncees
2026-09-26 17:51:33 [VisionSync] INFO Sync terminee: 10719 immat, 32 blacklist
2026-09-26 17:53:29 [VisionSync] INFO === Demarrage sync Vision incremental ===
2026-09-26 17:53:35 [VisionSync] INFO Config syncee: GPF 2026
2026-09-26 17:56:47 [VisionSync] INFO Immatriculations: 10719 upsert
2026-09-26 17:56:48 [VisionSync] INFO Blacklist: 32 entrees syncees
2026-09-26 17:56:48 [VisionSync] INFO Sync terminee: 10719 immat, 32 blacklist
2026-09-26 17:58:14 [VisionSync] INFO === Demarrage sync Vision incremental ===
2026-09-26 17:58:21 [VisionSync] INFO Config syncee: GPF 2026
2026-09-26 18:00:52 [VisionSync] INFO Immatriculations: 10719 upsert
2026-09-26 18:00:52 [VisionSync] INFO Blacklist: 32 entrees syncees
2026-09-26 18:00:52 [VisionSync] INFO Sync terminee: 10719 immat, 32 blacklist
2026-09-26 18:03:14 [VisionSync] INFO === Demarrage sync Vision incremental ===
2026-09-26 18:03:16 [VisionSync] INFO Config syncee: GPF 2026
2026-09-26 18:05:47 [VisionSync] INFO Immatriculations: 10719 upsert
2026-09-26 18:05:47 [VisionSync] INFO Blacklist: 32 entrees syncees
2026-09-26 18:05:47 [VisionSync] INFO Sync terminee: 10719 immat, 32 blacklist
2026-09-26 18:08:29 [VisionSync] INFO === Demarrage sync Vision incremental ===
2026-09-26 18:08:32 [VisionSync] INFO Config syncee: GPF 2026
2026-09-26 18:11:09 [VisionSync] INFO Immatriculations: 10719 upsert
2026-09-26 18:11:09 [VisionSync] INFO Blacklist: 32 entrees syncees
2026-09-26 18:11:09 [VisionSync] INFO Sync terminee: 10719 immat, 32 blacklist
2026-09-26 18:13:38 [VisionSync] INFO === Demarrage sync Vision incremental ===
2026-09-26 18:13:48 [VisionSync] INFO Config syncee: GPF 2026
2026-09-26 18:16:32 [VisionSync] INFO Immatriculations: 10719 upsert
2026-09-26 18:16:32 [VisionSync] INFO Blacklist: 32 entrees syncees
2026-09-26 18:16:32 [VisionSync] INFO Sync terminee: 10719 immat, 32 blacklist
2026-09-26 18:18:14 [VisionSync] INFO === Demarrage sync Vision incremental ===
2026-09-26 18:18:21 [VisionSync] INFO Config syncee: GPF 2026
2026-09-26 18:21:21 [VisionSync] INFO Immatriculations: 10719 upsert
2026-09-26 18:21:21 [VisionSync] INFO Blacklist: 32 entrees syncees
2026-09-26 18:21:21 [VisionSync] INFO Sync terminee: 10719 immat, 32 blacklist
2026-09-26 18:23:29 [VisionSync] INFO === Demarrage sync Vision incremental ===
2026-09-26 18:23:32 [VisionSync] INFO Config syncee: GPF 2026
2026-09-26 18:26:44 [VisionSync] INFO Immatriculations: 10719 upsert
2026-09-26 18:26:44 [VisionSync] INFO Blacklist: 32 entrees syncees
2026-09-26 18:26:44 [VisionSync] INFO Sync terminee: 10719 immat, 32 blacklist
2026-09-26 18:28:29 [VisionSync] INFO === Demarrage sync Vision incremental ===
2026-09-26 18:28:35 [VisionSync] INFO Config syncee: GPF 2026
2026-09-26 18:31:42 [VisionSync] INFO Immatriculations: 10719 upsert
2026-09-26 18:31:42 [VisionSync] INFO Blacklist: 32 entrees syncees
2026-09-26 18:31:42 [VisionSync] INFO Sync terminee: 10719 immat, 32 blacklist
2026-09-26 18:33:14 [VisionSync] INFO === Demarrage sync Vision incremental ===
2026-09-26 18:33:24 [VisionSync] INFO Config syncee: GPF 2026
2026-09-26 18:36:37 [VisionSync] INFO Immatriculations: 10719 upsert
2026-09-26 18:36:37 [VisionSync] INFO Blacklist: 32 entrees syncees
2026-09-26 18:36:37 [VisionSync] INFO Sync terminee: 10719 immat, 32 blacklist
2026-09-26 18:38:29 [VisionSync] INFO === Demarrage sync Vision incremental ===
2026-09-26 18:38:30 [VisionSync] INFO Config syncee: GPF 2026
2026-09-26 18:41:49 [VisionSync] INFO Immatriculations: 10719 upsert
2026-09-26 18:41:50 [VisionSync] INFO Blacklist: 32 entrees syncees
2026-09-26 18:41:50 [VisionSync] INFO Sync terminee: 10719 immat, 32 blacklist
2026-09-26 18:43:38 [VisionSync] INFO === Demarrage sync Vision incremental ===
2026-09-26 18:43:49 [VisionSync] INFO Config syncee: GPF 2026
2026-09-26 18:47:13 [VisionSync] INFO Immatriculations: 10719 upsert
2026-09-26 18:47:13 [VisionSync] INFO Blacklist: 32 entrees syncees
2026-09-26 18:47:13 [VisionSync] INFO Sync terminee: 10719 immat, 32 blacklist
2026-09-26 18:48:14 [VisionSync] INFO === Demarrage sync Vision incremental ===
2026-09-26 18:48:17 [VisionSync] INFO Config syncee: GPF 2026
2026-09-26 18:51:32 [VisionSync] INFO Immatriculations: 10719 upsert
2026-09-26 18:51:32 [VisionSync] INFO Blacklist: 32 entrees syncees
2026-09-26 18:51:32 [VisionSync] INFO Sync terminee: 10719 immat, 32 blacklist
2026-09-26 18:53:38 [VisionSync] INFO === Demarrage sync Vision incremental ===
2026-09-26 18:53:49 [VisionSync] INFO Config syncee: GPF 2026
2026-09-26 18:56:22 [VisionSync] INFO Immatriculations: 10719 upsert
2026-09-26 18:56:22 [VisionSync] INFO Blacklist: 32 entrees syncees
2026-09-26 18:56:22 [VisionSync] INFO Sync terminee: 10719 immat, 32 blacklist
2026-09-26 18:58:14 [VisionSync] INFO === Demarrage sync Vision incremental ===
2026-09-26 18:58:21 [VisionSync] INFO Config syncee: GPF 2026
2026-09-26 19:01:00 [VisionSync] INFO Immatriculations: 10719 upsert
2026-09-26 19:01:00 [VisionSync] INFO Blacklist: 32 entrees syncees
2026-09-26 19:01:00 [VisionSync] INFO Sync terminee: 10719 immat, 32 blacklist
2026-09-26 19:03:14 [VisionSync] INFO === Demarrage sync Vision incremental ===
2026-09-26 19:03:24 [VisionSync] INFO Config syncee: GPF 2026
2026-09-26 19:06:03 [VisionSync] INFO Immatriculations: 10719 upsert
2026-09-26 19:06:03 [VisionSync] INFO Blacklist: 32 entrees syncees
2026-09-26 19:06:03 [VisionSync] INFO Sync terminee: 10719 immat, 32 blacklist
2026-09-26 19:08:29 [VisionSync] INFO === Demarrage sync Vision incremental ===
2026-09-26 19:08:32 [VisionSync] INFO Config syncee: GPF 2026
2026-09-26 19:11:14 [VisionSync] INFO Immatriculations: 10719 upsert
2026-09-26 19:11:15 [VisionSync] INFO Blacklist: 32 entrees syncees
2026-09-26 19:11:15 [VisionSync] INFO Sync terminee: 10719 immat, 32 blacklist
2026-09-26 19:13:38 [VisionSync] INFO === Demarrage sync Vision incremental ===
2026-09-26 19:13:49 [VisionSync] INFO Config syncee: GPF 2026
2026-09-26 19:16:39 [VisionSync] INFO Immatriculations: 10719 upsert
2026-09-26 19:16:39 [VisionSync] INFO Blacklist: 32 entrees syncees
2026-09-26 19:16:39 [VisionSync] INFO Sync terminee: 10719 immat, 32 blacklist
2026-09-26 19:18:14 [VisionSync] INFO === Demarrage sync Vision incremental ===
2026-09-26 19:18:21 [VisionSync] INFO Config syncee: GPF 2026
2026-09-26 19:21:28 [VisionSync] INFO Immatriculations: 10719 upsert
2026-09-26 19:21:28 [VisionSync] INFO Blacklist: 32 entrees syncees
2026-09-26 19:21:28 [VisionSync] INFO Sync terminee: 10719 immat, 32 blacklist
2026-09-26 19:23:29 [VisionSync] INFO === Demarrage sync Vision incremental ===
2026-09-26 19:23:35 [VisionSync] INFO Config syncee: GPF 2026
2026-09-26 19:26:56 [VisionSync] INFO Immatriculations: 10719 upsert
2026-09-26 19:26:56 [VisionSync] INFO Blacklist: 32 entrees syncees
2026-09-26 19:26:56 [VisionSync] INFO Sync terminee: 10719 immat, 32 blacklist
2026-09-26 19:28:38 [VisionSync] INFO === Demarrage sync Vision incremental ===
2026-09-26 19:28:46 [VisionSync] INFO Config syncee: GPF 2026
2026-09-26 19:32:04 [VisionSync] INFO Immatriculations: 10719 upsert
2026-09-26 19:32:04 [VisionSync] INFO Blacklist: 32 entrees syncees
2026-09-26 19:32:04 [VisionSync] INFO Sync terminee: 10719 immat, 32 blacklist
2026-09-26 19:33:23 [VisionSync] INFO === Demarrage sync Vision incremental ===
2026-09-26 19:33:26 [VisionSync] INFO Config syncee: GPF 2026
2026-09-26 19:36:49 [VisionSync] INFO Immatriculations: 10719 upsert
2026-09-26 19:36:50 [VisionSync] INFO Blacklist: 32 entrees syncees
2026-09-26 19:36:50 [VisionSync] INFO Sync terminee: 10719 immat, 32 blacklist
2026-09-26 19:38:29 [VisionSync] INFO === Demarrage sync Vision incremental ===
2026-09-26 19:38:30 [VisionSync] INFO Config syncee: GPF 2026
2026-09-26 19:41:58 [VisionSync] INFO Immatriculations: 10719 upsert
2026-09-26 19:41:58 [VisionSync] INFO Blacklist: 32 entrees syncees
2026-09-26 19:41:58 [VisionSync] INFO Sync terminee: 10719 immat, 32 blacklist
2026-09-26 19:43:38 [VisionSync] INFO === Demarrage sync Vision incremental ===
2026-09-26 19:43:49 [VisionSync] INFO Config syncee: GPF 2026
2026-09-26 19:46:54 [VisionSync] INFO Immatriculations: 10719 upsert
2026-09-26 19:46:54 [VisionSync] INFO Blacklist: 32 entrees syncees
2026-09-26 19:46:54 [VisionSync] INFO Sync terminee: 10719 immat, 32 blacklist
2026-09-26 19:48:14 [VisionSync] INFO === Demarrage sync Vision incremental ===
2026-09-26 19:48:16 [VisionSync] INFO Config syncee: GPF 2026
2026-09-26 19:50:45 [VisionSync] INFO Immatriculations: 10719 upsert
2026-09-26 19:50:45 [VisionSync] INFO Blacklist: 32 entrees syncees
2026-09-26 19:50:45 [VisionSync] INFO Sync terminee: 10719 immat, 32 blacklist
2026-09-26 19:53:29 [VisionSync] INFO === Demarrage sync Vision incremental ===
2026-09-26 19:53:35 [VisionSync] INFO Config syncee: GPF 2026
2026-09-26 19:56:23 [VisionSync] INFO Immatriculations: 10719 upsert
2026-09-26 19:56:23 [VisionSync] INFO Blacklist: 32 entrees syncees
2026-09-26 19:56:23 [VisionSync] INFO Sync terminee: 10719 immat, 32 blacklist
2026-09-26 19:58:14 [VisionSync] INFO === Demarrage sync Vision incremental ===
2026-09-26 19:58:21 [VisionSync] INFO Config syncee: GPF 2026
2026-09-26 20:01:11 [VisionSync] INFO Immatriculations: 10719 upsert
2026-09-26 20:01:11 [VisionSync] INFO Blacklist: 32 entrees syncees
2026-09-26 20:01:11 [VisionSync] INFO Sync terminee: 10719 immat, 32 blacklist
2026-09-26 20:03:39 [VisionSync] INFO === Demarrage sync Vision incremental ===
2026-09-26 20:03:49 [VisionSync] INFO Config syncee: GPF 2026
2026-09-26 20:06:43 [VisionSync] INFO Immatriculations: 10719 upsert
2026-09-26 20:06:43 [VisionSync] INFO Blacklist: 32 entrees syncees
2026-09-26 20:06:43 [VisionSync] INFO Sync terminee: 10719 immat, 32 blacklist
2026-09-26 20:08:14 [VisionSync] INFO === Demarrage sync Vision incremental ===
2026-09-26 20:08:20 [VisionSync] INFO Config syncee: GPF 2026
2026-09-26 20:11:20 [VisionSync] INFO Immatriculations: 10719 upsert
2026-09-26 20:11:21 [VisionSync] INFO Blacklist: 32 entrees syncees
2026-09-26 20:11:21 [VisionSync] INFO Sync terminee: 10719 immat, 32 blacklist
2026-09-26 20:13:39 [VisionSync] INFO === Demarrage sync Vision incremental ===
2026-09-26 20:13:49 [VisionSync] INFO Config syncee: GPF 2026
2026-09-26 20:17:04 [VisionSync] INFO Immatriculations: 10719 upsert
2026-09-26 20:17:04 [VisionSync] INFO Blacklist: 32 entrees syncees
2026-09-26 20:17:04 [VisionSync] INFO Sync terminee: 10719 immat, 32 blacklist
2026-09-26 20:18:14 [VisionSync] INFO === Demarrage sync Vision incremental ===
2026-09-26 20:18:22 [VisionSync] INFO Config syncee: GPF 2026
2026-09-26 20:21:34 [VisionSync] INFO Immatriculations: 10719 upsert
2026-09-26 20:21:34 [VisionSync] INFO Blacklist: 32 entrees syncees
2026-09-26 20:21:34 [VisionSync] INFO Sync terminee: 10719 immat, 32 blacklist
2026-09-26 20:23:14 [VisionSync] INFO === Demarrage sync Vision incremental ===
2026-09-26 20:23:16 [VisionSync] INFO Config syncee: GPF 2026
2026-09-26 20:26:33 [VisionSync] INFO Immatriculations: 10719 upsert
2026-09-26 20:26:33 [VisionSync] INFO Blacklist: 32 entrees syncees
2026-09-26 20:26:33 [VisionSync] INFO Sync terminee: 10719 immat, 32 blacklist
2026-09-26 20:28:14 [VisionSync] INFO === Demarrage sync Vision incremental ===
2026-09-26 20:28:21 [VisionSync] INFO Config syncee: GPF 2026
2026-09-26 20:31:45 [VisionSync] INFO Immatriculations: 10719 upsert
2026-09-26 20:31:45 [VisionSync] INFO Blacklist: 32 entrees syncees
2026-09-26 20:31:45 [VisionSync] INFO Sync terminee: 10719 immat, 32 blacklist
2026-09-26 20:33:29 [VisionSync] INFO === Demarrage sync Vision incremental ===
2026-09-26 20:33:41 [VisionSync] INFO Config syncee: GPF 2026
2026-09-26 20:37:07 [VisionSync] INFO Immatriculations: 10719 upsert
2026-09-26 20:37:08 [VisionSync] INFO Blacklist: 32 entrees syncees
2026-09-26 20:37:08 [VisionSync] INFO Sync terminee: 10719 immat, 32 blacklist
2026-09-26 20:38:14 [VisionSync] INFO === Demarrage sync Vision incremental ===
2026-09-26 20:38:20 [VisionSync] INFO Config syncee: GPF 2026
2026-09-26 20:41:19 [VisionSync] INFO Immatriculations: 10719 upsert
2026-09-26 20:41:20 [VisionSync] INFO Blacklist: 32 entrees syncees
2026-09-26 20:41:20 [VisionSync] INFO Sync terminee: 10719 immat, 32 blacklist
2026-09-26 20:43:39 [VisionSync] INFO === Demarrage sync Vision incremental ===
2026-09-26 20:43:49 [VisionSync] INFO Config syncee: GPF 2026
2026-09-26 20:46:36 [VisionSync] INFO Immatriculations: 10719 upsert
2026-09-26 20:46:36 [VisionSync] INFO Blacklist: 32 entrees syncees
2026-09-26 20:46:36 [VisionSync] INFO Sync terminee: 10719 immat, 32 blacklist
2026-09-26 20:48:14 [VisionSync] INFO === Demarrage sync Vision incremental ===
2026-09-26 20:48:22 [VisionSync] INFO Config syncee: GPF 2026
2026-09-26 20:51:24 [VisionSync] INFO Immatriculations: 10719 upsert
2026-09-26 20:51:24 [VisionSync] INFO Blacklist: 32 entrees syncees
2026-09-26 20:51:24 [VisionSync] INFO Sync terminee: 10719 immat, 32 blacklist
2026-09-26 20:53:44 [VisionSync] INFO === Demarrage sync Vision incremental ===
2026-09-26 20:53:54 [VisionSync] INFO Config syncee: GPF 2026
2026-09-26 20:57:07 [VisionSync] INFO Immatriculations: 10719 upsert
2026-09-26 20:57:07 [VisionSync] INFO Blacklist: 32 entrees syncees
2026-09-26 20:57:07 [VisionSync] INFO Sync terminee: 10719 immat, 32 blacklist
2026-09-26 20:58:39 [VisionSync] INFO === Demarrage sync Vision incremental ===
2026-09-26 20:58:46 [VisionSync] INFO Config syncee: GPF 2026
2026-09-26 21:01:57 [VisionSync] INFO Immatriculations: 10719 upsert
2026-09-26 21:01:57 [VisionSync] INFO Blacklist: 32 entrees syncees
2026-09-26 21:01:57 [VisionSync] INFO Sync terminee: 10719 immat, 32 blacklist
2026-09-26 21:03:14 [VisionSync] INFO === Demarrage sync Vision incremental ===
2026-09-26 21:03:24 [VisionSync] INFO Config syncee: GPF 2026
2026-09-26 21:06:45 [VisionSync] INFO Immatriculations: 10719 upsert
2026-09-26 21:06:45 [VisionSync] INFO Blacklist: 32 entrees syncees
2026-09-26 21:06:45 [VisionSync] INFO Sync terminee: 10719 immat, 32 blacklist
2026-09-26 21:08:44 [VisionSync] INFO === Demarrage sync Vision incremental ===
2026-09-26 21:08:51 [VisionSync] INFO Config syncee: GPF 2026
2026-09-26 21:11:57 [VisionSync] INFO Immatriculations: 10719 upsert
2026-09-26 21:11:57 [VisionSync] INFO Blacklist: 32 entrees syncees
2026-09-26 21:11:57 [VisionSync] INFO Sync terminee: 10719 immat, 32 blacklist
2026-09-26 21:13:29 [VisionSync] INFO === Demarrage sync Vision incremental ===
2026-09-26 21:13:33 [VisionSync] INFO Config syncee: GPF 2026
2026-09-26 21:16:16 [VisionSync] INFO Immatriculations: 10719 upsert
2026-09-26 21:16:16 [VisionSync] INFO Blacklist: 32 entrees syncees
2026-09-26 21:16:16 [VisionSync] INFO Sync terminee: 10719 immat, 32 blacklist
2026-09-26 21:18:14 [VisionSync] INFO === Demarrage sync Vision incremental ===
2026-09-26 21:18:17 [VisionSync] INFO Config syncee: GPF 2026
2026-09-26 21:21:12 [VisionSync] INFO Immatriculations: 10719 upsert
2026-09-26 21:21:12 [VisionSync] INFO Blacklist: 32 entrees syncees
2026-09-26 21:21:12 [VisionSync] INFO Sync terminee: 10719 immat, 32 blacklist
2026-09-26 21:23:39 [VisionSync] INFO === Demarrage sync Vision incremental ===
2026-09-26 21:23:49 [VisionSync] INFO Config syncee: GPF 2026
2026-09-26 21:26:55 [VisionSync] INFO Immatriculations: 10719 upsert
2026-09-26 21:26:56 [VisionSync] INFO Blacklist: 32 entrees syncees
2026-09-26 21:26:56 [VisionSync] INFO Sync terminee: 10719 immat, 32 blacklist
2026-09-26 21:28:14 [VisionSync] INFO === Demarrage sync Vision incremental ===
2026-09-26 21:28:22 [VisionSync] INFO Config syncee: GPF 2026
2026-09-26 21:31:26 [VisionSync] INFO Immatriculations: 10719 upsert
2026-09-26 21:31:26 [VisionSync] INFO Blacklist: 32 entrees syncees
2026-09-26 21:31:26 [VisionSync] INFO Sync terminee: 10719 immat, 32 blacklist
2026-09-26 21:33:14 [VisionSync] INFO === Demarrage sync Vision incremental ===
2026-09-26 21:33:17 [VisionSync] INFO Config syncee: GPF 2026
2026-09-26 21:36:10 [VisionSync] INFO Immatriculations: 10719 upsert
2026-09-26 21:36:10 [VisionSync] INFO Blacklist: 32 entrees syncees
2026-09-26 21:36:10 [VisionSync] INFO Sync terminee: 10719 immat, 32 blacklist
2026-09-26 21:38:29 [VisionSync] INFO === Demarrage sync Vision incremental ===
2026-09-26 21:38:31 [VisionSync] INFO Config syncee: GPF 2026
2026-09-26 21:41:26 [VisionSync] INFO Immatriculations: 10719 upsert
2026-09-26 21:41:27 [VisionSync] INFO Blacklist: 32 entrees syncees
2026-09-26 21:41:27 [VisionSync] INFO Sync terminee: 10719 immat, 32 blacklist
2026-09-26 21:43:39 [VisionSync] INFO === Demarrage sync Vision incremental ===
2026-09-26 21:43:49 [VisionSync] INFO Config syncee: GPF 2026
2026-09-26 21:46:51 [VisionSync] INFO Immatriculations: 10719 upsert
2026-09-26 21:46:51 [VisionSync] INFO Blacklist: 32 entrees syncees
2026-09-26 21:46:51 [VisionSync] INFO Sync terminee: 10719 immat, 32 blacklist
2026-09-26 21:48:14 [VisionSync] INFO === Demarrage sync Vision incremental ===
2026-09-26 21:48:21 [VisionSync] INFO Config syncee: GPF 2026
2026-09-26 21:51:29 [VisionSync] INFO Immatriculations: 10719 upsert
2026-09-26 21:51:29 [VisionSync] INFO Blacklist: 32 entrees syncees
2026-09-26 21:51:29 [VisionSync] INFO Sync terminee: 10719 immat, 32 blacklist
2026-09-26 21:53:44 [VisionSync] INFO === Demarrage sync Vision incremental ===
2026-09-26 21:53:55 [VisionSync] INFO Config syncee: GPF 2026
2026-09-26 21:57:06 [VisionSync] INFO Immatriculations: 10719 upsert
2026-09-26 21:57:07 [VisionSync] INFO Blacklist: 32 entrees syncees
2026-09-26 21:57:07 [VisionSync] INFO Sync terminee: 10719 immat, 32 blacklist
2026-09-26 21:58:14 [VisionSync] INFO === Demarrage sync Vision incremental ===
2026-09-26 21:58:21 [VisionSync] INFO Config syncee: GPF 2026
2026-09-26 22:01:10 [VisionSync] INFO Immatriculations: 10719 upsert
2026-09-26 22:01:10 [VisionSync] INFO Blacklist: 32 entrees syncees
2026-09-26 22:01:10 [VisionSync] INFO Sync terminee: 10719 immat, 32 blacklist
2026-09-26 22:03:14 [VisionSync] INFO === Demarrage sync Vision incremental ===
2026-09-26 22:03:24 [VisionSync] INFO Config syncee: GPF 2026
2026-09-26 22:05:55 [VisionSync] INFO Immatriculations: 10719 upsert
2026-09-26 22:05:55 [VisionSync] INFO Blacklist: 32 entrees syncees
2026-09-26 22:05:55 [VisionSync] INFO Sync terminee: 10719 immat, 32 blacklist
2026-09-26 22:08:59 [VisionSync] INFO === Demarrage sync Vision incremental ===
2026-09-26 22:09:06 [VisionSync] INFO Config syncee: GPF 2026
2026-09-26 22:11:45 [VisionSync] INFO Immatriculations: 10719 upsert
2026-09-26 22:11:45 [VisionSync] INFO Blacklist: 32 entrees syncees
2026-09-26 22:11:45 [VisionSync] INFO Sync terminee: 10719 immat, 32 blacklist
2026-09-26 22:13:39 [VisionSync] INFO === Demarrage sync Vision incremental ===
2026-09-26 22:13:49 [VisionSync] INFO Config syncee: GPF 2026
2026-09-26 22:16:36 [VisionSync] INFO Immatriculations: 10719 upsert
2026-09-26 22:16:37 [VisionSync] INFO Blacklist: 32 entrees syncees
2026-09-26 22:16:37 [VisionSync] INFO Sync terminee: 10719 immat, 32 blacklist
2026-09-26 22:18:14 [VisionSync] INFO === Demarrage sync Vision incremental ===
2026-09-26 22:18:16 [VisionSync] INFO Config syncee: GPF 2026
2026-09-26 22:21:19 [VisionSync] INFO Immatriculations: 10719 upsert
2026-09-26 22:21:20 [VisionSync] INFO Blacklist: 32 entrees syncees
2026-09-26 22:21:20 [VisionSync] INFO Sync terminee: 10719 immat, 32 blacklist
2026-09-26 22:23:39 [VisionSync] INFO === Demarrage sync Vision incremental ===
2026-09-26 22:23:52 [VisionSync] INFO Config syncee: GPF 2026
2026-09-26 22:27:09 [VisionSync] INFO Immatriculations: 10719 upsert
2026-09-26 22:27:11 [VisionSync] INFO Blacklist: 32 entrees syncees
2026-09-26 22:27:11 [VisionSync] INFO Sync terminee: 10719 immat, 32 blacklist
2026-09-26 22:28:14 [VisionSync] INFO === Demarrage sync Vision incremental ===
2026-09-26 22:28:21 [VisionSync] INFO Config syncee: GPF 2026
2026-09-26 22:31:39 [VisionSync] INFO Immatriculations: 10719 upsert
2026-09-26 22:31:39 [VisionSync] INFO Blacklist: 32 entrees syncees
2026-09-26 22:31:39 [VisionSync] INFO Sync terminee: 10719 immat, 32 blacklist
2026-09-26 22:33:14 [VisionSync] INFO === Demarrage sync Vision incremental ===
2026-09-26 22:33:21 [VisionSync] INFO Config syncee: GPF 2026
2026-09-26 22:36:40 [VisionSync] INFO Immatriculations: 10719 upsert
2026-09-26 22:36:41 [VisionSync] INFO Blacklist: 32 entrees syncees
2026-09-26 22:36:41 [VisionSync] INFO Sync terminee: 10719 immat, 32 blacklist
2026-09-26 22:38:44 [VisionSync] INFO === Demarrage sync Vision incremental ===
2026-09-26 22:38:51 [VisionSync] INFO Config syncee: GPF 2026
2026-09-26 22:42:16 [VisionSync] INFO Immatriculations: 10719 upsert
2026-09-26 22:42:16 [VisionSync] INFO Blacklist: 32 entrees syncees
2026-09-26 22:42:16 [VisionSync] INFO Sync terminee: 10719 immat, 32 blacklist
2026-09-26 22:43:39 [VisionSync] INFO === Demarrage sync Vision incremental ===
2026-09-26 22:43:49 [VisionSync] INFO Config syncee: GPF 2026
2026-09-26 22:46:29 [VisionSync] INFO Immatriculations: 10719 upsert
2026-09-26 22:46:29 [VisionSync] INFO Blacklist: 32 entrees syncees
2026-09-26 22:46:29 [VisionSync] INFO Sync terminee: 10719 immat, 32 blacklist
2026-09-26 22:48:14 [VisionSync] INFO === Demarrage sync Vision incremental ===
2026-09-26 22:48:21 [VisionSync] INFO Config syncee: GPF 2026
2026-09-26 22:51:06 [VisionSync] INFO Immatriculations: 10719 upsert
2026-09-26 22:51:06 [VisionSync] INFO Blacklist: 32 entrees syncees
2026-09-26 22:51:06 [VisionSync] INFO Sync terminee: 10719 immat, 32 blacklist
2026-09-26 22:53:29 [VisionSync] INFO === Demarrage sync Vision incremental ===
2026-09-26 22:53:31 [VisionSync] INFO Config syncee: GPF 2026
2026-09-26 22:56:21 [VisionSync] INFO Immatriculations: 10719 upsert
2026-09-26 22:56:21 [VisionSync] INFO Blacklist: 32 entrees syncees
2026-09-26 22:56:21 [VisionSync] INFO Sync terminee: 10719 immat, 32 blacklist
2026-09-26 22:58:14 [VisionSync] INFO === Demarrage sync Vision incremental ===
2026-09-26 22:58:21 [VisionSync] INFO Config syncee: GPF 2026
2026-09-26 23:01:07 [VisionSync] INFO Immatriculations: 10719 upsert
2026-09-26 23:01:07 [VisionSync] INFO Blacklist: 32 entrees syncees
2026-09-26 23:01:07 [VisionSync] INFO Sync terminee: 10719 immat, 32 blacklist
2026-09-26 23:03:14 [VisionSync] INFO === Demarrage sync Vision incremental ===
2026-09-26 23:03:23 [VisionSync] INFO Config syncee: GPF 2026
2026-09-26 23:06:06 [VisionSync] INFO Immatriculations: 10719 upsert
2026-09-26 23:06:06 [VisionSync] INFO Blacklist: 32 entrees syncees
2026-09-26 23:06:06 [VisionSync] INFO Sync terminee: 10719 immat, 32 blacklist
2026-09-26 23:08:44 [VisionSync] INFO === Demarrage sync Vision incremental ===
2026-09-26 23:08:51 [VisionSync] INFO Config syncee: GPF 2026
2026-09-26 23:11:44 [VisionSync] INFO Immatriculations: 10719 upsert
2026-09-26 23:11:44 [VisionSync] INFO Blacklist: 32 entrees syncees
2026-09-26 23:11:44 [VisionSync] INFO Sync terminee: 10719 immat, 32 blacklist
2026-09-26 23:13:39 [VisionSync] INFO === Demarrage sync Vision incremental ===
2026-09-26 23:13:50 [VisionSync] INFO Config syncee: GPF 2026
2026-09-26 23:16:49 [VisionSync] INFO Immatriculations: 10719 upsert
2026-09-26 23:16:50 [VisionSync] INFO Blacklist: 32 entrees syncees
2026-09-26 23:16:50 [VisionSync] INFO Sync terminee: 10719 immat, 32 blacklist
2026-09-26 23:18:39 [VisionSync] INFO === Demarrage sync Vision incremental ===
2026-09-26 23:18:47 [VisionSync] INFO Config syncee: GPF 2026
2026-09-26 23:22:07 [VisionSync] INFO Immatriculations: 10719 upsert
2026-09-26 23:22:08 [VisionSync] INFO Blacklist: 32 entrees syncees
2026-09-26 23:22:08 [VisionSync] INFO Sync terminee: 10719 immat, 32 blacklist
2026-09-26 23:23:29 [VisionSync] INFO === Demarrage sync Vision incremental ===
2026-09-26 23:23:40 [VisionSync] INFO Config syncee: GPF 2026
2026-09-26 23:27:12 [VisionSync] INFO Immatriculations: 10719 upsert
2026-09-26 23:27:12 [VisionSync] INFO Blacklist: 32 entrees syncees
2026-09-26 23:27:12 [VisionSync] INFO Sync terminee: 10719 immat, 32 blacklist
2026-09-26 23:28:24 [VisionSync] INFO === Demarrage sync Vision incremental ===
2026-09-26 23:28:30 [VisionSync] INFO Config syncee: GPF 2026
2026-09-26 23:31:56 [VisionSync] INFO Immatriculations: 10719 upsert
2026-09-26 23:31:56 [VisionSync] INFO Blacklist: 32 entrees syncees
2026-09-26 23:31:56 [VisionSync] INFO Sync terminee: 10719 immat, 32 blacklist
2026-09-26 23:33:14 [VisionSync] INFO === Demarrage sync Vision incremental ===
2026-09-26 23:33:22 [VisionSync] INFO Config syncee: GPF 2026
2026-09-26 23:36:26 [VisionSync] INFO Immatriculations: 10719 upsert
2026-09-26 23:36:27 [VisionSync] INFO Blacklist: 32 entrees syncees
2026-09-26 23:36:27 [VisionSync] INFO Sync terminee: 10719 immat, 32 blacklist
2026-09-26 23:38:14 [VisionSync] INFO === Demarrage sync Vision incremental ===
2026-09-26 23:38:17 [VisionSync] INFO Config syncee: GPF 2026
2026-09-26 23:40:51 [VisionSync] INFO Immatriculations: 10719 upsert
2026-09-26 23:40:51 [VisionSync] INFO Blacklist: 32 entrees syncees
2026-09-26 23:40:51 [VisionSync] INFO Sync terminee: 10719 immat, 32 blacklist
2026-09-26 23:43:29 [VisionSync] INFO === Demarrage sync Vision incremental ===
2026-09-26 23:43:35 [VisionSync] INFO Config syncee: GPF 2026
2026-09-26 23:46:14 [VisionSync] INFO Immatriculations: 10719 upsert
2026-09-26 23:46:14 [VisionSync] INFO Blacklist: 32 entrees syncees
2026-09-26 23:46:14 [VisionSync] INFO Sync terminee: 10719 immat, 32 blacklist
2026-09-26 23:48:14 [VisionSync] INFO === Demarrage sync Vision incremental ===
2026-09-26 23:48:24 [VisionSync] INFO Config syncee: GPF 2026
2026-09-26 23:51:12 [VisionSync] INFO Immatriculations: 10719 upsert
2026-09-26 23:51:13 [VisionSync] INFO Blacklist: 32 entrees syncees
2026-09-26 23:51:13 [VisionSync] INFO Sync terminee: 10719 immat, 32 blacklist
2026-09-26 23:53:29 [VisionSync] INFO === Demarrage sync Vision incremental ===
2026-09-26 23:53:31 [VisionSync] INFO Config syncee: GPF 2026
2026-09-26 23:56:18 [VisionSync] INFO Immatriculations: 10719 upsert
2026-09-26 23:56:19 [VisionSync] INFO Blacklist: 32 entrees syncees
2026-09-26 23:56:19 [VisionSync] INFO Sync terminee: 10719 immat, 32 blacklist
2026-09-26 23:58:14 [VisionSync] INFO === Demarrage sync Vision incremental ===
2026-09-26 23:58:21 [VisionSync] INFO Config syncee: GPF 2026
2026-09-27 00:01:17 [VisionSync] INFO Immatriculations: 10719 upsert
2026-09-27 00:01:18 [VisionSync] INFO Blacklist: 32 entrees syncees
2026-09-27 00:01:18 [VisionSync] INFO Sync terminee: 10719 immat, 32 blacklist
2026-09-27 00:03:14 [VisionSync] INFO === Demarrage sync Vision incremental ===
2026-09-27 00:03:17 [VisionSync] INFO Config syncee: GPF 2026
2026-09-27 00:06:11 [VisionSync] INFO Immatriculations: 10719 upsert
2026-09-27 00:06:11 [VisionSync] INFO Blacklist: 32 entrees syncees
2026-09-27 00:06:11 [VisionSync] INFO Sync terminee: 10719 immat, 32 blacklist
2026-09-27 00:08:44 [VisionSync] INFO === Demarrage sync Vision incremental ===
2026-09-27 00:08:54 [VisionSync] INFO Config syncee: GPF 2026
2026-09-27 00:11:58 [VisionSync] INFO Immatriculations: 10719 upsert
2026-09-27 00:11:59 [VisionSync] INFO Blacklist: 32 entrees syncees
2026-09-27 00:11:59 [VisionSync] INFO Sync terminee: 10719 immat, 32 blacklist
2026-09-27 00:13:39 [VisionSync] INFO === Demarrage sync Vision incremental ===
2026-09-27 00:13:49 [VisionSync] INFO Config syncee: GPF 2026
2026-09-27 00:16:59 [VisionSync] INFO Immatriculations: 10719 upsert
2026-09-27 00:16:59 [VisionSync] INFO Blacklist: 32 entrees syncees
2026-09-27 00:16:59 [VisionSync] INFO Sync terminee: 10719 immat, 32 blacklist
2026-09-27 00:18:14 [VisionSync] INFO === Demarrage sync Vision incremental ===
2026-09-27 00:18:17 [VisionSync] INFO Config syncee: GPF 2026
2026-09-27 00:21:45 [VisionSync] INFO Immatriculations: 10719 upsert
2026-09-27 00:21:45 [VisionSync] INFO Blacklist: 32 entrees syncees
2026-09-27 00:21:45 [VisionSync] INFO Sync terminee: 10719 immat, 32 blacklist
2026-09-27 00:23:44 [VisionSync] INFO === Demarrage sync Vision incremental ===
2026-09-27 00:23:55 [VisionSync] INFO Config syncee: GPF 2026
2026-09-27 00:27:23 [VisionSync] INFO Immatriculations: 10719 upsert
2026-09-27 00:27:23 [VisionSync] INFO Blacklist: 32 entrees syncees
2026-09-27 00:27:23 [VisionSync] INFO Sync terminee: 10719 immat, 32 blacklist
2026-09-27 00:28:14 [VisionSync] INFO === Demarrage sync Vision incremental ===
2026-09-27 00:28:22 [VisionSync] INFO Config syncee: GPF 2026
2026-09-27 00:31:32 [VisionSync] INFO Immatriculations: 10719 upsert
2026-09-27 00:31:32 [VisionSync] INFO Blacklist: 32 entrees syncees
2026-09-27 00:31:32 [VisionSync] INFO Sync terminee: 10719 immat, 32 blacklist
2026-09-27 00:33:39 [VisionSync] INFO === Demarrage sync Vision incremental ===
2026-09-27 00:33:49 [VisionSync] INFO Config syncee: GPF 2026
2026-09-27 00:36:34 [VisionSync] INFO Immatriculations: 10719 upsert
2026-09-27 00:36:34 [VisionSync] INFO Blacklist: 32 entrees syncees
2026-09-27 00:36:34 [VisionSync] INFO Sync terminee: 10719 immat, 32 blacklist
2026-09-27 00:38:44 [VisionSync] INFO === Demarrage sync Vision incremental ===
2026-09-27 00:38:51 [VisionSync] INFO Config syncee: GPF 2026
2026-09-27 00:41:38 [VisionSync] INFO Immatriculations: 10719 upsert
2026-09-27 00:41:38 [VisionSync] INFO Blacklist: 32 entrees syncees
2026-09-27 00:41:38 [VisionSync] INFO Sync terminee: 10719 immat, 32 blacklist
2026-09-27 00:43:29 [VisionSync] INFO === Demarrage sync Vision incremental ===
2026-09-27 00:43:31 [VisionSync] INFO Config syncee: GPF 2026
2026-09-27 00:46:07 [VisionSync] INFO Immatriculations: 10719 upsert
2026-09-27 00:46:08 [VisionSync] INFO Blacklist: 32 entrees syncees
2026-09-27 00:46:08 [VisionSync] INFO Sync terminee: 10719 immat, 32 blacklist
2026-09-27 00:48:14 [VisionSync] INFO === Demarrage sync Vision incremental ===
2026-09-27 00:48:22 [VisionSync] INFO Config syncee: GPF 2026
2026-09-27 00:51:01 [VisionSync] INFO Immatriculations: 10719 upsert
2026-09-27 00:51:02 [VisionSync] INFO Blacklist: 32 entrees syncees
2026-09-27 00:51:02 [VisionSync] INFO Sync terminee: 10719 immat, 32 blacklist
2026-09-27 00:53:44 [VisionSync] INFO === Demarrage sync Vision incremental ===
2026-09-27 00:53:54 [VisionSync] INFO Config syncee: GPF 2026
2026-09-27 00:56:49 [VisionSync] INFO Immatriculations: 10719 upsert
2026-09-27 00:56:49 [VisionSync] INFO Blacklist: 32 entrees syncees
2026-09-27 00:56:49 [VisionSync] INFO Sync terminee: 10719 immat, 32 blacklist
2026-09-27 00:58:14 [VisionSync] INFO === Demarrage sync Vision incremental ===
2026-09-27 00:58:24 [VisionSync] INFO Config syncee: GPF 2026
2026-09-27 01:01:32 [VisionSync] INFO Immatriculations: 10719 upsert
2026-09-27 01:01:34 [VisionSync] INFO Blacklist: 32 entrees syncees
2026-09-27 01:01:34 [VisionSync] INFO Sync terminee: 10719 immat, 32 blacklist
2026-09-27 01:03:24 [VisionSync] INFO === Demarrage sync Vision incremental ===
2026-09-27 01:03:26 [VisionSync] INFO Config syncee: GPF 2026
2026-09-27 01:06:48 [VisionSync] INFO Immatriculations: 10719 upsert
2026-09-27 01:06:48 [VisionSync] INFO Blacklist: 32 entrees syncees
2026-09-27 01:06:48 [VisionSync] INFO Sync terminee: 10719 immat, 32 blacklist
2026-09-27 01:08:29 [VisionSync] INFO === Demarrage sync Vision incremental ===
2026-09-27 01:08:30 [VisionSync] INFO Config syncee: GPF 2026
2026-09-27 01:12:04 [VisionSync] INFO Immatriculations: 10719 upsert
2026-09-27 01:12:04 [VisionSync] INFO Blacklist: 32 entrees syncees
2026-09-27 01:12:04 [VisionSync] INFO Sync terminee: 10719 immat, 32 blacklist
2026-09-27 01:13:39 [VisionSync] INFO === Demarrage sync Vision incremental ===
2026-09-27 01:13:43 [VisionSync] INFO Config syncee: GPF 2026
2026-09-27 01:17:20 [VisionSync] INFO Immatriculations: 10719 upsert
2026-09-27 01:17:20 [VisionSync] INFO Blacklist: 32 entrees syncees
2026-09-27 01:17:20 [VisionSync] INFO Sync terminee: 10719 immat, 32 blacklist
2026-09-27 01:18:14 [VisionSync] INFO === Demarrage sync Vision incremental ===
2026-09-27 01:18:17 [VisionSync] INFO Config syncee: GPF 2026
2026-09-27 01:21:34 [VisionSync] INFO Immatriculations: 10719 upsert
2026-09-27 01:21:34 [VisionSync] INFO Blacklist: 32 entrees syncees
2026-09-27 01:21:34 [VisionSync] INFO Sync terminee: 10719 immat, 32 blacklist
2026-09-27 01:23:44 [VisionSync] INFO === Demarrage sync Vision incremental ===
2026-09-27 01:23:50 [VisionSync] INFO Config syncee: GPF 2026
2026-09-27 01:27:18 [VisionSync] INFO Immatriculations: 10719 upsert
2026-09-27 01:27:18 [VisionSync] INFO Blacklist: 32 entrees syncees
2026-09-27 01:27:18 [VisionSync] INFO Sync terminee: 10719 immat, 32 blacklist
2026-09-27 01:28:14 [VisionSync] INFO === Demarrage sync Vision incremental ===
2026-09-27 01:28:17 [VisionSync] INFO Config syncee: GPF 2026
2026-09-27 01:31:51 [VisionSync] INFO Immatriculations: 10719 upsert
2026-09-27 01:31:51 [VisionSync] INFO Blacklist: 32 entrees syncees
2026-09-27 01:31:51 [VisionSync] INFO Sync terminee: 10719 immat, 32 blacklist
2026-09-27 01:33:14 [VisionSync] INFO === Demarrage sync Vision incremental ===
2026-09-27 01:33:19 [VisionSync] INFO Config syncee: GPF 2026
2026-09-27 01:36:20 [VisionSync] INFO Immatriculations: 10719 upsert
2026-09-27 01:36:20 [VisionSync] INFO Blacklist: 32 entrees syncees
2026-09-27 01:36:20 [VisionSync] INFO Sync terminee: 10719 immat, 32 blacklist
2026-09-27 01:38:44 [VisionSync] INFO === Demarrage sync Vision incremental ===
2026-09-27 01:38:47 [VisionSync] INFO Config syncee: GPF 2026
2026-09-27 01:41:45 [VisionSync] INFO Immatriculations: 10719 upsert
2026-09-27 01:41:45 [VisionSync] INFO Blacklist: 32 entrees syncees
2026-09-27 01:41:45 [VisionSync] INFO Sync terminee: 10719 immat, 32 blacklist
2026-09-27 01:43:29 [VisionSync] INFO === Demarrage sync Vision incremental ===
2026-09-27 01:43:31 [VisionSync] INFO Config syncee: GPF 2026
2026-09-27 01:46:40 [VisionSync] INFO Immatriculations: 10719 upsert
2026-09-27 01:46:40 [VisionSync] INFO Blacklist: 32 entrees syncees
2026-09-27 01:46:40 [VisionSync] INFO Sync terminee: 10719 immat, 32 blacklist
2026-09-27 01:48:14 [VisionSync] INFO === Demarrage sync Vision incremental ===
2026-09-27 01:48:16 [VisionSync] INFO Config syncee: GPF 2026
2026-09-27 01:51:39 [VisionSync] INFO Immatriculations: 10719 upsert
2026-09-27 01:51:39 [VisionSync] INFO Blacklist: 32 entrees syncees
2026-09-27 01:51:39 [VisionSync] INFO Sync terminee: 10719 immat, 32 blacklist
2026-09-27 01:53:44 [VisionSync] INFO === Demarrage sync Vision incremental ===
2026-09-27 01:53:49 [VisionSync] INFO Config syncee: GPF 2026
2026-09-27 01:57:14 [VisionSync] INFO Immatriculations: 10719 upsert
2026-09-27 01:57:15 [VisionSync] INFO Blacklist: 32 entrees syncees
2026-09-27 01:57:15 [VisionSync] INFO Sync terminee: 10719 immat, 32 blacklist
2026-09-27 01:58:14 [VisionSync] INFO === Demarrage sync Vision incremental ===
2026-09-27 01:58:17 [VisionSync] INFO Config syncee: GPF 2026
2026-09-27 02:01:51 [VisionSync] INFO Immatriculations: 10719 upsert
2026-09-27 02:01:51 [VisionSync] INFO Blacklist: 32 entrees syncees
2026-09-27 02:01:51 [VisionSync] INFO Sync terminee: 10719 immat, 32 blacklist
2026-09-27 02:03:39 [VisionSync] INFO === Demarrage sync Vision incremental ===
2026-09-27 02:03:43 [VisionSync] INFO Config syncee: GPF 2026
2026-09-27 02:07:16 [VisionSync] INFO Immatriculations: 10719 upsert
2026-09-27 02:07:17 [VisionSync] INFO Blacklist: 32 entrees syncees
2026-09-27 02:07:17 [VisionSync] INFO Sync terminee: 10719 immat, 32 blacklist
2026-09-27 02:08:44 [VisionSync] INFO === Demarrage sync Vision incremental ===
2026-09-27 02:08:47 [VisionSync] INFO Config syncee: GPF 2026
2026-09-27 02:12:16 [VisionSync] INFO Immatriculations: 10719 upsert
2026-09-27 02:12:17 [VisionSync] INFO Blacklist: 32 entrees syncees
2026-09-27 02:12:17 [VisionSync] INFO Sync terminee: 10719 immat, 32 blacklist
2026-09-27 02:13:44 [VisionSync] INFO === Demarrage sync Vision incremental ===
2026-09-27 02:13:51 [VisionSync] INFO Config syncee: GPF 2026
2026-09-27 02:17:09 [VisionSync] INFO Immatriculations: 10719 upsert
2026-09-27 02:17:11 [VisionSync] INFO Blacklist: 32 entrees syncees
2026-09-27 02:17:11 [VisionSync] INFO Sync terminee: 10719 immat, 32 blacklist
2026-09-27 02:18:39 [VisionSync] INFO === Demarrage sync Vision incremental ===
2026-09-27 02:18:47 [VisionSync] INFO Config syncee: GPF 2026
2026-09-27 02:22:15 [VisionSync] INFO Immatriculations: 10719 upsert
2026-09-27 02:22:15 [VisionSync] INFO Blacklist: 32 entrees syncees
2026-09-27 02:22:15 [VisionSync] INFO Sync terminee: 10719 immat, 32 blacklist
2026-09-27 02:23:42 [VisionSync] INFO === Demarrage sync Vision incremental ===
2026-09-27 02:23:51 [VisionSync] INFO Config syncee: GPF 2026
2026-09-27 02:27:40 [VisionSync] INFO Immatriculations: 10719 upsert
2026-09-27 02:27:40 [VisionSync] INFO Blacklist: 32 entrees syncees
2026-09-27 02:27:40 [VisionSync] INFO Sync terminee: 10719 immat, 32 blacklist
2026-09-27 02:28:17 [VisionSync] INFO === Demarrage sync Vision incremental ===
2026-09-27 02:28:22 [VisionSync] INFO Config syncee: GPF 2026
2026-09-27 02:31:37 [VisionSync] INFO Immatriculations: 10719 upsert
2026-09-27 02:31:37 [VisionSync] INFO Blacklist: 32 entrees syncees
2026-09-27 02:31:37 [VisionSync] INFO Sync terminee: 10719 immat, 32 blacklist
2026-09-27 02:33:39 [VisionSync] INFO === Demarrage sync Vision incremental ===
2026-09-27 02:33:44 [VisionSync] INFO Config syncee: GPF 2026
2026-09-27 02:36:48 [VisionSync] INFO Immatriculations: 10719 upsert
2026-09-27 02:36:49 [VisionSync] INFO Blacklist: 32 entrees syncees
2026-09-27 02:36:49 [VisionSync] INFO Sync terminee: 10719 immat, 32 blacklist
2026-09-27 02:38:29 [VisionSync] INFO === Demarrage sync Vision incremental ===
2026-09-27 02:38:32 [VisionSync] INFO Config syncee: GPF 2026
2026-09-27 02:41:41 [VisionSync] INFO Immatriculations: 10719 upsert
2026-09-27 02:41:41 [VisionSync] INFO Blacklist: 32 entrees syncees
2026-09-27 02:41:41 [VisionSync] INFO Sync terminee: 10719 immat, 32 blacklist
2026-09-27 02:44:11 [VisionSync] INFO === Demarrage sync Vision incremental ===
2026-09-27 02:44:15 [VisionSync] INFO Config syncee: GPF 2026
2026-09-27 02:47:38 [VisionSync] INFO Immatriculations: 10719 upsert
2026-09-27 02:47:38 [VisionSync] INFO Blacklist: 32 entrees syncees
2026-09-27 02:47:38 [VisionSync] INFO Sync terminee: 10719 immat, 32 blacklist
2026-09-27 02:48:14 [VisionSync] INFO === Demarrage sync Vision incremental ===
2026-09-27 02:48:17 [VisionSync] INFO Config syncee: GPF 2026
2026-09-27 02:51:49 [VisionSync] INFO Immatriculations: 10719 upsert
2026-09-27 02:51:49 [VisionSync] INFO Blacklist: 32 entrees syncees
2026-09-27 02:51:49 [VisionSync] INFO Sync terminee: 10719 immat, 32 blacklist
2026-09-27 02:53:39 [VisionSync] INFO === Demarrage sync Vision incremental ===
2026-09-27 02:53:43 [VisionSync] INFO Config syncee: GPF 2026
2026-09-27 02:57:23 [VisionSync] INFO Immatriculations: 10719 upsert
2026-09-27 02:57:23 [VisionSync] INFO Blacklist: 32 entrees syncees
2026-09-27 02:57:23 [VisionSync] INFO Sync terminee: 10719 immat, 32 blacklist
2026-09-27 02:58:14 [VisionSync] INFO === Demarrage sync Vision incremental ===
2026-09-27 02:58:18 [VisionSync] INFO Config syncee: GPF 2026
2026-09-27 03:01:54 [VisionSync] INFO Immatriculations: 10719 upsert
2026-09-27 03:01:54 [VisionSync] INFO Blacklist: 32 entrees syncees
2026-09-27 03:01:54 [VisionSync] INFO Sync terminee: 10719 immat, 32 blacklist
2026-09-27 03:03:14 [VisionSync] INFO === Demarrage sync Vision incremental ===
2026-09-27 03:03:20 [VisionSync] INFO Config syncee: GPF 2026
2026-09-27 03:06:44 [VisionSync] INFO Immatriculations: 10719 upsert
2026-09-27 03:06:44 [VisionSync] INFO Blacklist: 32 entrees syncees
2026-09-27 03:06:44 [VisionSync] INFO Sync terminee: 10719 immat, 32 blacklist
2026-09-27 03:08:44 [VisionSync] INFO === Demarrage sync Vision incremental ===
2026-09-27 03:08:51 [VisionSync] INFO Config syncee: GPF 2026
2026-09-27 03:12:00 [VisionSync] INFO Immatriculations: 10719 upsert
2026-09-27 03:12:01 [VisionSync] INFO Blacklist: 32 entrees syncees
2026-09-27 03:12:01 [VisionSync] INFO Sync terminee: 10719 immat, 32 blacklist
2026-09-27 03:13:44 [VisionSync] INFO === Demarrage sync Vision incremental ===
2026-09-27 03:13:49 [VisionSync] INFO Config syncee: GPF 2026
2026-09-27 03:17:10 [VisionSync] INFO Immatriculations: 10719 upsert
2026-09-27 03:17:10 [VisionSync] INFO Blacklist: 32 entrees syncees
2026-09-27 03:17:10 [VisionSync] INFO Sync terminee: 10719 immat, 32 blacklist
2026-09-27 03:18:14 [VisionSync] INFO === Demarrage sync Vision incremental ===
2026-09-27 03:18:18 [VisionSync] INFO Config syncee: GPF 2026
2026-09-27 03:21:46 [VisionSync] INFO Immatriculations: 10719 upsert
2026-09-27 03:21:47 [VisionSync] INFO Blacklist: 32 entrees syncees
2026-09-27 03:21:47 [VisionSync] INFO Sync terminee: 10719 immat, 32 blacklist
2026-09-27 03:23:14 [VisionSync] INFO === Demarrage sync Vision incremental ===
2026-09-27 03:23:17 [VisionSync] INFO Config syncee: GPF 2026
2026-09-27 03:26:27 [VisionSync] INFO Immatriculations: 10719 upsert
2026-09-27 03:26:27 [VisionSync] INFO Blacklist: 32 entrees syncees
2026-09-27 03:26:27 [VisionSync] INFO Sync terminee: 10719 immat, 32 blacklist
2026-09-27 03:28:24 [VisionSync] INFO === Demarrage sync Vision incremental ===
2026-09-27 03:28:27 [VisionSync] INFO Config syncee: GPF 2026
2026-09-27 03:31:21 [VisionSync] INFO Immatriculations: 10719 upsert
2026-09-27 03:31:21 [VisionSync] INFO Blacklist: 32 entrees syncees
2026-09-27 03:31:21 [VisionSync] INFO Sync terminee: 10719 immat, 32 blacklist
2026-09-27 03:33:14 [VisionSync] INFO === Demarrage sync Vision incremental ===
2026-09-27 03:33:19 [VisionSync] INFO Config syncee: GPF 2026
2026-09-27 03:36:17 [VisionSync] INFO Immatriculations: 10719 upsert
2026-09-27 03:36:17 [VisionSync] INFO Blacklist: 32 entrees syncees
2026-09-27 03:36:17 [VisionSync] INFO Sync terminee: 10719 immat, 32 blacklist
2026-09-27 03:38:44 [VisionSync] INFO === Demarrage sync Vision incremental ===
2026-09-27 03:38:47 [VisionSync] INFO Config syncee: GPF 2026
2026-09-27 03:41:45 [VisionSync] INFO Immatriculations: 10719 upsert
2026-09-27 03:41:46 [VisionSync] INFO Blacklist: 32 entrees syncees
2026-09-27 03:41:46 [VisionSync] INFO Sync terminee: 10719 immat, 32 blacklist
2026-09-27 03:43:39 [VisionSync] INFO === Demarrage sync Vision incremental ===
2026-09-27 03:43:48 [VisionSync] INFO Config syncee: GPF 2026
2026-09-27 03:46:51 [VisionSync] INFO Immatriculations: 10719 upsert
2026-09-27 03:46:51 [VisionSync] INFO Blacklist: 32 entrees syncees
2026-09-27 03:46:51 [VisionSync] INFO Sync terminee: 10719 immat, 32 blacklist
2026-09-27 03:48:39 [VisionSync] INFO === Demarrage sync Vision incremental ===
2026-09-27 03:48:43 [VisionSync] INFO Config syncee: GPF 2026
2026-09-27 03:51:59 [VisionSync] INFO Immatriculations: 10719 upsert
2026-09-27 03:52:00 [VisionSync] INFO Blacklist: 32 entrees syncees
2026-09-27 03:52:00 [VisionSync] INFO Sync terminee: 10719 immat, 32 blacklist
2026-09-27 03:53:24 [VisionSync] INFO === Demarrage sync Vision incremental ===
2026-09-27 03:53:29 [VisionSync] INFO Config syncee: GPF 2026
2026-09-27 03:57:00 [VisionSync] INFO Immatriculations: 10719 upsert
2026-09-27 03:57:01 [VisionSync] INFO Blacklist: 32 entrees syncees
2026-09-27 03:57:01 [VisionSync] INFO Sync terminee: 10719 immat, 32 blacklist
2026-09-27 03:58:14 [VisionSync] INFO === Demarrage sync Vision incremental ===
2026-09-27 03:58:20 [VisionSync] INFO Config syncee: GPF 2026
2026-09-27 04:01:44 [VisionSync] INFO Immatriculations: 10719 upsert
2026-09-27 04:01:44 [VisionSync] INFO Blacklist: 32 entrees syncees
2026-09-27 04:01:44 [VisionSync] INFO Sync terminee: 10719 immat, 32 blacklist
2026-09-27 04:03:14 [VisionSync] INFO === Demarrage sync Vision incremental ===
2026-09-27 04:03:22 [VisionSync] INFO Config syncee: GPF 2026
2026-09-27 04:06:50 [VisionSync] INFO Immatriculations: 10719 upsert
2026-09-27 04:06:51 [VisionSync] INFO Blacklist: 32 entrees syncees
2026-09-27 04:06:51 [VisionSync] INFO Sync terminee: 10719 immat, 32 blacklist
2026-09-27 04:08:24 [VisionSync] INFO === Demarrage sync Vision incremental ===
2026-09-27 04:08:26 [VisionSync] INFO Config syncee: GPF 2026
2026-09-27 04:12:03 [VisionSync] INFO Immatriculations: 10719 upsert
2026-09-27 04:12:03 [VisionSync] INFO Blacklist: 32 entrees syncees
2026-09-27 04:12:03 [VisionSync] INFO Sync terminee: 10719 immat, 32 blacklist
2026-09-27 04:13:39 [VisionSync] INFO === Demarrage sync Vision incremental ===
2026-09-27 04:13:45 [VisionSync] INFO Config syncee: GPF 2026
2026-09-27 04:17:20 [VisionSync] INFO Immatriculations: 10719 upsert
2026-09-27 04:17:20 [VisionSync] INFO Blacklist: 32 entrees syncees
2026-09-27 04:17:20 [VisionSync] INFO Sync terminee: 10719 immat, 32 blacklist
2026-09-27 04:18:14 [VisionSync] INFO === Demarrage sync Vision incremental ===
2026-09-27 04:18:21 [VisionSync] INFO Config syncee: GPF 2026
2026-09-27 04:21:37 [VisionSync] INFO Immatriculations: 10719 upsert
2026-09-27 04:21:37 [VisionSync] INFO Blacklist: 32 entrees syncees
2026-09-27 04:21:37 [VisionSync] INFO Sync terminee: 10719 immat, 32 blacklist
2026-09-27 04:23:44 [VisionSync] INFO === Demarrage sync Vision incremental ===
2026-09-27 04:23:49 [VisionSync] INFO Config syncee: GPF 2026
2026-09-27 04:26:50 [VisionSync] INFO Immatriculations: 10719 upsert
2026-09-27 04:26:50 [VisionSync] INFO Blacklist: 32 entrees syncees
2026-09-27 04:26:50 [VisionSync] INFO Sync terminee: 10719 immat, 32 blacklist
2026-09-27 04:28:39 [VisionSync] INFO === Demarrage sync Vision incremental ===
2026-09-27 04:28:43 [VisionSync] INFO Config syncee: GPF 2026
2026-09-27 04:31:45 [VisionSync] INFO Immatriculations: 10719 upsert
2026-09-27 04:31:45 [VisionSync] INFO Blacklist: 32 entrees syncees
2026-09-27 04:31:45 [VisionSync] INFO Sync terminee: 10719 immat, 32 blacklist
2026-09-27 04:33:14 [VisionSync] INFO === Demarrage sync Vision incremental ===
2026-09-27 04:33:19 [VisionSync] INFO Config syncee: GPF 2026
2026-09-27 04:36:23 [VisionSync] INFO Immatriculations: 10719 upsert
2026-09-27 04:36:23 [VisionSync] INFO Blacklist: 32 entrees syncees
2026-09-27 04:36:23 [VisionSync] INFO Sync terminee: 10719 immat, 32 blacklist
2026-09-27 04:38:44 [VisionSync] INFO === Demarrage sync Vision incremental ===
2026-09-27 04:38:49 [VisionSync] INFO Config syncee: GPF 2026
2026-09-27 04:41:32 [VisionSync] INFO Immatriculations: 10719 upsert
2026-09-27 04:41:32 [VisionSync] INFO Blacklist: 32 entrees syncees
2026-09-27 04:41:32 [VisionSync] INFO Sync terminee: 10719 immat, 32 blacklist
2026-09-27 04:43:39 [VisionSync] INFO === Demarrage sync Vision incremental ===
2026-09-27 04:43:43 [VisionSync] INFO Config syncee: GPF 2026
2026-09-27 04:46:33 [VisionSync] INFO Immatriculations: 10719 upsert
2026-09-27 04:46:33 [VisionSync] INFO Blacklist: 32 entrees syncees
2026-09-27 04:46:33 [VisionSync] INFO Sync terminee: 10719 immat, 32 blacklist
2026-09-27 04:48:14 [VisionSync] INFO === Demarrage sync Vision incremental ===
2026-09-27 04:48:17 [VisionSync] INFO Config syncee: GPF 2026
2026-09-27 04:51:26 [VisionSync] INFO Immatriculations: 10719 upsert
2026-09-27 04:51:26 [VisionSync] INFO Blacklist: 32 entrees syncees
2026-09-27 04:51:26 [VisionSync] INFO Sync terminee: 10719 immat, 32 blacklist
2026-09-27 04:53:39 [VisionSync] INFO === Demarrage sync Vision incremental ===
2026-09-27 04:53:44 [VisionSync] INFO Config syncee: GPF 2026
2026-09-27 04:57:05 [VisionSync] INFO Immatriculations: 10719 upsert
2026-09-27 04:57:06 [VisionSync] INFO Blacklist: 32 entrees syncees
2026-09-27 04:57:06 [VisionSync] INFO Sync terminee: 10719 immat, 32 blacklist
2026-09-27 04:58:14 [VisionSync] INFO === Demarrage sync Vision incremental ===
2026-09-27 04:58:18 [VisionSync] INFO Config syncee: GPF 2026
2026-09-27 05:01:31 [VisionSync] INFO Immatriculations: 10719 upsert
2026-09-27 05:01:31 [VisionSync] INFO Blacklist: 32 entrees syncees
2026-09-27 05:01:31 [VisionSync] INFO Sync terminee: 10719 immat, 32 blacklist
2026-09-27 05:03:14 [VisionSync] INFO === Demarrage sync Vision incremental ===
2026-09-27 05:03:17 [VisionSync] INFO Config syncee: GPF 2026
2026-09-27 05:06:16 [VisionSync] INFO Immatriculations: 10719 upsert
2026-09-27 05:06:16 [VisionSync] INFO Blacklist: 32 entrees syncees
2026-09-27 05:06:16 [VisionSync] INFO Sync terminee: 10719 immat, 32 blacklist
2026-09-27 05:08:44 [VisionSync] INFO === Demarrage sync Vision incremental ===
2026-09-27 05:08:48 [VisionSync] INFO Config syncee: GPF 2026
2026-09-27 05:12:01 [VisionSync] INFO Immatriculations: 10719 upsert
2026-09-27 05:12:02 [VisionSync] INFO Blacklist: 32 entrees syncees
2026-09-27 05:12:02 [VisionSync] INFO Sync terminee: 10719 immat, 32 blacklist
2026-09-27 05:13:39 [VisionSync] INFO === Demarrage sync Vision incremental ===
2026-09-27 05:13:44 [VisionSync] INFO Config syncee: GPF 2026
2026-09-27 05:16:57 [VisionSync] INFO Immatriculations: 10719 upsert
2026-09-27 05:16:57 [VisionSync] INFO Blacklist: 32 entrees syncees
2026-09-27 05:16:57 [VisionSync] INFO Sync terminee: 10719 immat, 32 blacklist
2026-09-27 05:18:24 [VisionSync] INFO === Demarrage sync Vision incremental ===
2026-09-27 05:18:26 [VisionSync] INFO Config syncee: GPF 2026
2026-09-27 05:21:38 [VisionSync] INFO Immatriculations: 10719 upsert
2026-09-27 05:21:38 [VisionSync] INFO Blacklist: 32 entrees syncees
2026-09-27 05:21:38 [VisionSync] INFO Sync terminee: 10719 immat, 32 blacklist
2026-09-27 05:23:29 [VisionSync] INFO === Demarrage sync Vision incremental ===
2026-09-27 05:23:31 [VisionSync] INFO Config syncee: GPF 2026
2026-09-27 05:26:55 [VisionSync] INFO Immatriculations: 10719 upsert
2026-09-27 05:26:55 [VisionSync] INFO Blacklist: 32 entrees syncees
2026-09-27 05:26:55 [VisionSync] INFO Sync terminee: 10719 immat, 32 blacklist
2026-09-27 05:28:14 [VisionSync] INFO === Demarrage sync Vision incremental ===
2026-09-27 05:28:17 [VisionSync] INFO Config syncee: GPF 2026
2026-09-27 05:31:40 [VisionSync] INFO Immatriculations: 10719 upsert
2026-09-27 05:31:40 [VisionSync] INFO Blacklist: 32 entrees syncees
2026-09-27 05:31:40 [VisionSync] INFO Sync terminee: 10719 immat, 32 blacklist
2026-09-27 05:33:14 [VisionSync] INFO === Demarrage sync Vision incremental ===
2026-09-27 05:33:17 [VisionSync] INFO Config syncee: GPF 2026
2026-09-27 05:36:54 [VisionSync] INFO Immatriculations: 10719 upsert
2026-09-27 05:36:55 [VisionSync] INFO Blacklist: 32 entrees syncees
2026-09-27 05:36:55 [VisionSync] INFO Sync terminee: 10719 immat, 32 blacklist
2026-09-27 05:38:29 [VisionSync] INFO === Demarrage sync Vision incremental ===
2026-09-27 05:38:31 [VisionSync] INFO Config syncee: GPF 2026
2026-09-27 05:42:07 [VisionSync] INFO Immatriculations: 10719 upsert
2026-09-27 05:42:07 [VisionSync] INFO Blacklist: 32 entrees syncees
2026-09-27 05:42:07 [VisionSync] INFO Sync terminee: 10719 immat, 32 blacklist
2026-09-27 05:43:39 [VisionSync] INFO === Demarrage sync Vision incremental ===
2026-09-27 05:43:44 [VisionSync] INFO Config syncee: GPF 2026
2026-09-27 05:47:26 [VisionSync] INFO Immatriculations: 10719 upsert
2026-09-27 05:47:27 [VisionSync] INFO Blacklist: 32 entrees syncees
2026-09-27 05:47:27 [VisionSync] INFO Sync terminee: 10719 immat, 32 blacklist
2026-09-27 05:48:14 [VisionSync] INFO === Demarrage sync Vision incremental ===
2026-09-27 05:48:18 [VisionSync] INFO Config syncee: GPF 2026
2026-09-27 05:52:13 [VisionSync] INFO Immatriculations: 10719 upsert
2026-09-27 05:52:13 [VisionSync] INFO Blacklist: 32 entrees syncees
2026-09-27 05:52:13 [VisionSync] INFO Sync terminee: 10719 immat, 32 blacklist
2026-09-27 05:53:44 [VisionSync] INFO === Demarrage sync Vision incremental ===
2026-09-27 05:53:49 [VisionSync] INFO Config syncee: GPF 2026
2026-09-27 05:57:13 [VisionSync] INFO Immatriculations: 10719 upsert
2026-09-27 05:57:13 [VisionSync] INFO Blacklist: 32 entrees syncees
2026-09-27 05:57:13 [VisionSync] INFO Sync terminee: 10719 immat, 32 blacklist
2026-09-27 05:58:14 [VisionSync] INFO === Demarrage sync Vision incremental ===
2026-09-27 05:58:17 [VisionSync] INFO Config syncee: GPF 2026
2026-09-27 06:01:21 [VisionSync] INFO Immatriculations: 10719 upsert
2026-09-27 06:01:21 [VisionSync] INFO Blacklist: 32 entrees syncees
2026-09-27 06:01:21 [VisionSync] INFO Sync terminee: 10719 immat, 32 blacklist
2026-09-27 06:03:14 [VisionSync] INFO === Demarrage sync Vision incremental ===
2026-09-27 06:03:19 [VisionSync] INFO Config syncee: GPF 2026
2026-09-27 06:06:32 [VisionSync] INFO Immatriculations: 10719 upsert
2026-09-27 06:06:32 [VisionSync] INFO Blacklist: 32 entrees syncees
2026-09-27 06:06:32 [VisionSync] INFO Sync terminee: 10719 immat, 32 blacklist
2026-09-27 06:08:29 [VisionSync] INFO === Demarrage sync Vision incremental ===
2026-09-27 06:08:30 [VisionSync] INFO Config syncee: GPF 2026
2026-09-27 06:11:47 [VisionSync] INFO Immatriculations: 10719 upsert
2026-09-27 06:11:47 [VisionSync] INFO Blacklist: 32 entrees syncees
2026-09-27 06:11:47 [VisionSync] INFO Sync terminee: 10719 immat, 32 blacklist
2026-09-27 06:13:44 [VisionSync] INFO === Demarrage sync Vision incremental ===
2026-09-27 06:13:49 [VisionSync] INFO Config syncee: GPF 2026
2026-09-27 06:16:33 [VisionSync] INFO Immatriculations: 10719 upsert
2026-09-27 06:16:33 [VisionSync] INFO Blacklist: 32 entrees syncees
2026-09-27 06:16:33 [VisionSync] INFO Sync terminee: 10719 immat, 32 blacklist
2026-09-27 06:18:14 [VisionSync] INFO === Demarrage sync Vision incremental ===
2026-09-27 06:18:21 [VisionSync] INFO Config syncee: GPF 2026
2026-09-27 06:21:04 [VisionSync] INFO Immatriculations: 10719 upsert
2026-09-27 06:21:04 [VisionSync] INFO Blacklist: 32 entrees syncees
2026-09-27 06:21:04 [VisionSync] INFO Sync terminee: 10719 immat, 32 blacklist
2026-09-27 06:23:44 [VisionSync] INFO === Demarrage sync Vision incremental ===
2026-09-27 06:23:55 [VisionSync] INFO Config syncee: GPF 2026
2026-09-27 06:26:47 [VisionSync] INFO Immatriculations: 10719 upsert
2026-09-27 06:26:47 [VisionSync] INFO Blacklist: 32 entrees syncees
2026-09-27 06:26:47 [VisionSync] INFO Sync terminee: 10719 immat, 32 blacklist
2026-09-27 06:28:29 [VisionSync] INFO === Demarrage sync Vision incremental ===
2026-09-27 06:28:31 [VisionSync] INFO Config syncee: GPF 2026
2026-09-27 06:31:25 [VisionSync] INFO Immatriculations: 10719 upsert
2026-09-27 06:31:25 [VisionSync] INFO Blacklist: 32 entrees syncees
2026-09-27 06:31:25 [VisionSync] INFO Sync terminee: 10719 immat, 32 blacklist
2026-09-27 06:33:39 [VisionSync] INFO === Demarrage sync Vision incremental ===
2026-09-27 06:33:50 [VisionSync] INFO Config syncee: GPF 2026
2026-09-27 06:36:40 [VisionSync] INFO Immatriculations: 10719 upsert
2026-09-27 06:36:41 [VisionSync] INFO Blacklist: 32 entrees syncees
2026-09-27 06:36:41 [VisionSync] INFO Sync terminee: 10719 immat, 32 blacklist
2026-09-27 06:38:44 [VisionSync] INFO === Demarrage sync Vision incremental ===
2026-09-27 06:38:51 [VisionSync] INFO Config syncee: GPF 2026
2026-09-27 06:41:38 [VisionSync] INFO Immatriculations: 10719 upsert
2026-09-27 06:41:38 [VisionSync] INFO Blacklist: 32 entrees syncees
2026-09-27 06:41:38 [VisionSync] INFO Sync terminee: 10719 immat, 32 blacklist
2026-09-27 06:43:29 [VisionSync] INFO === Demarrage sync Vision incremental ===
2026-09-27 06:43:31 [VisionSync] INFO Config syncee: GPF 2026
2026-09-27 06:46:19 [VisionSync] INFO Immatriculations: 10719 upsert
2026-09-27 06:46:20 [VisionSync] INFO Blacklist: 32 entrees syncees
2026-09-27 06:46:20 [VisionSync] INFO Sync terminee: 10719 immat, 32 blacklist
2026-09-27 06:48:14 [VisionSync] INFO === Demarrage sync Vision incremental ===
2026-09-27 06:48:17 [VisionSync] INFO Config syncee: GPF 2026
2026-09-27 06:51:15 [VisionSync] INFO Immatriculations: 10719 upsert
2026-09-27 06:51:16 [VisionSync] INFO Blacklist: 32 entrees syncees
2026-09-27 06:51:16 [VisionSync] INFO Sync terminee: 10719 immat, 32 blacklist
2026-09-27 06:53:29 [VisionSync] INFO === Demarrage sync Vision incremental ===
2026-09-27 06:53:35 [VisionSync] INFO Config syncee: GPF 2026
2026-09-27 06:56:46 [VisionSync] INFO Immatriculations: 10719 upsert
2026-09-27 06:56:47 [VisionSync] INFO Blacklist: 32 entrees syncees
2026-09-27 06:56:47 [VisionSync] INFO Sync terminee: 10719 immat, 32 blacklist
2026-09-27 06:58:14 [VisionSync] INFO === Demarrage sync Vision incremental ===
2026-09-27 06:58:21 [VisionSync] INFO Config syncee: GPF 2026
2026-09-27 07:01:35 [VisionSync] INFO Immatriculations: 10719 upsert
2026-09-27 07:01:36 [VisionSync] INFO Blacklist: 32 entrees syncees
2026-09-27 07:01:36 [VisionSync] INFO Sync terminee: 10719 immat, 32 blacklist
2026-09-27 07:03:14 [VisionSync] INFO === Demarrage sync Vision incremental ===
2026-09-27 07:03:17 [VisionSync] INFO Config syncee: GPF 2026
2026-09-27 07:06:21 [VisionSync] INFO Immatriculations: 10719 upsert
2026-09-27 07:06:21 [VisionSync] INFO Blacklist: 32 entrees syncees
2026-09-27 07:06:21 [VisionSync] INFO Sync terminee: 10719 immat, 32 blacklist
2026-09-27 07:08:24 [VisionSync] INFO === Demarrage sync Vision incremental ===
2026-09-27 07:08:27 [VisionSync] INFO Config syncee: GPF 2026
2026-09-27 07:11:26 [VisionSync] INFO Immatriculations: 10719 upsert
2026-09-27 07:11:26 [VisionSync] INFO Blacklist: 32 entrees syncees
2026-09-27 07:11:26 [VisionSync] INFO Sync terminee: 10719 immat, 32 blacklist
2026-09-27 07:13:39 [VisionSync] INFO === Demarrage sync Vision incremental ===
2026-09-27 07:13:49 [VisionSync] INFO Config syncee: GPF 2026
2026-09-27 07:16:47 [VisionSync] INFO Immatriculations: 10719 upsert
2026-09-27 07:16:47 [VisionSync] INFO Blacklist: 32 entrees syncees
2026-09-27 07:16:47 [VisionSync] INFO Sync terminee: 10719 immat, 32 blacklist
2026-09-27 07:18:14 [VisionSync] INFO === Demarrage sync Vision incremental ===
2026-09-27 07:18:22 [VisionSync] INFO Config syncee: GPF 2026
2026-09-27 07:21:29 [VisionSync] INFO Immatriculations: 10719 upsert
2026-09-27 07:21:29 [VisionSync] INFO Blacklist: 32 entrees syncees
2026-09-27 07:21:29 [VisionSync] INFO Sync terminee: 10719 immat, 32 blacklist
2026-09-27 07:23:44 [VisionSync] INFO === Demarrage sync Vision incremental ===
2026-09-27 07:23:54 [VisionSync] INFO Config syncee: GPF 2026
2026-09-27 07:27:14 [VisionSync] INFO Immatriculations: 10719 upsert
2026-09-27 07:27:14 [VisionSync] INFO Blacklist: 32 entrees syncees
2026-09-27 07:27:14 [VisionSync] INFO Sync terminee: 10719 immat, 32 blacklist
2026-09-27 07:28:14 [VisionSync] INFO === Demarrage sync Vision incremental ===
2026-09-27 07:28:22 [VisionSync] INFO Config syncee: GPF 2026
2026-09-27 07:31:16 [VisionSync] INFO Immatriculations: 10719 upsert
2026-09-27 07:31:16 [VisionSync] INFO Blacklist: 32 entrees syncees
2026-09-27 07:31:16 [VisionSync] INFO Sync terminee: 10719 immat, 32 blacklist
2026-09-27 07:33:14 [VisionSync] INFO === Demarrage sync Vision incremental ===
2026-09-27 07:33:21 [VisionSync] INFO Config syncee: GPF 2026
2026-09-27 07:36:16 [VisionSync] INFO Immatriculations: 10719 upsert
2026-09-27 07:36:16 [VisionSync] INFO Blacklist: 32 entrees syncees
2026-09-27 07:36:16 [VisionSync] INFO Sync terminee: 10719 immat, 32 blacklist
2026-09-27 07:38:44 [VisionSync] INFO === Demarrage sync Vision incremental ===
2026-09-27 07:38:51 [VisionSync] INFO Config syncee: GPF 2026
2026-09-27 07:41:39 [VisionSync] INFO Immatriculations: 10719 upsert
2026-09-27 07:41:39 [VisionSync] INFO Blacklist: 32 entrees syncees
2026-09-27 07:41:39 [VisionSync] INFO Sync terminee: 10719 immat, 32 blacklist
2026-09-27 07:43:39 [VisionSync] INFO === Demarrage sync Vision incremental ===
2026-09-27 07:43:49 [VisionSync] INFO Config syncee: GPF 2026
2026-09-27 07:46:40 [VisionSync] INFO Immatriculations: 10719 upsert
2026-09-27 07:46:40 [VisionSync] INFO Blacklist: 32 entrees syncees
2026-09-27 07:46:40 [VisionSync] INFO Sync terminee: 10719 immat, 32 blacklist
2026-09-27 07:48:29 [VisionSync] INFO === Demarrage sync Vision incremental ===
2026-09-27 07:48:31 [VisionSync] INFO Config syncee: GPF 2026
2026-09-27 07:51:40 [VisionSync] INFO Immatriculations: 10719 upsert
2026-09-27 07:51:40 [VisionSync] INFO Blacklist: 32 entrees syncees
2026-09-27 07:51:40 [VisionSync] INFO Sync terminee: 10719 immat, 32 blacklist
2026-09-27 07:53:44 [VisionSync] INFO === Demarrage sync Vision incremental ===
2026-09-27 07:53:49 [VisionSync] INFO Config syncee: GPF 2026
2026-09-27 07:56:57 [VisionSync] INFO Immatriculations: 10719 upsert
2026-09-27 07:56:57 [VisionSync] INFO Blacklist: 32 entrees syncees
2026-09-27 07:56:57 [VisionSync] INFO Sync terminee: 10719 immat, 32 blacklist
2026-09-27 07:58:14 [VisionSync] INFO === Demarrage sync Vision incremental ===
2026-09-27 07:58:21 [VisionSync] INFO Config syncee: GPF 2026
2026-09-27 08:01:05 [VisionSync] INFO Immatriculations: 10719 upsert
2026-09-27 08:01:06 [VisionSync] INFO Blacklist: 32 entrees syncees
2026-09-27 08:01:06 [VisionSync] INFO Sync terminee: 10719 immat, 32 blacklist
2026-09-27 08:03:14 [VisionSync] INFO === Demarrage sync Vision incremental ===
2026-09-27 08:03:21 [VisionSync] INFO Config syncee: GPF 2026
2026-09-27 08:06:12 [VisionSync] INFO Immatriculations: 10719 upsert
2026-09-27 08:06:12 [VisionSync] INFO Blacklist: 32 entrees syncees
2026-09-27 08:06:12 [VisionSync] INFO Sync terminee: 10719 immat, 32 blacklist
2026-09-27 08:08:44 [VisionSync] INFO === Demarrage sync Vision incremental ===
2026-09-27 08:08:51 [VisionSync] INFO Config syncee: GPF 2026
2026-09-27 08:11:40 [VisionSync] INFO Immatriculations: 10719 upsert
2026-09-27 08:11:40 [VisionSync] INFO Blacklist: 32 entrees syncees
2026-09-27 08:11:40 [VisionSync] INFO Sync terminee: 10719 immat, 32 blacklist
2026-09-27 08:13:39 [VisionSync] INFO === Demarrage sync Vision incremental ===
2026-09-27 08:13:49 [VisionSync] INFO Config syncee: GPF 2026
2026-09-27 08:16:48 [VisionSync] INFO Immatriculations: 10719 upsert
2026-09-27 08:16:48 [VisionSync] INFO Blacklist: 32 entrees syncees
2026-09-27 08:16:48 [VisionSync] INFO Sync terminee: 10719 immat, 32 blacklist
2026-09-27 08:18:14 [VisionSync] INFO === Demarrage sync Vision incremental ===
2026-09-27 08:18:21 [VisionSync] INFO Config syncee: GPF 2026
2026-09-27 08:21:28 [VisionSync] INFO Immatriculations: 10719 upsert
2026-09-27 08:21:28 [VisionSync] INFO Blacklist: 32 entrees syncees
2026-09-27 08:21:28 [VisionSync] INFO Sync terminee: 10719 immat, 32 blacklist
2026-09-27 08:23:44 [VisionSync] INFO === Demarrage sync Vision incremental ===
2026-09-27 08:23:55 [VisionSync] INFO Config syncee: GPF 2026
2026-09-27 08:27:17 [VisionSync] INFO Immatriculations: 10719 upsert
2026-09-27 08:27:17 [VisionSync] INFO Blacklist: 32 entrees syncees
2026-09-27 08:27:17 [VisionSync] INFO Sync terminee: 10719 immat, 32 blacklist
2026-09-27 08:28:14 [VisionSync] INFO === Demarrage sync Vision incremental ===
2026-09-27 08:28:21 [VisionSync] INFO Config syncee: GPF 2026
2026-09-27 08:31:27 [VisionSync] INFO Immatriculations: 10719 upsert
2026-09-27 08:31:27 [VisionSync] INFO Blacklist: 32 entrees syncees
2026-09-27 08:31:27 [VisionSync] INFO Sync terminee: 10719 immat, 32 blacklist
2026-09-27 08:33:14 [VisionSync] INFO === Demarrage sync Vision incremental ===
2026-09-27 08:33:28 [VisionSync] INFO Config syncee: GPF 2026
2026-09-27 08:36:42 [VisionSync] INFO Immatriculations: 10719 upsert
2026-09-27 08:36:43 [VisionSync] INFO Blacklist: 32 entrees syncees
2026-09-27 08:36:43 [VisionSync] INFO Sync terminee: 10719 immat, 32 blacklist
2026-09-27 08:38:24 [VisionSync] INFO === Demarrage sync Vision incremental ===
2026-09-27 08:38:31 [VisionSync] INFO Config syncee: GPF 2026
2026-09-27 08:41:42 [VisionSync] INFO Immatriculations: 10719 upsert
2026-09-27 08:41:43 [VisionSync] INFO Blacklist: 32 entrees syncees
2026-09-27 08:41:43 [VisionSync] INFO Sync terminee: 10719 immat, 32 blacklist
2026-09-27 08:43:39 [VisionSync] INFO === Demarrage sync Vision incremental ===
2026-09-27 08:43:52 [VisionSync] INFO Config syncee: GPF 2026
2026-09-27 08:47:08 [VisionSync] INFO Immatriculations: 10719 upsert
2026-09-27 08:47:08 [VisionSync] INFO Blacklist: 32 entrees syncees
2026-09-27 08:47:08 [VisionSync] INFO Sync terminee: 10719 immat, 32 blacklist
2026-09-27 08:48:14 [VisionSync] INFO === Demarrage sync Vision incremental ===
2026-09-27 08:48:19 [VisionSync] INFO Config syncee: GPF 2026
2026-09-27 08:51:34 [VisionSync] INFO Immatriculations: 10719 upsert
2026-09-27 08:51:35 [VisionSync] INFO Blacklist: 32 entrees syncees
2026-09-27 08:51:35 [VisionSync] INFO Sync terminee: 10719 immat, 32 blacklist
2026-09-27 08:53:29 [VisionSync] INFO === Demarrage sync Vision incremental ===
2026-09-27 08:53:31 [VisionSync] INFO Config syncee: GPF 2026
2026-09-27 08:56:49 [VisionSync] INFO Immatriculations: 10719 upsert
2026-09-27 08:56:49 [VisionSync] INFO Blacklist: 32 entrees syncees
2026-09-27 08:56:49 [VisionSync] INFO Sync terminee: 10719 immat, 32 blacklist
2026-09-27 08:58:14 [VisionSync] INFO === Demarrage sync Vision incremental ===
2026-09-27 08:58:21 [VisionSync] INFO Config syncee: GPF 2026
2026-09-27 09:01:23 [VisionSync] INFO Immatriculations: 10719 upsert
2026-09-27 09:01:23 [VisionSync] INFO Blacklist: 32 entrees syncees
2026-09-27 09:01:23 [VisionSync] INFO Sync terminee: 10719 immat, 32 blacklist
2026-09-27 09:03:39 [VisionSync] INFO === Demarrage sync Vision incremental ===
2026-09-27 09:03:51 [VisionSync] INFO Config syncee: GPF 2026
2026-09-27 09:06:45 [VisionSync] INFO Immatriculations: 10719 upsert
2026-09-27 09:06:45 [VisionSync] INFO Blacklist: 32 entrees syncees
2026-09-27 09:06:45 [VisionSync] INFO Sync terminee: 10719 immat, 32 blacklist
2026-09-27 09:08:44 [VisionSync] INFO === Demarrage sync Vision incremental ===
2026-09-27 09:08:51 [VisionSync] INFO Config syncee: GPF 2026
2026-09-27 09:11:57 [VisionSync] INFO Immatriculations: 10719 upsert
2026-09-27 09:11:58 [VisionSync] INFO Blacklist: 32 entrees syncees
2026-09-27 09:11:58 [VisionSync] INFO Sync terminee: 10719 immat, 32 blacklist
2026-09-27 09:13:44 [VisionSync] INFO === Demarrage sync Vision incremental ===
2026-09-27 09:13:54 [VisionSync] INFO Config syncee: GPF 2026
2026-09-27 09:16:31 [VisionSync] INFO Immatriculations: 10719 upsert
2026-09-27 09:16:32 [VisionSync] INFO Blacklist: 32 entrees syncees
2026-09-27 09:16:32 [VisionSync] INFO Sync terminee: 10719 immat, 32 blacklist
2026-09-27 09:18:14 [VisionSync] INFO === Demarrage sync Vision incremental ===
2026-09-27 09:18:22 [VisionSync] INFO Config syncee: GPF 2026
2026-09-27 09:21:12 [VisionSync] INFO Immatriculations: 10719 upsert
2026-09-27 09:21:12 [VisionSync] INFO Blacklist: 32 entrees syncees
2026-09-27 09:21:12 [VisionSync] INFO Sync terminee: 10719 immat, 32 blacklist
2026-09-27 09:23:44 [VisionSync] INFO === Demarrage sync Vision incremental ===
2026-09-27 09:23:54 [VisionSync] INFO Config syncee: GPF 2026
2026-09-27 09:26:59 [VisionSync] INFO Immatriculations: 10719 upsert
2026-09-27 09:26:59 [VisionSync] INFO Blacklist: 32 entrees syncees
2026-09-27 09:26:59 [VisionSync] INFO Sync terminee: 10719 immat, 32 blacklist
2026-09-27 09:28:14 [VisionSync] INFO === Demarrage sync Vision incremental ===
2026-09-27 09:28:22 [VisionSync] INFO Config syncee: GPF 2026
2026-09-27 09:31:24 [VisionSync] INFO Immatriculations: 10719 upsert
2026-09-27 09:31:25 [VisionSync] INFO Blacklist: 32 entrees syncees
2026-09-27 09:31:25 [VisionSync] INFO Sync terminee: 10719 immat, 32 blacklist
2026-09-27 09:33:24 [VisionSync] INFO === Demarrage sync Vision incremental ===
2026-09-27 09:33:30 [VisionSync] INFO Config syncee: GPF 2026
2026-09-27 09:36:25 [VisionSync] INFO Immatriculations: 10719 upsert
2026-09-27 09:36:25 [VisionSync] INFO Blacklist: 32 entrees syncees
2026-09-27 09:36:25 [VisionSync] INFO Sync terminee: 10719 immat, 32 blacklist
2026-09-27 09:38:44 [VisionSync] INFO === Demarrage sync Vision incremental ===
2026-09-27 09:38:51 [VisionSync] INFO Config syncee: GPF 2026
2026-09-27 09:41:55 [VisionSync] INFO Immatriculations: 10719 upsert
2026-09-27 09:41:55 [VisionSync] INFO Blacklist: 32 entrees syncees
2026-09-27 09:41:55 [VisionSync] INFO Sync terminee: 10719 immat, 32 blacklist
2026-09-27 09:43:39 [VisionSync] INFO === Demarrage sync Vision incremental ===
2026-09-27 09:43:49 [VisionSync] INFO Config syncee: GPF 2026
2026-09-27 09:47:00 [VisionSync] INFO Immatriculations: 10719 upsert
2026-09-27 09:47:01 [VisionSync] INFO Blacklist: 32 entrees syncees
2026-09-27 09:47:01 [VisionSync] INFO Sync terminee: 10719 immat, 32 blacklist
2026-09-27 09:48:14 [VisionSync] INFO === Demarrage sync Vision incremental ===
2026-09-27 09:48:17 [VisionSync] INFO Config syncee: GPF 2026
2026-09-27 09:51:41 [VisionSync] INFO Immatriculations: 10719 upsert
2026-09-27 09:51:41 [VisionSync] INFO Blacklist: 32 entrees syncees
2026-09-27 09:51:41 [VisionSync] INFO Sync terminee: 10719 immat, 32 blacklist
2026-09-27 09:53:24 [VisionSync] INFO === Demarrage sync Vision incremental ===
2026-09-27 09:53:27 [VisionSync] INFO Config syncee: GPF 2026
2026-09-27 09:56:39 [VisionSync] INFO Immatriculations: 10719 upsert
2026-09-27 09:56:39 [VisionSync] INFO Blacklist: 32 entrees syncees
2026-09-27 09:56:39 [VisionSync] INFO Sync terminee: 10719 immat, 32 blacklist
2026-09-27 09:58:39 [VisionSync] INFO === Demarrage sync Vision incremental ===
2026-09-27 09:58:46 [VisionSync] INFO Config syncee: GPF 2026
2026-09-27 10:01:56 [VisionSync] INFO Immatriculations: 10719 upsert
2026-09-27 10:01:57 [VisionSync] INFO Blacklist: 32 entrees syncees
2026-09-27 10:01:57 [VisionSync] INFO Sync terminee: 10719 immat, 32 blacklist
2026-09-27 10:03:14 [VisionSync] INFO === Demarrage sync Vision incremental ===
2026-09-27 10:03:20 [VisionSync] INFO Config syncee: GPF 2026
2026-09-27 10:06:13 [VisionSync] INFO Immatriculations: 10719 upsert
2026-09-27 10:06:13 [VisionSync] INFO Blacklist: 32 entrees syncees
2026-09-27 10:06:13 [VisionSync] INFO Sync terminee: 10719 immat, 32 blacklist
2026-09-27 10:08:44 [VisionSync] INFO === Demarrage sync Vision incremental ===
2026-09-27 10:08:51 [VisionSync] INFO Config syncee: GPF 2026
2026-09-27 10:11:26 [VisionSync] INFO Immatriculations: 10719 upsert
2026-09-27 10:11:26 [VisionSync] INFO Blacklist: 32 entrees syncees
2026-09-27 10:11:26 [VisionSync] INFO Sync terminee: 10719 immat, 32 blacklist
2026-09-27 10:13:44 [VisionSync] INFO === Demarrage sync Vision incremental ===
2026-09-27 10:13:55 [VisionSync] INFO Config syncee: GPF 2026
2026-09-27 10:16:29 [VisionSync] INFO Immatriculations: 10719 upsert
2026-09-27 10:16:29 [VisionSync] INFO Blacklist: 32 entrees syncees
2026-09-27 10:16:29 [VisionSync] INFO Sync terminee: 10719 immat, 32 blacklist
2026-09-27 10:18:14 [VisionSync] INFO === Demarrage sync Vision incremental ===
2026-09-27 10:18:23 [VisionSync] INFO Config syncee: GPF 2026
2026-09-27 10:21:10 [VisionSync] INFO Immatriculations: 10719 upsert
2026-09-27 10:21:10 [VisionSync] INFO Blacklist: 32 entrees syncees
2026-09-27 10:21:10 [VisionSync] INFO Sync terminee: 10719 immat, 32 blacklist
2026-09-27 10:23:44 [VisionSync] INFO === Demarrage sync Vision incremental ===
2026-09-27 10:23:54 [VisionSync] INFO Config syncee: GPF 2026
2026-09-27 10:26:57 [VisionSync] INFO Immatriculations: 10719 upsert
2026-09-27 10:26:57 [VisionSync] INFO Blacklist: 32 entrees syncees
2026-09-27 10:26:57 [VisionSync] INFO Sync terminee: 10719 immat, 32 blacklist
2026-09-27 10:28:14 [VisionSync] INFO === Demarrage sync Vision incremental ===
2026-09-27 10:28:22 [VisionSync] INFO Config syncee: GPF 2026
2026-09-27 10:31:22 [VisionSync] INFO Immatriculations: 10719 upsert
2026-09-27 10:31:22 [VisionSync] INFO Blacklist: 32 entrees syncees
2026-09-27 10:31:22 [VisionSync] INFO Sync terminee: 10719 immat, 32 blacklist
2026-09-27 10:33:24 [VisionSync] INFO === Demarrage sync Vision incremental ===
2026-09-27 10:33:27 [VisionSync] INFO Config syncee: GPF 2026
2026-09-27 10:36:31 [VisionSync] INFO Immatriculations: 10719 upsert
2026-09-27 10:36:31 [VisionSync] INFO Blacklist: 32 entrees syncees
2026-09-27 10:36:31 [VisionSync] INFO Sync terminee: 10719 immat, 32 blacklist
2026-09-27 10:38:44 [VisionSync] INFO === Demarrage sync Vision incremental ===
2026-09-27 10:38:51 [VisionSync] INFO Config syncee: GPF 2026
2026-09-27 10:42:02 [VisionSync] INFO Immatriculations: 10719 upsert
2026-09-27 10:42:03 [VisionSync] INFO Blacklist: 32 entrees syncees
2026-09-27 10:42:03 [VisionSync] INFO Sync terminee: 10719 immat, 32 blacklist
2026-09-27 10:43:39 [VisionSync] INFO === Demarrage sync Vision incremental ===
2026-09-27 10:43:50 [VisionSync] INFO Config syncee: GPF 2026
2026-09-27 10:47:06 [VisionSync] INFO Immatriculations: 10719 upsert
2026-09-27 10:47:07 [VisionSync] INFO Blacklist: 32 entrees syncees
2026-09-27 10:47:07 [VisionSync] INFO Sync terminee: 10719 immat, 32 blacklist
2026-09-27 10:48:14 [VisionSync] INFO === Demarrage sync Vision incremental ===
2026-09-27 10:48:17 [VisionSync] INFO Config syncee: GPF 2026
2026-09-27 10:51:35 [VisionSync] INFO Immatriculations: 10719 upsert
2026-09-27 10:51:35 [VisionSync] INFO Blacklist: 32 entrees syncees
2026-09-27 10:51:35 [VisionSync] INFO Sync terminee: 10719 immat, 32 blacklist
2026-09-27 10:53:29 [VisionSync] INFO === Demarrage sync Vision incremental ===
2026-09-27 10:53:35 [VisionSync] INFO Config syncee: GPF 2026
2026-09-27 10:57:10 [VisionSync] INFO Immatriculations: 10719 upsert
2026-09-27 10:57:11 [VisionSync] INFO Blacklist: 32 entrees syncees
2026-09-27 10:57:11 [VisionSync] INFO Sync terminee: 10719 immat, 32 blacklist
2026-09-27 10:58:29 [VisionSync] INFO === Demarrage sync Vision incremental ===
2026-09-27 10:58:35 [VisionSync] INFO Config syncee: GPF 2026
2026-09-27 11:01:45 [VisionSync] INFO Immatriculations: 10719 upsert
2026-09-27 11:01:45 [VisionSync] INFO Blacklist: 32 entrees syncees
2026-09-27 11:01:45 [VisionSync] INFO Sync terminee: 10719 immat, 32 blacklist
2026-09-27 11:03:14 [VisionSync] INFO === Demarrage sync Vision incremental ===
2026-09-27 11:03:25 [VisionSync] INFO Config syncee: GPF 2026
2026-09-27 11:05:53 [VisionSync] INFO Immatriculations: 10719 upsert
2026-09-27 11:05:53 [VisionSync] INFO Blacklist: 32 entrees syncees
2026-09-27 11:05:53 [VisionSync] INFO Sync terminee: 10719 immat, 32 blacklist
2026-09-27 11:08:39 [VisionSync] INFO === Demarrage sync Vision incremental ===
2026-09-27 11:08:48 [VisionSync] INFO Config syncee: GPF 2026
2026-09-27 11:11:10 [VisionSync] INFO Immatriculations: 10719 upsert
2026-09-27 11:11:11 [VisionSync] INFO Blacklist: 32 entrees syncees
2026-09-27 11:11:11 [VisionSync] INFO Sync terminee: 10719 immat, 32 blacklist
2026-09-27 11:13:39 [VisionSync] INFO === Demarrage sync Vision incremental ===
2026-09-27 11:13:49 [VisionSync] INFO Config syncee: GPF 2026
2026-09-27 11:16:22 [VisionSync] INFO Immatriculations: 10719 upsert
2026-09-27 11:16:22 [VisionSync] INFO Blacklist: 32 entrees syncees
2026-09-27 11:16:22 [VisionSync] INFO Sync terminee: 10719 immat, 32 blacklist
2026-09-27 11:18:14 [VisionSync] INFO === Demarrage sync Vision incremental ===
2026-09-27 11:18:21 [VisionSync] INFO Config syncee: GPF 2026
2026-09-27 11:21:01 [VisionSync] INFO Immatriculations: 10719 upsert
2026-09-27 11:21:02 [VisionSync] INFO Blacklist: 32 entrees syncees
2026-09-27 11:21:02 [VisionSync] INFO Sync terminee: 10719 immat, 32 blacklist
2026-09-27 11:23:44 [VisionSync] INFO === Demarrage sync Vision incremental ===
2026-09-27 11:23:54 [VisionSync] INFO Config syncee: GPF 2026
2026-09-27 11:26:47 [VisionSync] INFO Immatriculations: 10719 upsert
2026-09-27 11:26:47 [VisionSync] INFO Blacklist: 32 entrees syncees
2026-09-27 11:26:47 [VisionSync] INFO Sync terminee: 10719 immat, 32 blacklist
2026-09-27 11:28:14 [VisionSync] INFO === Demarrage sync Vision incremental ===
2026-09-27 11:28:21 [VisionSync] INFO Config syncee: GPF 2026
2026-09-27 11:31:18 [VisionSync] INFO Immatriculations: 10719 upsert
2026-09-27 11:31:18 [VisionSync] INFO Blacklist: 32 entrees syncees
2026-09-27 11:31:18 [VisionSync] INFO Sync terminee: 10719 immat, 32 blacklist
2026-09-27 11:33:24 [VisionSync] INFO === Demarrage sync Vision incremental ===
2026-09-27 11:33:27 [VisionSync] INFO Config syncee: GPF 2026
2026-09-27 11:36:22 [VisionSync] INFO Immatriculations: 10719 upsert
2026-09-27 11:36:22 [VisionSync] INFO Blacklist: 32 entrees syncees
2026-09-27 11:36:22 [VisionSync] INFO Sync terminee: 10719 immat, 32 blacklist
2026-09-27 11:38:29 [VisionSync] INFO === Demarrage sync Vision incremental ===
2026-09-27 11:38:37 [VisionSync] INFO Config syncee: GPF 2026
2026-09-27 11:41:21 [VisionSync] INFO Immatriculations: 10719 upsert
2026-09-27 11:41:22 [VisionSync] INFO Blacklist: 32 entrees syncees
2026-09-27 11:41:22 [VisionSync] INFO Sync terminee: 10719 immat, 32 blacklist
2026-09-27 11:43:39 [VisionSync] INFO === Demarrage sync Vision incremental ===
2026-09-27 11:43:51 [VisionSync] INFO Config syncee: GPF 2026
2026-09-27 11:46:30 [VisionSync] INFO Immatriculations: 10719 upsert
2026-09-27 11:46:31 [VisionSync] INFO Blacklist: 32 entrees syncees
2026-09-27 11:46:31 [VisionSync] INFO Sync terminee: 10719 immat, 32 blacklist
2026-09-27 11:48:14 [VisionSync] INFO === Demarrage sync Vision incremental ===
2026-09-27 11:48:16 [VisionSync] INFO Config syncee: GPF 2026
2026-09-27 11:51:03 [VisionSync] INFO Immatriculations: 10719 upsert
2026-09-27 11:51:03 [VisionSync] INFO Blacklist: 32 entrees syncees
2026-09-27 11:51:03 [VisionSync] INFO Sync terminee: 10719 immat, 32 blacklist
2026-09-27 11:53:24 [VisionSync] INFO === Demarrage sync Vision incremental ===
2026-09-27 11:53:27 [VisionSync] INFO Config syncee: GPF 2026
2026-09-27 11:56:21 [VisionSync] INFO Immatriculations: 10719 upsert
2026-09-27 11:56:21 [VisionSync] INFO Blacklist: 32 entrees syncees
2026-09-27 11:56:21 [VisionSync] INFO Sync terminee: 10719 immat, 32 blacklist
2026-09-27 11:58:39 [VisionSync] INFO === Demarrage sync Vision incremental ===
2026-09-27 11:58:46 [VisionSync] INFO Config syncee: GPF 2026
2026-09-27 12:02:00 [VisionSync] INFO Immatriculations: 10719 upsert
2026-09-27 12:02:01 [VisionSync] INFO Blacklist: 32 entrees syncees
2026-09-27 12:02:01 [VisionSync] INFO Sync terminee: 10719 immat, 32 blacklist
2026-09-27 12:03:14 [VisionSync] INFO === Demarrage sync Vision incremental ===
2026-09-27 12:03:24 [VisionSync] INFO Config syncee: GPF 2026
2026-09-27 12:06:56 [VisionSync] INFO Immatriculations: 10719 upsert
2026-09-27 12:06:56 [VisionSync] INFO Blacklist: 32 entrees syncees
2026-09-27 12:06:56 [VisionSync] INFO Sync terminee: 10719 immat, 32 blacklist
2026-09-27 12:08:44 [VisionSync] INFO === Demarrage sync Vision incremental ===
2026-09-27 12:08:51 [VisionSync] INFO Config syncee: GPF 2026
2026-09-27 12:12:29 [VisionSync] INFO Immatriculations: 10719 upsert
2026-09-27 12:12:29 [VisionSync] INFO Blacklist: 32 entrees syncees
2026-09-27 12:12:29 [VisionSync] INFO Sync terminee: 10719 immat, 32 blacklist
2026-09-27 12:13:29 [VisionSync] INFO === Demarrage sync Vision incremental ===
2026-09-27 12:13:32 [VisionSync] INFO Config syncee: GPF 2026
2026-09-27 12:17:11 [VisionSync] INFO Immatriculations: 10719 upsert
2026-09-27 12:17:12 [VisionSync] INFO Blacklist: 32 entrees syncees
2026-09-27 12:17:12 [VisionSync] INFO Sync terminee: 10719 immat, 32 blacklist
2026-09-27 12:18:14 [VisionSync] INFO === Demarrage sync Vision incremental ===
2026-09-27 12:18:21 [VisionSync] INFO Config syncee: GPF 2026
2026-09-27 12:22:15 [VisionSync] INFO Immatriculations: 10719 upsert
2026-09-27 12:22:15 [VisionSync] INFO Blacklist: 32 entrees syncees
2026-09-27 12:22:15 [VisionSync] INFO Sync terminee: 10719 immat, 32 blacklist
2026-09-27 12:23:24 [VisionSync] INFO === Demarrage sync Vision incremental ===
2026-09-27 12:23:27 [VisionSync] INFO Config syncee: GPF 2026
2026-09-27 12:27:28 [VisionSync] INFO Immatriculations: 10719 upsert
2026-09-27 12:27:29 [VisionSync] INFO Blacklist: 32 entrees syncees
2026-09-27 12:27:29 [VisionSync] INFO Sync terminee: 10719 immat, 32 blacklist
2026-09-27 12:28:39 [VisionSync] INFO === Demarrage sync Vision incremental ===
2026-09-27 12:28:46 [VisionSync] INFO Config syncee: GPF 2026
2026-09-27 12:32:22 [VisionSync] INFO Immatriculations: 10719 upsert
2026-09-27 12:32:22 [VisionSync] INFO Blacklist: 32 entrees syncees
2026-09-27 12:32:22 [VisionSync] INFO Sync terminee: 10719 immat, 32 blacklist
2026-09-27 12:33:29 [VisionSync] INFO === Demarrage sync Vision incremental ===
2026-09-27 12:33:31 [VisionSync] INFO Config syncee: GPF 2026
2026-09-27 12:36:51 [VisionSync] INFO Immatriculations: 10719 upsert
2026-09-27 12:36:51 [VisionSync] INFO Blacklist: 32 entrees syncees
2026-09-27 12:36:51 [VisionSync] INFO Sync terminee: 10719 immat, 32 blacklist
2026-09-27 12:38:44 [VisionSync] INFO === Demarrage sync Vision incremental ===
2026-09-27 12:38:51 [VisionSync] INFO Config syncee: GPF 2026
2026-09-27 12:41:57 [VisionSync] INFO Immatriculations: 10719 upsert
2026-09-27 12:41:57 [VisionSync] INFO Blacklist: 32 entrees syncees
2026-09-27 12:41:57 [VisionSync] INFO Sync terminee: 10719 immat, 32 blacklist
2026-09-27 12:43:29 [VisionSync] INFO === Demarrage sync Vision incremental ===
2026-09-27 12:43:31 [VisionSync] INFO Config syncee: GPF 2026
2026-09-27 12:46:43 [VisionSync] INFO Immatriculations: 10719 upsert
2026-09-27 12:46:44 [VisionSync] INFO Blacklist: 32 entrees syncees
2026-09-27 12:46:44 [VisionSync] INFO Sync terminee: 10719 immat, 32 blacklist
2026-09-27 12:48:14 [VisionSync] INFO === Demarrage sync Vision incremental ===
2026-09-27 12:48:21 [VisionSync] INFO Config syncee: GPF 2026
2026-09-27 12:51:31 [VisionSync] INFO Immatriculations: 10719 upsert
2026-09-27 12:51:32 [VisionSync] INFO Blacklist: 32 entrees syncees
2026-09-27 12:51:32 [VisionSync] INFO Sync terminee: 10719 immat, 32 blacklist
2026-09-27 12:53:24 [VisionSync] INFO === Demarrage sync Vision incremental ===
2026-09-27 12:53:27 [VisionSync] INFO Config syncee: GPF 2026
2026-09-27 12:56:41 [VisionSync] INFO Immatriculations: 10719 upsert
2026-09-27 12:56:41 [VisionSync] INFO Blacklist: 32 entrees syncees
2026-09-27 12:56:41 [VisionSync] INFO Sync terminee: 10719 immat, 32 blacklist
2026-09-27 12:58:39 [VisionSync] INFO === Demarrage sync Vision incremental ===
2026-09-27 12:58:47 [VisionSync] INFO Config syncee: GPF 2026
2026-09-27 13:01:59 [VisionSync] INFO Immatriculations: 10719 upsert
2026-09-27 13:01:59 [VisionSync] INFO Blacklist: 32 entrees syncees
2026-09-27 13:01:59 [VisionSync] INFO Sync terminee: 10719 immat, 32 blacklist
2026-09-27 13:03:29 [VisionSync] INFO === Demarrage sync Vision incremental ===
2026-09-27 13:03:35 [VisionSync] INFO Config syncee: GPF 2026
2026-09-27 13:06:39 [VisionSync] INFO Immatriculations: 10719 upsert
2026-09-27 13:06:39 [VisionSync] INFO Blacklist: 32 entrees syncees
2026-09-27 13:06:39 [VisionSync] INFO Sync terminee: 10719 immat, 32 blacklist
2026-09-27 13:08:44 [VisionSync] INFO === Demarrage sync Vision incremental ===
2026-09-27 13:08:51 [VisionSync] INFO Config syncee: GPF 2026
2026-09-27 13:11:56 [VisionSync] INFO Immatriculations: 10719 upsert
2026-09-27 13:11:56 [VisionSync] INFO Blacklist: 32 entrees syncees
2026-09-27 13:11:56 [VisionSync] INFO Sync terminee: 10719 immat, 32 blacklist
2026-09-27 13:13:29 [VisionSync] INFO === Demarrage sync Vision incremental ===
2026-09-27 13:13:35 [VisionSync] INFO Config syncee: GPF 2026
2026-09-27 13:16:55 [VisionSync] INFO Immatriculations: 10719 upsert
2026-09-27 13:16:56 [VisionSync] INFO Blacklist: 32 entrees syncees
2026-09-27 13:16:56 [VisionSync] INFO Sync terminee: 10719 immat, 32 blacklist
2026-09-27 13:18:14 [VisionSync] INFO === Demarrage sync Vision incremental ===
2026-09-27 13:18:22 [VisionSync] INFO Config syncee: GPF 2026
2026-09-27 13:21:46 [VisionSync] INFO Immatriculations: 10719 upsert
2026-09-27 13:21:47 [VisionSync] INFO Blacklist: 32 entrees syncees
2026-09-27 13:21:47 [VisionSync] INFO Sync terminee: 10719 immat, 32 blacklist
2026-09-27 13:23:44 [VisionSync] INFO === Demarrage sync Vision incremental ===
2026-09-27 13:23:54 [VisionSync] INFO Config syncee: GPF 2026
2026-09-27 13:27:28 [VisionSync] INFO Immatriculations: 10719 upsert
2026-09-27 13:27:28 [VisionSync] INFO Blacklist: 32 entrees syncees
2026-09-27 13:27:28 [VisionSync] INFO Sync terminee: 10719 immat, 32 blacklist
2026-09-27 13:28:14 [VisionSync] INFO === Demarrage sync Vision incremental ===
2026-09-27 13:28:21 [VisionSync] INFO Config syncee: GPF 2026
2026-09-27 13:31:56 [VisionSync] INFO Immatriculations: 10719 upsert
2026-09-27 13:31:56 [VisionSync] INFO Blacklist: 32 entrees syncees
2026-09-27 13:31:56 [VisionSync] INFO Sync terminee: 10719 immat, 32 blacklist
2026-09-27 13:33:14 [VisionSync] INFO === Demarrage sync Vision incremental ===
2026-09-27 13:33:20 [VisionSync] INFO Config syncee: GPF 2026
2026-09-27 13:36:34 [VisionSync] INFO Immatriculations: 10719 upsert
2026-09-27 13:36:34 [VisionSync] INFO Blacklist: 32 entrees syncees
2026-09-27 13:36:34 [VisionSync] INFO Sync terminee: 10719 immat, 32 blacklist
2026-09-27 13:38:39 [VisionSync] INFO === Demarrage sync Vision incremental ===
2026-09-27 13:38:47 [VisionSync] INFO Config syncee: GPF 2026
2026-09-27 13:42:02 [VisionSync] INFO Immatriculations: 10719 upsert
2026-09-27 13:42:02 [VisionSync] INFO Blacklist: 32 entrees syncees
2026-09-27 13:42:02 [VisionSync] INFO Sync terminee: 10719 immat, 32 blacklist
2026-09-27 13:43:39 [VisionSync] INFO === Demarrage sync Vision incremental ===
2026-09-27 13:43:50 [VisionSync] INFO Config syncee: GPF 2026
2026-09-27 13:46:51 [VisionSync] INFO Immatriculations: 10719 upsert
2026-09-27 13:46:52 [VisionSync] INFO Blacklist: 32 entrees syncees
2026-09-27 13:46:52 [VisionSync] INFO Sync terminee: 10719 immat, 32 blacklist
2026-09-27 13:48:14 [VisionSync] INFO === Demarrage sync Vision incremental ===
2026-09-27 13:48:21 [VisionSync] INFO Config syncee: GPF 2026
2026-09-27 13:51:40 [VisionSync] INFO Immatriculations: 10719 upsert
2026-09-27 13:51:40 [VisionSync] INFO Blacklist: 32 entrees syncees
2026-09-27 13:51:40 [VisionSync] INFO Sync terminee: 10719 immat, 32 blacklist
2026-09-27 13:53:39 [VisionSync] INFO === Demarrage sync Vision incremental ===
2026-09-27 13:53:49 [VisionSync] INFO Config syncee: GPF 2026
2026-09-27 13:56:47 [VisionSync] INFO Immatriculations: 10719 upsert
2026-09-27 13:56:48 [VisionSync] INFO Blacklist: 32 entrees syncees
2026-09-27 13:56:48 [VisionSync] INFO Sync terminee: 10719 immat, 32 blacklist
2026-09-27 13:58:14 [VisionSync] INFO === Demarrage sync Vision incremental ===
2026-09-27 13:58:21 [VisionSync] INFO Config syncee: GPF 2026
2026-09-27 14:01:21 [VisionSync] INFO Immatriculations: 10719 upsert
2026-09-27 14:01:21 [VisionSync] INFO Blacklist: 32 entrees syncees
2026-09-27 14:01:21 [VisionSync] INFO Sync terminee: 10719 immat, 32 blacklist
2026-09-27 14:03:24 [VisionSync] INFO === Demarrage sync Vision incremental ===
2026-09-27 14:03:32 [VisionSync] INFO Config syncee: GPF 2026
2026-09-27 14:06:44 [VisionSync] INFO Immatriculations: 10719 upsert
2026-09-27 14:06:44 [VisionSync] INFO Blacklist: 32 entrees syncees
2026-09-27 14:06:44 [VisionSync] INFO Sync terminee: 10719 immat, 32 blacklist
2026-09-27 14:08:59 [VisionSync] INFO === Demarrage sync Vision incremental ===
2026-09-27 14:09:07 [VisionSync] INFO Config syncee: GPF 2026
2026-09-27 14:12:23 [VisionSync] INFO Immatriculations: 10719 upsert
2026-09-27 14:12:23 [VisionSync] INFO Blacklist: 32 entrees syncees
2026-09-27 14:12:23 [VisionSync] INFO Sync terminee: 10719 immat, 32 blacklist
2026-09-27 14:13:39 [VisionSync] INFO === Demarrage sync Vision incremental ===
2026-09-27 14:13:49 [VisionSync] INFO Config syncee: GPF 2026
2026-09-27 14:17:15 [VisionSync] INFO Immatriculations: 10719 upsert
2026-09-27 14:17:15 [VisionSync] INFO Blacklist: 32 entrees syncees
2026-09-27 14:17:15 [VisionSync] INFO Sync terminee: 10719 immat, 32 blacklist
2026-09-27 14:18:29 [VisionSync] INFO === Demarrage sync Vision incremental ===
2026-09-27 14:18:32 [VisionSync] INFO Config syncee: GPF 2026
2026-09-27 14:22:05 [VisionSync] INFO Immatriculations: 10719 upsert
2026-09-27 14:22:05 [VisionSync] INFO Blacklist: 32 entrees syncees
2026-09-27 14:22:05 [VisionSync] INFO Sync terminee: 10719 immat, 32 blacklist
2026-09-27 14:23:44 [VisionSync] INFO === Demarrage sync Vision incremental ===
2026-09-27 14:24:04 [VisionSync] INFO Config syncee: GPF 2026
2026-09-27 14:27:44 [VisionSync] INFO Immatriculations: 10719 upsert
2026-09-27 14:27:44 [VisionSync] INFO Blacklist: 32 entrees syncees
2026-09-27 14:27:44 [VisionSync] INFO Sync terminee: 10719 immat, 32 blacklist
2026-09-27 14:28:14 [VisionSync] INFO === Demarrage sync Vision incremental ===
2026-09-27 14:28:28 [VisionSync] INFO Config syncee: GPF 2026
2026-09-27 14:31:37 [VisionSync] INFO Immatriculations: 10719 upsert
2026-09-27 14:31:37 [VisionSync] INFO Blacklist: 32 entrees syncees
2026-09-27 14:31:37 [VisionSync] INFO Sync terminee: 10719 immat, 32 blacklist
