2026-10-03 00:01:01 [INFO] Site visites libres : Visites libres a partir de 10h00 (fenetre 09:30-19:30)
2026-10-03 00:01:02 [INFO] Borne 192.168.2.10:5205 - compteurs du musee (Area 511 VISITES MUSEE)
2026-10-03 00:01:02 [INFO]   511 VISITES MUSEE E=106030 S=0
2026-10-03 00:01:02 [INFO]   512 ENTREE MUSEE E=106030 S=0
2026-10-03 00:01:02 [INFO]   1208 TRI-MUS-55   E=26166 S=0
2026-10-03 00:01:02 [INFO]   1209 TRI-MUS-56   E=53369 S=0
2026-10-03 00:01:02 [INFO]   1210 TRI-MUS-57   E=26495 S=0
2026-10-03 00:01:02 [INFO]   1040 PDA.3.11     E=0 S=0
2026-10-03 00:01:02 [INFO] Compteurs du site (visites libres)
2026-10-03 00:01:02 [INFO]   749 TRI-NORV-27  E=595 S=30762
2026-10-03 00:01:02 [INFO]   750 TRI-NORV-28  E=30014 S=143
2026-10-03 00:01:02 [INFO]   751 TRI-NORV-PMR-29 E=2893 S=131
2026-10-03 00:01:03 [INFO]   transactions 00:00:00 -> 00:01:01 : 0 lues en 1 page(s), 0 musee, 0 site
2026-10-03 00:01:03 [INFO] Dialogue borne : 1.8 s
2026-10-03 00:01:03 [INFO] Visiteurs du 2026-10-03 : 0 (source compteur, compteur 0, transactions 0)
2026-10-03 00:01:03 [INFO] Site visites libres du 2026-10-03 : entrees 0, sorties 0, presents 0 (pic None, source compteur)
2026-10-03 00:06:01 [INFO] Site visites libres : Visites libres a partir de 10h00 (fenetre 09:30-19:30)
2026-10-03 00:06:01 [INFO] Borne 192.168.2.10:5205 - compteurs du musee (Area 511 VISITES MUSEE)
2026-10-03 00:06:02 [INFO]   511 VISITES MUSEE E=106030 S=0
2026-10-03 00:06:02 [INFO]   512 ENTREE MUSEE E=106030 S=0
2026-10-03 00:06:02 [INFO]   1208 TRI-MUS-55   E=26166 S=0
2026-10-03 00:06:02 [INFO]   1209 TRI-MUS-56   E=53369 S=0
2026-10-03 00:06:02 [INFO]   1210 TRI-MUS-57   E=26495 S=0
2026-10-03 00:06:02 [INFO]   1040 PDA.3.11     E=0 S=0
2026-10-03 00:06:02 [INFO] Compteurs du site (visites libres)
2026-10-03 00:06:02 [INFO]   749 TRI-NORV-27  E=595 S=30762
2026-10-03 00:06:02 [INFO]   750 TRI-NORV-28  E=30014 S=143
2026-10-03 00:06:02 [INFO]   751 TRI-NORV-PMR-29 E=2893 S=131
2026-10-03 00:06:02 [INFO]   transactions 00:00:00 -> 00:06:01 : 0 lues en 1 page(s), 0 musee, 0 site
2026-10-03 00:06:02 [INFO] Dialogue borne : 1.0 s
2026-10-03 00:06:02 [INFO] Visiteurs du 2026-10-03 : 0 (source compteur, compteur 0, transactions 0)
2026-10-03 00:06:02 [INFO] Site visites libres du 2026-10-03 : entrees 0, sorties 0, presents 0 (pic None, source compteur)
2026-10-03 00:11:01 [INFO] Site visites libres : Visites libres a partir de 10h00 (fenetre 09:30-19:30)
2026-10-03 00:11:01 [INFO] Borne 192.168.2.10:5205 - compteurs du musee (Area 511 VISITES MUSEE)
2026-10-03 00:11:02 [INFO]   511 VISITES MUSEE E=106030 S=0
2026-10-03 00:11:02 [INFO]   512 ENTREE MUSEE E=106030 S=0
2026-10-03 00:11:02 [INFO]   1208 TRI-MUS-55   E=26166 S=0
2026-10-03 00:11:02 [INFO]   1209 TRI-MUS-56   E=53369 S=0
2026-10-03 00:11:02 [INFO]   1210 TRI-MUS-57   E=26495 S=0
2026-10-03 00:11:02 [INFO]   1040 PDA.3.11     E=0 S=0
2026-10-03 00:11:02 [INFO] Compteurs du site (visites libres)
2026-10-03 00:11:02 [INFO]   749 TRI-NORV-27  E=595 S=30762
2026-10-03 00:11:02 [INFO]   750 TRI-NORV-28  E=30014 S=143
2026-10-03 00:11:02 [INFO]   751 TRI-NORV-PMR-29 E=2893 S=131
2026-10-03 00:11:02 [INFO]   transactions 00:00:00 -> 00:11:01 : 0 lues en 1 page(s), 0 musee, 0 site
2026-10-03 00:11:02 [INFO] Dialogue borne : 1.0 s
2026-10-03 00:11:02 [INFO] Visiteurs du 2026-10-03 : 0 (source compteur, compteur 0, transactions 0)
2026-10-03 00:11:02 [INFO] Site visites libres du 2026-10-03 : entrees 0, sorties 0, presents 0 (pic None, source compteur)
2026-10-03 00:16:01 [INFO] Site visites libres : Visites libres a partir de 10h00 (fenetre 09:30-19:30)
2026-10-03 00:16:01 [INFO] Borne 192.168.2.10:5205 - compteurs du musee (Area 511 VISITES MUSEE)
2026-10-03 00:16:02 [INFO]   511 VISITES MUSEE E=106030 S=0
2026-10-03 00:16:02 [INFO]   512 ENTREE MUSEE E=106030 S=0
2026-10-03 00:16:02 [INFO]   1208 TRI-MUS-55   E=26166 S=0
2026-10-03 00:16:02 [INFO]   1209 TRI-MUS-56   E=53369 S=0
2026-10-03 00:16:02 [INFO]   1210 TRI-MUS-57   E=26495 S=0
2026-10-03 00:16:02 [INFO]   1040 PDA.3.11     E=0 S=0
2026-10-03 00:16:02 [INFO] Compteurs du site (visites libres)
2026-10-03 00:16:02 [INFO]   749 TRI-NORV-27  E=595 S=30762
2026-10-03 00:16:02 [INFO]   750 TRI-NORV-28  E=30014 S=143
2026-10-03 00:16:02 [INFO]   751 TRI-NORV-PMR-29 E=2893 S=131
2026-10-03 00:16:02 [INFO]   transactions 00:01:01 -> 00:16:01 : 0 lues en 1 page(s), 0 musee, 0 site
2026-10-03 00:16:02 [INFO] Dialogue borne : 1.0 s
2026-10-03 00:16:03 [INFO] Visiteurs du 2026-10-03 : 0 (source compteur, compteur 0, transactions 0)
2026-10-03 00:16:03 [INFO] Site visites libres du 2026-10-03 : entrees 0, sorties 0, presents 0 (pic None, source compteur)
2026-10-03 00:21:01 [INFO] Site visites libres : Visites libres a partir de 10h00 (fenetre 09:30-19:30)
2026-10-03 00:21:02 [INFO] Borne 192.168.2.10:5205 - compteurs du musee (Area 511 VISITES MUSEE)
2026-10-03 00:21:02 [INFO]   511 VISITES MUSEE E=106030 S=0
2026-10-03 00:21:02 [INFO]   512 ENTREE MUSEE E=106030 S=0
2026-10-03 00:21:02 [INFO]   1208 TRI-MUS-55   E=26166 S=0
2026-10-03 00:21:02 [INFO]   1209 TRI-MUS-56   E=53369 S=0
2026-10-03 00:21:02 [INFO]   1210 TRI-MUS-57   E=26495 S=0
2026-10-03 00:21:02 [INFO]   1040 PDA.3.11     E=0 S=0
2026-10-03 00:21:02 [INFO] Compteurs du site (visites libres)
2026-10-03 00:21:02 [INFO]   749 TRI-NORV-27  E=595 S=30762
2026-10-03 00:21:02 [INFO]   750 TRI-NORV-28  E=30014 S=143
2026-10-03 00:21:02 [INFO]   751 TRI-NORV-PMR-29 E=2893 S=131
2026-10-03 00:21:02 [INFO]   transactions 00:06:01 -> 00:21:01 : 0 lues en 1 page(s), 0 musee, 0 site
2026-10-03 00:21:02 [INFO] Dialogue borne : 1.0 s
2026-10-03 00:21:02 [INFO] Visiteurs du 2026-10-03 : 0 (source compteur, compteur 0, transactions 0)
2026-10-03 00:21:03 [INFO] Site visites libres du 2026-10-03 : entrees 0, sorties 0, presents 0 (pic None, source compteur)
2026-10-03 00:26:01 [INFO] Site visites libres : Visites libres a partir de 10h00 (fenetre 09:30-19:30)
2026-10-03 00:26:01 [INFO] Borne 192.168.2.10:5205 - compteurs du musee (Area 511 VISITES MUSEE)
2026-10-03 00:26:02 [INFO]   511 VISITES MUSEE E=106030 S=0
2026-10-03 00:26:02 [INFO]   512 ENTREE MUSEE E=106030 S=0
2026-10-03 00:26:02 [INFO]   1208 TRI-MUS-55   E=26166 S=0
2026-10-03 00:26:02 [INFO]   1209 TRI-MUS-56   E=53369 S=0
2026-10-03 00:26:02 [INFO]   1210 TRI-MUS-57   E=26495 S=0
2026-10-03 00:26:02 [INFO]   1040 PDA.3.11     E=0 S=0
2026-10-03 00:26:02 [INFO] Compteurs du site (visites libres)
2026-10-03 00:26:02 [INFO]   749 TRI-NORV-27  E=595 S=30762
2026-10-03 00:26:02 [INFO]   750 TRI-NORV-28  E=30014 S=143
2026-10-03 00:26:02 [INFO]   751 TRI-NORV-PMR-29 E=2893 S=131
2026-10-03 00:26:03 [INFO]   transactions 00:11:01 -> 00:26:01 : 0 lues en 1 page(s), 0 musee, 0 site
2026-10-03 00:26:03 [INFO] Dialogue borne : 1.2 s
2026-10-03 00:26:03 [INFO] Visiteurs du 2026-10-03 : 0 (source compteur, compteur 0, transactions 0)
2026-10-03 00:26:03 [INFO] Site visites libres du 2026-10-03 : entrees 0, sorties 0, presents 0 (pic None, source compteur)
2026-10-03 00:31:01 [INFO] Site visites libres : Visites libres a partir de 10h00 (fenetre 09:30-19:30)
2026-10-03 00:31:01 [INFO] Borne 192.168.2.10:5205 - compteurs du musee (Area 511 VISITES MUSEE)
2026-10-03 00:31:02 [INFO]   511 VISITES MUSEE E=106030 S=0
2026-10-03 00:31:02 [INFO]   512 ENTREE MUSEE E=106030 S=0
2026-10-03 00:31:02 [INFO]   1208 TRI-MUS-55   E=26166 S=0
2026-10-03 00:31:02 [INFO]   1209 TRI-MUS-56   E=53369 S=0
2026-10-03 00:31:02 [INFO]   1210 TRI-MUS-57   E=26495 S=0
2026-10-03 00:31:02 [INFO]   1040 PDA.3.11     E=0 S=0
2026-10-03 00:31:02 [INFO] Compteurs du site (visites libres)
2026-10-03 00:31:02 [INFO]   749 TRI-NORV-27  E=595 S=30762
2026-10-03 00:31:02 [INFO]   750 TRI-NORV-28  E=30014 S=143
2026-10-03 00:31:02 [INFO]   751 TRI-NORV-PMR-29 E=2893 S=131
2026-10-03 00:31:03 [INFO]   transactions 00:16:01 -> 00:31:01 : 0 lues en 1 page(s), 0 musee, 0 site
2026-10-03 00:31:03 [INFO] Dialogue borne : 1.2 s
2026-10-03 00:31:03 [INFO] Visiteurs du 2026-10-03 : 0 (source compteur, compteur 0, transactions 0)
2026-10-03 00:31:03 [INFO] Site visites libres du 2026-10-03 : entrees 0, sorties 0, presents 0 (pic None, source compteur)
2026-10-03 00:36:01 [INFO] Site visites libres : Visites libres a partir de 10h00 (fenetre 09:30-19:30)
2026-10-03 00:36:01 [INFO] Borne 192.168.2.10:5205 - compteurs du musee (Area 511 VISITES MUSEE)
2026-10-03 00:36:02 [INFO]   511 VISITES MUSEE E=106030 S=0
2026-10-03 00:36:02 [INFO]   512 ENTREE MUSEE E=106030 S=0
2026-10-03 00:36:02 [INFO]   1208 TRI-MUS-55   E=26166 S=0
2026-10-03 00:36:02 [INFO]   1209 TRI-MUS-56   E=53369 S=0
2026-10-03 00:36:02 [INFO]   1210 TRI-MUS-57   E=26495 S=0
2026-10-03 00:36:02 [INFO]   1040 PDA.3.11     E=0 S=0
2026-10-03 00:36:02 [INFO] Compteurs du site (visites libres)
2026-10-03 00:36:02 [INFO]   749 TRI-NORV-27  E=595 S=30762
2026-10-03 00:36:02 [INFO]   750 TRI-NORV-28  E=30014 S=143
2026-10-03 00:36:02 [INFO]   751 TRI-NORV-PMR-29 E=2893 S=131
2026-10-03 00:36:02 [INFO]   transactions 00:21:01 -> 00:36:01 : 0 lues en 1 page(s), 0 musee, 0 site
2026-10-03 00:36:02 [INFO] Dialogue borne : 0.9 s
2026-10-03 00:36:02 [INFO] Visiteurs du 2026-10-03 : 0 (source compteur, compteur 0, transactions 0)
2026-10-03 00:36:02 [INFO] Site visites libres du 2026-10-03 : entrees 0, sorties 0, presents 0 (pic None, source compteur)
2026-10-03 00:41:01 [INFO] Site visites libres : Visites libres a partir de 10h00 (fenetre 09:30-19:30)
2026-10-03 00:41:01 [INFO] Borne 192.168.2.10:5205 - compteurs du musee (Area 511 VISITES MUSEE)
2026-10-03 00:41:02 [INFO]   511 VISITES MUSEE E=106030 S=0
2026-10-03 00:41:02 [INFO]   512 ENTREE MUSEE E=106030 S=0
2026-10-03 00:41:02 [INFO]   1208 TRI-MUS-55   E=26166 S=0
2026-10-03 00:41:02 [INFO]   1209 TRI-MUS-56   E=53369 S=0
2026-10-03 00:41:02 [INFO]   1210 TRI-MUS-57   E=26495 S=0
2026-10-03 00:41:02 [INFO]   1040 PDA.3.11     E=0 S=0
2026-10-03 00:41:02 [INFO] Compteurs du site (visites libres)
2026-10-03 00:41:02 [INFO]   749 TRI-NORV-27  E=595 S=30762
2026-10-03 00:41:02 [INFO]   750 TRI-NORV-28  E=30014 S=143
2026-10-03 00:41:02 [INFO]   751 TRI-NORV-PMR-29 E=2893 S=131
2026-10-03 00:41:02 [INFO]   transactions 00:26:01 -> 00:41:01 : 0 lues en 1 page(s), 0 musee, 0 site
2026-10-03 00:41:02 [INFO] Dialogue borne : 1.0 s
2026-10-03 00:41:02 [INFO] Visiteurs du 2026-10-03 : 0 (source compteur, compteur 0, transactions 0)
2026-10-03 00:41:03 [INFO] Site visites libres du 2026-10-03 : entrees 0, sorties 0, presents 0 (pic None, source compteur)
2026-10-03 00:46:01 [INFO] Site visites libres : Visites libres a partir de 10h00 (fenetre 09:30-19:30)
2026-10-03 00:46:01 [INFO] Borne 192.168.2.10:5205 - compteurs du musee (Area 511 VISITES MUSEE)
2026-10-03 00:46:02 [INFO]   511 VISITES MUSEE E=106030 S=0
2026-10-03 00:46:02 [INFO]   512 ENTREE MUSEE E=106030 S=0
2026-10-03 00:46:02 [INFO]   1208 TRI-MUS-55   E=26166 S=0
2026-10-03 00:46:02 [INFO]   1209 TRI-MUS-56   E=53369 S=0
2026-10-03 00:46:02 [INFO]   1210 TRI-MUS-57   E=26495 S=0
2026-10-03 00:46:02 [INFO]   1040 PDA.3.11     E=0 S=0
2026-10-03 00:46:02 [INFO] Compteurs du site (visites libres)
2026-10-03 00:46:02 [INFO]   749 TRI-NORV-27  E=595 S=30762
2026-10-03 00:46:02 [INFO]   750 TRI-NORV-28  E=30014 S=143
2026-10-03 00:46:02 [INFO]   751 TRI-NORV-PMR-29 E=2893 S=131
2026-10-03 00:46:02 [INFO]   transactions 00:31:01 -> 00:46:01 : 0 lues en 1 page(s), 0 musee, 0 site
2026-10-03 00:46:02 [INFO] Dialogue borne : 0.9 s
2026-10-03 00:46:02 [INFO] Visiteurs du 2026-10-03 : 0 (source compteur, compteur 0, transactions 0)
2026-10-03 00:46:02 [INFO] Site visites libres du 2026-10-03 : entrees 0, sorties 0, presents 0 (pic None, source compteur)
2026-10-03 00:51:01 [INFO] Site visites libres : Visites libres a partir de 10h00 (fenetre 09:30-19:30)
2026-10-03 00:51:01 [INFO] Borne 192.168.2.10:5205 - compteurs du musee (Area 511 VISITES MUSEE)
2026-10-03 00:51:02 [INFO]   511 VISITES MUSEE E=106030 S=0
2026-10-03 00:51:02 [INFO]   512 ENTREE MUSEE E=106030 S=0
2026-10-03 00:51:02 [INFO]   1208 TRI-MUS-55   E=26166 S=0
2026-10-03 00:51:02 [INFO]   1209 TRI-MUS-56   E=53369 S=0
2026-10-03 00:51:02 [INFO]   1210 TRI-MUS-57   E=26495 S=0
2026-10-03 00:51:02 [INFO]   1040 PDA.3.11     E=0 S=0
2026-10-03 00:51:02 [INFO] Compteurs du site (visites libres)
2026-10-03 00:51:02 [INFO]   749 TRI-NORV-27  E=595 S=30762
2026-10-03 00:51:02 [INFO]   750 TRI-NORV-28  E=30014 S=143
2026-10-03 00:51:02 [INFO]   751 TRI-NORV-PMR-29 E=2893 S=131
2026-10-03 00:51:02 [INFO]   transactions 00:36:01 -> 00:51:01 : 0 lues en 1 page(s), 0 musee, 0 site
2026-10-03 00:51:02 [INFO] Dialogue borne : 1.0 s
2026-10-03 00:51:02 [INFO] Visiteurs du 2026-10-03 : 0 (source compteur, compteur 0, transactions 0)
2026-10-03 00:51:03 [INFO] Site visites libres du 2026-10-03 : entrees 0, sorties 0, presents 0 (pic None, source compteur)
2026-10-03 00:56:01 [INFO] Site visites libres : Visites libres a partir de 10h00 (fenetre 09:30-19:30)
2026-10-03 00:56:01 [INFO] Borne 192.168.2.10:5205 - compteurs du musee (Area 511 VISITES MUSEE)
2026-10-03 00:56:02 [INFO]   511 VISITES MUSEE E=106030 S=0
2026-10-03 00:56:02 [INFO]   512 ENTREE MUSEE E=106030 S=0
2026-10-03 00:56:02 [INFO]   1208 TRI-MUS-55   E=26166 S=0
2026-10-03 00:56:02 [INFO]   1209 TRI-MUS-56   E=53369 S=0
2026-10-03 00:56:02 [INFO]   1210 TRI-MUS-57   E=26495 S=0
2026-10-03 00:56:02 [INFO]   1040 PDA.3.11     E=0 S=0
2026-10-03 00:56:02 [INFO] Compteurs du site (visites libres)
2026-10-03 00:56:02 [INFO]   749 TRI-NORV-27  E=595 S=30762
2026-10-03 00:56:02 [INFO]   750 TRI-NORV-28  E=30014 S=143
2026-10-03 00:56:02 [INFO]   751 TRI-NORV-PMR-29 E=2893 S=131
2026-10-03 00:56:02 [INFO]   transactions 00:41:01 -> 00:56:01 : 0 lues en 1 page(s), 0 musee, 0 site
2026-10-03 00:56:02 [INFO] Dialogue borne : 0.9 s
2026-10-03 00:56:02 [INFO] Visiteurs du 2026-10-03 : 0 (source compteur, compteur 0, transactions 0)
2026-10-03 00:56:02 [INFO] Site visites libres du 2026-10-03 : entrees 0, sorties 0, presents 0 (pic None, source compteur)
2026-10-03 01:01:02 [INFO] Site visites libres : Visites libres a partir de 10h00 (fenetre 09:30-19:30)
2026-10-03 01:01:02 [INFO] Borne 192.168.2.10:5205 - compteurs du musee (Area 511 VISITES MUSEE)
2026-10-03 01:01:02 [INFO]   511 VISITES MUSEE E=106030 S=0
2026-10-03 01:01:02 [INFO]   512 ENTREE MUSEE E=106030 S=0
2026-10-03 01:01:02 [INFO]   1208 TRI-MUS-55   E=26166 S=0
2026-10-03 01:01:02 [INFO]   1209 TRI-MUS-56   E=53369 S=0
2026-10-03 01:01:02 [INFO]   1210 TRI-MUS-57   E=26495 S=0
2026-10-03 01:01:02 [INFO]   1040 PDA.3.11     E=0 S=0
2026-10-03 01:01:02 [INFO] Compteurs du site (visites libres)
2026-10-03 01:01:02 [INFO]   749 TRI-NORV-27  E=595 S=30762
2026-10-03 01:01:03 [INFO]   750 TRI-NORV-28  E=30014 S=143
2026-10-03 01:01:03 [INFO]   751 TRI-NORV-PMR-29 E=2893 S=131
2026-10-03 01:01:03 [INFO]   transactions 00:46:01 -> 01:01:02 : 0 lues en 1 page(s), 0 musee, 0 site
2026-10-03 01:01:03 [INFO] Dialogue borne : 1.2 s
2026-10-03 01:01:03 [INFO] Visiteurs du 2026-10-03 : 0 (source compteur, compteur 0, transactions 0)
2026-10-03 01:01:03 [INFO] Site visites libres du 2026-10-03 : entrees 0, sorties 0, presents 0 (pic None, source compteur)
2026-10-03 01:06:01 [INFO] Site visites libres : Visites libres a partir de 10h00 (fenetre 09:30-19:30)
2026-10-03 01:06:01 [INFO] Borne 192.168.2.10:5205 - compteurs du musee (Area 511 VISITES MUSEE)
2026-10-03 01:06:02 [INFO]   511 VISITES MUSEE E=106030 S=0
2026-10-03 01:06:02 [INFO]   512 ENTREE MUSEE E=106030 S=0
2026-10-03 01:06:02 [INFO]   1208 TRI-MUS-55   E=26166 S=0
2026-10-03 01:06:02 [INFO]   1209 TRI-MUS-56   E=53369 S=0
2026-10-03 01:06:02 [INFO]   1210 TRI-MUS-57   E=26495 S=0
2026-10-03 01:06:02 [INFO]   1040 PDA.3.11     E=0 S=0
2026-10-03 01:06:02 [INFO] Compteurs du site (visites libres)
2026-10-03 01:06:02 [INFO]   749 TRI-NORV-27  E=595 S=30762
2026-10-03 01:06:02 [INFO]   750 TRI-NORV-28  E=30014 S=143
2026-10-03 01:06:02 [INFO]   751 TRI-NORV-PMR-29 E=2893 S=131
2026-10-03 01:06:02 [INFO]   transactions 00:51:02 -> 01:06:01 : 0 lues en 1 page(s), 0 musee, 0 site
2026-10-03 01:06:02 [INFO] Dialogue borne : 1.0 s
2026-10-03 01:06:02 [INFO] Visiteurs du 2026-10-03 : 0 (source compteur, compteur 0, transactions 0)
2026-10-03 01:06:02 [INFO] Site visites libres du 2026-10-03 : entrees 0, sorties 0, presents 0 (pic None, source compteur)
2026-10-03 01:11:02 [INFO] Site visites libres : Visites libres a partir de 10h00 (fenetre 09:30-19:30)
2026-10-03 01:11:02 [INFO] Borne 192.168.2.10:5205 - compteurs du musee (Area 511 VISITES MUSEE)
2026-10-03 01:11:02 [INFO]   511 VISITES MUSEE E=106030 S=0
2026-10-03 01:11:02 [INFO]   512 ENTREE MUSEE E=106030 S=0
2026-10-03 01:11:02 [INFO]   1208 TRI-MUS-55   E=26166 S=0
2026-10-03 01:11:02 [INFO]   1209 TRI-MUS-56   E=53369 S=0
2026-10-03 01:11:02 [INFO]   1210 TRI-MUS-57   E=26495 S=0
2026-10-03 01:11:02 [INFO]   1040 PDA.3.11     E=0 S=0
2026-10-03 01:11:02 [INFO] Compteurs du site (visites libres)
2026-10-03 01:11:02 [INFO]   749 TRI-NORV-27  E=595 S=30762
2026-10-03 01:11:02 [INFO]   750 TRI-NORV-28  E=30014 S=143
2026-10-03 01:11:02 [INFO]   751 TRI-NORV-PMR-29 E=2893 S=131
2026-10-03 01:11:02 [INFO]   transactions 00:56:01 -> 01:11:02 : 0 lues en 1 page(s), 0 musee, 0 site
2026-10-03 01:11:02 [INFO] Dialogue borne : 0.9 s
2026-10-03 01:11:02 [INFO] Visiteurs du 2026-10-03 : 0 (source compteur, compteur 0, transactions 0)
2026-10-03 01:11:02 [INFO] Site visites libres du 2026-10-03 : entrees 0, sorties 0, presents 0 (pic None, source compteur)
2026-10-03 01:16:04 [INFO] Site visites libres : Visites libres a partir de 10h00 (fenetre 09:30-19:30)
2026-10-03 01:16:04 [INFO] Borne 192.168.2.10:5205 - compteurs du musee (Area 511 VISITES MUSEE)
2026-10-03 01:16:04 [INFO]   511 VISITES MUSEE E=106030 S=0
2026-10-03 01:16:04 [INFO]   512 ENTREE MUSEE E=106030 S=0
2026-10-03 01:16:04 [INFO]   1208 TRI-MUS-55   E=26166 S=0
2026-10-03 01:16:04 [INFO]   1209 TRI-MUS-56   E=53369 S=0
2026-10-03 01:16:04 [INFO]   1210 TRI-MUS-57   E=26495 S=0
2026-10-03 01:16:05 [INFO]   1040 PDA.3.11     E=0 S=0
2026-10-03 01:16:05 [INFO] Compteurs du site (visites libres)
2026-10-03 01:16:05 [INFO]   749 TRI-NORV-27  E=595 S=30762
2026-10-03 01:16:05 [INFO]   750 TRI-NORV-28  E=30014 S=143
2026-10-03 01:16:05 [INFO]   751 TRI-NORV-PMR-29 E=2893 S=131
2026-10-03 01:16:05 [INFO]   transactions 01:01:02 -> 01:16:04 : 0 lues en 1 page(s), 0 musee, 0 site
2026-10-03 01:16:05 [INFO] Dialogue borne : 0.9 s
2026-10-03 01:16:05 [INFO] Visiteurs du 2026-10-03 : 0 (source compteur, compteur 0, transactions 0)
2026-10-03 01:16:05 [INFO] Site visites libres du 2026-10-03 : entrees 0, sorties 0, presents 0 (pic None, source compteur)
2026-10-03 01:21:02 [INFO] Site visites libres : Visites libres a partir de 10h00 (fenetre 09:30-19:30)
2026-10-03 01:21:02 [INFO] Borne 192.168.2.10:5205 - compteurs du musee (Area 511 VISITES MUSEE)
2026-10-03 01:21:02 [INFO]   511 VISITES MUSEE E=106030 S=0
2026-10-03 01:21:02 [INFO]   512 ENTREE MUSEE E=106030 S=0
2026-10-03 01:21:02 [INFO]   1208 TRI-MUS-55   E=26166 S=0
2026-10-03 01:21:02 [INFO]   1209 TRI-MUS-56   E=53369 S=0
2026-10-03 01:21:02 [INFO]   1210 TRI-MUS-57   E=26495 S=0
2026-10-03 01:21:02 [INFO]   1040 PDA.3.11     E=0 S=0
2026-10-03 01:21:02 [INFO] Compteurs du site (visites libres)
2026-10-03 01:21:02 [INFO]   749 TRI-NORV-27  E=595 S=30762
2026-10-03 01:21:02 [INFO]   750 TRI-NORV-28  E=30014 S=143
2026-10-03 01:21:02 [INFO]   751 TRI-NORV-PMR-29 E=2893 S=131
2026-10-03 01:21:02 [INFO]   transactions 01:06:04 -> 01:21:02 : 0 lues en 1 page(s), 0 musee, 0 site
2026-10-03 01:21:02 [INFO] Dialogue borne : 0.9 s
2026-10-03 01:21:02 [INFO] Visiteurs du 2026-10-03 : 0 (source compteur, compteur 0, transactions 0)
2026-10-03 01:21:02 [INFO] Site visites libres du 2026-10-03 : entrees 0, sorties 0, presents 0 (pic None, source compteur)
2026-10-03 01:26:01 [INFO] Site visites libres : Visites libres a partir de 10h00 (fenetre 09:30-19:30)
2026-10-03 01:26:01 [INFO] Borne 192.168.2.10:5205 - compteurs du musee (Area 511 VISITES MUSEE)
2026-10-03 01:26:02 [INFO]   511 VISITES MUSEE E=106030 S=0
2026-10-03 01:26:02 [INFO]   512 ENTREE MUSEE E=106030 S=0
2026-10-03 01:26:02 [INFO]   1208 TRI-MUS-55   E=26166 S=0
2026-10-03 01:26:02 [INFO]   1209 TRI-MUS-56   E=53369 S=0
2026-10-03 01:26:02 [INFO]   1210 TRI-MUS-57   E=26495 S=0
2026-10-03 01:26:02 [INFO]   1040 PDA.3.11     E=0 S=0
2026-10-03 01:26:02 [INFO] Compteurs du site (visites libres)
2026-10-03 01:26:02 [INFO]   749 TRI-NORV-27  E=595 S=30762
2026-10-03 01:26:02 [INFO]   750 TRI-NORV-28  E=30014 S=143
2026-10-03 01:26:02 [INFO]   751 TRI-NORV-PMR-29 E=2893 S=131
2026-10-03 01:26:02 [INFO]   transactions 01:11:02 -> 01:26:01 : 0 lues en 1 page(s), 0 musee, 0 site
2026-10-03 01:26:02 [INFO] Dialogue borne : 1.0 s
2026-10-03 01:26:03 [INFO] Visiteurs du 2026-10-03 : 0 (source compteur, compteur 0, transactions 0)
2026-10-03 01:26:03 [INFO] Site visites libres du 2026-10-03 : entrees 0, sorties 0, presents 0 (pic None, source compteur)
2026-10-03 01:31:02 [INFO] Site visites libres : Visites libres a partir de 10h00 (fenetre 09:30-19:30)
2026-10-03 01:31:02 [INFO] Borne 192.168.2.10:5205 - compteurs du musee (Area 511 VISITES MUSEE)
2026-10-03 01:31:02 [INFO]   511 VISITES MUSEE E=106030 S=0
2026-10-03 01:31:02 [INFO]   512 ENTREE MUSEE E=106030 S=0
2026-10-03 01:31:02 [INFO]   1208 TRI-MUS-55   E=26166 S=0
2026-10-03 01:31:02 [INFO]   1209 TRI-MUS-56   E=53369 S=0
2026-10-03 01:31:02 [INFO]   1210 TRI-MUS-57   E=26495 S=0
2026-10-03 01:31:02 [INFO]   1040 PDA.3.11     E=0 S=0
2026-10-03 01:31:02 [INFO] Compteurs du site (visites libres)
2026-10-03 01:31:02 [INFO]   749 TRI-NORV-27  E=595 S=30762
2026-10-03 01:31:02 [INFO]   750 TRI-NORV-28  E=30014 S=143
2026-10-03 01:31:02 [INFO]   751 TRI-NORV-PMR-29 E=2893 S=131
2026-10-03 01:31:02 [INFO]   transactions 01:16:01 -> 01:31:02 : 0 lues en 1 page(s), 0 musee, 0 site
2026-10-03 01:31:02 [INFO] Dialogue borne : 0.9 s
2026-10-03 01:31:02 [INFO] Visiteurs du 2026-10-03 : 0 (source compteur, compteur 0, transactions 0)
2026-10-03 01:31:02 [INFO] Site visites libres du 2026-10-03 : entrees 0, sorties 0, presents 0 (pic None, source compteur)
2026-10-03 01:36:02 [INFO] Site visites libres : Visites libres a partir de 10h00 (fenetre 09:30-19:30)
2026-10-03 01:36:02 [INFO] Borne 192.168.2.10:5205 - compteurs du musee (Area 511 VISITES MUSEE)
2026-10-03 01:36:02 [INFO]   511 VISITES MUSEE E=106030 S=0
2026-10-03 01:36:02 [INFO]   512 ENTREE MUSEE E=106030 S=0
2026-10-03 01:36:02 [INFO]   1208 TRI-MUS-55   E=26166 S=0
2026-10-03 01:36:02 [INFO]   1209 TRI-MUS-56   E=53369 S=0
2026-10-03 01:36:02 [INFO]   1210 TRI-MUS-57   E=26495 S=0
2026-10-03 01:36:02 [INFO]   1040 PDA.3.11     E=0 S=0
2026-10-03 01:36:02 [INFO] Compteurs du site (visites libres)
2026-10-03 01:36:02 [INFO]   749 TRI-NORV-27  E=595 S=30762
2026-10-03 01:36:02 [INFO]   750 TRI-NORV-28  E=30014 S=143
2026-10-03 01:36:02 [INFO]   751 TRI-NORV-PMR-29 E=2893 S=131
2026-10-03 01:36:03 [INFO]   transactions 01:21:02 -> 01:36:02 : 0 lues en 1 page(s), 0 musee, 0 site
2026-10-03 01:36:03 [INFO] Dialogue borne : 1.0 s
2026-10-03 01:36:03 [INFO] Visiteurs du 2026-10-03 : 0 (source compteur, compteur 0, transactions 0)
2026-10-03 01:36:03 [INFO] Site visites libres du 2026-10-03 : entrees 0, sorties 0, presents 0 (pic None, source compteur)
2026-10-03 01:41:01 [INFO] Site visites libres : Visites libres a partir de 10h00 (fenetre 09:30-19:30)
2026-10-03 01:41:01 [INFO] Borne 192.168.2.10:5205 - compteurs du musee (Area 511 VISITES MUSEE)
2026-10-03 01:41:02 [INFO]   511 VISITES MUSEE E=106030 S=0
2026-10-03 01:41:02 [INFO]   512 ENTREE MUSEE E=106030 S=0
2026-10-03 01:41:02 [INFO]   1208 TRI-MUS-55   E=26166 S=0
2026-10-03 01:41:02 [INFO]   1209 TRI-MUS-56   E=53369 S=0
2026-10-03 01:41:02 [INFO]   1210 TRI-MUS-57   E=26495 S=0
2026-10-03 01:41:02 [INFO]   1040 PDA.3.11     E=0 S=0
2026-10-03 01:41:02 [INFO] Compteurs du site (visites libres)
2026-10-03 01:41:02 [INFO]   749 TRI-NORV-27  E=595 S=30762
2026-10-03 01:41:02 [INFO]   750 TRI-NORV-28  E=30014 S=143
2026-10-03 01:41:02 [INFO]   751 TRI-NORV-PMR-29 E=2893 S=131
2026-10-03 01:41:02 [INFO]   transactions 01:26:02 -> 01:41:01 : 0 lues en 1 page(s), 0 musee, 0 site
2026-10-03 01:41:02 [INFO] Dialogue borne : 1.0 s
2026-10-03 01:41:02 [INFO] Visiteurs du 2026-10-03 : 0 (source compteur, compteur 0, transactions 0)
2026-10-03 01:41:02 [INFO] Site visites libres du 2026-10-03 : entrees 0, sorties 0, presents 0 (pic None, source compteur)
2026-10-03 01:46:02 [INFO] Site visites libres : Visites libres a partir de 10h00 (fenetre 09:30-19:30)
2026-10-03 01:46:02 [INFO] Borne 192.168.2.10:5205 - compteurs du musee (Area 511 VISITES MUSEE)
2026-10-03 01:46:02 [INFO]   511 VISITES MUSEE E=106030 S=0
2026-10-03 01:46:02 [INFO]   512 ENTREE MUSEE E=106030 S=0
2026-10-03 01:46:02 [INFO]   1208 TRI-MUS-55   E=26166 S=0
2026-10-03 01:46:02 [INFO]   1209 TRI-MUS-56   E=53369 S=0
2026-10-03 01:46:02 [INFO]   1210 TRI-MUS-57   E=26495 S=0
2026-10-03 01:46:02 [INFO]   1040 PDA.3.11     E=0 S=0
2026-10-03 01:46:02 [INFO] Compteurs du site (visites libres)
2026-10-03 01:46:02 [INFO]   749 TRI-NORV-27  E=595 S=30762
2026-10-03 01:46:02 [INFO]   750 TRI-NORV-28  E=30014 S=143
2026-10-03 01:46:02 [INFO]   751 TRI-NORV-PMR-29 E=2893 S=131
2026-10-03 01:46:03 [INFO]   transactions 01:31:01 -> 01:46:02 : 0 lues en 1 page(s), 0 musee, 0 site
2026-10-03 01:46:03 [INFO] Dialogue borne : 0.9 s
2026-10-03 01:46:03 [INFO] Visiteurs du 2026-10-03 : 0 (source compteur, compteur 0, transactions 0)
2026-10-03 01:46:03 [INFO] Site visites libres du 2026-10-03 : entrees 0, sorties 0, presents 0 (pic None, source compteur)
2026-10-03 01:51:01 [INFO] Site visites libres : Visites libres a partir de 10h00 (fenetre 09:30-19:30)
2026-10-03 01:51:01 [INFO] Borne 192.168.2.10:5205 - compteurs du musee (Area 511 VISITES MUSEE)
2026-10-03 01:51:02 [INFO]   511 VISITES MUSEE E=106030 S=0
2026-10-03 01:51:02 [INFO]   512 ENTREE MUSEE E=106030 S=0
2026-10-03 01:51:02 [INFO]   1208 TRI-MUS-55   E=26166 S=0
2026-10-03 01:51:02 [INFO]   1209 TRI-MUS-56   E=53369 S=0
2026-10-03 01:51:02 [INFO]   1210 TRI-MUS-57   E=26495 S=0
2026-10-03 01:51:02 [INFO]   1040 PDA.3.11     E=0 S=0
2026-10-03 01:51:02 [INFO] Compteurs du site (visites libres)
2026-10-03 01:51:02 [INFO]   749 TRI-NORV-27  E=595 S=30762
2026-10-03 01:51:02 [INFO]   750 TRI-NORV-28  E=30014 S=143
2026-10-03 01:51:02 [INFO]   751 TRI-NORV-PMR-29 E=2893 S=131
2026-10-03 01:51:02 [INFO]   transactions 01:36:02 -> 01:51:01 : 0 lues en 1 page(s), 0 musee, 0 site
2026-10-03 01:51:02 [INFO] Dialogue borne : 0.9 s
2026-10-03 01:51:02 [INFO] Visiteurs du 2026-10-03 : 0 (source compteur, compteur 0, transactions 0)
2026-10-03 01:51:02 [INFO] Site visites libres du 2026-10-03 : entrees 0, sorties 0, presents 0 (pic None, source compteur)
2026-10-03 01:56:02 [INFO] Site visites libres : Visites libres a partir de 10h00 (fenetre 09:30-19:30)
2026-10-03 01:56:02 [INFO] Borne 192.168.2.10:5205 - compteurs du musee (Area 511 VISITES MUSEE)
2026-10-03 01:56:02 [INFO]   511 VISITES MUSEE E=106030 S=0
2026-10-03 01:56:02 [INFO]   512 ENTREE MUSEE E=106030 S=0
2026-10-03 01:56:02 [INFO]   1208 TRI-MUS-55   E=26166 S=0
2026-10-03 01:56:02 [INFO]   1209 TRI-MUS-56   E=53369 S=0
2026-10-03 01:56:02 [INFO]   1210 TRI-MUS-57   E=26495 S=0
2026-10-03 01:56:02 [INFO]   1040 PDA.3.11     E=0 S=0
2026-10-03 01:56:02 [INFO] Compteurs du site (visites libres)
2026-10-03 01:56:02 [INFO]   749 TRI-NORV-27  E=595 S=30762
2026-10-03 01:56:02 [INFO]   750 TRI-NORV-28  E=30014 S=143
2026-10-03 01:56:02 [INFO]   751 TRI-NORV-PMR-29 E=2893 S=131
2026-10-03 01:56:02 [INFO]   transactions 01:41:01 -> 01:56:01 : 0 lues en 1 page(s), 0 musee, 0 site
2026-10-03 01:56:02 [INFO] Dialogue borne : 0.9 s
2026-10-03 01:56:02 [INFO] Visiteurs du 2026-10-03 : 0 (source compteur, compteur 0, transactions 0)
2026-10-03 01:56:02 [INFO] Site visites libres du 2026-10-03 : entrees 0, sorties 0, presents 0 (pic None, source compteur)
2026-10-03 02:01:01 [INFO] Site visites libres : Visites libres a partir de 10h00 (fenetre 09:30-19:30)
2026-10-03 02:01:02 [INFO] Borne 192.168.2.10:5205 - compteurs du musee (Area 511 VISITES MUSEE)
2026-10-03 02:01:02 [INFO]   511 VISITES MUSEE E=106030 S=0
2026-10-03 02:01:02 [INFO]   512 ENTREE MUSEE E=106030 S=0
2026-10-03 02:01:02 [INFO]   1208 TRI-MUS-55   E=26166 S=0
2026-10-03 02:01:02 [INFO]   1209 TRI-MUS-56   E=53369 S=0
2026-10-03 02:01:02 [INFO]   1210 TRI-MUS-57   E=26495 S=0
2026-10-03 02:01:02 [INFO]   1040 PDA.3.11     E=0 S=0
2026-10-03 02:01:02 [INFO] Compteurs du site (visites libres)
2026-10-03 02:01:02 [INFO]   749 TRI-NORV-27  E=595 S=30762
2026-10-03 02:01:02 [INFO]   750 TRI-NORV-28  E=30014 S=143
2026-10-03 02:01:02 [INFO]   751 TRI-NORV-PMR-29 E=2893 S=131
2026-10-03 02:01:03 [INFO]   transactions 01:46:01 -> 02:01:01 : 0 lues en 1 page(s), 0 musee, 0 site
2026-10-03 02:01:03 [INFO] Dialogue borne : 1.2 s
2026-10-03 02:01:03 [INFO] Visiteurs du 2026-10-03 : 0 (source compteur, compteur 0, transactions 0)
2026-10-03 02:01:03 [INFO] Site visites libres du 2026-10-03 : entrees 0, sorties 0, presents 0 (pic None, source compteur)
2026-10-03 02:06:02 [INFO] Site visites libres : Visites libres a partir de 10h00 (fenetre 09:30-19:30)
2026-10-03 02:06:02 [INFO] Borne 192.168.2.10:5205 - compteurs du musee (Area 511 VISITES MUSEE)
2026-10-03 02:06:02 [INFO]   511 VISITES MUSEE E=106030 S=0
2026-10-03 02:06:02 [INFO]   512 ENTREE MUSEE E=106030 S=0
2026-10-03 02:06:02 [INFO]   1208 TRI-MUS-55   E=26166 S=0
2026-10-03 02:06:02 [INFO]   1209 TRI-MUS-56   E=53369 S=0
2026-10-03 02:06:02 [INFO]   1210 TRI-MUS-57   E=26495 S=0
2026-10-03 02:06:02 [INFO]   1040 PDA.3.11     E=0 S=0
2026-10-03 02:06:02 [INFO] Compteurs du site (visites libres)
2026-10-03 02:06:02 [INFO]   749 TRI-NORV-27  E=595 S=30762
2026-10-03 02:06:02 [INFO]   750 TRI-NORV-28  E=30014 S=143
2026-10-03 02:06:02 [INFO]   751 TRI-NORV-PMR-29 E=2893 S=131
2026-10-03 02:06:03 [INFO]   transactions 01:51:01 -> 02:06:02 : 0 lues en 1 page(s), 0 musee, 0 site
2026-10-03 02:06:03 [INFO] Dialogue borne : 1.1 s
2026-10-03 02:06:03 [INFO] Visiteurs du 2026-10-03 : 0 (source compteur, compteur 0, transactions 0)
2026-10-03 02:06:03 [INFO] Site visites libres du 2026-10-03 : entrees 0, sorties 0, presents 0 (pic None, source compteur)
2026-10-03 02:11:02 [INFO] Site visites libres : Visites libres a partir de 10h00 (fenetre 09:30-19:30)
2026-10-03 02:11:02 [INFO] Borne 192.168.2.10:5205 - compteurs du musee (Area 511 VISITES MUSEE)
2026-10-03 02:11:02 [INFO]   511 VISITES MUSEE E=106030 S=0
2026-10-03 02:11:02 [INFO]   512 ENTREE MUSEE E=106030 S=0
2026-10-03 02:11:02 [INFO]   1208 TRI-MUS-55   E=26166 S=0
2026-10-03 02:11:02 [INFO]   1209 TRI-MUS-56   E=53369 S=0
2026-10-03 02:11:02 [INFO]   1210 TRI-MUS-57   E=26495 S=0
2026-10-03 02:11:02 [INFO]   1040 PDA.3.11     E=0 S=0
2026-10-03 02:11:02 [INFO] Compteurs du site (visites libres)
2026-10-03 02:11:02 [INFO]   749 TRI-NORV-27  E=595 S=30762
2026-10-03 02:11:02 [INFO]   750 TRI-NORV-28  E=30014 S=143
2026-10-03 02:11:02 [INFO]   751 TRI-NORV-PMR-29 E=2893 S=131
2026-10-03 02:11:03 [INFO]   transactions 01:56:02 -> 02:11:02 : 0 lues en 1 page(s), 0 musee, 0 site
2026-10-03 02:11:03 [INFO] Dialogue borne : 1.1 s
2026-10-03 02:11:03 [INFO] Visiteurs du 2026-10-03 : 0 (source compteur, compteur 0, transactions 0)
2026-10-03 02:11:03 [INFO] Site visites libres du 2026-10-03 : entrees 0, sorties 0, presents 0 (pic None, source compteur)
2026-10-03 02:16:02 [INFO] Site visites libres : Visites libres a partir de 10h00 (fenetre 09:30-19:30)
2026-10-03 02:16:02 [INFO] Borne 192.168.2.10:5205 - compteurs du musee (Area 511 VISITES MUSEE)
2026-10-03 02:16:02 [INFO]   511 VISITES MUSEE E=106030 S=0
2026-10-03 02:16:02 [INFO]   512 ENTREE MUSEE E=106030 S=0
2026-10-03 02:16:02 [INFO]   1208 TRI-MUS-55   E=26166 S=0
2026-10-03 02:16:02 [INFO]   1209 TRI-MUS-56   E=53369 S=0
2026-10-03 02:16:02 [INFO]   1210 TRI-MUS-57   E=26495 S=0
2026-10-03 02:16:02 [INFO]   1040 PDA.3.11     E=0 S=0
2026-10-03 02:16:02 [INFO] Compteurs du site (visites libres)
2026-10-03 02:16:02 [INFO]   749 TRI-NORV-27  E=595 S=30762
2026-10-03 02:16:02 [INFO]   750 TRI-NORV-28  E=30014 S=143
2026-10-03 02:16:02 [INFO]   751 TRI-NORV-PMR-29 E=2893 S=131
2026-10-03 02:16:03 [INFO]   transactions 02:01:02 -> 02:16:02 : 0 lues en 1 page(s), 0 musee, 0 site
2026-10-03 02:16:03 [INFO] Dialogue borne : 0.9 s
2026-10-03 02:16:03 [INFO] Visiteurs du 2026-10-03 : 0 (source compteur, compteur 0, transactions 0)
2026-10-03 02:16:03 [INFO] Site visites libres du 2026-10-03 : entrees 0, sorties 0, presents 0 (pic None, source compteur)
2026-10-03 02:21:02 [INFO] Site visites libres : Visites libres a partir de 10h00 (fenetre 09:30-19:30)
2026-10-03 02:21:02 [INFO] Borne 192.168.2.10:5205 - compteurs du musee (Area 511 VISITES MUSEE)
2026-10-03 02:21:02 [INFO]   511 VISITES MUSEE E=106030 S=0
2026-10-03 02:21:02 [INFO]   512 ENTREE MUSEE E=106030 S=0
2026-10-03 02:21:02 [INFO]   1208 TRI-MUS-55   E=26166 S=0
2026-10-03 02:21:02 [INFO]   1209 TRI-MUS-56   E=53369 S=0
2026-10-03 02:21:02 [INFO]   1210 TRI-MUS-57   E=26495 S=0
2026-10-03 02:21:02 [INFO]   1040 PDA.3.11     E=0 S=0
2026-10-03 02:21:02 [INFO] Compteurs du site (visites libres)
2026-10-03 02:21:02 [INFO]   749 TRI-NORV-27  E=595 S=30762
2026-10-03 02:21:02 [INFO]   750 TRI-NORV-28  E=30014 S=143
2026-10-03 02:21:02 [INFO]   751 TRI-NORV-PMR-29 E=2893 S=131
2026-10-03 02:21:02 [INFO]   transactions 02:06:02 -> 02:21:02 : 0 lues en 1 page(s), 0 musee, 0 site
2026-10-03 02:21:02 [INFO] Dialogue borne : 0.9 s
2026-10-03 02:21:03 [INFO] Visiteurs du 2026-10-03 : 0 (source compteur, compteur 0, transactions 0)
2026-10-03 02:21:03 [INFO] Site visites libres du 2026-10-03 : entrees 0, sorties 0, presents 0 (pic None, source compteur)
2026-10-03 02:26:02 [INFO] Site visites libres : Visites libres a partir de 10h00 (fenetre 09:30-19:30)
2026-10-03 02:26:02 [INFO] Borne 192.168.2.10:5205 - compteurs du musee (Area 511 VISITES MUSEE)
2026-10-03 02:26:02 [INFO]   511 VISITES MUSEE E=106030 S=0
2026-10-03 02:26:02 [INFO]   512 ENTREE MUSEE E=106030 S=0
2026-10-03 02:26:02 [INFO]   1208 TRI-MUS-55   E=26166 S=0
2026-10-03 02:26:02 [INFO]   1209 TRI-MUS-56   E=53369 S=0
2026-10-03 02:26:02 [INFO]   1210 TRI-MUS-57   E=26495 S=0
2026-10-03 02:26:02 [INFO]   1040 PDA.3.11     E=0 S=0
2026-10-03 02:26:02 [INFO] Compteurs du site (visites libres)
2026-10-03 02:26:02 [INFO]   749 TRI-NORV-27  E=595 S=30762
2026-10-03 02:26:02 [INFO]   750 TRI-NORV-28  E=30014 S=143
2026-10-03 02:26:02 [INFO]   751 TRI-NORV-PMR-29 E=2893 S=131
2026-10-03 02:26:02 [INFO]   transactions 02:11:02 -> 02:26:02 : 0 lues en 1 page(s), 0 musee, 0 site
2026-10-03 02:26:02 [INFO] Dialogue borne : 0.8 s
2026-10-03 02:26:02 [INFO] Visiteurs du 2026-10-03 : 0 (source compteur, compteur 0, transactions 0)
2026-10-03 02:26:02 [INFO] Site visites libres du 2026-10-03 : entrees 0, sorties 0, presents 0 (pic None, source compteur)
2026-10-03 02:31:02 [INFO] Site visites libres : Visites libres a partir de 10h00 (fenetre 09:30-19:30)
2026-10-03 02:31:02 [INFO] Borne 192.168.2.10:5205 - compteurs du musee (Area 511 VISITES MUSEE)
2026-10-03 02:31:02 [INFO]   511 VISITES MUSEE E=106030 S=0
2026-10-03 02:31:02 [INFO]   512 ENTREE MUSEE E=106030 S=0
2026-10-03 02:31:02 [INFO]   1208 TRI-MUS-55   E=26166 S=0
2026-10-03 02:31:02 [INFO]   1209 TRI-MUS-56   E=53369 S=0
2026-10-03 02:31:02 [INFO]   1210 TRI-MUS-57   E=26495 S=0
2026-10-03 02:31:02 [INFO]   1040 PDA.3.11     E=0 S=0
2026-10-03 02:31:02 [INFO] Compteurs du site (visites libres)
2026-10-03 02:31:02 [INFO]   749 TRI-NORV-27  E=595 S=30762
2026-10-03 02:31:02 [INFO]   750 TRI-NORV-28  E=30014 S=143
2026-10-03 02:31:02 [INFO]   751 TRI-NORV-PMR-29 E=2893 S=131
2026-10-03 02:31:03 [INFO]   transactions 02:16:02 -> 02:31:02 : 0 lues en 1 page(s), 0 musee, 0 site
2026-10-03 02:31:03 [INFO] Dialogue borne : 1.0 s
2026-10-03 02:31:03 [INFO] Visiteurs du 2026-10-03 : 0 (source compteur, compteur 0, transactions 0)
2026-10-03 02:31:03 [INFO] Site visites libres du 2026-10-03 : entrees 0, sorties 0, presents 0 (pic None, source compteur)
2026-10-03 02:36:01 [INFO] Site visites libres : Visites libres a partir de 10h00 (fenetre 09:30-19:30)
2026-10-03 02:36:01 [INFO] Borne 192.168.2.10:5205 - compteurs du musee (Area 511 VISITES MUSEE)
2026-10-03 02:36:02 [INFO]   511 VISITES MUSEE E=106030 S=0
2026-10-03 02:36:02 [INFO]   512 ENTREE MUSEE E=106030 S=0
2026-10-03 02:36:02 [INFO]   1208 TRI-MUS-55   E=26166 S=0
2026-10-03 02:36:02 [INFO]   1209 TRI-MUS-56   E=53369 S=0
2026-10-03 02:36:02 [INFO]   1210 TRI-MUS-57   E=26495 S=0
2026-10-03 02:36:02 [INFO]   1040 PDA.3.11     E=0 S=0
2026-10-03 02:36:02 [INFO] Compteurs du site (visites libres)
2026-10-03 02:36:02 [INFO]   749 TRI-NORV-27  E=595 S=30762
2026-10-03 02:36:02 [INFO]   750 TRI-NORV-28  E=30014 S=143
2026-10-03 02:36:02 [INFO]   751 TRI-NORV-PMR-29 E=2893 S=131
2026-10-03 02:36:03 [INFO]   transactions 02:21:02 -> 02:36:01 : 0 lues en 1 page(s), 0 musee, 0 site
2026-10-03 02:36:03 [INFO] Dialogue borne : 1.0 s
2026-10-03 02:36:03 [INFO] Visiteurs du 2026-10-03 : 0 (source compteur, compteur 0, transactions 0)
2026-10-03 02:36:03 [INFO] Site visites libres du 2026-10-03 : entrees 0, sorties 0, presents 0 (pic None, source compteur)
2026-10-03 02:41:02 [INFO] Site visites libres : Visites libres a partir de 10h00 (fenetre 09:30-19:30)
2026-10-03 02:41:02 [INFO] Borne 192.168.2.10:5205 - compteurs du musee (Area 511 VISITES MUSEE)
2026-10-03 02:41:02 [INFO]   511 VISITES MUSEE E=106030 S=0
2026-10-03 02:41:02 [INFO]   512 ENTREE MUSEE E=106030 S=0
2026-10-03 02:41:02 [INFO]   1208 TRI-MUS-55   E=26166 S=0
2026-10-03 02:41:02 [INFO]   1209 TRI-MUS-56   E=53369 S=0
2026-10-03 02:41:02 [INFO]   1210 TRI-MUS-57   E=26495 S=0
2026-10-03 02:41:02 [INFO]   1040 PDA.3.11     E=0 S=0
2026-10-03 02:41:02 [INFO] Compteurs du site (visites libres)
2026-10-03 02:41:02 [INFO]   749 TRI-NORV-27  E=595 S=30762
2026-10-03 02:41:02 [INFO]   750 TRI-NORV-28  E=30014 S=143
2026-10-03 02:41:02 [INFO]   751 TRI-NORV-PMR-29 E=2893 S=131
2026-10-03 02:41:03 [INFO]   transactions 02:26:01 -> 02:41:02 : 0 lues en 1 page(s), 0 musee, 0 site
2026-10-03 02:41:03 [INFO] Dialogue borne : 1.1 s
2026-10-03 02:41:03 [INFO] Visiteurs du 2026-10-03 : 0 (source compteur, compteur 0, transactions 0)
2026-10-03 02:41:03 [INFO] Site visites libres du 2026-10-03 : entrees 0, sorties 0, presents 0 (pic None, source compteur)
2026-10-03 02:46:02 [INFO] Site visites libres : Visites libres a partir de 10h00 (fenetre 09:30-19:30)
2026-10-03 02:46:02 [INFO] Borne 192.168.2.10:5205 - compteurs du musee (Area 511 VISITES MUSEE)
2026-10-03 02:46:02 [INFO]   511 VISITES MUSEE E=106030 S=0
2026-10-03 02:46:02 [INFO]   512 ENTREE MUSEE E=106030 S=0
2026-10-03 02:46:02 [INFO]   1208 TRI-MUS-55   E=26166 S=0
2026-10-03 02:46:02 [INFO]   1209 TRI-MUS-56   E=53369 S=0
2026-10-03 02:46:02 [INFO]   1210 TRI-MUS-57   E=26495 S=0
2026-10-03 02:46:02 [INFO]   1040 PDA.3.11     E=0 S=0
2026-10-03 02:46:02 [INFO] Compteurs du site (visites libres)
2026-10-03 02:46:02 [INFO]   749 TRI-NORV-27  E=595 S=30762
2026-10-03 02:46:02 [INFO]   750 TRI-NORV-28  E=30014 S=143
2026-10-03 02:46:02 [INFO]   751 TRI-NORV-PMR-29 E=2893 S=131
2026-10-03 02:46:02 [INFO]   transactions 02:31:02 -> 02:46:02 : 0 lues en 1 page(s), 0 musee, 0 site
2026-10-03 02:46:02 [INFO] Dialogue borne : 0.9 s
2026-10-03 02:46:02 [INFO] Visiteurs du 2026-10-03 : 0 (source compteur, compteur 0, transactions 0)
2026-10-03 02:46:02 [INFO] Site visites libres du 2026-10-03 : entrees 0, sorties 0, presents 0 (pic None, source compteur)
2026-10-03 02:51:02 [INFO] Site visites libres : Visites libres a partir de 10h00 (fenetre 09:30-19:30)
2026-10-03 02:51:02 [INFO] Borne 192.168.2.10:5205 - compteurs du musee (Area 511 VISITES MUSEE)
2026-10-03 02:51:02 [INFO]   511 VISITES MUSEE E=106030 S=0
2026-10-03 02:51:02 [INFO]   512 ENTREE MUSEE E=106030 S=0
2026-10-03 02:51:02 [INFO]   1208 TRI-MUS-55   E=26166 S=0
2026-10-03 02:51:02 [INFO]   1209 TRI-MUS-56   E=53369 S=0
2026-10-03 02:51:02 [INFO]   1210 TRI-MUS-57   E=26495 S=0
2026-10-03 02:51:02 [INFO]   1040 PDA.3.11     E=0 S=0
2026-10-03 02:51:02 [INFO] Compteurs du site (visites libres)
2026-10-03 02:51:02 [INFO]   749 TRI-NORV-27  E=595 S=30762
2026-10-03 02:51:02 [INFO]   750 TRI-NORV-28  E=30014 S=143
2026-10-03 02:51:02 [INFO]   751 TRI-NORV-PMR-29 E=2893 S=131
2026-10-03 02:51:03 [INFO]   transactions 02:36:02 -> 02:51:02 : 0 lues en 1 page(s), 0 musee, 0 site
2026-10-03 02:51:03 [INFO] Dialogue borne : 1.0 s
2026-10-03 02:51:03 [INFO] Visiteurs du 2026-10-03 : 0 (source compteur, compteur 0, transactions 0)
2026-10-03 02:51:03 [INFO] Site visites libres du 2026-10-03 : entrees 0, sorties 0, presents 0 (pic None, source compteur)
2026-10-03 02:56:01 [INFO] Site visites libres : Visites libres a partir de 10h00 (fenetre 09:30-19:30)
2026-10-03 02:56:01 [INFO] Borne 192.168.2.10:5205 - compteurs du musee (Area 511 VISITES MUSEE)
2026-10-03 02:56:02 [INFO]   511 VISITES MUSEE E=106030 S=0
2026-10-03 02:56:02 [INFO]   512 ENTREE MUSEE E=106030 S=0
2026-10-03 02:56:02 [INFO]   1208 TRI-MUS-55   E=26166 S=0
2026-10-03 02:56:02 [INFO]   1209 TRI-MUS-56   E=53369 S=0
2026-10-03 02:56:02 [INFO]   1210 TRI-MUS-57   E=26495 S=0
2026-10-03 02:56:02 [INFO]   1040 PDA.3.11     E=0 S=0
2026-10-03 02:56:02 [INFO] Compteurs du site (visites libres)
2026-10-03 02:56:02 [INFO]   749 TRI-NORV-27  E=595 S=30762
2026-10-03 02:56:02 [INFO]   750 TRI-NORV-28  E=30014 S=143
2026-10-03 02:56:02 [INFO]   751 TRI-NORV-PMR-29 E=2893 S=131
2026-10-03 02:56:02 [INFO]   transactions 02:41:02 -> 02:56:01 : 0 lues en 1 page(s), 0 musee, 0 site
2026-10-03 02:56:02 [INFO] Dialogue borne : 0.8 s
2026-10-03 02:56:02 [INFO] Visiteurs du 2026-10-03 : 0 (source compteur, compteur 0, transactions 0)
2026-10-03 02:56:02 [INFO] Site visites libres du 2026-10-03 : entrees 0, sorties 0, presents 0 (pic None, source compteur)
2026-10-03 03:01:02 [INFO] Site visites libres : Visites libres a partir de 10h00 (fenetre 09:30-19:30)
2026-10-03 03:01:02 [INFO] Borne 192.168.2.10:5205 - compteurs du musee (Area 511 VISITES MUSEE)
2026-10-03 03:01:02 [INFO]   511 VISITES MUSEE E=106030 S=0
2026-10-03 03:01:02 [INFO]   512 ENTREE MUSEE E=106030 S=0
2026-10-03 03:01:02 [INFO]   1208 TRI-MUS-55   E=26166 S=0
2026-10-03 03:01:02 [INFO]   1209 TRI-MUS-56   E=53369 S=0
2026-10-03 03:01:02 [INFO]   1210 TRI-MUS-57   E=26495 S=0
2026-10-03 03:01:02 [INFO]   1040 PDA.3.11     E=0 S=0
2026-10-03 03:01:02 [INFO] Compteurs du site (visites libres)
2026-10-03 03:01:02 [INFO]   749 TRI-NORV-27  E=595 S=30762
2026-10-03 03:01:02 [INFO]   750 TRI-NORV-28  E=30014 S=143
2026-10-03 03:01:02 [INFO]   751 TRI-NORV-PMR-29 E=2893 S=131
2026-10-03 03:01:03 [INFO]   transactions 02:46:01 -> 03:01:02 : 0 lues en 1 page(s), 0 musee, 0 site
2026-10-03 03:01:03 [INFO] Dialogue borne : 1.1 s
2026-10-03 03:01:03 [INFO] Visiteurs du 2026-10-03 : 0 (source compteur, compteur 0, transactions 0)
2026-10-03 03:01:03 [INFO] Site visites libres du 2026-10-03 : entrees 0, sorties 0, presents 0 (pic None, source compteur)
2026-10-03 03:06:02 [INFO] Site visites libres : Visites libres a partir de 10h00 (fenetre 09:30-19:30)
2026-10-03 03:06:02 [INFO] Borne 192.168.2.10:5205 - compteurs du musee (Area 511 VISITES MUSEE)
2026-10-03 03:06:02 [INFO]   511 VISITES MUSEE E=106030 S=0
2026-10-03 03:06:02 [INFO]   512 ENTREE MUSEE E=106030 S=0
2026-10-03 03:06:02 [INFO]   1208 TRI-MUS-55   E=26166 S=0
2026-10-03 03:06:02 [INFO]   1209 TRI-MUS-56   E=53369 S=0
2026-10-03 03:06:02 [INFO]   1210 TRI-MUS-57   E=26495 S=0
2026-10-03 03:06:02 [INFO]   1040 PDA.3.11     E=0 S=0
2026-10-03 03:06:02 [INFO] Compteurs du site (visites libres)
2026-10-03 03:06:02 [INFO]   749 TRI-NORV-27  E=595 S=30762
2026-10-03 03:06:02 [INFO]   750 TRI-NORV-28  E=30014 S=143
2026-10-03 03:06:02 [INFO]   751 TRI-NORV-PMR-29 E=2893 S=131
2026-10-03 03:06:02 [INFO]   transactions 02:51:02 -> 03:06:02 : 0 lues en 1 page(s), 0 musee, 0 site
2026-10-03 03:06:02 [INFO] Dialogue borne : 1.0 s
2026-10-03 03:06:02 [INFO] Visiteurs du 2026-10-03 : 0 (source compteur, compteur 0, transactions 0)
2026-10-03 03:06:03 [INFO] Site visites libres du 2026-10-03 : entrees 0, sorties 0, presents 0 (pic None, source compteur)
2026-10-03 03:11:04 [INFO] Site visites libres : Visites libres a partir de 10h00 (fenetre 09:30-19:30)
2026-10-03 03:11:04 [INFO] Borne 192.168.2.10:5205 - compteurs du musee (Area 511 VISITES MUSEE)
2026-10-03 03:11:04 [INFO]   511 VISITES MUSEE E=106030 S=0
2026-10-03 03:11:04 [INFO]   512 ENTREE MUSEE E=106030 S=0
2026-10-03 03:11:04 [INFO]   1208 TRI-MUS-55   E=26166 S=0
2026-10-03 03:11:04 [INFO]   1209 TRI-MUS-56   E=53369 S=0
2026-10-03 03:11:04 [INFO]   1210 TRI-MUS-57   E=26495 S=0
2026-10-03 03:11:04 [INFO]   1040 PDA.3.11     E=0 S=0
2026-10-03 03:11:04 [INFO] Compteurs du site (visites libres)
2026-10-03 03:11:05 [INFO]   749 TRI-NORV-27  E=595 S=30762
2026-10-03 03:11:05 [INFO]   750 TRI-NORV-28  E=30014 S=143
2026-10-03 03:11:05 [INFO]   751 TRI-NORV-PMR-29 E=2893 S=131
2026-10-03 03:11:05 [INFO]   transactions 02:56:02 -> 03:11:04 : 0 lues en 1 page(s), 0 musee, 0 site
2026-10-03 03:11:05 [INFO] Dialogue borne : 1.0 s
2026-10-03 03:11:05 [INFO] Visiteurs du 2026-10-03 : 0 (source compteur, compteur 0, transactions 0)
2026-10-03 03:11:05 [INFO] Site visites libres du 2026-10-03 : entrees 0, sorties 0, presents 0 (pic None, source compteur)
2026-10-03 03:16:02 [INFO] Site visites libres : Visites libres a partir de 10h00 (fenetre 09:30-19:30)
2026-10-03 03:16:02 [INFO] Borne 192.168.2.10:5205 - compteurs du musee (Area 511 VISITES MUSEE)
2026-10-03 03:16:02 [INFO]   511 VISITES MUSEE E=106030 S=0
2026-10-03 03:16:02 [INFO]   512 ENTREE MUSEE E=106030 S=0
2026-10-03 03:16:02 [INFO]   1208 TRI-MUS-55   E=26166 S=0
2026-10-03 03:16:02 [INFO]   1209 TRI-MUS-56   E=53369 S=0
2026-10-03 03:16:02 [INFO]   1210 TRI-MUS-57   E=26495 S=0
2026-10-03 03:16:02 [INFO]   1040 PDA.3.11     E=0 S=0
2026-10-03 03:16:02 [INFO] Compteurs du site (visites libres)
2026-10-03 03:16:02 [INFO]   749 TRI-NORV-27  E=595 S=30762
2026-10-03 03:16:02 [INFO]   750 TRI-NORV-28  E=30014 S=143
2026-10-03 03:16:02 [INFO]   751 TRI-NORV-PMR-29 E=2893 S=131
2026-10-03 03:16:03 [INFO]   transactions 03:01:04 -> 03:16:02 : 0 lues en 1 page(s), 0 musee, 0 site
2026-10-03 03:16:03 [INFO] Dialogue borne : 1.0 s
2026-10-03 03:16:03 [INFO] Visiteurs du 2026-10-03 : 0 (source compteur, compteur 0, transactions 0)
2026-10-03 03:16:03 [INFO] Site visites libres du 2026-10-03 : entrees 0, sorties 0, presents 0 (pic None, source compteur)
2026-10-03 03:21:02 [INFO] Site visites libres : Visites libres a partir de 10h00 (fenetre 09:30-19:30)
2026-10-03 03:21:02 [INFO] Borne 192.168.2.10:5205 - compteurs du musee (Area 511 VISITES MUSEE)
2026-10-03 03:21:02 [INFO]   511 VISITES MUSEE E=106030 S=0
2026-10-03 03:21:02 [INFO]   512 ENTREE MUSEE E=106030 S=0
2026-10-03 03:21:02 [INFO]   1208 TRI-MUS-55   E=26166 S=0
2026-10-03 03:21:02 [INFO]   1209 TRI-MUS-56   E=53369 S=0
2026-10-03 03:21:02 [INFO]   1210 TRI-MUS-57   E=26495 S=0
2026-10-03 03:21:02 [INFO]   1040 PDA.3.11     E=0 S=0
2026-10-03 03:21:02 [INFO] Compteurs du site (visites libres)
2026-10-03 03:21:02 [INFO]   749 TRI-NORV-27  E=595 S=30762
2026-10-03 03:21:02 [INFO]   750 TRI-NORV-28  E=30014 S=143
2026-10-03 03:21:02 [INFO]   751 TRI-NORV-PMR-29 E=2893 S=131
2026-10-03 03:21:03 [INFO]   transactions 03:06:02 -> 03:21:02 : 0 lues en 1 page(s), 0 musee, 0 site
2026-10-03 03:21:03 [INFO] Dialogue borne : 1.0 s
2026-10-03 03:21:03 [INFO] Visiteurs du 2026-10-03 : 0 (source compteur, compteur 0, transactions 0)
2026-10-03 03:21:03 [INFO] Site visites libres du 2026-10-03 : entrees 0, sorties 0, presents 0 (pic None, source compteur)
2026-10-03 03:26:01 [INFO] Site visites libres : Visites libres a partir de 10h00 (fenetre 09:30-19:30)
2026-10-03 03:26:02 [INFO] Borne 192.168.2.10:5205 - compteurs du musee (Area 511 VISITES MUSEE)
2026-10-03 03:26:02 [INFO]   511 VISITES MUSEE E=106030 S=0
2026-10-03 03:26:02 [INFO]   512 ENTREE MUSEE E=106030 S=0
2026-10-03 03:26:02 [INFO]   1208 TRI-MUS-55   E=26166 S=0
2026-10-03 03:26:02 [INFO]   1209 TRI-MUS-56   E=53369 S=0
2026-10-03 03:26:02 [INFO]   1210 TRI-MUS-57   E=26495 S=0
2026-10-03 03:26:02 [INFO]   1040 PDA.3.11     E=0 S=0
2026-10-03 03:26:02 [INFO] Compteurs du site (visites libres)
2026-10-03 03:26:02 [INFO]   749 TRI-NORV-27  E=595 S=30762
2026-10-03 03:26:02 [INFO]   750 TRI-NORV-28  E=30014 S=143
2026-10-03 03:26:02 [INFO]   751 TRI-NORV-PMR-29 E=2893 S=131
2026-10-03 03:26:02 [INFO]   transactions 03:11:02 -> 03:26:01 : 0 lues en 1 page(s), 0 musee, 0 site
2026-10-03 03:26:02 [INFO] Dialogue borne : 0.9 s
2026-10-03 03:26:02 [INFO] Visiteurs du 2026-10-03 : 0 (source compteur, compteur 0, transactions 0)
2026-10-03 03:26:02 [INFO] Site visites libres du 2026-10-03 : entrees 0, sorties 0, presents 0 (pic None, source compteur)
2026-10-03 03:31:02 [INFO] Site visites libres : Visites libres a partir de 10h00 (fenetre 09:30-19:30)
2026-10-03 03:31:02 [INFO] Borne 192.168.2.10:5205 - compteurs du musee (Area 511 VISITES MUSEE)
2026-10-03 03:31:02 [INFO]   511 VISITES MUSEE E=106030 S=0
2026-10-03 03:31:02 [INFO]   512 ENTREE MUSEE E=106030 S=0
2026-10-03 03:31:02 [INFO]   1208 TRI-MUS-55   E=26166 S=0
2026-10-03 03:31:02 [INFO]   1209 TRI-MUS-56   E=53369 S=0
2026-10-03 03:31:02 [INFO]   1210 TRI-MUS-57   E=26495 S=0
2026-10-03 03:31:02 [INFO]   1040 PDA.3.11     E=0 S=0
2026-10-03 03:31:02 [INFO] Compteurs du site (visites libres)
2026-10-03 03:31:02 [INFO]   749 TRI-NORV-27  E=595 S=30762
2026-10-03 03:31:02 [INFO]   750 TRI-NORV-28  E=30014 S=143
2026-10-03 03:31:02 [INFO]   751 TRI-NORV-PMR-29 E=2893 S=131
2026-10-03 03:31:02 [INFO]   transactions 03:16:01 -> 03:31:02 : 0 lues en 1 page(s), 0 musee, 0 site
2026-10-03 03:31:02 [INFO] Dialogue borne : 0.9 s
2026-10-03 03:31:02 [INFO] Visiteurs du 2026-10-03 : 0 (source compteur, compteur 0, transactions 0)
2026-10-03 03:31:02 [INFO] Site visites libres du 2026-10-03 : entrees 0, sorties 0, presents 0 (pic None, source compteur)
2026-10-03 03:36:01 [INFO] Site visites libres : Visites libres a partir de 10h00 (fenetre 09:30-19:30)
2026-10-03 03:36:01 [INFO] Borne 192.168.2.10:5205 - compteurs du musee (Area 511 VISITES MUSEE)
2026-10-03 03:36:02 [INFO]   511 VISITES MUSEE E=106030 S=0
2026-10-03 03:36:02 [INFO]   512 ENTREE MUSEE E=106030 S=0
2026-10-03 03:36:02 [INFO]   1208 TRI-MUS-55   E=26166 S=0
2026-10-03 03:36:02 [INFO]   1209 TRI-MUS-56   E=53369 S=0
2026-10-03 03:36:02 [INFO]   1210 TRI-MUS-57   E=26495 S=0
2026-10-03 03:36:02 [INFO]   1040 PDA.3.11     E=0 S=0
2026-10-03 03:36:02 [INFO] Compteurs du site (visites libres)
2026-10-03 03:36:02 [INFO]   749 TRI-NORV-27  E=595 S=30762
2026-10-03 03:36:02 [INFO]   750 TRI-NORV-28  E=30014 S=143
2026-10-03 03:36:02 [INFO]   751 TRI-NORV-PMR-29 E=2893 S=131
2026-10-03 03:36:02 [INFO]   transactions 03:21:02 -> 03:36:01 : 0 lues en 1 page(s), 0 musee, 0 site
2026-10-03 03:36:02 [INFO] Dialogue borne : 0.9 s
2026-10-03 03:36:02 [INFO] Visiteurs du 2026-10-03 : 0 (source compteur, compteur 0, transactions 0)
2026-10-03 03:36:02 [INFO] Site visites libres du 2026-10-03 : entrees 0, sorties 0, presents 0 (pic None, source compteur)
2026-10-03 03:41:02 [INFO] Site visites libres : Visites libres a partir de 10h00 (fenetre 09:30-19:30)
2026-10-03 03:41:02 [INFO] Borne 192.168.2.10:5205 - compteurs du musee (Area 511 VISITES MUSEE)
2026-10-03 03:41:02 [INFO]   511 VISITES MUSEE E=106030 S=0
2026-10-03 03:41:02 [INFO]   512 ENTREE MUSEE E=106030 S=0
2026-10-03 03:41:02 [INFO]   1208 TRI-MUS-55   E=26166 S=0
2026-10-03 03:41:02 [INFO]   1209 TRI-MUS-56   E=53369 S=0
2026-10-03 03:41:02 [INFO]   1210 TRI-MUS-57   E=26495 S=0
2026-10-03 03:41:02 [INFO]   1040 PDA.3.11     E=0 S=0
2026-10-03 03:41:02 [INFO] Compteurs du site (visites libres)
2026-10-03 03:41:02 [INFO]   749 TRI-NORV-27  E=595 S=30762
2026-10-03 03:41:02 [INFO]   750 TRI-NORV-28  E=30014 S=143
2026-10-03 03:41:02 [INFO]   751 TRI-NORV-PMR-29 E=2893 S=131
2026-10-03 03:41:02 [INFO]   transactions 03:26:01 -> 03:41:02 : 0 lues en 1 page(s), 0 musee, 0 site
2026-10-03 03:41:02 [INFO] Dialogue borne : 0.9 s
2026-10-03 03:41:02 [INFO] Visiteurs du 2026-10-03 : 0 (source compteur, compteur 0, transactions 0)
2026-10-03 03:41:02 [INFO] Site visites libres du 2026-10-03 : entrees 0, sorties 0, presents 0 (pic None, source compteur)
2026-10-03 03:46:01 [INFO] Site visites libres : Visites libres a partir de 10h00 (fenetre 09:30-19:30)
2026-10-03 03:46:01 [INFO] Borne 192.168.2.10:5205 - compteurs du musee (Area 511 VISITES MUSEE)
2026-10-03 03:46:02 [INFO]   511 VISITES MUSEE E=106030 S=0
2026-10-03 03:46:02 [INFO]   512 ENTREE MUSEE E=106030 S=0
2026-10-03 03:46:02 [INFO]   1208 TRI-MUS-55   E=26166 S=0
2026-10-03 03:46:02 [INFO]   1209 TRI-MUS-56   E=53369 S=0
2026-10-03 03:46:02 [INFO]   1210 TRI-MUS-57   E=26495 S=0
2026-10-03 03:46:02 [INFO]   1040 PDA.3.11     E=0 S=0
2026-10-03 03:46:02 [INFO] Compteurs du site (visites libres)
2026-10-03 03:46:02 [INFO]   749 TRI-NORV-27  E=595 S=30762
2026-10-03 03:46:02 [INFO]   750 TRI-NORV-28  E=30014 S=143
2026-10-03 03:46:02 [INFO]   751 TRI-NORV-PMR-29 E=2893 S=131
2026-10-03 03:46:03 [INFO]   transactions 03:31:02 -> 03:46:01 : 0 lues en 1 page(s), 0 musee, 0 site
2026-10-03 03:46:03 [INFO] Dialogue borne : 1.1 s
2026-10-03 03:46:03 [INFO] Visiteurs du 2026-10-03 : 0 (source compteur, compteur 0, transactions 0)
2026-10-03 03:46:03 [INFO] Site visites libres du 2026-10-03 : entrees 0, sorties 0, presents 0 (pic None, source compteur)
2026-10-03 03:51:01 [INFO] Site visites libres : Visites libres a partir de 10h00 (fenetre 09:30-19:30)
2026-10-03 03:51:02 [INFO] Borne 192.168.2.10:5205 - compteurs du musee (Area 511 VISITES MUSEE)
2026-10-03 03:51:02 [INFO]   511 VISITES MUSEE E=106030 S=0
2026-10-03 03:51:02 [INFO]   512 ENTREE MUSEE E=106030 S=0
2026-10-03 03:51:02 [INFO]   1208 TRI-MUS-55   E=26166 S=0
2026-10-03 03:51:02 [INFO]   1209 TRI-MUS-56   E=53369 S=0
2026-10-03 03:51:02 [INFO]   1210 TRI-MUS-57   E=26495 S=0
2026-10-03 03:51:02 [INFO]   1040 PDA.3.11     E=0 S=0
2026-10-03 03:51:02 [INFO] Compteurs du site (visites libres)
2026-10-03 03:51:02 [INFO]   749 TRI-NORV-27  E=595 S=30762
2026-10-03 03:51:02 [INFO]   750 TRI-NORV-28  E=30014 S=143
2026-10-03 03:51:02 [INFO]   751 TRI-NORV-PMR-29 E=2893 S=131
2026-10-03 03:51:02 [INFO]   transactions 03:36:01 -> 03:51:01 : 0 lues en 1 page(s), 0 musee, 0 site
2026-10-03 03:51:02 [INFO] Dialogue borne : 0.9 s
2026-10-03 03:51:02 [INFO] Visiteurs du 2026-10-03 : 0 (source compteur, compteur 0, transactions 0)
2026-10-03 03:51:02 [INFO] Site visites libres du 2026-10-03 : entrees 0, sorties 0, presents 0 (pic None, source compteur)
2026-10-03 03:56:02 [INFO] Site visites libres : Visites libres a partir de 10h00 (fenetre 09:30-19:30)
2026-10-03 03:56:02 [INFO] Borne 192.168.2.10:5205 - compteurs du musee (Area 511 VISITES MUSEE)
2026-10-03 03:56:02 [INFO]   511 VISITES MUSEE E=106030 S=0
2026-10-03 03:56:02 [INFO]   512 ENTREE MUSEE E=106030 S=0
2026-10-03 03:56:02 [INFO]   1208 TRI-MUS-55   E=26166 S=0
2026-10-03 03:56:02 [INFO]   1209 TRI-MUS-56   E=53369 S=0
2026-10-03 03:56:02 [INFO]   1210 TRI-MUS-57   E=26495 S=0
2026-10-03 03:56:02 [INFO]   1040 PDA.3.11     E=0 S=0
2026-10-03 03:56:02 [INFO] Compteurs du site (visites libres)
2026-10-03 03:56:02 [INFO]   749 TRI-NORV-27  E=595 S=30762
2026-10-03 03:56:02 [INFO]   750 TRI-NORV-28  E=30014 S=143
2026-10-03 03:56:02 [INFO]   751 TRI-NORV-PMR-29 E=2893 S=131
2026-10-03 03:56:02 [INFO]   transactions 03:41:01 -> 03:56:02 : 0 lues en 1 page(s), 0 musee, 0 site
2026-10-03 03:56:02 [INFO] Dialogue borne : 0.9 s
2026-10-03 03:56:02 [INFO] Visiteurs du 2026-10-03 : 0 (source compteur, compteur 0, transactions 0)
2026-10-03 03:56:02 [INFO] Site visites libres du 2026-10-03 : entrees 0, sorties 0, presents 0 (pic None, source compteur)
2026-10-03 04:01:01 [INFO] Site visites libres : Visites libres a partir de 10h00 (fenetre 09:30-19:30)
2026-10-03 04:01:02 [INFO] Borne 192.168.2.10:5205 - compteurs du musee (Area 511 VISITES MUSEE)
2026-10-03 04:01:02 [INFO]   511 VISITES MUSEE E=106030 S=0
2026-10-03 04:01:02 [INFO]   512 ENTREE MUSEE E=106030 S=0
2026-10-03 04:01:02 [INFO]   1208 TRI-MUS-55   E=26166 S=0
2026-10-03 04:01:02 [INFO]   1209 TRI-MUS-56   E=53369 S=0
2026-10-03 04:01:02 [INFO]   1210 TRI-MUS-57   E=26495 S=0
2026-10-03 04:01:02 [INFO]   1040 PDA.3.11     E=0 S=0
2026-10-03 04:01:02 [INFO] Compteurs du site (visites libres)
2026-10-03 04:01:02 [INFO]   749 TRI-NORV-27  E=595 S=30762
2026-10-03 04:01:02 [INFO]   750 TRI-NORV-28  E=30014 S=143
2026-10-03 04:01:02 [INFO]   751 TRI-NORV-PMR-29 E=2893 S=131
2026-10-03 04:01:03 [INFO]   transactions 03:46:02 -> 04:01:01 : 0 lues en 1 page(s), 0 musee, 0 site
2026-10-03 04:01:03 [INFO] Dialogue borne : 1.5 s
2026-10-03 04:01:03 [INFO] Visiteurs du 2026-10-03 : 0 (source compteur, compteur 0, transactions 0)
2026-10-03 04:01:03 [INFO] Site visites libres du 2026-10-03 : entrees 0, sorties 0, presents 0 (pic None, source compteur)
2026-10-03 04:06:02 [INFO] Site visites libres : Visites libres a partir de 10h00 (fenetre 09:30-19:30)
2026-10-03 04:06:02 [INFO] Borne 192.168.2.10:5205 - compteurs du musee (Area 511 VISITES MUSEE)
2026-10-03 04:06:02 [INFO]   511 VISITES MUSEE E=106030 S=0
2026-10-03 04:06:02 [INFO]   512 ENTREE MUSEE E=106030 S=0
2026-10-03 04:06:02 [INFO]   1208 TRI-MUS-55   E=26166 S=0
2026-10-03 04:06:02 [INFO]   1209 TRI-MUS-56   E=53369 S=0
2026-10-03 04:06:02 [INFO]   1210 TRI-MUS-57   E=26495 S=0
2026-10-03 04:06:02 [INFO]   1040 PDA.3.11     E=0 S=0
2026-10-03 04:06:02 [INFO] Compteurs du site (visites libres)
2026-10-03 04:06:02 [INFO]   749 TRI-NORV-27  E=595 S=30762
2026-10-03 04:06:03 [INFO]   750 TRI-NORV-28  E=30014 S=143
2026-10-03 04:06:03 [INFO]   751 TRI-NORV-PMR-29 E=2893 S=131
2026-10-03 04:06:03 [INFO]   transactions 03:51:01 -> 04:06:02 : 0 lues en 1 page(s), 0 musee, 0 site
2026-10-03 04:06:03 [INFO] Dialogue borne : 1.4 s
2026-10-03 04:06:03 [INFO] Visiteurs du 2026-10-03 : 0 (source compteur, compteur 0, transactions 0)
2026-10-03 04:06:03 [INFO] Site visites libres du 2026-10-03 : entrees 0, sorties 0, presents 0 (pic None, source compteur)
2026-10-03 04:11:01 [INFO] Site visites libres : Visites libres a partir de 10h00 (fenetre 09:30-19:30)
2026-10-03 04:11:01 [INFO] Borne 192.168.2.10:5205 - compteurs du musee (Area 511 VISITES MUSEE)
2026-10-03 04:11:02 [INFO]   511 VISITES MUSEE E=106030 S=0
2026-10-03 04:11:02 [INFO]   512 ENTREE MUSEE E=106030 S=0
2026-10-03 04:11:02 [INFO]   1208 TRI-MUS-55   E=26166 S=0
2026-10-03 04:11:02 [INFO]   1209 TRI-MUS-56   E=53369 S=0
2026-10-03 04:11:02 [INFO]   1210 TRI-MUS-57   E=26495 S=0
2026-10-03 04:11:02 [INFO]   1040 PDA.3.11     E=0 S=0
2026-10-03 04:11:02 [INFO] Compteurs du site (visites libres)
2026-10-03 04:11:02 [INFO]   749 TRI-NORV-27  E=595 S=30762
2026-10-03 04:11:02 [INFO]   750 TRI-NORV-28  E=30014 S=143
2026-10-03 04:11:02 [INFO]   751 TRI-NORV-PMR-29 E=2893 S=131
2026-10-03 04:11:03 [INFO]   transactions 03:56:02 -> 04:11:01 : 0 lues en 1 page(s), 0 musee, 0 site
2026-10-03 04:11:03 [INFO] Dialogue borne : 1.1 s
2026-10-03 04:11:03 [INFO] Visiteurs du 2026-10-03 : 0 (source compteur, compteur 0, transactions 0)
2026-10-03 04:11:03 [INFO] Site visites libres du 2026-10-03 : entrees 0, sorties 0, presents 0 (pic None, source compteur)
2026-10-03 04:16:02 [INFO] Site visites libres : Visites libres a partir de 10h00 (fenetre 09:30-19:30)
2026-10-03 04:16:02 [INFO] Borne 192.168.2.10:5205 - compteurs du musee (Area 511 VISITES MUSEE)
2026-10-03 04:16:02 [INFO]   511 VISITES MUSEE E=106030 S=0
2026-10-03 04:16:02 [INFO]   512 ENTREE MUSEE E=106030 S=0
2026-10-03 04:16:02 [INFO]   1208 TRI-MUS-55   E=26166 S=0
2026-10-03 04:16:02 [INFO]   1209 TRI-MUS-56   E=53369 S=0
2026-10-03 04:16:02 [INFO]   1210 TRI-MUS-57   E=26495 S=0
2026-10-03 04:16:02 [INFO]   1040 PDA.3.11     E=0 S=0
2026-10-03 04:16:02 [INFO] Compteurs du site (visites libres)
2026-10-03 04:16:02 [INFO]   749 TRI-NORV-27  E=595 S=30762
2026-10-03 04:16:02 [INFO]   750 TRI-NORV-28  E=30014 S=143
2026-10-03 04:16:02 [INFO]   751 TRI-NORV-PMR-29 E=2893 S=131
2026-10-03 04:16:03 [INFO]   transactions 04:01:01 -> 04:16:02 : 0 lues en 1 page(s), 0 musee, 0 site
2026-10-03 04:16:03 [INFO] Dialogue borne : 1.1 s
2026-10-03 04:16:03 [INFO] Visiteurs du 2026-10-03 : 0 (source compteur, compteur 0, transactions 0)
2026-10-03 04:16:03 [INFO] Site visites libres du 2026-10-03 : entrees 0, sorties 0, presents 0 (pic None, source compteur)
2026-10-03 04:21:02 [INFO] Site visites libres : Visites libres a partir de 10h00 (fenetre 09:30-19:30)
2026-10-03 04:21:02 [INFO] Borne 192.168.2.10:5205 - compteurs du musee (Area 511 VISITES MUSEE)
2026-10-03 04:21:02 [INFO]   511 VISITES MUSEE E=106030 S=0
2026-10-03 04:21:02 [INFO]   512 ENTREE MUSEE E=106030 S=0
2026-10-03 04:21:02 [INFO]   1208 TRI-MUS-55   E=26166 S=0
2026-10-03 04:21:02 [INFO]   1209 TRI-MUS-56   E=53369 S=0
2026-10-03 04:21:02 [INFO]   1210 TRI-MUS-57   E=26495 S=0
2026-10-03 04:21:02 [INFO]   1040 PDA.3.11     E=0 S=0
2026-10-03 04:21:02 [INFO] Compteurs du site (visites libres)
2026-10-03 04:21:02 [INFO]   749 TRI-NORV-27  E=595 S=30762
2026-10-03 04:21:02 [INFO]   750 TRI-NORV-28  E=30014 S=143
2026-10-03 04:21:02 [INFO]   751 TRI-NORV-PMR-29 E=2893 S=131
2026-10-03 04:21:02 [INFO]   transactions 04:06:02 -> 04:21:02 : 0 lues en 1 page(s), 0 musee, 0 site
2026-10-03 04:21:02 [INFO] Dialogue borne : 0.9 s
2026-10-03 04:21:02 [INFO] Visiteurs du 2026-10-03 : 0 (source compteur, compteur 0, transactions 0)
2026-10-03 04:21:02 [INFO] Site visites libres du 2026-10-03 : entrees 0, sorties 0, presents 0 (pic None, source compteur)
2026-10-03 04:26:02 [INFO] Site visites libres : Visites libres a partir de 10h00 (fenetre 09:30-19:30)
2026-10-03 04:26:02 [INFO] Borne 192.168.2.10:5205 - compteurs du musee (Area 511 VISITES MUSEE)
2026-10-03 04:26:02 [INFO]   511 VISITES MUSEE E=106030 S=0
2026-10-03 04:26:02 [INFO]   512 ENTREE MUSEE E=106030 S=0
2026-10-03 04:26:02 [INFO]   1208 TRI-MUS-55   E=26166 S=0
2026-10-03 04:26:02 [INFO]   1209 TRI-MUS-56   E=53369 S=0
2026-10-03 04:26:02 [INFO]   1210 TRI-MUS-57   E=26495 S=0
2026-10-03 04:26:02 [INFO]   1040 PDA.3.11     E=0 S=0
2026-10-03 04:26:02 [INFO] Compteurs du site (visites libres)
2026-10-03 04:26:02 [INFO]   749 TRI-NORV-27  E=595 S=30762
2026-10-03 04:26:02 [INFO]   750 TRI-NORV-28  E=30014 S=143
2026-10-03 04:26:02 [INFO]   751 TRI-NORV-PMR-29 E=2893 S=131
2026-10-03 04:26:02 [INFO]   transactions 04:11:02 -> 04:26:02 : 0 lues en 1 page(s), 0 musee, 0 site
2026-10-03 04:26:02 [INFO] Dialogue borne : 0.9 s
2026-10-03 04:26:03 [INFO] Visiteurs du 2026-10-03 : 0 (source compteur, compteur 0, transactions 0)
2026-10-03 04:26:03 [INFO] Site visites libres du 2026-10-03 : entrees 0, sorties 0, presents 0 (pic None, source compteur)
2026-10-03 04:31:02 [INFO] Site visites libres : Visites libres a partir de 10h00 (fenetre 09:30-19:30)
2026-10-03 04:31:02 [INFO] Borne 192.168.2.10:5205 - compteurs du musee (Area 511 VISITES MUSEE)
2026-10-03 04:31:02 [INFO]   511 VISITES MUSEE E=106030 S=0
2026-10-03 04:31:02 [INFO]   512 ENTREE MUSEE E=106030 S=0
2026-10-03 04:31:02 [INFO]   1208 TRI-MUS-55   E=26166 S=0
2026-10-03 04:31:02 [INFO]   1209 TRI-MUS-56   E=53369 S=0
2026-10-03 04:31:02 [INFO]   1210 TRI-MUS-57   E=26495 S=0
2026-10-03 04:31:02 [INFO]   1040 PDA.3.11     E=0 S=0
2026-10-03 04:31:02 [INFO] Compteurs du site (visites libres)
2026-10-03 04:31:02 [INFO]   749 TRI-NORV-27  E=595 S=30762
2026-10-03 04:31:02 [INFO]   750 TRI-NORV-28  E=30014 S=143
2026-10-03 04:31:02 [INFO]   751 TRI-NORV-PMR-29 E=2893 S=131
2026-10-03 04:31:04 [INFO]   transactions 04:16:02 -> 04:31:02 : 0 lues en 1 page(s), 0 musee, 0 site
2026-10-03 04:31:04 [INFO] Dialogue borne : 2.9 s
2026-10-03 04:31:04 [INFO] Visiteurs du 2026-10-03 : 0 (source compteur, compteur 0, transactions 0)
2026-10-03 04:31:04 [INFO] Site visites libres du 2026-10-03 : entrees 0, sorties 0, presents 0 (pic None, source compteur)
2026-10-03 04:36:01 [INFO] Site visites libres : Visites libres a partir de 10h00 (fenetre 09:30-19:30)
2026-10-03 04:36:02 [INFO] Borne 192.168.2.10:5205 - compteurs du musee (Area 511 VISITES MUSEE)
2026-10-03 04:36:02 [INFO]   511 VISITES MUSEE E=106030 S=0
2026-10-03 04:36:02 [INFO]   512 ENTREE MUSEE E=106030 S=0
2026-10-03 04:36:02 [INFO]   1208 TRI-MUS-55   E=26166 S=0
2026-10-03 04:36:02 [INFO]   1209 TRI-MUS-56   E=53369 S=0
2026-10-03 04:36:02 [INFO]   1210 TRI-MUS-57   E=26495 S=0
2026-10-03 04:36:02 [INFO]   1040 PDA.3.11     E=0 S=0
2026-10-03 04:36:02 [INFO] Compteurs du site (visites libres)
2026-10-03 04:36:02 [INFO]   749 TRI-NORV-27  E=595 S=30762
2026-10-03 04:36:02 [INFO]   750 TRI-NORV-28  E=30014 S=143
2026-10-03 04:36:02 [INFO]   751 TRI-NORV-PMR-29 E=2893 S=131
2026-10-03 04:36:02 [INFO]   transactions 04:21:02 -> 04:36:01 : 0 lues en 1 page(s), 0 musee, 0 site
2026-10-03 04:36:02 [INFO] Dialogue borne : 0.9 s
2026-10-03 04:36:02 [INFO] Visiteurs du 2026-10-03 : 0 (source compteur, compteur 0, transactions 0)
2026-10-03 04:36:02 [INFO] Site visites libres du 2026-10-03 : entrees 0, sorties 0, presents 0 (pic None, source compteur)
2026-10-03 04:41:01 [INFO] Site visites libres : Visites libres a partir de 10h00 (fenetre 09:30-19:30)
2026-10-03 04:41:01 [INFO] Borne 192.168.2.10:5205 - compteurs du musee (Area 511 VISITES MUSEE)
2026-10-03 04:41:02 [INFO]   511 VISITES MUSEE E=106030 S=0
2026-10-03 04:41:02 [INFO]   512 ENTREE MUSEE E=106030 S=0
2026-10-03 04:41:02 [INFO]   1208 TRI-MUS-55   E=26166 S=0
2026-10-03 04:41:02 [INFO]   1209 TRI-MUS-56   E=53369 S=0
2026-10-03 04:41:02 [INFO]   1210 TRI-MUS-57   E=26495 S=0
2026-10-03 04:41:02 [INFO]   1040 PDA.3.11     E=0 S=0
2026-10-03 04:41:02 [INFO] Compteurs du site (visites libres)
2026-10-03 04:41:02 [INFO]   749 TRI-NORV-27  E=595 S=30762
2026-10-03 04:41:02 [INFO]   750 TRI-NORV-28  E=30014 S=143
2026-10-03 04:41:02 [INFO]   751 TRI-NORV-PMR-29 E=2893 S=131
2026-10-03 04:41:03 [INFO]   transactions 04:26:01 -> 04:41:01 : 0 lues en 1 page(s), 0 musee, 0 site
2026-10-03 04:41:03 [INFO] Dialogue borne : 1.0 s
2026-10-03 04:41:03 [INFO] Visiteurs du 2026-10-03 : 0 (source compteur, compteur 0, transactions 0)
2026-10-03 04:41:03 [INFO] Site visites libres du 2026-10-03 : entrees 0, sorties 0, presents 0 (pic None, source compteur)
2026-10-03 04:46:02 [INFO] Site visites libres : Visites libres a partir de 10h00 (fenetre 09:30-19:30)
2026-10-03 04:46:02 [INFO] Borne 192.168.2.10:5205 - compteurs du musee (Area 511 VISITES MUSEE)
2026-10-03 04:46:02 [INFO]   511 VISITES MUSEE E=106030 S=0
2026-10-03 04:46:02 [INFO]   512 ENTREE MUSEE E=106030 S=0
2026-10-03 04:46:02 [INFO]   1208 TRI-MUS-55   E=26166 S=0
2026-10-03 04:46:02 [INFO]   1209 TRI-MUS-56   E=53369 S=0
2026-10-03 04:46:02 [INFO]   1210 TRI-MUS-57   E=26495 S=0
2026-10-03 04:46:02 [INFO]   1040 PDA.3.11     E=0 S=0
2026-10-03 04:46:02 [INFO] Compteurs du site (visites libres)
2026-10-03 04:46:02 [INFO]   749 TRI-NORV-27  E=595 S=30762
2026-10-03 04:46:02 [INFO]   750 TRI-NORV-28  E=30014 S=143
2026-10-03 04:46:02 [INFO]   751 TRI-NORV-PMR-29 E=2893 S=131
2026-10-03 04:46:03 [INFO]   transactions 04:31:01 -> 04:46:02 : 0 lues en 1 page(s), 0 musee, 0 site
2026-10-03 04:46:03 [INFO] Dialogue borne : 1.1 s
2026-10-03 04:46:03 [INFO] Visiteurs du 2026-10-03 : 0 (source compteur, compteur 0, transactions 0)
2026-10-03 04:46:03 [INFO] Site visites libres du 2026-10-03 : entrees 0, sorties 0, presents 0 (pic None, source compteur)
2026-10-03 04:51:02 [INFO] Site visites libres : Visites libres a partir de 10h00 (fenetre 09:30-19:30)
2026-10-03 04:51:02 [INFO] Borne 192.168.2.10:5205 - compteurs du musee (Area 511 VISITES MUSEE)
2026-10-03 04:51:02 [INFO]   511 VISITES MUSEE E=106030 S=0
2026-10-03 04:51:02 [INFO]   512 ENTREE MUSEE E=106030 S=0
2026-10-03 04:51:02 [INFO]   1208 TRI-MUS-55   E=26166 S=0
2026-10-03 04:51:02 [INFO]   1209 TRI-MUS-56   E=53369 S=0
2026-10-03 04:51:02 [INFO]   1210 TRI-MUS-57   E=26495 S=0
2026-10-03 04:51:02 [INFO]   1040 PDA.3.11     E=0 S=0
2026-10-03 04:51:02 [INFO] Compteurs du site (visites libres)
2026-10-03 04:51:02 [INFO]   749 TRI-NORV-27  E=595 S=30762
2026-10-03 04:51:02 [INFO]   750 TRI-NORV-28  E=30014 S=143
2026-10-03 04:51:02 [INFO]   751 TRI-NORV-PMR-29 E=2893 S=131
2026-10-03 04:51:03 [INFO]   transactions 04:36:02 -> 04:51:02 : 0 lues en 1 page(s), 0 musee, 0 site
2026-10-03 04:51:03 [INFO] Dialogue borne : 1.0 s
2026-10-03 04:51:03 [INFO] Visiteurs du 2026-10-03 : 0 (source compteur, compteur 0, transactions 0)
2026-10-03 04:51:03 [INFO] Site visites libres du 2026-10-03 : entrees 0, sorties 0, presents 0 (pic None, source compteur)
2026-10-03 04:56:02 [INFO] Site visites libres : Visites libres a partir de 10h00 (fenetre 09:30-19:30)
2026-10-03 04:56:02 [INFO] Borne 192.168.2.10:5205 - compteurs du musee (Area 511 VISITES MUSEE)
2026-10-03 04:56:02 [INFO]   511 VISITES MUSEE E=106030 S=0
2026-10-03 04:56:02 [INFO]   512 ENTREE MUSEE E=106030 S=0
2026-10-03 04:56:02 [INFO]   1208 TRI-MUS-55   E=26166 S=0
2026-10-03 04:56:02 [INFO]   1209 TRI-MUS-56   E=53369 S=0
2026-10-03 04:56:02 [INFO]   1210 TRI-MUS-57   E=26495 S=0
2026-10-03 04:56:02 [INFO]   1040 PDA.3.11     E=0 S=0
2026-10-03 04:56:02 [INFO] Compteurs du site (visites libres)
2026-10-03 04:56:02 [INFO]   749 TRI-NORV-27  E=595 S=30762
2026-10-03 04:56:02 [INFO]   750 TRI-NORV-28  E=30014 S=143
2026-10-03 04:56:02 [INFO]   751 TRI-NORV-PMR-29 E=2893 S=131
2026-10-03 04:56:02 [INFO]   transactions 04:41:02 -> 04:56:02 : 0 lues en 1 page(s), 0 musee, 0 site
2026-10-03 04:56:02 [INFO] Dialogue borne : 0.9 s
2026-10-03 04:56:02 [INFO] Visiteurs du 2026-10-03 : 0 (source compteur, compteur 0, transactions 0)
2026-10-03 04:56:02 [INFO] Site visites libres du 2026-10-03 : entrees 0, sorties 0, presents 0 (pic None, source compteur)
2026-10-03 05:01:02 [INFO] Site visites libres : Visites libres a partir de 10h00 (fenetre 09:30-19:30)
2026-10-03 05:01:02 [INFO] Borne 192.168.2.10:5205 - compteurs du musee (Area 511 VISITES MUSEE)
2026-10-03 05:01:02 [INFO]   511 VISITES MUSEE E=106030 S=0
2026-10-03 05:01:02 [INFO]   512 ENTREE MUSEE E=106030 S=0
2026-10-03 05:01:02 [INFO]   1208 TRI-MUS-55   E=26166 S=0
2026-10-03 05:01:02 [INFO]   1209 TRI-MUS-56   E=53369 S=0
2026-10-03 05:01:02 [INFO]   1210 TRI-MUS-57   E=26495 S=0
2026-10-03 05:01:02 [INFO]   1040 PDA.3.11     E=0 S=0
2026-10-03 05:01:02 [INFO] Compteurs du site (visites libres)
2026-10-03 05:01:02 [INFO]   749 TRI-NORV-27  E=595 S=30762
2026-10-03 05:01:02 [INFO]   750 TRI-NORV-28  E=30014 S=143
2026-10-03 05:01:02 [INFO]   751 TRI-NORV-PMR-29 E=2893 S=131
2026-10-03 05:01:02 [INFO]   transactions 04:46:02 -> 05:01:02 : 0 lues en 1 page(s), 0 musee, 0 site
2026-10-03 05:01:02 [INFO] Dialogue borne : 0.9 s
2026-10-03 05:01:03 [INFO] Visiteurs du 2026-10-03 : 0 (source compteur, compteur 0, transactions 0)
2026-10-03 05:01:03 [INFO] Site visites libres du 2026-10-03 : entrees 0, sorties 0, presents 0 (pic None, source compteur)
2026-10-03 05:06:02 [INFO] Site visites libres : Visites libres a partir de 10h00 (fenetre 09:30-19:30)
2026-10-03 05:06:02 [INFO] Borne 192.168.2.10:5205 - compteurs du musee (Area 511 VISITES MUSEE)
2026-10-03 05:06:02 [INFO]   511 VISITES MUSEE E=106030 S=0
2026-10-03 05:06:02 [INFO]   512 ENTREE MUSEE E=106030 S=0
2026-10-03 05:06:02 [INFO]   1208 TRI-MUS-55   E=26166 S=0
2026-10-03 05:06:02 [INFO]   1209 TRI-MUS-56   E=53369 S=0
2026-10-03 05:06:02 [INFO]   1210 TRI-MUS-57   E=26495 S=0
2026-10-03 05:06:02 [INFO]   1040 PDA.3.11     E=0 S=0
2026-10-03 05:06:02 [INFO] Compteurs du site (visites libres)
2026-10-03 05:06:02 [INFO]   749 TRI-NORV-27  E=595 S=30762
2026-10-03 05:06:02 [INFO]   750 TRI-NORV-28  E=30014 S=143
2026-10-03 05:06:02 [INFO]   751 TRI-NORV-PMR-29 E=2893 S=131
2026-10-03 05:06:03 [INFO]   transactions 04:51:02 -> 05:06:02 : 0 lues en 1 page(s), 0 musee, 0 site
2026-10-03 05:06:03 [INFO] Dialogue borne : 1.0 s
2026-10-03 05:06:03 [INFO] Visiteurs du 2026-10-03 : 0 (source compteur, compteur 0, transactions 0)
2026-10-03 05:06:03 [INFO] Site visites libres du 2026-10-03 : entrees 0, sorties 0, presents 0 (pic None, source compteur)
2026-10-03 05:11:02 [INFO] Site visites libres : Visites libres a partir de 10h00 (fenetre 09:30-19:30)
2026-10-03 05:11:02 [INFO] Borne 192.168.2.10:5205 - compteurs du musee (Area 511 VISITES MUSEE)
2026-10-03 05:11:02 [INFO]   511 VISITES MUSEE E=106030 S=0
2026-10-03 05:11:02 [INFO]   512 ENTREE MUSEE E=106030 S=0
2026-10-03 05:11:02 [INFO]   1208 TRI-MUS-55   E=26166 S=0
2026-10-03 05:11:02 [INFO]   1209 TRI-MUS-56   E=53369 S=0
2026-10-03 05:11:02 [INFO]   1210 TRI-MUS-57   E=26495 S=0
2026-10-03 05:11:02 [INFO]   1040 PDA.3.11     E=0 S=0
2026-10-03 05:11:02 [INFO] Compteurs du site (visites libres)
2026-10-03 05:11:02 [INFO]   749 TRI-NORV-27  E=595 S=30762
2026-10-03 05:11:02 [INFO]   750 TRI-NORV-28  E=30014 S=143
2026-10-03 05:11:02 [INFO]   751 TRI-NORV-PMR-29 E=2893 S=131
2026-10-03 05:11:02 [INFO]   transactions 04:56:02 -> 05:11:01 : 0 lues en 1 page(s), 0 musee, 0 site
2026-10-03 05:11:02 [INFO] Dialogue borne : 0.9 s
2026-10-03 05:11:02 [INFO] Visiteurs du 2026-10-03 : 0 (source compteur, compteur 0, transactions 0)
2026-10-03 05:11:02 [INFO] Site visites libres du 2026-10-03 : entrees 0, sorties 0, presents 0 (pic None, source compteur)
2026-10-03 05:16:01 [INFO] Site visites libres : Visites libres a partir de 10h00 (fenetre 09:30-19:30)
2026-10-03 05:16:01 [INFO] Borne 192.168.2.10:5205 - compteurs du musee (Area 511 VISITES MUSEE)
2026-10-03 05:16:02 [INFO]   511 VISITES MUSEE E=106030 S=0
2026-10-03 05:16:02 [INFO]   512 ENTREE MUSEE E=106030 S=0
2026-10-03 05:16:02 [INFO]   1208 TRI-MUS-55   E=26166 S=0
2026-10-03 05:16:02 [INFO]   1209 TRI-MUS-56   E=53369 S=0
2026-10-03 05:16:02 [INFO]   1210 TRI-MUS-57   E=26495 S=0
2026-10-03 05:16:02 [INFO]   1040 PDA.3.11     E=0 S=0
2026-10-03 05:16:02 [INFO] Compteurs du site (visites libres)
2026-10-03 05:16:02 [INFO]   749 TRI-NORV-27  E=595 S=30762
2026-10-03 05:16:02 [INFO]   750 TRI-NORV-28  E=30014 S=143
2026-10-03 05:16:02 [INFO]   751 TRI-NORV-PMR-29 E=2893 S=131
2026-10-03 05:16:02 [INFO]   transactions 05:01:01 -> 05:16:01 : 0 lues en 1 page(s), 0 musee, 0 site
2026-10-03 05:16:02 [INFO] Dialogue borne : 1.0 s
2026-10-03 05:16:02 [INFO] Visiteurs du 2026-10-03 : 0 (source compteur, compteur 0, transactions 0)
2026-10-03 05:16:02 [INFO] Site visites libres du 2026-10-03 : entrees 0, sorties 0, presents 0 (pic None, source compteur)
2026-10-03 05:21:02 [INFO] Site visites libres : Visites libres a partir de 10h00 (fenetre 09:30-19:30)
2026-10-03 05:21:02 [INFO] Borne 192.168.2.10:5205 - compteurs du musee (Area 511 VISITES MUSEE)
2026-10-03 05:21:02 [INFO]   511 VISITES MUSEE E=106030 S=0
2026-10-03 05:21:02 [INFO]   512 ENTREE MUSEE E=106030 S=0
2026-10-03 05:21:02 [INFO]   1208 TRI-MUS-55   E=26166 S=0
2026-10-03 05:21:02 [INFO]   1209 TRI-MUS-56   E=53369 S=0
2026-10-03 05:21:02 [INFO]   1210 TRI-MUS-57   E=26495 S=0
2026-10-03 05:21:02 [INFO]   1040 PDA.3.11     E=0 S=0
2026-10-03 05:21:02 [INFO] Compteurs du site (visites libres)
2026-10-03 05:21:02 [INFO]   749 TRI-NORV-27  E=595 S=30762
2026-10-03 05:21:02 [INFO]   750 TRI-NORV-28  E=30014 S=143
2026-10-03 05:21:02 [INFO]   751 TRI-NORV-PMR-29 E=2893 S=131
2026-10-03 05:21:03 [INFO]   transactions 05:06:01 -> 05:21:02 : 0 lues en 1 page(s), 0 musee, 0 site
2026-10-03 05:21:03 [INFO] Dialogue borne : 0.9 s
2026-10-03 05:21:03 [INFO] Visiteurs du 2026-10-03 : 0 (source compteur, compteur 0, transactions 0)
2026-10-03 05:21:03 [INFO] Site visites libres du 2026-10-03 : entrees 0, sorties 0, presents 0 (pic None, source compteur)
2026-10-03 05:26:02 [INFO] Site visites libres : Visites libres a partir de 10h00 (fenetre 09:30-19:30)
2026-10-03 05:26:02 [INFO] Borne 192.168.2.10:5205 - compteurs du musee (Area 511 VISITES MUSEE)
2026-10-03 05:26:02 [INFO]   511 VISITES MUSEE E=106030 S=0
2026-10-03 05:26:02 [INFO]   512 ENTREE MUSEE E=106030 S=0
2026-10-03 05:26:02 [INFO]   1208 TRI-MUS-55   E=26166 S=0
2026-10-03 05:26:02 [INFO]   1209 TRI-MUS-56   E=53369 S=0
2026-10-03 05:26:02 [INFO]   1210 TRI-MUS-57   E=26495 S=0
2026-10-03 05:26:02 [INFO]   1040 PDA.3.11     E=0 S=0
2026-10-03 05:26:02 [INFO] Compteurs du site (visites libres)
2026-10-03 05:26:02 [INFO]   749 TRI-NORV-27  E=595 S=30762
2026-10-03 05:26:02 [INFO]   750 TRI-NORV-28  E=30014 S=143
2026-10-03 05:26:02 [INFO]   751 TRI-NORV-PMR-29 E=2893 S=131
2026-10-03 05:26:03 [INFO]   transactions 05:11:02 -> 05:26:01 : 0 lues en 1 page(s), 0 musee, 0 site
2026-10-03 05:26:03 [INFO] Dialogue borne : 1.1 s
2026-10-03 05:26:03 [INFO] Visiteurs du 2026-10-03 : 0 (source compteur, compteur 0, transactions 0)
2026-10-03 05:26:03 [INFO] Site visites libres du 2026-10-03 : entrees 0, sorties 0, presents 0 (pic None, source compteur)
2026-10-03 05:31:01 [INFO] Site visites libres : Visites libres a partir de 10h00 (fenetre 09:30-19:30)
2026-10-03 05:31:01 [INFO] Borne 192.168.2.10:5205 - compteurs du musee (Area 511 VISITES MUSEE)
2026-10-03 05:31:02 [INFO]   511 VISITES MUSEE E=106030 S=0
2026-10-03 05:31:02 [INFO]   512 ENTREE MUSEE E=106030 S=0
2026-10-03 05:31:02 [INFO]   1208 TRI-MUS-55   E=26166 S=0
2026-10-03 05:31:02 [INFO]   1209 TRI-MUS-56   E=53369 S=0
2026-10-03 05:31:02 [INFO]   1210 TRI-MUS-57   E=26495 S=0
2026-10-03 05:31:02 [INFO]   1040 PDA.3.11     E=0 S=0
2026-10-03 05:31:02 [INFO] Compteurs du site (visites libres)
2026-10-03 05:31:02 [INFO]   749 TRI-NORV-27  E=595 S=30762
2026-10-03 05:31:02 [INFO]   750 TRI-NORV-28  E=30014 S=143
2026-10-03 05:31:02 [INFO]   751 TRI-NORV-PMR-29 E=2893 S=131
2026-10-03 05:31:02 [INFO]   transactions 05:16:01 -> 05:31:01 : 0 lues en 1 page(s), 0 musee, 0 site
2026-10-03 05:31:02 [INFO] Dialogue borne : 0.9 s
2026-10-03 05:31:02 [INFO] Visiteurs du 2026-10-03 : 0 (source compteur, compteur 0, transactions 0)
2026-10-03 05:31:02 [INFO] Site visites libres du 2026-10-03 : entrees 0, sorties 0, presents 0 (pic None, source compteur)
2026-10-03 05:36:01 [INFO] Site visites libres : Visites libres a partir de 10h00 (fenetre 09:30-19:30)
2026-10-03 05:36:01 [INFO] Borne 192.168.2.10:5205 - compteurs du musee (Area 511 VISITES MUSEE)
2026-10-03 05:36:02 [INFO]   511 VISITES MUSEE E=106030 S=0
2026-10-03 05:36:02 [INFO]   512 ENTREE MUSEE E=106030 S=0
2026-10-03 05:36:02 [INFO]   1208 TRI-MUS-55   E=26166 S=0
2026-10-03 05:36:02 [INFO]   1209 TRI-MUS-56   E=53369 S=0
2026-10-03 05:36:02 [INFO]   1210 TRI-MUS-57   E=26495 S=0
2026-10-03 05:36:02 [INFO]   1040 PDA.3.11     E=0 S=0
2026-10-03 05:36:02 [INFO] Compteurs du site (visites libres)
2026-10-03 05:36:02 [INFO]   749 TRI-NORV-27  E=595 S=30762
2026-10-03 05:36:02 [INFO]   750 TRI-NORV-28  E=30014 S=143
2026-10-03 05:36:02 [INFO]   751 TRI-NORV-PMR-29 E=2893 S=131
2026-10-03 05:36:03 [INFO]   transactions 05:21:01 -> 05:36:01 : 0 lues en 1 page(s), 0 musee, 0 site
2026-10-03 05:36:03 [INFO] Dialogue borne : 1.1 s
2026-10-03 05:36:03 [INFO] Visiteurs du 2026-10-03 : 0 (source compteur, compteur 0, transactions 0)
2026-10-03 05:36:03 [INFO] Site visites libres du 2026-10-03 : entrees 0, sorties 0, presents 0 (pic None, source compteur)
2026-10-03 05:41:01 [INFO] Site visites libres : Visites libres a partir de 10h00 (fenetre 09:30-19:30)
2026-10-03 05:41:02 [INFO] Borne 192.168.2.10:5205 - compteurs du musee (Area 511 VISITES MUSEE)
2026-10-03 05:41:02 [INFO]   511 VISITES MUSEE E=106030 S=0
2026-10-03 05:41:02 [INFO]   512 ENTREE MUSEE E=106030 S=0
2026-10-03 05:41:02 [INFO]   1208 TRI-MUS-55   E=26166 S=0
2026-10-03 05:41:02 [INFO]   1209 TRI-MUS-56   E=53369 S=0
2026-10-03 05:41:02 [INFO]   1210 TRI-MUS-57   E=26495 S=0
2026-10-03 05:41:02 [INFO]   1040 PDA.3.11     E=0 S=0
2026-10-03 05:41:02 [INFO] Compteurs du site (visites libres)
2026-10-03 05:41:02 [INFO]   749 TRI-NORV-27  E=595 S=30762
2026-10-03 05:41:02 [INFO]   750 TRI-NORV-28  E=30014 S=143
2026-10-03 05:41:02 [INFO]   751 TRI-NORV-PMR-29 E=2893 S=131
2026-10-03 05:41:03 [INFO]   transactions 05:26:01 -> 05:41:01 : 0 lues en 1 page(s), 0 musee, 0 site
2026-10-03 05:41:03 [INFO] Dialogue borne : 1.0 s
2026-10-03 05:41:03 [INFO] Visiteurs du 2026-10-03 : 0 (source compteur, compteur 0, transactions 0)
2026-10-03 05:41:03 [INFO] Site visites libres du 2026-10-03 : entrees 0, sorties 0, presents 0 (pic None, source compteur)
2026-10-03 05:46:02 [INFO] Site visites libres : Visites libres a partir de 10h00 (fenetre 09:30-19:30)
2026-10-03 05:46:02 [INFO] Borne 192.168.2.10:5205 - compteurs du musee (Area 511 VISITES MUSEE)
2026-10-03 05:46:02 [INFO]   511 VISITES MUSEE E=106030 S=0
2026-10-03 05:46:02 [INFO]   512 ENTREE MUSEE E=106030 S=0
2026-10-03 05:46:02 [INFO]   1208 TRI-MUS-55   E=26166 S=0
2026-10-03 05:46:02 [INFO]   1209 TRI-MUS-56   E=53369 S=0
2026-10-03 05:46:02 [INFO]   1210 TRI-MUS-57   E=26495 S=0
2026-10-03 05:46:02 [INFO]   1040 PDA.3.11     E=0 S=0
2026-10-03 05:46:02 [INFO] Compteurs du site (visites libres)
2026-10-03 05:46:02 [INFO]   749 TRI-NORV-27  E=595 S=30762
2026-10-03 05:46:02 [INFO]   750 TRI-NORV-28  E=30014 S=143
2026-10-03 05:46:02 [INFO]   751 TRI-NORV-PMR-29 E=2893 S=131
2026-10-03 05:46:03 [INFO]   transactions 05:31:01 -> 05:46:02 : 0 lues en 1 page(s), 0 musee, 0 site
2026-10-03 05:46:03 [INFO] Dialogue borne : 1.0 s
2026-10-03 05:46:03 [INFO] Visiteurs du 2026-10-03 : 0 (source compteur, compteur 0, transactions 0)
2026-10-03 05:46:03 [INFO] Site visites libres du 2026-10-03 : entrees 0, sorties 0, presents 0 (pic None, source compteur)
2026-10-03 05:51:02 [INFO] Site visites libres : Visites libres a partir de 10h00 (fenetre 09:30-19:30)
2026-10-03 05:51:02 [INFO] Borne 192.168.2.10:5205 - compteurs du musee (Area 511 VISITES MUSEE)
2026-10-03 05:51:02 [INFO]   511 VISITES MUSEE E=106030 S=0
2026-10-03 05:51:02 [INFO]   512 ENTREE MUSEE E=106030 S=0
2026-10-03 05:51:02 [INFO]   1208 TRI-MUS-55   E=26166 S=0
2026-10-03 05:51:02 [INFO]   1209 TRI-MUS-56   E=53369 S=0
2026-10-03 05:51:02 [INFO]   1210 TRI-MUS-57   E=26495 S=0
2026-10-03 05:51:02 [INFO]   1040 PDA.3.11     E=0 S=0
2026-10-03 05:51:02 [INFO] Compteurs du site (visites libres)
2026-10-03 05:51:02 [INFO]   749 TRI-NORV-27  E=595 S=30762
2026-10-03 05:51:02 [INFO]   750 TRI-NORV-28  E=30014 S=143
2026-10-03 05:51:02 [INFO]   751 TRI-NORV-PMR-29 E=2893 S=131
2026-10-03 05:51:02 [INFO]   transactions 05:36:02 -> 05:51:01 : 0 lues en 1 page(s), 0 musee, 0 site
2026-10-03 05:51:02 [INFO] Dialogue borne : 0.9 s
2026-10-03 05:51:02 [INFO] Visiteurs du 2026-10-03 : 0 (source compteur, compteur 0, transactions 0)
2026-10-03 05:51:02 [INFO] Site visites libres du 2026-10-03 : entrees 0, sorties 0, presents 0 (pic None, source compteur)
2026-10-03 05:56:02 [INFO] Site visites libres : Visites libres a partir de 10h00 (fenetre 09:30-19:30)
2026-10-03 05:56:02 [INFO] Borne 192.168.2.10:5205 - compteurs du musee (Area 511 VISITES MUSEE)
2026-10-03 05:56:02 [INFO]   511 VISITES MUSEE E=106030 S=0
2026-10-03 05:56:02 [INFO]   512 ENTREE MUSEE E=106030 S=0
2026-10-03 05:56:02 [INFO]   1208 TRI-MUS-55   E=26166 S=0
2026-10-03 05:56:02 [INFO]   1209 TRI-MUS-56   E=53369 S=0
2026-10-03 05:56:02 [INFO]   1210 TRI-MUS-57   E=26495 S=0
2026-10-03 05:56:02 [INFO]   1040 PDA.3.11     E=0 S=0
2026-10-03 05:56:02 [INFO] Compteurs du site (visites libres)
2026-10-03 05:56:02 [INFO]   749 TRI-NORV-27  E=595 S=30762
2026-10-03 05:56:02 [INFO]   750 TRI-NORV-28  E=30014 S=143
2026-10-03 05:56:02 [INFO]   751 TRI-NORV-PMR-29 E=2893 S=131
2026-10-03 05:56:02 [INFO]   transactions 05:41:01 -> 05:56:02 : 0 lues en 1 page(s), 0 musee, 0 site
2026-10-03 05:56:02 [INFO] Dialogue borne : 1.0 s
2026-10-03 05:56:02 [INFO] Visiteurs du 2026-10-03 : 0 (source compteur, compteur 0, transactions 0)
2026-10-03 05:56:03 [INFO] Site visites libres du 2026-10-03 : entrees 0, sorties 0, presents 0 (pic None, source compteur)
2026-10-03 06:01:02 [INFO] Site visites libres : Visites libres a partir de 10h00 (fenetre 09:30-19:30)
2026-10-03 06:01:02 [INFO] Borne 192.168.2.10:5205 - compteurs du musee (Area 511 VISITES MUSEE)
2026-10-03 06:01:02 [INFO]   511 VISITES MUSEE E=106030 S=0
2026-10-03 06:01:02 [INFO]   512 ENTREE MUSEE E=106030 S=0
2026-10-03 06:01:02 [INFO]   1208 TRI-MUS-55   E=26166 S=0
2026-10-03 06:01:02 [INFO]   1209 TRI-MUS-56   E=53369 S=0
2026-10-03 06:01:02 [INFO]   1210 TRI-MUS-57   E=26495 S=0
2026-10-03 06:01:02 [INFO]   1040 PDA.3.11     E=0 S=0
2026-10-03 06:01:02 [INFO] Compteurs du site (visites libres)
2026-10-03 06:01:02 [INFO]   749 TRI-NORV-27  E=595 S=30762
2026-10-03 06:01:02 [INFO]   750 TRI-NORV-28  E=30014 S=143
2026-10-03 06:01:02 [INFO]   751 TRI-NORV-PMR-29 E=2893 S=131
2026-10-03 06:01:03 [INFO]   transactions 05:46:02 -> 06:01:02 : 0 lues en 1 page(s), 0 musee, 0 site
2026-10-03 06:01:03 [INFO] Dialogue borne : 1.0 s
2026-10-03 06:01:03 [INFO] Visiteurs du 2026-10-03 : 0 (source compteur, compteur 0, transactions 0)
2026-10-03 06:01:03 [INFO] Site visites libres du 2026-10-03 : entrees 0, sorties 0, presents 0 (pic None, source compteur)
2026-10-03 06:06:02 [INFO] Site visites libres : Visites libres a partir de 10h00 (fenetre 09:30-19:30)
2026-10-03 06:06:02 [INFO] Borne 192.168.2.10:5205 - compteurs du musee (Area 511 VISITES MUSEE)
2026-10-03 06:06:02 [INFO]   511 VISITES MUSEE E=106030 S=0
2026-10-03 06:06:02 [INFO]   512 ENTREE MUSEE E=106030 S=0
2026-10-03 06:06:02 [INFO]   1208 TRI-MUS-55   E=26166 S=0
2026-10-03 06:06:02 [INFO]   1209 TRI-MUS-56   E=53369 S=0
2026-10-03 06:06:02 [INFO]   1210 TRI-MUS-57   E=26495 S=0
2026-10-03 06:06:02 [INFO]   1040 PDA.3.11     E=0 S=0
2026-10-03 06:06:02 [INFO] Compteurs du site (visites libres)
2026-10-03 06:06:02 [INFO]   749 TRI-NORV-27  E=595 S=30762
2026-10-03 06:06:02 [INFO]   750 TRI-NORV-28  E=30014 S=143
2026-10-03 06:06:02 [INFO]   751 TRI-NORV-PMR-29 E=2893 S=131
2026-10-03 06:06:02 [INFO]   transactions 05:51:02 -> 06:06:02 : 0 lues en 1 page(s), 0 musee, 0 site
2026-10-03 06:06:02 [INFO] Dialogue borne : 0.8 s
2026-10-03 06:06:02 [INFO] Visiteurs du 2026-10-03 : 0 (source compteur, compteur 0, transactions 0)
2026-10-03 06:06:02 [INFO] Site visites libres du 2026-10-03 : entrees 0, sorties 0, presents 0 (pic None, source compteur)
2026-10-03 06:11:01 [INFO] Site visites libres : Visites libres a partir de 10h00 (fenetre 09:30-19:30)
2026-10-03 06:11:02 [INFO] Borne 192.168.2.10:5205 - compteurs du musee (Area 511 VISITES MUSEE)
2026-10-03 06:11:02 [INFO]   511 VISITES MUSEE E=106030 S=0
2026-10-03 06:11:02 [INFO]   512 ENTREE MUSEE E=106030 S=0
2026-10-03 06:11:02 [INFO]   1208 TRI-MUS-55   E=26166 S=0
2026-10-03 06:11:02 [INFO]   1209 TRI-MUS-56   E=53369 S=0
2026-10-03 06:11:02 [INFO]   1210 TRI-MUS-57   E=26495 S=0
2026-10-03 06:11:02 [INFO]   1040 PDA.3.11     E=0 S=0
2026-10-03 06:11:02 [INFO] Compteurs du site (visites libres)
2026-10-03 06:11:02 [INFO]   749 TRI-NORV-27  E=595 S=30762
2026-10-03 06:11:02 [INFO]   750 TRI-NORV-28  E=30014 S=143
2026-10-03 06:11:02 [INFO]   751 TRI-NORV-PMR-29 E=2893 S=131
2026-10-03 06:11:03 [INFO]   transactions 05:56:02 -> 06:11:01 : 0 lues en 1 page(s), 0 musee, 0 site
2026-10-03 06:11:03 [INFO] Dialogue borne : 1.0 s
2026-10-03 06:11:03 [INFO] Visiteurs du 2026-10-03 : 0 (source compteur, compteur 0, transactions 0)
2026-10-03 06:11:03 [INFO] Site visites libres du 2026-10-03 : entrees 0, sorties 0, presents 0 (pic None, source compteur)
2026-10-03 06:16:01 [INFO] Site visites libres : Visites libres a partir de 10h00 (fenetre 09:30-19:30)
2026-10-03 06:16:01 [INFO] Borne 192.168.2.10:5205 - compteurs du musee (Area 511 VISITES MUSEE)
2026-10-03 06:16:02 [INFO]   511 VISITES MUSEE E=106030 S=0
2026-10-03 06:16:02 [INFO]   512 ENTREE MUSEE E=106030 S=0
2026-10-03 06:16:02 [INFO]   1208 TRI-MUS-55   E=26166 S=0
2026-10-03 06:16:02 [INFO]   1209 TRI-MUS-56   E=53369 S=0
2026-10-03 06:16:02 [INFO]   1210 TRI-MUS-57   E=26495 S=0
2026-10-03 06:16:02 [INFO]   1040 PDA.3.11     E=0 S=0
2026-10-03 06:16:02 [INFO] Compteurs du site (visites libres)
2026-10-03 06:16:02 [INFO]   749 TRI-NORV-27  E=595 S=30762
2026-10-03 06:16:02 [INFO]   750 TRI-NORV-28  E=30014 S=143
2026-10-03 06:16:02 [INFO]   751 TRI-NORV-PMR-29 E=2893 S=131
2026-10-03 06:16:02 [INFO]   transactions 06:01:01 -> 06:16:01 : 0 lues en 1 page(s), 0 musee, 0 site
2026-10-03 06:16:02 [INFO] Dialogue borne : 0.8 s
2026-10-03 06:16:02 [INFO] Visiteurs du 2026-10-03 : 0 (source compteur, compteur 0, transactions 0)
2026-10-03 06:16:02 [INFO] Site visites libres du 2026-10-03 : entrees 0, sorties 0, presents 0 (pic None, source compteur)
2026-10-03 06:21:01 [INFO] Site visites libres : Visites libres a partir de 10h00 (fenetre 09:30-19:30)
2026-10-03 06:21:01 [INFO] Borne 192.168.2.10:5205 - compteurs du musee (Area 511 VISITES MUSEE)
2026-10-03 06:21:02 [INFO]   511 VISITES MUSEE E=106030 S=0
2026-10-03 06:21:02 [INFO]   512 ENTREE MUSEE E=106030 S=0
2026-10-03 06:21:02 [INFO]   1208 TRI-MUS-55   E=26166 S=0
2026-10-03 06:21:02 [INFO]   1209 TRI-MUS-56   E=53369 S=0
2026-10-03 06:21:02 [INFO]   1210 TRI-MUS-57   E=26495 S=0
2026-10-03 06:21:02 [INFO]   1040 PDA.3.11     E=0 S=0
2026-10-03 06:21:02 [INFO] Compteurs du site (visites libres)
2026-10-03 06:21:02 [INFO]   749 TRI-NORV-27  E=595 S=30762
2026-10-03 06:21:02 [INFO]   750 TRI-NORV-28  E=30014 S=143
2026-10-03 06:21:02 [INFO]   751 TRI-NORV-PMR-29 E=2893 S=131
2026-10-03 06:21:02 [INFO]   transactions 06:06:01 -> 06:21:01 : 0 lues en 1 page(s), 0 musee, 0 site
2026-10-03 06:21:02 [INFO] Dialogue borne : 0.9 s
2026-10-03 06:21:02 [INFO] Visiteurs du 2026-10-03 : 0 (source compteur, compteur 0, transactions 0)
2026-10-03 06:21:02 [INFO] Site visites libres du 2026-10-03 : entrees 0, sorties 0, presents 0 (pic None, source compteur)
2026-10-03 06:26:01 [INFO] Site visites libres : Visites libres a partir de 10h00 (fenetre 09:30-19:30)
2026-10-03 06:26:01 [INFO] Borne 192.168.2.10:5205 - compteurs du musee (Area 511 VISITES MUSEE)
2026-10-03 06:26:02 [INFO]   511 VISITES MUSEE E=106030 S=0
2026-10-03 06:26:02 [INFO]   512 ENTREE MUSEE E=106030 S=0
2026-10-03 06:26:02 [INFO]   1208 TRI-MUS-55   E=26166 S=0
2026-10-03 06:26:02 [INFO]   1209 TRI-MUS-56   E=53369 S=0
2026-10-03 06:26:02 [INFO]   1210 TRI-MUS-57   E=26495 S=0
2026-10-03 06:26:02 [INFO]   1040 PDA.3.11     E=0 S=0
2026-10-03 06:26:02 [INFO] Compteurs du site (visites libres)
2026-10-03 06:26:02 [INFO]   749 TRI-NORV-27  E=595 S=30762
2026-10-03 06:26:02 [INFO]   750 TRI-NORV-28  E=30014 S=143
2026-10-03 06:26:02 [INFO]   751 TRI-NORV-PMR-29 E=2893 S=131
2026-10-03 06:26:02 [INFO]   transactions 06:11:01 -> 06:26:01 : 0 lues en 1 page(s), 0 musee, 0 site
2026-10-03 06:26:02 [INFO] Dialogue borne : 1.0 s
2026-10-03 06:26:02 [INFO] Visiteurs du 2026-10-03 : 0 (source compteur, compteur 0, transactions 0)
2026-10-03 06:26:02 [INFO] Site visites libres du 2026-10-03 : entrees 0, sorties 0, presents 0 (pic None, source compteur)
2026-10-03 06:31:01 [INFO] Site visites libres : Visites libres a partir de 10h00 (fenetre 09:30-19:30)
2026-10-03 06:31:01 [INFO] Borne 192.168.2.10:5205 - compteurs du musee (Area 511 VISITES MUSEE)
2026-10-03 06:31:02 [INFO]   511 VISITES MUSEE E=106030 S=0
2026-10-03 06:31:02 [INFO]   512 ENTREE MUSEE E=106030 S=0
2026-10-03 06:31:02 [INFO]   1208 TRI-MUS-55   E=26166 S=0
2026-10-03 06:31:02 [INFO]   1209 TRI-MUS-56   E=53369 S=0
2026-10-03 06:31:02 [INFO]   1210 TRI-MUS-57   E=26495 S=0
2026-10-03 06:31:02 [INFO]   1040 PDA.3.11     E=0 S=0
2026-10-03 06:31:02 [INFO] Compteurs du site (visites libres)
2026-10-03 06:31:02 [INFO]   749 TRI-NORV-27  E=595 S=30762
2026-10-03 06:31:02 [INFO]   750 TRI-NORV-28  E=30014 S=143
2026-10-03 06:31:02 [INFO]   751 TRI-NORV-PMR-29 E=2893 S=131
2026-10-03 06:31:02 [INFO]   transactions 06:16:01 -> 06:31:01 : 0 lues en 1 page(s), 0 musee, 0 site
2026-10-03 06:31:02 [INFO] Dialogue borne : 0.9 s
2026-10-03 06:31:02 [INFO] Visiteurs du 2026-10-03 : 0 (source compteur, compteur 0, transactions 0)
2026-10-03 06:31:02 [INFO] Site visites libres du 2026-10-03 : entrees 0, sorties 0, presents 0 (pic None, source compteur)
2026-10-03 06:36:01 [INFO] Site visites libres : Visites libres a partir de 10h00 (fenetre 09:30-19:30)
2026-10-03 06:36:01 [INFO] Borne 192.168.2.10:5205 - compteurs du musee (Area 511 VISITES MUSEE)
2026-10-03 06:36:02 [INFO]   511 VISITES MUSEE E=106030 S=0
2026-10-03 06:36:02 [INFO]   512 ENTREE MUSEE E=106030 S=0
2026-10-03 06:36:02 [INFO]   1208 TRI-MUS-55   E=26166 S=0
2026-10-03 06:36:02 [INFO]   1209 TRI-MUS-56   E=53369 S=0
2026-10-03 06:36:02 [INFO]   1210 TRI-MUS-57   E=26495 S=0
2026-10-03 06:36:02 [INFO]   1040 PDA.3.11     E=0 S=0
2026-10-03 06:36:02 [INFO] Compteurs du site (visites libres)
2026-10-03 06:36:02 [INFO]   749 TRI-NORV-27  E=595 S=30762
2026-10-03 06:36:02 [INFO]   750 TRI-NORV-28  E=30014 S=143
2026-10-03 06:36:02 [INFO]   751 TRI-NORV-PMR-29 E=2893 S=131
2026-10-03 06:36:02 [INFO]   transactions 06:21:01 -> 06:36:01 : 0 lues en 1 page(s), 0 musee, 0 site
2026-10-03 06:36:02 [INFO] Dialogue borne : 0.9 s
2026-10-03 06:36:02 [INFO] Visiteurs du 2026-10-03 : 0 (source compteur, compteur 0, transactions 0)
2026-10-03 06:36:02 [INFO] Site visites libres du 2026-10-03 : entrees 0, sorties 0, presents 0 (pic None, source compteur)
2026-10-03 06:41:01 [INFO] Site visites libres : Visites libres a partir de 10h00 (fenetre 09:30-19:30)
2026-10-03 06:41:02 [INFO] Borne 192.168.2.10:5205 - compteurs du musee (Area 511 VISITES MUSEE)
2026-10-03 06:41:02 [INFO]   511 VISITES MUSEE E=106030 S=0
2026-10-03 06:41:02 [INFO]   512 ENTREE MUSEE E=106030 S=0
2026-10-03 06:41:02 [INFO]   1208 TRI-MUS-55   E=26166 S=0
2026-10-03 06:41:02 [INFO]   1209 TRI-MUS-56   E=53369 S=0
2026-10-03 06:41:02 [INFO]   1210 TRI-MUS-57   E=26495 S=0
2026-10-03 06:41:02 [INFO]   1040 PDA.3.11     E=0 S=0
2026-10-03 06:41:02 [INFO] Compteurs du site (visites libres)
2026-10-03 06:41:02 [INFO]   749 TRI-NORV-27  E=595 S=30762
2026-10-03 06:41:02 [INFO]   750 TRI-NORV-28  E=30014 S=143
2026-10-03 06:41:02 [INFO]   751 TRI-NORV-PMR-29 E=2893 S=131
2026-10-03 06:41:02 [INFO]   transactions 06:26:01 -> 06:41:01 : 0 lues en 1 page(s), 0 musee, 0 site
2026-10-03 06:41:02 [INFO] Dialogue borne : 1.0 s
2026-10-03 06:41:03 [INFO] Visiteurs du 2026-10-03 : 0 (source compteur, compteur 0, transactions 0)
2026-10-03 06:41:03 [INFO] Site visites libres du 2026-10-03 : entrees 0, sorties 0, presents 0 (pic None, source compteur)
2026-10-03 06:46:01 [INFO] Site visites libres : Visites libres a partir de 10h00 (fenetre 09:30-19:30)
2026-10-03 06:46:01 [INFO] Borne 192.168.2.10:5205 - compteurs du musee (Area 511 VISITES MUSEE)
2026-10-03 06:46:02 [INFO]   511 VISITES MUSEE E=106030 S=0
2026-10-03 06:46:02 [INFO]   512 ENTREE MUSEE E=106030 S=0
2026-10-03 06:46:02 [INFO]   1208 TRI-MUS-55   E=26166 S=0
2026-10-03 06:46:02 [INFO]   1209 TRI-MUS-56   E=53369 S=0
2026-10-03 06:46:02 [INFO]   1210 TRI-MUS-57   E=26495 S=0
2026-10-03 06:46:02 [INFO]   1040 PDA.3.11     E=0 S=0
2026-10-03 06:46:02 [INFO] Compteurs du site (visites libres)
2026-10-03 06:46:02 [INFO]   749 TRI-NORV-27  E=595 S=30762
2026-10-03 06:46:02 [INFO]   750 TRI-NORV-28  E=30014 S=143
2026-10-03 06:46:02 [INFO]   751 TRI-NORV-PMR-29 E=2893 S=131
2026-10-03 06:46:03 [INFO]   transactions 06:31:01 -> 06:46:01 : 0 lues en 1 page(s), 0 musee, 0 site
2026-10-03 06:46:03 [INFO] Dialogue borne : 1.1 s
2026-10-03 06:46:03 [INFO] Visiteurs du 2026-10-03 : 0 (source compteur, compteur 0, transactions 0)
2026-10-03 06:46:03 [INFO] Site visites libres du 2026-10-03 : entrees 0, sorties 0, presents 0 (pic None, source compteur)
2026-10-03 06:51:01 [INFO] Site visites libres : Visites libres a partir de 10h00 (fenetre 09:30-19:30)
2026-10-03 06:51:02 [INFO] Borne 192.168.2.10:5205 - compteurs du musee (Area 511 VISITES MUSEE)
2026-10-03 06:51:02 [INFO]   511 VISITES MUSEE E=106030 S=0
2026-10-03 06:51:02 [INFO]   512 ENTREE MUSEE E=106030 S=0
2026-10-03 06:51:02 [INFO]   1208 TRI-MUS-55   E=26166 S=0
2026-10-03 06:51:02 [INFO]   1209 TRI-MUS-56   E=53369 S=0
2026-10-03 06:51:02 [INFO]   1210 TRI-MUS-57   E=26495 S=0
2026-10-03 06:51:02 [INFO]   1040 PDA.3.11     E=0 S=0
2026-10-03 06:51:02 [INFO] Compteurs du site (visites libres)
2026-10-03 06:51:02 [INFO]   749 TRI-NORV-27  E=595 S=30762
2026-10-03 06:51:02 [INFO]   750 TRI-NORV-28  E=30014 S=143
2026-10-03 06:51:02 [INFO]   751 TRI-NORV-PMR-29 E=2893 S=131
2026-10-03 06:51:03 [INFO]   transactions 06:36:01 -> 06:51:01 : 0 lues en 1 page(s), 0 musee, 0 site
2026-10-03 06:51:03 [INFO] Dialogue borne : 1.0 s
2026-10-03 06:51:03 [INFO] Visiteurs du 2026-10-03 : 0 (source compteur, compteur 0, transactions 0)
2026-10-03 06:51:03 [INFO] Site visites libres du 2026-10-03 : entrees 0, sorties 0, presents 0 (pic None, source compteur)
2026-10-03 06:56:01 [INFO] Site visites libres : Visites libres a partir de 10h00 (fenetre 09:30-19:30)
2026-10-03 06:56:02 [INFO] Borne 192.168.2.10:5205 - compteurs du musee (Area 511 VISITES MUSEE)
2026-10-03 06:56:02 [INFO]   511 VISITES MUSEE E=106030 S=0
2026-10-03 06:56:02 [INFO]   512 ENTREE MUSEE E=106030 S=0
2026-10-03 06:56:02 [INFO]   1208 TRI-MUS-55   E=26166 S=0
2026-10-03 06:56:02 [INFO]   1209 TRI-MUS-56   E=53369 S=0
2026-10-03 06:56:02 [INFO]   1210 TRI-MUS-57   E=26495 S=0
2026-10-03 06:56:02 [INFO]   1040 PDA.3.11     E=0 S=0
2026-10-03 06:56:02 [INFO] Compteurs du site (visites libres)
2026-10-03 06:56:02 [INFO]   749 TRI-NORV-27  E=595 S=30762
2026-10-03 06:56:02 [INFO]   750 TRI-NORV-28  E=30014 S=143
2026-10-03 06:56:02 [INFO]   751 TRI-NORV-PMR-29 E=2893 S=131
2026-10-03 06:56:03 [INFO]   transactions 06:41:01 -> 06:56:01 : 0 lues en 1 page(s), 0 musee, 0 site
2026-10-03 06:56:03 [INFO] Dialogue borne : 1.1 s
2026-10-03 06:56:03 [INFO] Visiteurs du 2026-10-03 : 0 (source compteur, compteur 0, transactions 0)
2026-10-03 06:56:03 [INFO] Site visites libres du 2026-10-03 : entrees 0, sorties 0, presents 0 (pic None, source compteur)
2026-10-03 07:01:01 [INFO] Site visites libres : Visites libres a partir de 10h00 (fenetre 09:30-19:30)
2026-10-03 07:01:01 [INFO] Borne 192.168.2.10:5205 - compteurs du musee (Area 511 VISITES MUSEE)
2026-10-03 07:01:02 [INFO]   511 VISITES MUSEE E=106030 S=0
2026-10-03 07:01:02 [INFO]   512 ENTREE MUSEE E=106030 S=0
2026-10-03 07:01:02 [INFO]   1208 TRI-MUS-55   E=26166 S=0
2026-10-03 07:01:02 [INFO]   1209 TRI-MUS-56   E=53369 S=0
2026-10-03 07:01:02 [INFO]   1210 TRI-MUS-57   E=26495 S=0
2026-10-03 07:01:02 [INFO]   1040 PDA.3.11     E=0 S=0
2026-10-03 07:01:02 [INFO] Compteurs du site (visites libres)
2026-10-03 07:01:02 [INFO]   749 TRI-NORV-27  E=595 S=30762
2026-10-03 07:01:02 [INFO]   750 TRI-NORV-28  E=30014 S=143
2026-10-03 07:01:02 [INFO]   751 TRI-NORV-PMR-29 E=2893 S=131
2026-10-03 07:01:02 [INFO]   transactions 06:46:01 -> 07:01:01 : 0 lues en 1 page(s), 0 musee, 0 site
2026-10-03 07:01:02 [INFO] Dialogue borne : 0.9 s
2026-10-03 07:01:02 [INFO] Visiteurs du 2026-10-03 : 0 (source compteur, compteur 0, transactions 0)
2026-10-03 07:01:02 [INFO] Site visites libres du 2026-10-03 : entrees 0, sorties 0, presents 0 (pic None, source compteur)
2026-10-03 07:06:01 [INFO] Site visites libres : Visites libres a partir de 10h00 (fenetre 09:30-19:30)
2026-10-03 07:06:02 [INFO] Borne 192.168.2.10:5205 - compteurs du musee (Area 511 VISITES MUSEE)
2026-10-03 07:06:02 [INFO]   511 VISITES MUSEE E=106030 S=0
2026-10-03 07:06:02 [INFO]   512 ENTREE MUSEE E=106030 S=0
2026-10-03 07:06:02 [INFO]   1208 TRI-MUS-55   E=26166 S=0
2026-10-03 07:06:02 [INFO]   1209 TRI-MUS-56   E=53369 S=0
2026-10-03 07:06:02 [INFO]   1210 TRI-MUS-57   E=26495 S=0
2026-10-03 07:06:02 [INFO]   1040 PDA.3.11     E=0 S=0
2026-10-03 07:06:02 [INFO] Compteurs du site (visites libres)
2026-10-03 07:06:02 [INFO]   749 TRI-NORV-27  E=595 S=30762
2026-10-03 07:06:02 [INFO]   750 TRI-NORV-28  E=30014 S=143
2026-10-03 07:06:02 [INFO]   751 TRI-NORV-PMR-29 E=2893 S=131
2026-10-03 07:06:02 [INFO]   transactions 06:51:01 -> 07:06:01 : 0 lues en 1 page(s), 0 musee, 0 site
2026-10-03 07:06:02 [INFO] Dialogue borne : 0.9 s
2026-10-03 07:06:02 [INFO] Visiteurs du 2026-10-03 : 0 (source compteur, compteur 0, transactions 0)
2026-10-03 07:06:02 [INFO] Site visites libres du 2026-10-03 : entrees 0, sorties 0, presents 0 (pic None, source compteur)
2026-10-03 07:11:01 [INFO] Site visites libres : Visites libres a partir de 10h00 (fenetre 09:30-19:30)
2026-10-03 07:11:01 [INFO] Borne 192.168.2.10:5205 - compteurs du musee (Area 511 VISITES MUSEE)
2026-10-03 07:11:02 [INFO]   511 VISITES MUSEE E=106030 S=0
2026-10-03 07:11:02 [INFO]   512 ENTREE MUSEE E=106030 S=0
2026-10-03 07:11:02 [INFO]   1208 TRI-MUS-55   E=26166 S=0
2026-10-03 07:11:02 [INFO]   1209 TRI-MUS-56   E=53369 S=0
2026-10-03 07:11:02 [INFO]   1210 TRI-MUS-57   E=26495 S=0
2026-10-03 07:11:02 [INFO]   1040 PDA.3.11     E=0 S=0
2026-10-03 07:11:02 [INFO] Compteurs du site (visites libres)
2026-10-03 07:11:02 [INFO]   749 TRI-NORV-27  E=595 S=30762
2026-10-03 07:11:02 [INFO]   750 TRI-NORV-28  E=30014 S=143
2026-10-03 07:11:02 [INFO]   751 TRI-NORV-PMR-29 E=2893 S=131
2026-10-03 07:11:02 [INFO]   transactions 06:56:01 -> 07:11:01 : 0 lues en 1 page(s), 0 musee, 0 site
2026-10-03 07:11:02 [INFO] Dialogue borne : 0.9 s
2026-10-03 07:11:02 [INFO] Visiteurs du 2026-10-03 : 0 (source compteur, compteur 0, transactions 0)
2026-10-03 07:11:02 [INFO] Site visites libres du 2026-10-03 : entrees 0, sorties 0, presents 0 (pic None, source compteur)
2026-10-03 07:16:01 [INFO] Site visites libres : Visites libres a partir de 10h00 (fenetre 09:30-19:30)
2026-10-03 07:16:02 [INFO] Borne 192.168.2.10:5205 - compteurs du musee (Area 511 VISITES MUSEE)
2026-10-03 07:16:02 [INFO]   511 VISITES MUSEE E=106030 S=0
2026-10-03 07:16:02 [INFO]   512 ENTREE MUSEE E=106030 S=0
2026-10-03 07:16:02 [INFO]   1208 TRI-MUS-55   E=26166 S=0
2026-10-03 07:16:02 [INFO]   1209 TRI-MUS-56   E=53369 S=0
2026-10-03 07:16:02 [INFO]   1210 TRI-MUS-57   E=26495 S=0
2026-10-03 07:16:02 [INFO]   1040 PDA.3.11     E=0 S=0
2026-10-03 07:16:02 [INFO] Compteurs du site (visites libres)
2026-10-03 07:16:02 [INFO]   749 TRI-NORV-27  E=595 S=30762
2026-10-03 07:16:02 [INFO]   750 TRI-NORV-28  E=30014 S=143
2026-10-03 07:16:02 [INFO]   751 TRI-NORV-PMR-29 E=2893 S=131
2026-10-03 07:16:02 [INFO]   transactions 07:01:01 -> 07:16:01 : 0 lues en 1 page(s), 0 musee, 0 site
2026-10-03 07:16:02 [INFO] Dialogue borne : 1.0 s
2026-10-03 07:16:02 [INFO] Visiteurs du 2026-10-03 : 0 (source compteur, compteur 0, transactions 0)
2026-10-03 07:16:02 [INFO] Site visites libres du 2026-10-03 : entrees 0, sorties 0, presents 0 (pic None, source compteur)
2026-10-03 07:21:02 [INFO] Site visites libres : Visites libres a partir de 10h00 (fenetre 09:30-19:30)
2026-10-03 07:21:02 [INFO] Borne 192.168.2.10:5205 - compteurs du musee (Area 511 VISITES MUSEE)
2026-10-03 07:21:02 [INFO]   511 VISITES MUSEE E=106030 S=0
2026-10-03 07:21:02 [INFO]   512 ENTREE MUSEE E=106030 S=0
2026-10-03 07:21:02 [INFO]   1208 TRI-MUS-55   E=26166 S=0
2026-10-03 07:21:02 [INFO]   1209 TRI-MUS-56   E=53369 S=0
2026-10-03 07:21:02 [INFO]   1210 TRI-MUS-57   E=26495 S=0
2026-10-03 07:21:02 [INFO]   1040 PDA.3.11     E=0 S=0
2026-10-03 07:21:02 [INFO] Compteurs du site (visites libres)
2026-10-03 07:21:02 [INFO]   749 TRI-NORV-27  E=595 S=30762
2026-10-03 07:21:02 [INFO]   750 TRI-NORV-28  E=30014 S=143
2026-10-03 07:21:02 [INFO]   751 TRI-NORV-PMR-29 E=2893 S=131
2026-10-03 07:21:02 [INFO]   transactions 07:06:01 -> 07:21:01 : 0 lues en 1 page(s), 0 musee, 0 site
2026-10-03 07:21:02 [INFO] Dialogue borne : 1.0 s
2026-10-03 07:21:02 [INFO] Visiteurs du 2026-10-03 : 0 (source compteur, compteur 0, transactions 0)
2026-10-03 07:21:03 [INFO] Site visites libres du 2026-10-03 : entrees 0, sorties 0, presents 0 (pic None, source compteur)
2026-10-03 07:26:02 [INFO] Site visites libres : Visites libres a partir de 10h00 (fenetre 09:30-19:30)
2026-10-03 07:26:02 [INFO] Borne 192.168.2.10:5205 - compteurs du musee (Area 511 VISITES MUSEE)
2026-10-03 07:26:02 [INFO]   511 VISITES MUSEE E=106030 S=0
2026-10-03 07:26:02 [INFO]   512 ENTREE MUSEE E=106030 S=0
2026-10-03 07:26:02 [INFO]   1208 TRI-MUS-55   E=26166 S=0
2026-10-03 07:26:02 [INFO]   1209 TRI-MUS-56   E=53369 S=0
2026-10-03 07:26:02 [INFO]   1210 TRI-MUS-57   E=26495 S=0
2026-10-03 07:26:02 [INFO]   1040 PDA.3.11     E=0 S=0
2026-10-03 07:26:02 [INFO] Compteurs du site (visites libres)
2026-10-03 07:26:02 [INFO]   749 TRI-NORV-27  E=595 S=30762
2026-10-03 07:26:02 [INFO]   750 TRI-NORV-28  E=30014 S=143
2026-10-03 07:26:02 [INFO]   751 TRI-NORV-PMR-29 E=2893 S=131
2026-10-03 07:26:03 [INFO]   transactions 07:11:01 -> 07:26:02 : 0 lues en 1 page(s), 0 musee, 0 site
2026-10-03 07:26:03 [INFO] Dialogue borne : 1.0 s
2026-10-03 07:26:03 [INFO] Visiteurs du 2026-10-03 : 0 (source compteur, compteur 0, transactions 0)
2026-10-03 07:26:03 [INFO] Site visites libres du 2026-10-03 : entrees 0, sorties 0, presents 0 (pic None, source compteur)
2026-10-03 07:31:01 [INFO] Site visites libres : Visites libres a partir de 10h00 (fenetre 09:30-19:30)
2026-10-03 07:31:01 [INFO] Borne 192.168.2.10:5205 - compteurs du musee (Area 511 VISITES MUSEE)
2026-10-03 07:31:02 [INFO]   511 VISITES MUSEE E=106030 S=0
2026-10-03 07:31:02 [INFO]   512 ENTREE MUSEE E=106030 S=0
2026-10-03 07:31:02 [INFO]   1208 TRI-MUS-55   E=26166 S=0
2026-10-03 07:31:02 [INFO]   1209 TRI-MUS-56   E=53369 S=0
2026-10-03 07:31:02 [INFO]   1210 TRI-MUS-57   E=26495 S=0
2026-10-03 07:31:02 [INFO]   1040 PDA.3.11     E=0 S=0
2026-10-03 07:31:02 [INFO] Compteurs du site (visites libres)
2026-10-03 07:31:02 [INFO]   749 TRI-NORV-27  E=595 S=30762
2026-10-03 07:31:02 [INFO]   750 TRI-NORV-28  E=30014 S=143
2026-10-03 07:31:02 [INFO]   751 TRI-NORV-PMR-29 E=2893 S=131
2026-10-03 07:31:02 [INFO]   transactions 07:16:02 -> 07:31:01 : 0 lues en 1 page(s), 0 musee, 0 site
2026-10-03 07:31:02 [INFO] Dialogue borne : 0.9 s
2026-10-03 07:31:02 [INFO] Visiteurs du 2026-10-03 : 0 (source compteur, compteur 0, transactions 0)
2026-10-03 07:31:02 [INFO] Site visites libres du 2026-10-03 : entrees 0, sorties 0, presents 0 (pic None, source compteur)
2026-10-03 07:36:01 [INFO] Site visites libres : Visites libres a partir de 10h00 (fenetre 09:30-19:30)
2026-10-03 07:36:01 [INFO] Borne 192.168.2.10:5205 - compteurs du musee (Area 511 VISITES MUSEE)
2026-10-03 07:36:02 [INFO]   511 VISITES MUSEE E=106030 S=0
2026-10-03 07:36:02 [INFO]   512 ENTREE MUSEE E=106030 S=0
2026-10-03 07:36:02 [INFO]   1208 TRI-MUS-55   E=26166 S=0
2026-10-03 07:36:02 [INFO]   1209 TRI-MUS-56   E=53369 S=0
2026-10-03 07:36:02 [INFO]   1210 TRI-MUS-57   E=26495 S=0
2026-10-03 07:36:02 [INFO]   1040 PDA.3.11     E=0 S=0
2026-10-03 07:36:02 [INFO] Compteurs du site (visites libres)
2026-10-03 07:36:02 [INFO]   749 TRI-NORV-27  E=595 S=30762
2026-10-03 07:36:02 [INFO]   750 TRI-NORV-28  E=30014 S=143
2026-10-03 07:36:02 [INFO]   751 TRI-NORV-PMR-29 E=2893 S=131
2026-10-03 07:36:02 [INFO]   transactions 07:21:01 -> 07:36:01 : 0 lues en 1 page(s), 0 musee, 0 site
2026-10-03 07:36:02 [INFO] Dialogue borne : 0.9 s
2026-10-03 07:36:02 [INFO] Visiteurs du 2026-10-03 : 0 (source compteur, compteur 0, transactions 0)
2026-10-03 07:36:02 [INFO] Site visites libres du 2026-10-03 : entrees 0, sorties 0, presents 0 (pic None, source compteur)
2026-10-03 07:41:01 [INFO] Site visites libres : Visites libres a partir de 10h00 (fenetre 09:30-19:30)
2026-10-03 07:41:01 [INFO] Borne 192.168.2.10:5205 - compteurs du musee (Area 511 VISITES MUSEE)
2026-10-03 07:41:02 [INFO]   511 VISITES MUSEE E=106030 S=0
2026-10-03 07:41:02 [INFO]   512 ENTREE MUSEE E=106030 S=0
2026-10-03 07:41:02 [INFO]   1208 TRI-MUS-55   E=26166 S=0
2026-10-03 07:41:02 [INFO]   1209 TRI-MUS-56   E=53369 S=0
2026-10-03 07:41:02 [INFO]   1210 TRI-MUS-57   E=26495 S=0
2026-10-03 07:41:02 [INFO]   1040 PDA.3.11     E=0 S=0
2026-10-03 07:41:02 [INFO] Compteurs du site (visites libres)
2026-10-03 07:41:02 [INFO]   749 TRI-NORV-27  E=595 S=30762
2026-10-03 07:41:02 [INFO]   750 TRI-NORV-28  E=30014 S=143
2026-10-03 07:41:02 [INFO]   751 TRI-NORV-PMR-29 E=2893 S=131
2026-10-03 07:41:02 [INFO]   transactions 07:26:01 -> 07:41:01 : 0 lues en 1 page(s), 0 musee, 0 site
2026-10-03 07:41:02 [INFO] Dialogue borne : 0.9 s
2026-10-03 07:41:02 [INFO] Visiteurs du 2026-10-03 : 0 (source compteur, compteur 0, transactions 0)
2026-10-03 07:41:02 [INFO] Site visites libres du 2026-10-03 : entrees 0, sorties 0, presents 0 (pic None, source compteur)
2026-10-03 07:46:01 [INFO] Site visites libres : Visites libres a partir de 10h00 (fenetre 09:30-19:30)
2026-10-03 07:46:02 [INFO] Borne 192.168.2.10:5205 - compteurs du musee (Area 511 VISITES MUSEE)
2026-10-03 07:46:02 [INFO]   511 VISITES MUSEE E=106030 S=0
2026-10-03 07:46:02 [INFO]   512 ENTREE MUSEE E=106030 S=0
2026-10-03 07:46:02 [INFO]   1208 TRI-MUS-55   E=26166 S=0
2026-10-03 07:46:02 [INFO]   1209 TRI-MUS-56   E=53369 S=0
2026-10-03 07:46:02 [INFO]   1210 TRI-MUS-57   E=26495 S=0
2026-10-03 07:46:02 [INFO]   1040 PDA.3.11     E=0 S=0
2026-10-03 07:46:02 [INFO] Compteurs du site (visites libres)
2026-10-03 07:46:02 [INFO]   749 TRI-NORV-27  E=595 S=30762
2026-10-03 07:46:02 [INFO]   750 TRI-NORV-28  E=30014 S=143
2026-10-03 07:46:02 [INFO]   751 TRI-NORV-PMR-29 E=2893 S=131
2026-10-03 07:46:02 [INFO]   transactions 07:31:01 -> 07:46:01 : 0 lues en 1 page(s), 0 musee, 0 site
2026-10-03 07:46:02 [INFO] Dialogue borne : 0.9 s
2026-10-03 07:46:02 [INFO] Visiteurs du 2026-10-03 : 0 (source compteur, compteur 0, transactions 0)
2026-10-03 07:46:02 [INFO] Site visites libres du 2026-10-03 : entrees 0, sorties 0, presents 0 (pic None, source compteur)
2026-10-03 07:51:01 [INFO] Site visites libres : Visites libres a partir de 10h00 (fenetre 09:30-19:30)
2026-10-03 07:51:02 [INFO] Borne 192.168.2.10:5205 - compteurs du musee (Area 511 VISITES MUSEE)
2026-10-03 07:51:02 [INFO]   511 VISITES MUSEE E=106030 S=0
2026-10-03 07:51:02 [INFO]   512 ENTREE MUSEE E=106030 S=0
2026-10-03 07:51:02 [INFO]   1208 TRI-MUS-55   E=26166 S=0
2026-10-03 07:51:02 [INFO]   1209 TRI-MUS-56   E=53369 S=0
2026-10-03 07:51:02 [INFO]   1210 TRI-MUS-57   E=26495 S=0
2026-10-03 07:51:02 [INFO]   1040 PDA.3.11     E=0 S=0
2026-10-03 07:51:02 [INFO] Compteurs du site (visites libres)
2026-10-03 07:51:02 [INFO]   749 TRI-NORV-27  E=595 S=30762
2026-10-03 07:51:02 [INFO]   750 TRI-NORV-28  E=30014 S=143
2026-10-03 07:51:02 [INFO]   751 TRI-NORV-PMR-29 E=2893 S=131
2026-10-03 07:51:02 [INFO]   transactions 07:36:01 -> 07:51:01 : 0 lues en 1 page(s), 0 musee, 0 site
2026-10-03 07:51:02 [INFO] Dialogue borne : 1.0 s
2026-10-03 07:51:02 [INFO] Visiteurs du 2026-10-03 : 0 (source compteur, compteur 0, transactions 0)
2026-10-03 07:51:03 [INFO] Site visites libres du 2026-10-03 : entrees 0, sorties 0, presents 0 (pic None, source compteur)
2026-10-03 07:56:01 [INFO] Site visites libres : Visites libres a partir de 10h00 (fenetre 09:30-19:30)
2026-10-03 07:56:02 [INFO] Borne 192.168.2.10:5205 - compteurs du musee (Area 511 VISITES MUSEE)
2026-10-03 07:56:02 [INFO]   511 VISITES MUSEE E=106030 S=0
2026-10-03 07:56:02 [INFO]   512 ENTREE MUSEE E=106030 S=0
2026-10-03 07:56:02 [INFO]   1208 TRI-MUS-55   E=26166 S=0
2026-10-03 07:56:02 [INFO]   1209 TRI-MUS-56   E=53369 S=0
2026-10-03 07:56:02 [INFO]   1210 TRI-MUS-57   E=26495 S=0
2026-10-03 07:56:02 [INFO]   1040 PDA.3.11     E=0 S=0
2026-10-03 07:56:02 [INFO] Compteurs du site (visites libres)
2026-10-03 07:56:02 [INFO]   749 TRI-NORV-27  E=595 S=30762
2026-10-03 07:56:02 [INFO]   750 TRI-NORV-28  E=30014 S=143
2026-10-03 07:56:02 [INFO]   751 TRI-NORV-PMR-29 E=2893 S=131
2026-10-03 07:56:03 [INFO]   transactions 07:41:01 -> 07:56:01 : 0 lues en 1 page(s), 0 musee, 0 site
2026-10-03 07:56:03 [INFO] Dialogue borne : 1.0 s
2026-10-03 07:56:03 [INFO] Visiteurs du 2026-10-03 : 0 (source compteur, compteur 0, transactions 0)
2026-10-03 07:56:03 [INFO] Site visites libres du 2026-10-03 : entrees 0, sorties 0, presents 0 (pic None, source compteur)
2026-10-03 08:01:01 [INFO] Site visites libres : Visites libres a partir de 10h00 (fenetre 09:30-19:30)
2026-10-03 08:01:02 [INFO] Borne 192.168.2.10:5205 - compteurs du musee (Area 511 VISITES MUSEE)
2026-10-03 08:01:02 [INFO]   511 VISITES MUSEE E=106030 S=0
2026-10-03 08:01:02 [INFO]   512 ENTREE MUSEE E=106030 S=0
2026-10-03 08:01:02 [INFO]   1208 TRI-MUS-55   E=26166 S=0
2026-10-03 08:01:02 [INFO]   1209 TRI-MUS-56   E=53369 S=0
2026-10-03 08:01:02 [INFO]   1210 TRI-MUS-57   E=26495 S=0
2026-10-03 08:01:02 [INFO]   1040 PDA.3.11     E=0 S=0
2026-10-03 08:01:02 [INFO] Compteurs du site (visites libres)
2026-10-03 08:01:02 [INFO]   749 TRI-NORV-27  E=595 S=30762
2026-10-03 08:01:02 [INFO]   750 TRI-NORV-28  E=30014 S=143
2026-10-03 08:01:02 [INFO]   751 TRI-NORV-PMR-29 E=2893 S=131
2026-10-03 08:01:02 [INFO]   transactions 07:46:01 -> 08:01:01 : 0 lues en 1 page(s), 0 musee, 0 site
2026-10-03 08:01:02 [INFO] Dialogue borne : 0.9 s
2026-10-03 08:01:02 [INFO] Visiteurs du 2026-10-03 : 0 (source compteur, compteur 0, transactions 0)
2026-10-03 08:01:02 [INFO] Site visites libres du 2026-10-03 : entrees 0, sorties 0, presents 0 (pic None, source compteur)
2026-10-03 08:06:01 [INFO] Site visites libres : Visites libres a partir de 10h00 (fenetre 09:30-19:30)
2026-10-03 08:06:01 [INFO] Borne 192.168.2.10:5205 - compteurs du musee (Area 511 VISITES MUSEE)
2026-10-03 08:06:02 [INFO]   511 VISITES MUSEE E=106030 S=0
2026-10-03 08:06:02 [INFO]   512 ENTREE MUSEE E=106030 S=0
2026-10-03 08:06:02 [INFO]   1208 TRI-MUS-55   E=26166 S=0
2026-10-03 08:06:02 [INFO]   1209 TRI-MUS-56   E=53369 S=0
2026-10-03 08:06:02 [INFO]   1210 TRI-MUS-57   E=26495 S=0
2026-10-03 08:06:02 [INFO]   1040 PDA.3.11     E=0 S=0
2026-10-03 08:06:02 [INFO] Compteurs du site (visites libres)
2026-10-03 08:06:02 [INFO]   749 TRI-NORV-27  E=595 S=30762
2026-10-03 08:06:02 [INFO]   750 TRI-NORV-28  E=30014 S=143
2026-10-03 08:06:02 [INFO]   751 TRI-NORV-PMR-29 E=2893 S=131
2026-10-03 08:06:03 [INFO]   transactions 07:51:01 -> 08:06:01 : 0 lues en 1 page(s), 0 musee, 0 site
2026-10-03 08:06:03 [INFO] Dialogue borne : 1.0 s
2026-10-03 08:06:03 [INFO] Visiteurs du 2026-10-03 : 0 (source compteur, compteur 0, transactions 0)
2026-10-03 08:06:03 [INFO] Site visites libres du 2026-10-03 : entrees 0, sorties 0, presents 0 (pic None, source compteur)
2026-10-03 08:11:02 [INFO] Site visites libres : Visites libres a partir de 10h00 (fenetre 09:30-19:30)
2026-10-03 08:11:02 [INFO] Borne 192.168.2.10:5205 - compteurs du musee (Area 511 VISITES MUSEE)
2026-10-03 08:11:02 [INFO]   511 VISITES MUSEE E=106030 S=0
2026-10-03 08:11:02 [INFO]   512 ENTREE MUSEE E=106030 S=0
2026-10-03 08:11:02 [INFO]   1208 TRI-MUS-55   E=26166 S=0
2026-10-03 08:11:02 [INFO]   1209 TRI-MUS-56   E=53369 S=0
2026-10-03 08:11:02 [INFO]   1210 TRI-MUS-57   E=26495 S=0
2026-10-03 08:11:02 [INFO]   1040 PDA.3.11     E=0 S=0
2026-10-03 08:11:02 [INFO] Compteurs du site (visites libres)
2026-10-03 08:11:02 [INFO]   749 TRI-NORV-27  E=595 S=30762
2026-10-03 08:11:02 [INFO]   750 TRI-NORV-28  E=30014 S=143
2026-10-03 08:11:02 [INFO]   751 TRI-NORV-PMR-29 E=2893 S=131
2026-10-03 08:11:03 [INFO]   transactions 07:56:01 -> 08:11:02 : 0 lues en 1 page(s), 0 musee, 0 site
2026-10-03 08:11:03 [INFO] Dialogue borne : 1.1 s
2026-10-03 08:11:03 [INFO] Visiteurs du 2026-10-03 : 0 (source compteur, compteur 0, transactions 0)
2026-10-03 08:11:03 [INFO] Site visites libres du 2026-10-03 : entrees 0, sorties 0, presents 0 (pic None, source compteur)
2026-10-03 08:16:01 [INFO] Site visites libres : Visites libres a partir de 10h00 (fenetre 09:30-19:30)
2026-10-03 08:16:02 [INFO] Borne 192.168.2.10:5205 - compteurs du musee (Area 511 VISITES MUSEE)
2026-10-03 08:16:02 [INFO]   511 VISITES MUSEE E=106030 S=0
2026-10-03 08:16:02 [INFO]   512 ENTREE MUSEE E=106030 S=0
2026-10-03 08:16:02 [INFO]   1208 TRI-MUS-55   E=26166 S=0
2026-10-03 08:16:02 [INFO]   1209 TRI-MUS-56   E=53369 S=0
2026-10-03 08:16:02 [INFO]   1210 TRI-MUS-57   E=26495 S=0
2026-10-03 08:16:02 [INFO]   1040 PDA.3.11     E=0 S=0
2026-10-03 08:16:02 [INFO] Compteurs du site (visites libres)
2026-10-03 08:16:02 [INFO]   749 TRI-NORV-27  E=595 S=30762
2026-10-03 08:16:02 [INFO]   750 TRI-NORV-28  E=30014 S=143
2026-10-03 08:16:02 [INFO]   751 TRI-NORV-PMR-29 E=2893 S=131
2026-10-03 08:16:02 [INFO]   transactions 08:01:02 -> 08:16:01 : 0 lues en 1 page(s), 0 musee, 0 site
2026-10-03 08:16:02 [INFO] Dialogue borne : 0.9 s
2026-10-03 08:16:02 [INFO] Visiteurs du 2026-10-03 : 0 (source compteur, compteur 0, transactions 0)
2026-10-03 08:16:02 [INFO] Site visites libres du 2026-10-03 : entrees 0, sorties 0, presents 0 (pic None, source compteur)
2026-10-03 08:21:02 [INFO] Site visites libres : Visites libres a partir de 10h00 (fenetre 09:30-19:30)
2026-10-03 08:21:02 [INFO] Borne 192.168.2.10:5205 - compteurs du musee (Area 511 VISITES MUSEE)
2026-10-03 08:21:02 [INFO]   511 VISITES MUSEE E=106030 S=0
2026-10-03 08:21:02 [INFO]   512 ENTREE MUSEE E=106030 S=0
2026-10-03 08:21:02 [INFO]   1208 TRI-MUS-55   E=26166 S=0
2026-10-03 08:21:02 [INFO]   1209 TRI-MUS-56   E=53369 S=0
2026-10-03 08:21:02 [INFO]   1210 TRI-MUS-57   E=26495 S=0
2026-10-03 08:21:02 [INFO]   1040 PDA.3.11     E=0 S=0
2026-10-03 08:21:02 [INFO] Compteurs du site (visites libres)
2026-10-03 08:21:02 [INFO]   749 TRI-NORV-27  E=595 S=30762
2026-10-03 08:21:02 [INFO]   750 TRI-NORV-28  E=30014 S=143
2026-10-03 08:21:02 [INFO]   751 TRI-NORV-PMR-29 E=2893 S=131
2026-10-03 08:21:02 [INFO]   transactions 08:06:01 -> 08:21:01 : 0 lues en 1 page(s), 0 musee, 0 site
2026-10-03 08:21:02 [INFO] Dialogue borne : 0.9 s
2026-10-03 08:21:02 [INFO] Visiteurs du 2026-10-03 : 0 (source compteur, compteur 0, transactions 0)
2026-10-03 08:21:02 [INFO] Site visites libres du 2026-10-03 : entrees 0, sorties 0, presents 0 (pic None, source compteur)
2026-10-03 08:26:01 [INFO] Site visites libres : Visites libres a partir de 10h00 (fenetre 09:30-19:30)
2026-10-03 08:26:02 [INFO] Borne 192.168.2.10:5205 - compteurs du musee (Area 511 VISITES MUSEE)
2026-10-03 08:26:02 [INFO]   511 VISITES MUSEE E=106030 S=0
2026-10-03 08:26:02 [INFO]   512 ENTREE MUSEE E=106030 S=0
2026-10-03 08:26:02 [INFO]   1208 TRI-MUS-55   E=26166 S=0
2026-10-03 08:26:02 [INFO]   1209 TRI-MUS-56   E=53369 S=0
2026-10-03 08:26:02 [INFO]   1210 TRI-MUS-57   E=26495 S=0
2026-10-03 08:26:02 [INFO]   1040 PDA.3.11     E=0 S=0
2026-10-03 08:26:02 [INFO] Compteurs du site (visites libres)
2026-10-03 08:26:02 [INFO]   749 TRI-NORV-27  E=595 S=30762
2026-10-03 08:26:02 [INFO]   750 TRI-NORV-28  E=30014 S=143
2026-10-03 08:26:02 [INFO]   751 TRI-NORV-PMR-29 E=2893 S=131
2026-10-03 08:26:02 [INFO]   transactions 08:11:01 -> 08:26:01 : 0 lues en 1 page(s), 0 musee, 0 site
2026-10-03 08:26:02 [INFO] Dialogue borne : 0.9 s
2026-10-03 08:26:02 [INFO] Visiteurs du 2026-10-03 : 0 (source compteur, compteur 0, transactions 0)
2026-10-03 08:26:02 [INFO] Site visites libres du 2026-10-03 : entrees 0, sorties 0, presents 0 (pic None, source compteur)
2026-10-03 08:31:01 [INFO] Site visites libres : Visites libres a partir de 10h00 (fenetre 09:30-19:30)
2026-10-03 08:31:02 [INFO] Borne 192.168.2.10:5205 - compteurs du musee (Area 511 VISITES MUSEE)
2026-10-03 08:31:02 [INFO]   511 VISITES MUSEE E=106030 S=0
2026-10-03 08:31:02 [INFO]   512 ENTREE MUSEE E=106030 S=0
2026-10-03 08:31:02 [INFO]   1208 TRI-MUS-55   E=26166 S=0
2026-10-03 08:31:02 [INFO]   1209 TRI-MUS-56   E=53369 S=0
2026-10-03 08:31:02 [INFO]   1210 TRI-MUS-57   E=26495 S=0
2026-10-03 08:31:02 [INFO]   1040 PDA.3.11     E=0 S=0
2026-10-03 08:31:02 [INFO] Compteurs du site (visites libres)
2026-10-03 08:31:02 [INFO]   749 TRI-NORV-27  E=595 S=30762
2026-10-03 08:31:02 [INFO]   750 TRI-NORV-28  E=30014 S=143
2026-10-03 08:31:02 [INFO]   751 TRI-NORV-PMR-29 E=2893 S=131
2026-10-03 08:31:02 [INFO]   transactions 08:16:01 -> 08:31:01 : 0 lues en 1 page(s), 0 musee, 0 site
2026-10-03 08:31:02 [INFO] Dialogue borne : 0.9 s
2026-10-03 08:31:02 [INFO] Visiteurs du 2026-10-03 : 0 (source compteur, compteur 0, transactions 0)
2026-10-03 08:31:02 [INFO] Site visites libres du 2026-10-03 : entrees 0, sorties 0, presents 0 (pic None, source compteur)
2026-10-03 08:36:01 [INFO] Site visites libres : Visites libres a partir de 10h00 (fenetre 09:30-19:30)
2026-10-03 08:36:02 [INFO] Borne 192.168.2.10:5205 - compteurs du musee (Area 511 VISITES MUSEE)
2026-10-03 08:36:02 [INFO]   511 VISITES MUSEE E=106030 S=0
2026-10-03 08:36:02 [INFO]   512 ENTREE MUSEE E=106030 S=0
2026-10-03 08:36:02 [INFO]   1208 TRI-MUS-55   E=26166 S=0
2026-10-03 08:36:02 [INFO]   1209 TRI-MUS-56   E=53369 S=0
2026-10-03 08:36:02 [INFO]   1210 TRI-MUS-57   E=26495 S=0
2026-10-03 08:36:02 [INFO]   1040 PDA.3.11     E=0 S=0
2026-10-03 08:36:02 [INFO] Compteurs du site (visites libres)
2026-10-03 08:36:02 [INFO]   749 TRI-NORV-27  E=595 S=30762
2026-10-03 08:36:02 [INFO]   750 TRI-NORV-28  E=30014 S=143
2026-10-03 08:36:02 [INFO]   751 TRI-NORV-PMR-29 E=2893 S=131
2026-10-03 08:36:02 [INFO]   transactions 08:21:01 -> 08:36:01 : 0 lues en 1 page(s), 0 musee, 0 site
2026-10-03 08:36:02 [INFO] Dialogue borne : 0.9 s
2026-10-03 08:36:02 [INFO] Visiteurs du 2026-10-03 : 0 (source compteur, compteur 0, transactions 0)
2026-10-03 08:36:02 [INFO] Site visites libres du 2026-10-03 : entrees 0, sorties 0, presents 0 (pic None, source compteur)
2026-10-03 08:41:01 [INFO] Site visites libres : Visites libres a partir de 10h00 (fenetre 09:30-19:30)
2026-10-03 08:41:01 [INFO] Borne 192.168.2.10:5205 - compteurs du musee (Area 511 VISITES MUSEE)
2026-10-03 08:41:02 [INFO]   511 VISITES MUSEE E=106030 S=0
2026-10-03 08:41:02 [INFO]   512 ENTREE MUSEE E=106030 S=0
2026-10-03 08:41:02 [INFO]   1208 TRI-MUS-55   E=26166 S=0
2026-10-03 08:41:02 [INFO]   1209 TRI-MUS-56   E=53369 S=0
2026-10-03 08:41:02 [INFO]   1210 TRI-MUS-57   E=26495 S=0
2026-10-03 08:41:02 [INFO]   1040 PDA.3.11     E=0 S=0
2026-10-03 08:41:02 [INFO] Compteurs du site (visites libres)
2026-10-03 08:41:02 [INFO]   749 TRI-NORV-27  E=595 S=30762
2026-10-03 08:41:02 [INFO]   750 TRI-NORV-28  E=30014 S=143
2026-10-03 08:41:02 [INFO]   751 TRI-NORV-PMR-29 E=2893 S=131
2026-10-03 08:41:02 [INFO]   transactions 08:26:01 -> 08:41:01 : 0 lues en 1 page(s), 0 musee, 0 site
2026-10-03 08:41:02 [INFO] Dialogue borne : 1.0 s
2026-10-03 08:41:02 [INFO] Visiteurs du 2026-10-03 : 0 (source compteur, compteur 0, transactions 0)
2026-10-03 08:41:02 [INFO] Site visites libres du 2026-10-03 : entrees 0, sorties 0, presents 0 (pic None, source compteur)
2026-10-03 08:46:01 [INFO] Site visites libres : Visites libres a partir de 10h00 (fenetre 09:30-19:30)
2026-10-03 08:46:02 [INFO] Borne 192.168.2.10:5205 - compteurs du musee (Area 511 VISITES MUSEE)
2026-10-03 08:46:02 [INFO]   511 VISITES MUSEE E=106030 S=0
2026-10-03 08:46:02 [INFO]   512 ENTREE MUSEE E=106030 S=0
2026-10-03 08:46:02 [INFO]   1208 TRI-MUS-55   E=26166 S=0
2026-10-03 08:46:02 [INFO]   1209 TRI-MUS-56   E=53369 S=0
2026-10-03 08:46:02 [INFO]   1210 TRI-MUS-57   E=26495 S=0
2026-10-03 08:46:02 [INFO]   1040 PDA.3.11     E=0 S=0
2026-10-03 08:46:02 [INFO] Compteurs du site (visites libres)
2026-10-03 08:46:02 [INFO]   749 TRI-NORV-27  E=595 S=30762
2026-10-03 08:46:02 [INFO]   750 TRI-NORV-28  E=30014 S=143
2026-10-03 08:46:02 [INFO]   751 TRI-NORV-PMR-29 E=2893 S=131
2026-10-03 08:46:02 [INFO]   transactions 08:31:01 -> 08:46:01 : 0 lues en 1 page(s), 0 musee, 0 site
2026-10-03 08:46:02 [INFO] Dialogue borne : 1.0 s
2026-10-03 08:46:02 [INFO] Visiteurs du 2026-10-03 : 0 (source compteur, compteur 0, transactions 0)
2026-10-03 08:46:03 [INFO] Site visites libres du 2026-10-03 : entrees 0, sorties 0, presents 0 (pic None, source compteur)
2026-10-03 08:51:02 [INFO] Site visites libres : Visites libres a partir de 10h00 (fenetre 09:30-19:30)
2026-10-03 08:51:02 [INFO] Borne 192.168.2.10:5205 - compteurs du musee (Area 511 VISITES MUSEE)
2026-10-03 08:51:02 [INFO]   511 VISITES MUSEE E=106030 S=0
2026-10-03 08:51:02 [INFO]   512 ENTREE MUSEE E=106030 S=0
2026-10-03 08:51:02 [INFO]   1208 TRI-MUS-55   E=26166 S=0
2026-10-03 08:51:02 [INFO]   1209 TRI-MUS-56   E=53369 S=0
2026-10-03 08:51:02 [INFO]   1210 TRI-MUS-57   E=26495 S=0
2026-10-03 08:51:02 [INFO]   1040 PDA.3.11     E=0 S=0
2026-10-03 08:51:02 [INFO] Compteurs du site (visites libres)
2026-10-03 08:51:02 [INFO]   749 TRI-NORV-27  E=595 S=30762
2026-10-03 08:51:02 [INFO]   750 TRI-NORV-28  E=30014 S=143
2026-10-03 08:51:02 [INFO]   751 TRI-NORV-PMR-29 E=2893 S=131
2026-10-03 08:51:03 [INFO]   transactions 08:36:01 -> 08:51:02 : 0 lues en 1 page(s), 0 musee, 0 site
2026-10-03 08:51:03 [INFO] Dialogue borne : 0.9 s
2026-10-03 08:51:03 [INFO] Visiteurs du 2026-10-03 : 0 (source compteur, compteur 0, transactions 0)
2026-10-03 08:51:03 [INFO] Site visites libres du 2026-10-03 : entrees 0, sorties 0, presents 0 (pic None, source compteur)
2026-10-03 08:56:02 [INFO] Site visites libres : Visites libres a partir de 10h00 (fenetre 09:30-19:30)
2026-10-03 08:56:02 [INFO] Borne 192.168.2.10:5205 - compteurs du musee (Area 511 VISITES MUSEE)
2026-10-03 08:56:02 [INFO]   511 VISITES MUSEE E=106030 S=0
2026-10-03 08:56:02 [INFO]   512 ENTREE MUSEE E=106030 S=0
2026-10-03 08:56:02 [INFO]   1208 TRI-MUS-55   E=26166 S=0
2026-10-03 08:56:02 [INFO]   1209 TRI-MUS-56   E=53369 S=0
2026-10-03 08:56:02 [INFO]   1210 TRI-MUS-57   E=26495 S=0
2026-10-03 08:56:02 [INFO]   1040 PDA.3.11     E=0 S=0
2026-10-03 08:56:02 [INFO] Compteurs du site (visites libres)
2026-10-03 08:56:02 [INFO]   749 TRI-NORV-27  E=595 S=30762
2026-10-03 08:56:02 [INFO]   750 TRI-NORV-28  E=30014 S=143
2026-10-03 08:56:02 [INFO]   751 TRI-NORV-PMR-29 E=2893 S=131
2026-10-03 08:56:03 [INFO]   transactions 08:41:02 -> 08:56:02 : 0 lues en 1 page(s), 0 musee, 0 site
2026-10-03 08:56:03 [INFO] Dialogue borne : 1.1 s
2026-10-03 08:56:03 [INFO] Visiteurs du 2026-10-03 : 0 (source compteur, compteur 0, transactions 0)
2026-10-03 08:56:03 [INFO] Site visites libres du 2026-10-03 : entrees 0, sorties 0, presents 0 (pic None, source compteur)
2026-10-03 09:01:02 [INFO] Site visites libres : Visites libres a partir de 10h00 (fenetre 09:30-19:30)
2026-10-03 09:01:02 [INFO] Borne 192.168.2.10:5205 - compteurs du musee (Area 511 VISITES MUSEE)
2026-10-03 09:01:02 [INFO]   511 VISITES MUSEE E=106030 S=0
2026-10-03 09:01:02 [INFO]   512 ENTREE MUSEE E=106030 S=0
2026-10-03 09:01:02 [INFO]   1208 TRI-MUS-55   E=26166 S=0
2026-10-03 09:01:02 [INFO]   1209 TRI-MUS-56   E=53369 S=0
2026-10-03 09:01:02 [INFO]   1210 TRI-MUS-57   E=26495 S=0
2026-10-03 09:01:02 [INFO]   1040 PDA.3.11     E=0 S=0
2026-10-03 09:01:02 [INFO] Compteurs du site (visites libres)
2026-10-03 09:01:02 [INFO]   749 TRI-NORV-27  E=595 S=30762
2026-10-03 09:01:02 [INFO]   750 TRI-NORV-28  E=30014 S=143
2026-10-03 09:01:02 [INFO]   751 TRI-NORV-PMR-29 E=2893 S=131
2026-10-03 09:01:02 [INFO]   transactions 08:46:02 -> 09:01:02 : 0 lues en 1 page(s), 0 musee, 0 site
2026-10-03 09:01:02 [INFO] Dialogue borne : 0.9 s
2026-10-03 09:01:02 [INFO] Visiteurs du 2026-10-03 : 0 (source compteur, compteur 0, transactions 0)
2026-10-03 09:01:02 [INFO] Site visites libres du 2026-10-03 : entrees 0, sorties 0, presents 0 (pic None, source compteur)
2026-10-03 09:06:02 [INFO] Site visites libres : Visites libres a partir de 10h00 (fenetre 09:30-19:30)
2026-10-03 09:06:02 [INFO] Borne 192.168.2.10:5205 - compteurs du musee (Area 511 VISITES MUSEE)
2026-10-03 09:06:02 [INFO]   511 VISITES MUSEE E=106030 S=0
2026-10-03 09:06:02 [INFO]   512 ENTREE MUSEE E=106030 S=0
2026-10-03 09:06:02 [INFO]   1208 TRI-MUS-55   E=26166 S=0
2026-10-03 09:06:02 [INFO]   1209 TRI-MUS-56   E=53369 S=0
2026-10-03 09:06:02 [INFO]   1210 TRI-MUS-57   E=26495 S=0
2026-10-03 09:06:02 [INFO]   1040 PDA.3.11     E=0 S=0
2026-10-03 09:06:02 [INFO] Compteurs du site (visites libres)
2026-10-03 09:06:02 [INFO]   749 TRI-NORV-27  E=595 S=30762
2026-10-03 09:06:02 [INFO]   750 TRI-NORV-28  E=30014 S=143
2026-10-03 09:06:02 [INFO]   751 TRI-NORV-PMR-29 E=2893 S=131
2026-10-03 09:06:03 [INFO]   transactions 08:51:02 -> 09:06:01 : 0 lues en 1 page(s), 0 musee, 0 site
2026-10-03 09:06:03 [INFO] Dialogue borne : 1.1 s
2026-10-03 09:06:03 [INFO] Visiteurs du 2026-10-03 : 0 (source compteur, compteur 0, transactions 0)
2026-10-03 09:06:03 [INFO] Site visites libres du 2026-10-03 : entrees 0, sorties 0, presents 0 (pic None, source compteur)
2026-10-03 09:11:01 [INFO] Site visites libres : Visites libres a partir de 10h00 (fenetre 09:30-19:30)
2026-10-03 09:11:02 [INFO] Borne 192.168.2.10:5205 - compteurs du musee (Area 511 VISITES MUSEE)
2026-10-03 09:11:02 [INFO]   511 VISITES MUSEE E=106030 S=0
2026-10-03 09:11:02 [INFO]   512 ENTREE MUSEE E=106030 S=0
2026-10-03 09:11:02 [INFO]   1208 TRI-MUS-55   E=26166 S=0
2026-10-03 09:11:02 [INFO]   1209 TRI-MUS-56   E=53369 S=0
2026-10-03 09:11:02 [INFO]   1210 TRI-MUS-57   E=26495 S=0
2026-10-03 09:11:02 [INFO]   1040 PDA.3.11     E=0 S=0
2026-10-03 09:11:02 [INFO] Compteurs du site (visites libres)
2026-10-03 09:11:02 [INFO]   749 TRI-NORV-27  E=595 S=30762
2026-10-03 09:11:02 [INFO]   750 TRI-NORV-28  E=30014 S=143
2026-10-03 09:11:02 [INFO]   751 TRI-NORV-PMR-29 E=2893 S=131
2026-10-03 09:11:02 [INFO]   transactions 08:56:01 -> 09:11:01 : 0 lues en 1 page(s), 0 musee, 0 site
2026-10-03 09:11:02 [INFO] Dialogue borne : 0.8 s
2026-10-03 09:11:02 [INFO] Visiteurs du 2026-10-03 : 0 (source compteur, compteur 0, transactions 0)
2026-10-03 09:11:02 [INFO] Site visites libres du 2026-10-03 : entrees 0, sorties 0, presents 0 (pic None, source compteur)
2026-10-03 09:16:01 [INFO] Site visites libres : Visites libres a partir de 10h00 (fenetre 09:30-19:30)
2026-10-03 09:16:01 [INFO] Borne 192.168.2.10:5205 - compteurs du musee (Area 511 VISITES MUSEE)
2026-10-03 09:16:02 [INFO]   511 VISITES MUSEE E=106030 S=0
2026-10-03 09:16:02 [INFO]   512 ENTREE MUSEE E=106030 S=0
2026-10-03 09:16:02 [INFO]   1208 TRI-MUS-55   E=26166 S=0
2026-10-03 09:16:02 [INFO]   1209 TRI-MUS-56   E=53369 S=0
2026-10-03 09:16:02 [INFO]   1210 TRI-MUS-57   E=26495 S=0
2026-10-03 09:16:02 [INFO]   1040 PDA.3.11     E=0 S=0
2026-10-03 09:16:02 [INFO] Compteurs du site (visites libres)
2026-10-03 09:16:02 [INFO]   749 TRI-NORV-27  E=595 S=30762
2026-10-03 09:16:02 [INFO]   750 TRI-NORV-28  E=30014 S=143
2026-10-03 09:16:02 [INFO]   751 TRI-NORV-PMR-29 E=2893 S=131
2026-10-03 09:16:02 [INFO]   transactions 09:01:01 -> 09:16:01 : 0 lues en 1 page(s), 0 musee, 0 site
2026-10-03 09:16:02 [INFO] Dialogue borne : 0.9 s
2026-10-03 09:16:02 [INFO] Visiteurs du 2026-10-03 : 0 (source compteur, compteur 0, transactions 0)
2026-10-03 09:16:02 [INFO] Site visites libres du 2026-10-03 : entrees 0, sorties 0, presents 0 (pic None, source compteur)
2026-10-03 09:21:02 [INFO] Site visites libres : Visites libres a partir de 10h00 (fenetre 09:30-19:30)
2026-10-03 09:21:02 [INFO] Borne 192.168.2.10:5205 - compteurs du musee (Area 511 VISITES MUSEE)
2026-10-03 09:21:02 [INFO]   511 VISITES MUSEE E=106030 S=0
2026-10-03 09:21:02 [INFO]   512 ENTREE MUSEE E=106030 S=0
2026-10-03 09:21:02 [INFO]   1208 TRI-MUS-55   E=26166 S=0
2026-10-03 09:21:02 [INFO]   1209 TRI-MUS-56   E=53369 S=0
2026-10-03 09:21:02 [INFO]   1210 TRI-MUS-57   E=26495 S=0
2026-10-03 09:21:02 [INFO]   1040 PDA.3.11     E=0 S=0
2026-10-03 09:21:02 [INFO] Compteurs du site (visites libres)
2026-10-03 09:21:02 [INFO]   749 TRI-NORV-27  E=595 S=30762
2026-10-03 09:21:02 [INFO]   750 TRI-NORV-28  E=30014 S=143
2026-10-03 09:21:02 [INFO]   751 TRI-NORV-PMR-29 E=2893 S=131
2026-10-03 09:21:03 [INFO]   transactions 09:06:01 -> 09:21:02 : 0 lues en 1 page(s), 0 musee, 0 site
2026-10-03 09:21:03 [INFO] Dialogue borne : 0.9 s
2026-10-03 09:21:03 [INFO] Visiteurs du 2026-10-03 : 0 (source compteur, compteur 0, transactions 0)
2026-10-03 09:21:03 [INFO] Site visites libres du 2026-10-03 : entrees 0, sorties 0, presents 0 (pic None, source compteur)
2026-10-03 09:26:02 [INFO] Site visites libres : Visites libres a partir de 10h00 (fenetre 09:30-19:30)
2026-10-03 09:26:02 [INFO] Borne 192.168.2.10:5205 - compteurs du musee (Area 511 VISITES MUSEE)
2026-10-03 09:26:02 [INFO]   511 VISITES MUSEE E=106030 S=0
2026-10-03 09:26:02 [INFO]   512 ENTREE MUSEE E=106030 S=0
2026-10-03 09:26:02 [INFO]   1208 TRI-MUS-55   E=26166 S=0
2026-10-03 09:26:02 [INFO]   1209 TRI-MUS-56   E=53369 S=0
2026-10-03 09:26:02 [INFO]   1210 TRI-MUS-57   E=26495 S=0
2026-10-03 09:26:02 [INFO]   1040 PDA.3.11     E=0 S=0
2026-10-03 09:26:02 [INFO] Compteurs du site (visites libres)
2026-10-03 09:26:02 [INFO]   749 TRI-NORV-27  E=595 S=30762
2026-10-03 09:26:02 [INFO]   750 TRI-NORV-28  E=30014 S=143
2026-10-03 09:26:02 [INFO]   751 TRI-NORV-PMR-29 E=2893 S=131
2026-10-03 09:26:03 [INFO]   transactions 09:11:02 -> 09:26:02 : 0 lues en 1 page(s), 0 musee, 0 site
2026-10-03 09:26:03 [INFO] Dialogue borne : 1.1 s
2026-10-03 09:26:03 [INFO] Visiteurs du 2026-10-03 : 0 (source compteur, compteur 0, transactions 0)
2026-10-03 09:26:03 [INFO] Site visites libres du 2026-10-03 : entrees 0, sorties 0, presents 0 (pic None, source compteur)
2026-10-03 09:31:01 [INFO] Site visites libres : Visites libres 10h00 - 19h00 (fenetre 09:30-19:30)
2026-10-03 09:31:02 [INFO] Borne 192.168.2.10:5205 - compteurs du musee (Area 511 VISITES MUSEE)
2026-10-03 09:31:02 [INFO]   511 VISITES MUSEE E=106030 S=0
2026-10-03 09:31:02 [INFO]   512 ENTREE MUSEE E=106030 S=0
2026-10-03 09:31:02 [INFO]   1208 TRI-MUS-55   E=26166 S=0
2026-10-03 09:31:02 [INFO]   1209 TRI-MUS-56   E=53369 S=0
2026-10-03 09:31:02 [INFO]   1210 TRI-MUS-57   E=26495 S=0
2026-10-03 09:31:02 [INFO]   1040 PDA.3.11     E=0 S=0
2026-10-03 09:31:02 [INFO] Compteurs du site (visites libres)
2026-10-03 09:31:02 [INFO]   749 TRI-NORV-27  E=595 S=30762
2026-10-03 09:31:02 [INFO]   750 TRI-NORV-28  E=30014 S=143
2026-10-03 09:31:02 [INFO]   751 TRI-NORV-PMR-29 E=2893 S=131
2026-10-03 09:31:02 [INFO]   transactions 09:16:02 -> 09:31:01 : 0 lues en 1 page(s), 0 musee, 0 site
2026-10-03 09:31:02 [INFO] Dialogue borne : 1.0 s
2026-10-03 09:31:02 [INFO] Visiteurs du 2026-10-03 : 0 (source compteur, compteur 0, transactions 0)
2026-10-03 09:31:02 [INFO] Site visites libres du 2026-10-03 : entrees 0, sorties 0, presents 0 (pic None, source compteur)
2026-10-03 09:36:01 [INFO] Site visites libres : Visites libres 10h00 - 19h00 (fenetre 09:30-19:30)
2026-10-03 09:36:01 [INFO] Borne 192.168.2.10:5205 - compteurs du musee (Area 511 VISITES MUSEE)
2026-10-03 09:36:02 [INFO]   511 VISITES MUSEE E=106030 S=0
2026-10-03 09:36:02 [INFO]   512 ENTREE MUSEE E=106030 S=0
2026-10-03 09:36:02 [INFO]   1208 TRI-MUS-55   E=26166 S=0
2026-10-03 09:36:02 [INFO]   1209 TRI-MUS-56   E=53369 S=0
2026-10-03 09:36:02 [INFO]   1210 TRI-MUS-57   E=26495 S=0
2026-10-03 09:36:02 [INFO]   1040 PDA.3.11     E=0 S=0
2026-10-03 09:36:02 [INFO] Compteurs du site (visites libres)
2026-10-03 09:36:02 [INFO]   749 TRI-NORV-27  E=595 S=30762
2026-10-03 09:36:02 [INFO]   750 TRI-NORV-28  E=30014 S=143
2026-10-03 09:36:02 [INFO]   751 TRI-NORV-PMR-29 E=2893 S=131
2026-10-03 09:36:02 [INFO]   transactions 09:21:01 -> 09:36:01 : 0 lues en 1 page(s), 0 musee, 0 site
2026-10-03 09:36:02 [INFO] Dialogue borne : 1.0 s
2026-10-03 09:36:02 [INFO] Visiteurs du 2026-10-03 : 0 (source compteur, compteur 0, transactions 0)
2026-10-03 09:36:03 [INFO] Site visites libres du 2026-10-03 : entrees 0, sorties 0, presents 0 (pic None, source compteur)
2026-10-03 09:41:01 [INFO] Site visites libres : Visites libres 10h00 - 19h00 (fenetre 09:30-19:30)
2026-10-03 09:41:02 [INFO] Borne 192.168.2.10:5205 - compteurs du musee (Area 511 VISITES MUSEE)
2026-10-03 09:41:02 [INFO]   511 VISITES MUSEE E=106030 S=0
2026-10-03 09:41:02 [INFO]   512 ENTREE MUSEE E=106030 S=0
2026-10-03 09:41:02 [INFO]   1208 TRI-MUS-55   E=26166 S=0
2026-10-03 09:41:02 [INFO]   1209 TRI-MUS-56   E=53369 S=0
2026-10-03 09:41:02 [INFO]   1210 TRI-MUS-57   E=26495 S=0
2026-10-03 09:41:02 [INFO]   1040 PDA.3.11     E=0 S=0
2026-10-03 09:41:02 [INFO] Compteurs du site (visites libres)
2026-10-03 09:41:02 [INFO]   749 TRI-NORV-27  E=595 S=30762
2026-10-03 09:41:02 [INFO]   750 TRI-NORV-28  E=30014 S=143
2026-10-03 09:41:02 [INFO]   751 TRI-NORV-PMR-29 E=2893 S=131
2026-10-03 09:41:02 [INFO]   transactions 09:26:01 -> 09:41:01 : 0 lues en 1 page(s), 0 musee, 0 site
2026-10-03 09:41:02 [INFO] Dialogue borne : 0.9 s
2026-10-03 09:41:02 [INFO] Visiteurs du 2026-10-03 : 0 (source compteur, compteur 0, transactions 0)
2026-10-03 09:41:02 [INFO] Site visites libres du 2026-10-03 : entrees 0, sorties 0, presents 0 (pic None, source compteur)
2026-10-03 09:46:01 [INFO] Site visites libres : Visites libres 10h00 - 19h00 (fenetre 09:30-19:30)
2026-10-03 09:46:02 [INFO] Borne 192.168.2.10:5205 - compteurs du musee (Area 511 VISITES MUSEE)
2026-10-03 09:46:02 [INFO]   511 VISITES MUSEE E=106030 S=0
2026-10-03 09:46:02 [INFO]   512 ENTREE MUSEE E=106030 S=0
2026-10-03 09:46:02 [INFO]   1208 TRI-MUS-55   E=26166 S=0
2026-10-03 09:46:02 [INFO]   1209 TRI-MUS-56   E=53369 S=0
2026-10-03 09:46:02 [INFO]   1210 TRI-MUS-57   E=26495 S=0
2026-10-03 09:46:02 [INFO]   1040 PDA.3.11     E=0 S=0
2026-10-03 09:46:02 [INFO] Compteurs du site (visites libres)
2026-10-03 09:46:02 [INFO]   749 TRI-NORV-27  E=595 S=30762
2026-10-03 09:46:02 [INFO]   750 TRI-NORV-28  E=30014 S=143
2026-10-03 09:46:02 [INFO]   751 TRI-NORV-PMR-29 E=2893 S=131
2026-10-03 09:46:02 [INFO]   transactions 09:31:01 -> 09:46:01 : 0 lues en 1 page(s), 0 musee, 0 site
2026-10-03 09:46:02 [INFO] Dialogue borne : 0.9 s
2026-10-03 09:46:02 [INFO] Visiteurs du 2026-10-03 : 0 (source compteur, compteur 0, transactions 0)
2026-10-03 09:46:02 [INFO] Site visites libres du 2026-10-03 : entrees 0, sorties 0, presents 0 (pic None, source compteur)
2026-10-03 09:51:02 [INFO] Site visites libres : Visites libres 10h00 - 19h00 (fenetre 09:30-19:30)
2026-10-03 09:51:02 [INFO] Borne 192.168.2.10:5205 - compteurs du musee (Area 511 VISITES MUSEE)
2026-10-03 09:51:02 [INFO]   511 VISITES MUSEE E=106030 S=0
2026-10-03 09:51:02 [INFO]   512 ENTREE MUSEE E=106030 S=0
2026-10-03 09:51:02 [INFO]   1208 TRI-MUS-55   E=26166 S=0
2026-10-03 09:51:02 [INFO]   1209 TRI-MUS-56   E=53369 S=0
2026-10-03 09:51:02 [INFO]   1210 TRI-MUS-57   E=26495 S=0
2026-10-03 09:51:02 [INFO]   1040 PDA.3.11     E=0 S=0
2026-10-03 09:51:02 [INFO] Compteurs du site (visites libres)
2026-10-03 09:51:02 [INFO]   749 TRI-NORV-27  E=595 S=30762
2026-10-03 09:51:02 [INFO]   750 TRI-NORV-28  E=30014 S=143
2026-10-03 09:51:02 [INFO]   751 TRI-NORV-PMR-29 E=2893 S=131
2026-10-03 09:51:02 [INFO]   transactions 09:36:01 -> 09:51:01 : 0 lues en 1 page(s), 0 musee, 0 site
2026-10-03 09:51:02 [INFO] Dialogue borne : 0.9 s
2026-10-03 09:51:02 [INFO] Visiteurs du 2026-10-03 : 0 (source compteur, compteur 0, transactions 0)
2026-10-03 09:51:02 [INFO] Site visites libres du 2026-10-03 : entrees 0, sorties 0, presents 0 (pic None, source compteur)
2026-10-03 09:56:01 [INFO] Site visites libres : Visites libres 10h00 - 19h00 (fenetre 09:30-19:30)
2026-10-03 09:56:02 [INFO] Borne 192.168.2.10:5205 - compteurs du musee (Area 511 VISITES MUSEE)
2026-10-03 09:56:02 [INFO]   511 VISITES MUSEE E=106030 S=0
2026-10-03 09:56:02 [INFO]   512 ENTREE MUSEE E=106030 S=0
2026-10-03 09:56:02 [INFO]   1208 TRI-MUS-55   E=26166 S=0
2026-10-03 09:56:02 [INFO]   1209 TRI-MUS-56   E=53369 S=0
2026-10-03 09:56:02 [INFO]   1210 TRI-MUS-57   E=26495 S=0
2026-10-03 09:56:02 [INFO]   1040 PDA.3.11     E=0 S=0
2026-10-03 09:56:02 [INFO] Compteurs du site (visites libres)
2026-10-03 09:56:02 [INFO]   749 TRI-NORV-27  E=595 S=30762
2026-10-03 09:56:02 [INFO]   750 TRI-NORV-28  E=30014 S=143
2026-10-03 09:56:02 [INFO]   751 TRI-NORV-PMR-29 E=2893 S=131
2026-10-03 09:56:03 [INFO]   transactions 09:41:01 -> 09:56:01 : 0 lues en 1 page(s), 0 musee, 0 site
2026-10-03 09:56:03 [INFO] Dialogue borne : 1.0 s
2026-10-03 09:56:03 [INFO] Visiteurs du 2026-10-03 : 0 (source compteur, compteur 0, transactions 0)
2026-10-03 09:56:03 [INFO] Site visites libres du 2026-10-03 : entrees 0, sorties 0, presents 0 (pic None, source compteur)
2026-10-03 10:01:02 [INFO] Site visites libres : Visites libres 10h00 - 19h00 (fenetre 09:30-19:30)
2026-10-03 10:01:02 [INFO] Borne 192.168.2.10:5205 - compteurs du musee (Area 511 VISITES MUSEE)
2026-10-03 10:01:02 [INFO]   511 VISITES MUSEE E=106030 S=0
2026-10-03 10:01:02 [INFO]   512 ENTREE MUSEE E=106030 S=0
2026-10-03 10:01:02 [INFO]   1208 TRI-MUS-55   E=26166 S=0
2026-10-03 10:01:02 [INFO]   1209 TRI-MUS-56   E=53369 S=0
2026-10-03 10:01:02 [INFO]   1210 TRI-MUS-57   E=26495 S=0
2026-10-03 10:01:02 [INFO]   1040 PDA.3.11     E=0 S=0
2026-10-03 10:01:02 [INFO] Compteurs du site (visites libres)
2026-10-03 10:01:02 [INFO]   749 TRI-NORV-27  E=595 S=30762
2026-10-03 10:01:02 [INFO]   750 TRI-NORV-28  E=30014 S=143
2026-10-03 10:01:02 [INFO]   751 TRI-NORV-PMR-29 E=2893 S=131
2026-10-03 10:01:03 [INFO]   transactions 09:46:01 -> 10:01:01 : 0 lues en 1 page(s), 0 musee, 0 site
2026-10-03 10:01:03 [INFO] Dialogue borne : 1.1 s
2026-10-03 10:01:03 [INFO] Visiteurs du 2026-10-03 : 0 (source compteur, compteur 0, transactions 0)
2026-10-03 10:01:03 [INFO] Site visites libres du 2026-10-03 : entrees 0, sorties 0, presents 0 (pic None, source compteur)
2026-10-03 10:06:01 [INFO] Site visites libres : Visites libres 10h00 - 19h00 (fenetre 09:30-19:30)
2026-10-03 10:06:02 [INFO] Borne 192.168.2.10:5205 - compteurs du musee (Area 511 VISITES MUSEE)
2026-10-03 10:06:02 [INFO]   511 VISITES MUSEE E=106046 S=0
2026-10-03 10:06:02 [INFO]   512 ENTREE MUSEE E=106046 S=0
2026-10-03 10:06:02 [INFO]   1208 TRI-MUS-55   E=26172 S=0
2026-10-03 10:06:02 [INFO]   1209 TRI-MUS-56   E=53376 S=0
2026-10-03 10:06:02 [INFO]   1210 TRI-MUS-57   E=26498 S=0
2026-10-03 10:06:02 [INFO]   1040 PDA.3.11     E=0 S=0
2026-10-03 10:06:02 [INFO] Compteurs du site (visites libres)
2026-10-03 10:06:02 [INFO]   749 TRI-NORV-27  E=595 S=30762
2026-10-03 10:06:02 [INFO]   750 TRI-NORV-28  E=30014 S=143
2026-10-03 10:06:02 [INFO]   751 TRI-NORV-PMR-29 E=2893 S=131
2026-10-03 10:06:02 [INFO]   transactions 09:51:01 -> 10:06:01 : 16 lues en 1 page(s), 16 musee, 0 site
2026-10-03 10:06:02 [INFO] Dialogue borne : 0.9 s
2026-10-03 10:06:02 [INFO] Visiteurs du 2026-10-03 : 16 (source compteur, compteur 16, transactions 16)
2026-10-03 10:06:02 [INFO] Site visites libres du 2026-10-03 : entrees 0, sorties 0, presents 0 (pic None, source compteur)
2026-10-03 10:11:02 [INFO] Site visites libres : Visites libres 10h00 - 19h00 (fenetre 09:30-19:30)
2026-10-03 10:11:02 [INFO] Borne 192.168.2.10:5205 - compteurs du musee (Area 511 VISITES MUSEE)
2026-10-03 10:11:02 [INFO]   511 VISITES MUSEE E=106060 S=0
2026-10-03 10:11:02 [INFO]   512 ENTREE MUSEE E=106060 S=0
2026-10-03 10:11:02 [INFO]   1208 TRI-MUS-55   E=26177 S=0
2026-10-03 10:11:02 [INFO]   1209 TRI-MUS-56   E=53383 S=0
2026-10-03 10:11:02 [INFO]   1210 TRI-MUS-57   E=26500 S=0
2026-10-03 10:11:02 [INFO]   1040 PDA.3.11     E=0 S=0
2026-10-03 10:11:02 [INFO] Compteurs du site (visites libres)
2026-10-03 10:11:02 [INFO]   749 TRI-NORV-27  E=595 S=30762
2026-10-03 10:11:02 [INFO]   750 TRI-NORV-28  E=30016 S=143
2026-10-03 10:11:02 [INFO]   751 TRI-NORV-PMR-29 E=2893 S=131
2026-10-03 10:11:03 [INFO]   transactions 09:56:01 -> 10:11:02 : 38 lues en 1 page(s), 36 musee, 2 site
2026-10-03 10:11:03 [INFO] Dialogue borne : 1.0 s
2026-10-03 10:11:03 [INFO] Visiteurs du 2026-10-03 : 30 (source compteur, compteur 30, transactions 30)
2026-10-03 10:11:03 [INFO] Site visites libres du 2026-10-03 : entrees 2, sorties 0, presents 2 (pic {'n': 2, 'heure': '10:11'}, source compteur)
2026-10-03 10:16:01 [INFO] Site visites libres : Visites libres 10h00 - 19h00 (fenetre 09:30-19:30)
2026-10-03 10:16:02 [INFO] Borne 192.168.2.10:5205 - compteurs du musee (Area 511 VISITES MUSEE)
2026-10-03 10:16:02 [INFO]   511 VISITES MUSEE E=106070 S=0
2026-10-03 10:16:02 [INFO]   512 ENTREE MUSEE E=106070 S=0
2026-10-03 10:16:02 [INFO]   1208 TRI-MUS-55   E=26180 S=0
2026-10-03 10:16:02 [INFO]   1209 TRI-MUS-56   E=53387 S=0
2026-10-03 10:16:02 [INFO]   1210 TRI-MUS-57   E=26503 S=0
2026-10-03 10:16:02 [INFO]   1040 PDA.3.11     E=0 S=0
2026-10-03 10:16:02 [INFO] Compteurs du site (visites libres)
2026-10-03 10:16:02 [INFO]   749 TRI-NORV-27  E=595 S=30762
2026-10-03 10:16:02 [INFO]   750 TRI-NORV-28  E=30019 S=143
2026-10-03 10:16:02 [INFO]   751 TRI-NORV-PMR-29 E=2893 S=131
2026-10-03 10:16:03 [INFO]   transactions 10:01:02 -> 10:16:01 : 54 lues en 1 page(s), 49 musee, 5 site
2026-10-03 10:16:03 [INFO] Dialogue borne : 1.1 s
2026-10-03 10:16:03 [INFO] Visiteurs du 2026-10-03 : 40 (source compteur, compteur 40, transactions 40)
2026-10-03 10:16:03 [INFO] Site visites libres du 2026-10-03 : entrees 5, sorties 0, presents 5 (pic {'n': 5, 'heure': '10:16'}, source compteur)
2026-10-03 10:21:02 [INFO] Site visites libres : Visites libres 10h00 - 19h00 (fenetre 09:30-19:30)
2026-10-03 10:21:02 [INFO] Borne 192.168.2.10:5205 - compteurs du musee (Area 511 VISITES MUSEE)
2026-10-03 10:21:02 [INFO]   511 VISITES MUSEE E=106072 S=0
2026-10-03 10:21:02 [INFO]   512 ENTREE MUSEE E=106072 S=0
2026-10-03 10:21:02 [INFO]   1208 TRI-MUS-55   E=26181 S=0
2026-10-03 10:21:02 [INFO]   1209 TRI-MUS-56   E=53388 S=0
2026-10-03 10:21:02 [INFO]   1210 TRI-MUS-57   E=26503 S=0
2026-10-03 10:21:02 [INFO]   1040 PDA.3.11     E=0 S=0
2026-10-03 10:21:02 [INFO] Compteurs du site (visites libres)
2026-10-03 10:21:02 [INFO]   749 TRI-NORV-27  E=595 S=30762
2026-10-03 10:21:02 [INFO]   750 TRI-NORV-28  E=30019 S=143
2026-10-03 10:21:02 [INFO]   751 TRI-NORV-PMR-29 E=2893 S=131
2026-10-03 10:21:03 [INFO]   transactions 10:06:01 -> 10:21:01 : 45 lues en 1 page(s), 35 musee, 10 site
2026-10-03 10:21:03 [INFO] Dialogue borne : 1.1 s
2026-10-03 10:21:03 [INFO] Visiteurs du 2026-10-03 : 42 (source compteur, compteur 42, transactions 40)
2026-10-03 10:21:03 [INFO] Site visites libres du 2026-10-03 : entrees 5, sorties 0, presents 5 (pic {'n': 5, 'heure': '10:16'}, source compteur)
2026-10-03 10:26:01 [INFO] Site visites libres : Visites libres 10h00 - 19h00 (fenetre 09:30-19:30)
2026-10-03 10:26:02 [INFO] Borne 192.168.2.10:5205 - compteurs du musee (Area 511 VISITES MUSEE)
2026-10-03 10:26:02 [INFO]   511 VISITES MUSEE E=106085 S=0
2026-10-03 10:26:02 [INFO]   512 ENTREE MUSEE E=106085 S=0
2026-10-03 10:26:02 [INFO]   1208 TRI-MUS-55   E=26186 S=0
2026-10-03 10:26:02 [INFO]   1209 TRI-MUS-56   E=53396 S=0
2026-10-03 10:26:02 [INFO]   1210 TRI-MUS-57   E=26503 S=0
2026-10-03 10:26:02 [INFO]   1040 PDA.3.11     E=0 S=0
2026-10-03 10:26:02 [INFO] Compteurs du site (visites libres)
2026-10-03 10:26:02 [INFO]   749 TRI-NORV-27  E=595 S=30762
2026-10-03 10:26:02 [INFO]   750 TRI-NORV-28  E=30019 S=143
2026-10-03 10:26:02 [INFO]   751 TRI-NORV-PMR-29 E=2893 S=131
2026-10-03 10:26:02 [INFO]   transactions 10:11:01 -> 10:26:01 : 40 lues en 1 page(s), 32 musee, 8 site
2026-10-03 10:26:02 [INFO] Dialogue borne : 0.9 s
2026-10-03 10:26:03 [INFO] Visiteurs du 2026-10-03 : 55 (source compteur, compteur 55, transactions 55)
2026-10-03 10:26:03 [INFO] Site visites libres du 2026-10-03 : entrees 5, sorties 0, presents 5 (pic {'n': 5, 'heure': '10:16'}, source compteur)
2026-10-03 10:31:02 [INFO] Site visites libres : Visites libres 10h00 - 19h00 (fenetre 09:30-19:30)
2026-10-03 10:31:02 [INFO] Borne 192.168.2.10:5205 - compteurs du musee (Area 511 VISITES MUSEE)
2026-10-03 10:31:02 [INFO]   511 VISITES MUSEE E=106090 S=0
2026-10-03 10:31:02 [INFO]   512 ENTREE MUSEE E=106090 S=0
2026-10-03 10:31:02 [INFO]   1208 TRI-MUS-55   E=26186 S=0
2026-10-03 10:31:02 [INFO]   1209 TRI-MUS-56   E=53399 S=0
2026-10-03 10:31:02 [INFO]   1210 TRI-MUS-57   E=26505 S=0
2026-10-03 10:31:02 [INFO]   1040 PDA.3.11     E=0 S=0
2026-10-03 10:31:02 [INFO] Compteurs du site (visites libres)
2026-10-03 10:31:02 [INFO]   749 TRI-NORV-27  E=595 S=30762
2026-10-03 10:31:02 [INFO]   750 TRI-NORV-28  E=30022 S=143
2026-10-03 10:31:02 [INFO]   751 TRI-NORV-PMR-29 E=2893 S=131
2026-10-03 10:31:03 [INFO]   transactions 10:16:01 -> 10:31:01 : 29 lues en 1 page(s), 24 musee, 5 site
2026-10-03 10:31:03 [INFO] Dialogue borne : 1.0 s
2026-10-03 10:31:03 [INFO] Visiteurs du 2026-10-03 : 60 (source compteur, compteur 60, transactions 60)
2026-10-03 10:31:03 [INFO] Site visites libres du 2026-10-03 : entrees 8, sorties 0, presents 8 (pic {'n': 8, 'heure': '10:31'}, source compteur)
2026-10-03 10:36:02 [INFO] Site visites libres : Visites libres 10h00 - 19h00 (fenetre 09:30-19:30)
2026-10-03 10:36:02 [INFO] Borne 192.168.2.10:5205 - compteurs du musee (Area 511 VISITES MUSEE)
2026-10-03 10:36:02 [INFO]   511 VISITES MUSEE E=106095 S=0
2026-10-03 10:36:02 [INFO]   512 ENTREE MUSEE E=106095 S=0
2026-10-03 10:36:02 [INFO]   1208 TRI-MUS-55   E=26187 S=0
2026-10-03 10:36:02 [INFO]   1209 TRI-MUS-56   E=53400 S=0
2026-10-03 10:36:02 [INFO]   1210 TRI-MUS-57   E=26508 S=0
2026-10-03 10:36:02 [INFO]   1040 PDA.3.11     E=0 S=0
2026-10-03 10:36:02 [INFO] Compteurs du site (visites libres)
2026-10-03 10:36:02 [INFO]   749 TRI-NORV-27  E=595 S=30763
2026-10-03 10:36:02 [INFO]   750 TRI-NORV-28  E=30030 S=143
2026-10-03 10:36:02 [INFO]   751 TRI-NORV-PMR-29 E=2893 S=131
2026-10-03 10:36:03 [INFO]   transactions 10:21:01 -> 10:36:02 : 37 lues en 1 page(s), 24 musee, 13 site
2026-10-03 10:36:03 [INFO] Dialogue borne : 1.1 s
2026-10-03 10:36:03 [INFO] Visiteurs du 2026-10-03 : 65 (source compteur, compteur 65, transactions 64)
2026-10-03 10:36:03 [INFO] Site visites libres du 2026-10-03 : entrees 16, sorties 1, presents 15 (pic {'n': 15, 'heure': '10:36'}, source compteur)
2026-10-03 10:41:01 [INFO] Site visites libres : Visites libres 10h00 - 19h00 (fenetre 09:30-19:30)
2026-10-03 10:41:01 [INFO] Borne 192.168.2.10:5205 - compteurs du musee (Area 511 VISITES MUSEE)
2026-10-03 10:41:02 [INFO]   511 VISITES MUSEE E=106096 S=0
2026-10-03 10:41:02 [INFO]   512 ENTREE MUSEE E=106096 S=0
2026-10-03 10:41:02 [INFO]   1208 TRI-MUS-55   E=26187 S=0
2026-10-03 10:41:02 [INFO]   1209 TRI-MUS-56   E=53400 S=0
2026-10-03 10:41:02 [INFO]   1210 TRI-MUS-57   E=26509 S=0
2026-10-03 10:41:02 [INFO]   1040 PDA.3.11     E=0 S=0
2026-10-03 10:41:02 [INFO] Compteurs du site (visites libres)
2026-10-03 10:41:02 [INFO]   749 TRI-NORV-27  E=595 S=30763
2026-10-03 10:41:02 [INFO]   750 TRI-NORV-28  E=30032 S=143
2026-10-03 10:41:02 [INFO]   751 TRI-NORV-PMR-29 E=2893 S=131
2026-10-03 10:41:02 [INFO]   transactions 10:26:02 -> 10:41:01 : 32 lues en 1 page(s), 10 musee, 22 site
2026-10-03 10:41:02 [INFO] Dialogue borne : 0.9 s
2026-10-03 10:41:02 [INFO] Visiteurs du 2026-10-03 : 66 (source compteur, compteur 66, transactions 65)
2026-10-03 10:41:03 [INFO] Site visites libres du 2026-10-03 : entrees 18, sorties 1, presents 17 (pic {'n': 17, 'heure': '10:41'}, source compteur)
2026-10-03 10:46:01 [INFO] Site visites libres : Visites libres 10h00 - 19h00 (fenetre 09:30-19:30)
2026-10-03 10:46:02 [INFO] Borne 192.168.2.10:5205 - compteurs du musee (Area 511 VISITES MUSEE)
2026-10-03 10:46:02 [INFO]   511 VISITES MUSEE E=106100 S=0
2026-10-03 10:46:02 [INFO]   512 ENTREE MUSEE E=106100 S=0
2026-10-03 10:46:02 [INFO]   1208 TRI-MUS-55   E=26187 S=0
2026-10-03 10:46:02 [INFO]   1209 TRI-MUS-56   E=53401 S=0
2026-10-03 10:46:02 [INFO]   1210 TRI-MUS-57   E=26512 S=0
2026-10-03 10:46:02 [INFO]   1040 PDA.3.11     E=0 S=0
2026-10-03 10:46:02 [INFO] Compteurs du site (visites libres)
2026-10-03 10:46:02 [INFO]   749 TRI-NORV-27  E=595 S=30763
2026-10-03 10:46:02 [INFO]   750 TRI-NORV-28  E=30036 S=143
2026-10-03 10:46:02 [INFO]   751 TRI-NORV-PMR-29 E=2893 S=131
2026-10-03 10:46:03 [INFO]   transactions 10:31:01 -> 10:46:01 : 32 lues en 1 page(s), 10 musee, 22 site
2026-10-03 10:46:03 [INFO] Dialogue borne : 1.0 s
2026-10-03 10:46:03 [INFO] Visiteurs du 2026-10-03 : 70 (source compteur, compteur 70, transactions 70)
2026-10-03 10:46:03 [INFO] Site visites libres du 2026-10-03 : entrees 22, sorties 1, presents 21 (pic {'n': 21, 'heure': '10:46'}, source compteur)
2026-10-03 10:51:02 [INFO] Site visites libres : Visites libres 10h00 - 19h00 (fenetre 09:30-19:30)
2026-10-03 10:51:02 [INFO] Borne 192.168.2.10:5205 - compteurs du musee (Area 511 VISITES MUSEE)
2026-10-03 10:51:02 [INFO]   511 VISITES MUSEE E=106108 S=0
2026-10-03 10:51:02 [INFO]   512 ENTREE MUSEE E=106108 S=0
2026-10-03 10:51:02 [INFO]   1208 TRI-MUS-55   E=26189 S=0
2026-10-03 10:51:02 [INFO]   1209 TRI-MUS-56   E=53405 S=0
2026-10-03 10:51:02 [INFO]   1210 TRI-MUS-57   E=26514 S=0
2026-10-03 10:51:02 [INFO]   1040 PDA.3.11     E=0 S=0
2026-10-03 10:51:02 [INFO] Compteurs du site (visites libres)
2026-10-03 10:51:02 [INFO]   749 TRI-NORV-27  E=596 S=30765
2026-10-03 10:51:02 [INFO]   750 TRI-NORV-28  E=30038 S=143
2026-10-03 10:51:02 [INFO]   751 TRI-NORV-PMR-29 E=2893 S=131
2026-10-03 10:51:03 [INFO]   transactions 10:36:01 -> 10:51:01 : 27 lues en 1 page(s), 10 musee, 17 site
2026-10-03 10:51:03 [INFO] Dialogue borne : 1.0 s
2026-10-03 10:51:03 [INFO] Visiteurs du 2026-10-03 : 78 (source compteur, compteur 78, transactions 75)
2026-10-03 10:51:03 [INFO] Site visites libres du 2026-10-03 : entrees 25, sorties 3, presents 22 (pic {'n': 22, 'heure': '10:51'}, source compteur)
2026-10-03 10:56:01 [INFO] Site visites libres : Visites libres 10h00 - 19h00 (fenetre 09:30-19:30)
2026-10-03 10:56:02 [INFO] Borne 192.168.2.10:5205 - compteurs du musee (Area 511 VISITES MUSEE)
2026-10-03 10:56:02 [INFO]   511 VISITES MUSEE E=106108 S=0
2026-10-03 10:56:02 [INFO]   512 ENTREE MUSEE E=106108 S=0
2026-10-03 10:56:02 [INFO]   1208 TRI-MUS-55   E=26189 S=0
2026-10-03 10:56:02 [INFO]   1209 TRI-MUS-56   E=53405 S=0
2026-10-03 10:56:02 [INFO]   1210 TRI-MUS-57   E=26514 S=0
2026-10-03 10:56:02 [INFO]   1040 PDA.3.11     E=0 S=0
2026-10-03 10:56:02 [INFO] Compteurs du site (visites libres)
2026-10-03 10:56:02 [INFO]   749 TRI-NORV-27  E=596 S=30765
2026-10-03 10:56:02 [INFO]   750 TRI-NORV-28  E=30041 S=143
2026-10-03 10:56:02 [INFO]   751 TRI-NORV-PMR-29 E=2893 S=131
2026-10-03 10:56:02 [INFO]   transactions 10:41:01 -> 10:56:01 : 24 lues en 1 page(s), 12 musee, 12 site
2026-10-03 10:56:02 [INFO] Dialogue borne : 0.9 s
2026-10-03 10:56:02 [INFO] Visiteurs du 2026-10-03 : 78 (source compteur, compteur 78, transactions 78)
2026-10-03 10:56:02 [INFO] Site visites libres du 2026-10-03 : entrees 28, sorties 3, presents 25 (pic {'n': 25, 'heure': '10:56'}, source compteur)
2026-10-03 11:01:01 [INFO] Site visites libres : Visites libres 10h00 - 19h00 (fenetre 09:30-19:30)
2026-10-03 11:01:01 [INFO] Borne 192.168.2.10:5205 - compteurs du musee (Area 511 VISITES MUSEE)
2026-10-03 11:01:02 [INFO]   511 VISITES MUSEE E=106119 S=0
2026-10-03 11:01:02 [INFO]   512 ENTREE MUSEE E=106119 S=0
2026-10-03 11:01:02 [INFO]   1208 TRI-MUS-55   E=26192 S=0
2026-10-03 11:01:02 [INFO]   1209 TRI-MUS-56   E=53409 S=0
2026-10-03 11:01:02 [INFO]   1210 TRI-MUS-57   E=26518 S=0
2026-10-03 11:01:02 [INFO]   1040 PDA.3.11     E=0 S=0
2026-10-03 11:01:02 [INFO] Compteurs du site (visites libres)
2026-10-03 11:01:02 [INFO]   749 TRI-NORV-27  E=596 S=30767
2026-10-03 11:01:02 [INFO]   750 TRI-NORV-28  E=30041 S=143
2026-10-03 11:01:02 [INFO]   751 TRI-NORV-PMR-29 E=2893 S=131
2026-10-03 11:01:02 [INFO]   transactions 10:46:01 -> 11:01:01 : 29 lues en 1 page(s), 18 musee, 11 site
2026-10-03 11:01:02 [INFO] Dialogue borne : 1.0 s
2026-10-03 11:01:03 [INFO] Visiteurs du 2026-10-03 : 89 (source compteur, compteur 89, transactions 88)
2026-10-03 11:01:03 [INFO] Site visites libres du 2026-10-03 : entrees 28, sorties 5, presents 23 (pic {'n': 25, 'heure': '10:56'}, source compteur)
2026-10-03 11:06:02 [INFO] Site visites libres : Visites libres 10h00 - 19h00 (fenetre 09:30-19:30)
2026-10-03 11:06:02 [INFO] Borne 192.168.2.10:5205 - compteurs du musee (Area 511 VISITES MUSEE)
2026-10-03 11:06:02 [INFO]   511 VISITES MUSEE E=106125 S=0
2026-10-03 11:06:02 [INFO]   512 ENTREE MUSEE E=106125 S=0
2026-10-03 11:06:02 [INFO]   1208 TRI-MUS-55   E=26193 S=0
2026-10-03 11:06:02 [INFO]   1209 TRI-MUS-56   E=53412 S=0
2026-10-03 11:06:02 [INFO]   1210 TRI-MUS-57   E=26520 S=0
2026-10-03 11:06:02 [INFO]   1040 PDA.3.11     E=0 S=0
2026-10-03 11:06:02 [INFO] Compteurs du site (visites libres)
2026-10-03 11:06:02 [INFO]   749 TRI-NORV-27  E=597 S=30771
2026-10-03 11:06:02 [INFO]   750 TRI-NORV-28  E=30042 S=143
2026-10-03 11:06:02 [INFO]   751 TRI-NORV-PMR-29 E=2893 S=131
2026-10-03 11:06:03 [INFO]   transactions 10:51:01 -> 11:06:02 : 30 lues en 1 page(s), 18 musee, 12 site
2026-10-03 11:06:03 [INFO] Dialogue borne : 1.0 s
2026-10-03 11:06:03 [INFO] Visiteurs du 2026-10-03 : 95 (source compteur, compteur 95, transactions 95)
2026-10-03 11:06:03 [INFO] Site visites libres du 2026-10-03 : entrees 30, sorties 9, presents 21 (pic {'n': 25, 'heure': '10:56'}, source compteur)
2026-10-03 11:11:01 [INFO] Site visites libres : Visites libres 10h00 - 19h00 (fenetre 09:30-19:30)
2026-10-03 11:11:02 [INFO] Borne 192.168.2.10:5205 - compteurs du musee (Area 511 VISITES MUSEE)
2026-10-03 11:11:02 [INFO]   511 VISITES MUSEE E=106133 S=0
2026-10-03 11:11:02 [INFO]   512 ENTREE MUSEE E=106133 S=0
2026-10-03 11:11:02 [INFO]   1208 TRI-MUS-55   E=26194 S=0
2026-10-03 11:11:02 [INFO]   1209 TRI-MUS-56   E=53417 S=0
2026-10-03 11:11:02 [INFO]   1210 TRI-MUS-57   E=26522 S=0
2026-10-03 11:11:02 [INFO]   1040 PDA.3.11     E=0 S=0
2026-10-03 11:11:02 [INFO] Compteurs du site (visites libres)
2026-10-03 11:11:02 [INFO]   749 TRI-NORV-27  E=597 S=30771
2026-10-03 11:11:02 [INFO]   750 TRI-NORV-28  E=30046 S=143
2026-10-03 11:11:02 [INFO]   751 TRI-NORV-PMR-29 E=2893 S=131
2026-10-03 11:11:03 [INFO]   transactions 10:56:02 -> 11:11:01 : 38 lues en 1 page(s), 26 musee, 12 site
2026-10-03 11:11:03 [INFO] Dialogue borne : 1.1 s
2026-10-03 11:11:03 [INFO] Visiteurs du 2026-10-03 : 103 (source compteur, compteur 103, transactions 103)
2026-10-03 11:11:03 [INFO] Site visites libres du 2026-10-03 : entrees 34, sorties 9, presents 25 (pic {'n': 25, 'heure': '10:56'}, source compteur)
2026-10-03 11:16:03 [INFO] Site visites libres : Visites libres 10h00 - 19h00 (fenetre 09:30-19:30)
2026-10-03 11:16:03 [INFO] Borne 192.168.2.10:5205 - compteurs du musee (Area 511 VISITES MUSEE)
2026-10-03 11:16:03 [INFO]   511 VISITES MUSEE E=106148 S=0
2026-10-03 11:16:03 [INFO]   512 ENTREE MUSEE E=106148 S=0
2026-10-03 11:16:03 [INFO]   1208 TRI-MUS-55   E=26201 S=0
2026-10-03 11:16:03 [INFO]   1209 TRI-MUS-56   E=53424 S=0
2026-10-03 11:16:03 [INFO]   1210 TRI-MUS-57   E=26523 S=0
2026-10-03 11:16:03 [INFO]   1040 PDA.3.11     E=0 S=0
2026-10-03 11:16:03 [INFO] Compteurs du site (visites libres)
2026-10-03 11:16:04 [INFO]   749 TRI-NORV-27  E=597 S=30771
2026-10-03 11:16:04 [INFO]   750 TRI-NORV-28  E=30053 S=143
2026-10-03 11:16:04 [INFO]   751 TRI-NORV-PMR-29 E=2893 S=131
2026-10-03 11:16:04 [INFO]   transactions 11:01:01 -> 11:16:03 : 47 lues en 1 page(s), 30 musee, 17 site
2026-10-03 11:16:04 [INFO] Dialogue borne : 1.0 s
2026-10-03 11:16:04 [INFO] Visiteurs du 2026-10-03 : 118 (source compteur, compteur 118, transactions 118)
2026-10-03 11:16:04 [INFO] Site visites libres du 2026-10-03 : entrees 41, sorties 9, presents 32 (pic {'n': 32, 'heure': '11:16'}, source compteur)
2026-10-03 11:21:01 [INFO] Site visites libres : Visites libres 10h00 - 19h00 (fenetre 09:30-19:30)
2026-10-03 11:21:02 [INFO] Borne 192.168.2.10:5205 - compteurs du musee (Area 511 VISITES MUSEE)
2026-10-03 11:21:02 [INFO]   511 VISITES MUSEE E=106148 S=0
2026-10-03 11:21:02 [INFO]   512 ENTREE MUSEE E=106148 S=0
2026-10-03 11:21:02 [INFO]   1208 TRI-MUS-55   E=26201 S=0
2026-10-03 11:21:02 [INFO]   1209 TRI-MUS-56   E=53424 S=0
2026-10-03 11:21:02 [INFO]   1210 TRI-MUS-57   E=26523 S=0
2026-10-03 11:21:02 [INFO]   1040 PDA.3.11     E=0 S=0
2026-10-03 11:21:02 [INFO] Compteurs du site (visites libres)
2026-10-03 11:21:02 [INFO]   749 TRI-NORV-27  E=597 S=30771
2026-10-03 11:21:02 [INFO]   750 TRI-NORV-28  E=30053 S=143
2026-10-03 11:21:02 [INFO]   751 TRI-NORV-PMR-29 E=2893 S=131
2026-10-03 11:21:02 [INFO]   transactions 11:06:03 -> 11:21:01 : 34 lues en 1 page(s), 23 musee, 11 site
2026-10-03 11:21:02 [INFO] Dialogue borne : 0.9 s
2026-10-03 11:21:02 [INFO] Visiteurs du 2026-10-03 : 118 (source compteur, compteur 118, transactions 118)
2026-10-03 11:21:02 [INFO] Site visites libres du 2026-10-03 : entrees 41, sorties 9, presents 32 (pic {'n': 32, 'heure': '11:16'}, source compteur)
2026-10-03 11:26:01 [INFO] Site visites libres : Visites libres 10h00 - 19h00 (fenetre 09:30-19:30)
2026-10-03 11:26:01 [INFO] Borne 192.168.2.10:5205 - compteurs du musee (Area 511 VISITES MUSEE)
2026-10-03 11:26:02 [INFO]   511 VISITES MUSEE E=106153 S=0
2026-10-03 11:26:02 [INFO]   512 ENTREE MUSEE E=106153 S=0
2026-10-03 11:26:02 [INFO]   1208 TRI-MUS-55   E=26203 S=0
2026-10-03 11:26:02 [INFO]   1209 TRI-MUS-56   E=53426 S=0
2026-10-03 11:26:02 [INFO]   1210 TRI-MUS-57   E=26524 S=0
2026-10-03 11:26:02 [INFO]   1040 PDA.3.11     E=0 S=0
2026-10-03 11:26:02 [INFO] Compteurs du site (visites libres)
2026-10-03 11:26:02 [INFO]   749 TRI-NORV-27  E=597 S=30776
2026-10-03 11:26:02 [INFO]   750 TRI-NORV-28  E=30061 S=143
2026-10-03 11:26:02 [INFO]   751 TRI-NORV-PMR-29 E=2893 S=131
2026-10-03 11:26:02 [INFO]   transactions 11:11:01 -> 11:26:01 : 40 lues en 1 page(s), 20 musee, 20 site
2026-10-03 11:26:02 [INFO] Dialogue borne : 1.0 s
2026-10-03 11:26:03 [INFO] Visiteurs du 2026-10-03 : 123 (source compteur, compteur 123, transactions 123)
2026-10-03 11:26:03 [INFO] Site visites libres du 2026-10-03 : entrees 49, sorties 14, presents 35 (pic {'n': 35, 'heure': '11:26'}, source compteur)
2026-10-03 11:31:01 [INFO] Site visites libres : Visites libres 10h00 - 19h00 (fenetre 09:30-19:30)
2026-10-03 11:31:02 [INFO] Borne 192.168.2.10:5205 - compteurs du musee (Area 511 VISITES MUSEE)
2026-10-03 11:31:02 [INFO]   511 VISITES MUSEE E=106158 S=0
2026-10-03 11:31:02 [INFO]   512 ENTREE MUSEE E=106158 S=0
2026-10-03 11:31:02 [INFO]   1208 TRI-MUS-55   E=26204 S=0
2026-10-03 11:31:02 [INFO]   1209 TRI-MUS-56   E=53429 S=0
2026-10-03 11:31:02 [INFO]   1210 TRI-MUS-57   E=26525 S=0
2026-10-03 11:31:02 [INFO]   1040 PDA.3.11     E=0 S=0
2026-10-03 11:31:02 [INFO] Compteurs du site (visites libres)
2026-10-03 11:31:02 [INFO]   749 TRI-NORV-27  E=597 S=30780
2026-10-03 11:31:02 [INFO]   750 TRI-NORV-28  E=30067 S=143
2026-10-03 11:31:02 [INFO]   751 TRI-NORV-PMR-29 E=2893 S=131
2026-10-03 11:31:03 [INFO]   transactions 11:16:01 -> 11:31:01 : 33 lues en 1 page(s), 10 musee, 23 site
2026-10-03 11:31:03 [INFO] Dialogue borne : 1.0 s
2026-10-03 11:31:03 [INFO] Visiteurs du 2026-10-03 : 128 (source compteur, compteur 128, transactions 128)
2026-10-03 11:31:03 [INFO] Site visites libres du 2026-10-03 : entrees 55, sorties 18, presents 37 (pic {'n': 37, 'heure': '11:31'}, source compteur)
2026-10-03 11:36:01 [INFO] Site visites libres : Visites libres 10h00 - 19h00 (fenetre 09:30-19:30)
2026-10-03 11:36:01 [INFO] Borne 192.168.2.10:5205 - compteurs du musee (Area 511 VISITES MUSEE)
2026-10-03 11:36:02 [INFO]   511 VISITES MUSEE E=106161 S=0
2026-10-03 11:36:02 [INFO]   512 ENTREE MUSEE E=106161 S=0
2026-10-03 11:36:02 [INFO]   1208 TRI-MUS-55   E=26205 S=0
2026-10-03 11:36:02 [INFO]   1209 TRI-MUS-56   E=53430 S=0
2026-10-03 11:36:02 [INFO]   1210 TRI-MUS-57   E=26526 S=0
2026-10-03 11:36:02 [INFO]   1040 PDA.3.11     E=0 S=0
2026-10-03 11:36:02 [INFO] Compteurs du site (visites libres)
2026-10-03 11:36:02 [INFO]   749 TRI-NORV-27  E=598 S=30781
2026-10-03 11:36:02 [INFO]   750 TRI-NORV-28  E=30069 S=143
2026-10-03 11:36:02 [INFO]   751 TRI-NORV-PMR-29 E=2893 S=131
2026-10-03 11:36:02 [INFO]   transactions 11:21:01 -> 11:36:01 : 41 lues en 1 page(s), 14 musee, 27 site
2026-10-03 11:36:02 [INFO] Dialogue borne : 0.9 s
2026-10-03 11:36:02 [INFO] Visiteurs du 2026-10-03 : 131 (source compteur, compteur 131, transactions 131)
2026-10-03 11:36:02 [INFO] Site visites libres du 2026-10-03 : entrees 58, sorties 19, presents 39 (pic {'n': 39, 'heure': '11:36'}, source compteur)
2026-10-03 11:41:01 [INFO] Site visites libres : Visites libres 10h00 - 19h00 (fenetre 09:30-19:30)
2026-10-03 11:41:01 [INFO] Borne 192.168.2.10:5205 - compteurs du musee (Area 511 VISITES MUSEE)
2026-10-03 11:41:02 [INFO]   511 VISITES MUSEE E=106163 S=0
2026-10-03 11:41:02 [INFO]   512 ENTREE MUSEE E=106163 S=0
2026-10-03 11:41:02 [INFO]   1208 TRI-MUS-55   E=26205 S=0
2026-10-03 11:41:02 [INFO]   1209 TRI-MUS-56   E=53431 S=0
2026-10-03 11:41:02 [INFO]   1210 TRI-MUS-57   E=26527 S=0
2026-10-03 11:41:02 [INFO]   1040 PDA.3.11     E=0 S=0
2026-10-03 11:41:02 [INFO] Compteurs du site (visites libres)
2026-10-03 11:41:02 [INFO]   749 TRI-NORV-27  E=598 S=30781
2026-10-03 11:41:02 [INFO]   750 TRI-NORV-28  E=30074 S=143
2026-10-03 11:41:02 [INFO]   751 TRI-NORV-PMR-29 E=2893 S=131
2026-10-03 11:41:02 [INFO]   transactions 11:26:01 -> 11:41:01 : 30 lues en 1 page(s), 11 musee, 19 site
2026-10-03 11:41:02 [INFO] Dialogue borne : 0.9 s
2026-10-03 11:41:02 [INFO] Visiteurs du 2026-10-03 : 133 (source compteur, compteur 133, transactions 133)
2026-10-03 11:41:02 [INFO] Site visites libres du 2026-10-03 : entrees 63, sorties 19, presents 44 (pic {'n': 44, 'heure': '11:41'}, source compteur)
2026-10-03 11:46:01 [INFO] Site visites libres : Visites libres 10h00 - 19h00 (fenetre 09:30-19:30)
2026-10-03 11:46:01 [INFO] Borne 192.168.2.10:5205 - compteurs du musee (Area 511 VISITES MUSEE)
2026-10-03 11:46:02 [INFO]   511 VISITES MUSEE E=106165 S=0
2026-10-03 11:46:02 [INFO]   512 ENTREE MUSEE E=106165 S=0
2026-10-03 11:46:02 [INFO]   1208 TRI-MUS-55   E=26206 S=0
2026-10-03 11:46:02 [INFO]   1209 TRI-MUS-56   E=53431 S=0
2026-10-03 11:46:02 [INFO]   1210 TRI-MUS-57   E=26528 S=0
2026-10-03 11:46:02 [INFO]   1040 PDA.3.11     E=0 S=0
2026-10-03 11:46:02 [INFO] Compteurs du site (visites libres)
2026-10-03 11:46:02 [INFO]   749 TRI-NORV-27  E=598 S=30781
2026-10-03 11:46:02 [INFO]   750 TRI-NORV-28  E=30075 S=143
2026-10-03 11:46:02 [INFO]   751 TRI-NORV-PMR-29 E=2893 S=131
2026-10-03 11:46:02 [INFO]   transactions 11:31:01 -> 11:46:01 : 20 lues en 1 page(s), 9 musee, 11 site
2026-10-03 11:46:02 [INFO] Dialogue borne : 0.9 s
2026-10-03 11:46:02 [INFO] Visiteurs du 2026-10-03 : 135 (source compteur, compteur 135, transactions 135)
2026-10-03 11:46:02 [INFO] Site visites libres du 2026-10-03 : entrees 64, sorties 19, presents 45 (pic {'n': 45, 'heure': '11:46'}, source compteur)
2026-10-03 11:51:02 [INFO] Site visites libres : Visites libres 10h00 - 19h00 (fenetre 09:30-19:30)
2026-10-03 11:51:02 [INFO] Borne 192.168.2.10:5205 - compteurs du musee (Area 511 VISITES MUSEE)
2026-10-03 11:51:02 [INFO]   511 VISITES MUSEE E=106166 S=0
2026-10-03 11:51:02 [INFO]   512 ENTREE MUSEE E=106166 S=0
2026-10-03 11:51:02 [INFO]   1208 TRI-MUS-55   E=26206 S=0
2026-10-03 11:51:02 [INFO]   1209 TRI-MUS-56   E=53432 S=0
2026-10-03 11:51:02 [INFO]   1210 TRI-MUS-57   E=26528 S=0
2026-10-03 11:51:02 [INFO]   1040 PDA.3.11     E=0 S=0
2026-10-03 11:51:02 [INFO] Compteurs du site (visites libres)
2026-10-03 11:51:02 [INFO]   749 TRI-NORV-27  E=599 S=30784
2026-10-03 11:51:02 [INFO]   750 TRI-NORV-28  E=30081 S=143
2026-10-03 11:51:02 [INFO]   751 TRI-NORV-PMR-29 E=2893 S=131
2026-10-03 11:51:02 [INFO]   transactions 11:36:01 -> 11:51:02 : 19 lues en 1 page(s), 6 musee, 13 site
2026-10-03 11:51:02 [INFO] Dialogue borne : 0.9 s
2026-10-03 11:51:02 [INFO] Visiteurs du 2026-10-03 : 136 (source compteur, compteur 136, transactions 136)
2026-10-03 11:51:03 [INFO] Site visites libres du 2026-10-03 : entrees 71, sorties 22, presents 49 (pic {'n': 49, 'heure': '11:51'}, source compteur)
2026-10-03 11:56:02 [INFO] Site visites libres : Visites libres 10h00 - 19h00 (fenetre 09:30-19:30)
2026-10-03 11:56:02 [INFO] Borne 192.168.2.10:5205 - compteurs du musee (Area 511 VISITES MUSEE)
2026-10-03 11:56:02 [INFO]   511 VISITES MUSEE E=106172 S=0
2026-10-03 11:56:02 [INFO]   512 ENTREE MUSEE E=106172 S=0
2026-10-03 11:56:02 [INFO]   1208 TRI-MUS-55   E=26207 S=0
2026-10-03 11:56:02 [INFO]   1209 TRI-MUS-56   E=53435 S=0
2026-10-03 11:56:02 [INFO]   1210 TRI-MUS-57   E=26530 S=0
2026-10-03 11:56:02 [INFO]   1040 PDA.3.11     E=0 S=0
2026-10-03 11:56:02 [INFO] Compteurs du site (visites libres)
2026-10-03 11:56:02 [INFO]   749 TRI-NORV-27  E=599 S=30789
2026-10-03 11:56:02 [INFO]   750 TRI-NORV-28  E=30081 S=143
2026-10-03 11:56:02 [INFO]   751 TRI-NORV-PMR-29 E=2893 S=131
2026-10-03 11:56:03 [INFO]   transactions 11:41:02 -> 11:56:02 : 23 lues en 1 page(s), 10 musee, 13 site
2026-10-03 11:56:03 [INFO] Dialogue borne : 1.0 s
2026-10-03 11:56:03 [INFO] Visiteurs du 2026-10-03 : 142 (source compteur, compteur 142, transactions 142)
2026-10-03 11:56:03 [INFO] Site visites libres du 2026-10-03 : entrees 71, sorties 27, presents 44 (pic {'n': 49, 'heure': '11:51'}, source compteur)
2026-10-03 12:01:01 [INFO] Site visites libres : Visites libres 10h00 - 19h00 (fenetre 09:30-19:30)
2026-10-03 12:01:02 [INFO] Borne 192.168.2.10:5205 - compteurs du musee (Area 511 VISITES MUSEE)
2026-10-03 12:01:02 [INFO]   511 VISITES MUSEE E=106181 S=0
2026-10-03 12:01:02 [INFO]   512 ENTREE MUSEE E=106181 S=0
2026-10-03 12:01:02 [INFO]   1208 TRI-MUS-55   E=26209 S=0
2026-10-03 12:01:02 [INFO]   1209 TRI-MUS-56   E=53440 S=0
2026-10-03 12:01:02 [INFO]   1210 TRI-MUS-57   E=26532 S=0
2026-10-03 12:01:02 [INFO]   1040 PDA.3.11     E=0 S=0
2026-10-03 12:01:02 [INFO] Compteurs du site (visites libres)
2026-10-03 12:01:02 [INFO]   749 TRI-NORV-27  E=599 S=30797
2026-10-03 12:01:02 [INFO]   750 TRI-NORV-28  E=30081 S=143
2026-10-03 12:01:02 [INFO]   751 TRI-NORV-PMR-29 E=2893 S=131
2026-10-03 12:01:03 [INFO]   transactions 11:46:02 -> 12:01:01 : 40 lues en 1 page(s), 14 musee, 26 site
2026-10-03 12:01:03 [INFO] Dialogue borne : 1.1 s
2026-10-03 12:01:03 [INFO] Visiteurs du 2026-10-03 : 151 (source compteur, compteur 151, transactions 149)
2026-10-03 12:01:03 [INFO] Site visites libres du 2026-10-03 : entrees 71, sorties 35, presents 36 (pic {'n': 49, 'heure': '11:51'}, source compteur)
2026-10-03 12:06:02 [INFO] Site visites libres : Visites libres 10h00 - 19h00 (fenetre 09:30-19:30)
2026-10-03 12:06:02 [INFO] Borne 192.168.2.10:5205 - compteurs du musee (Area 511 VISITES MUSEE)
2026-10-03 12:06:02 [INFO]   511 VISITES MUSEE E=106197 S=0
2026-10-03 12:06:02 [INFO]   512 ENTREE MUSEE E=106197 S=0
2026-10-03 12:06:02 [INFO]   1208 TRI-MUS-55   E=26213 S=0
2026-10-03 12:06:02 [INFO]   1209 TRI-MUS-56   E=53443 S=0
2026-10-03 12:06:02 [INFO]   1210 TRI-MUS-57   E=26541 S=0
2026-10-03 12:06:02 [INFO]   1040 PDA.3.11     E=0 S=0
2026-10-03 12:06:02 [INFO] Compteurs du site (visites libres)
2026-10-03 12:06:02 [INFO]   749 TRI-NORV-27  E=599 S=30807
2026-10-03 12:06:02 [INFO]   750 TRI-NORV-28  E=30088 S=143
2026-10-03 12:06:02 [INFO]   751 TRI-NORV-PMR-29 E=2893 S=131
2026-10-03 12:06:02 [INFO]   transactions 11:51:01 -> 12:06:02 : 66 lues en 1 page(s), 31 musee, 35 site
2026-10-03 12:06:02 [INFO] Dialogue borne : 0.9 s
2026-10-03 12:06:03 [INFO] Visiteurs du 2026-10-03 : 167 (source compteur, compteur 167, transactions 167)
2026-10-03 12:06:03 [INFO] Site visites libres du 2026-10-03 : entrees 78, sorties 45, presents 33 (pic {'n': 49, 'heure': '11:51'}, source compteur)
2026-10-03 12:11:02 [INFO] Site visites libres : Visites libres 10h00 - 19h00 (fenetre 09:30-19:30)
2026-10-03 12:11:02 [INFO] Borne 192.168.2.10:5205 - compteurs du musee (Area 511 VISITES MUSEE)
2026-10-03 12:11:02 [INFO]   511 VISITES MUSEE E=106209 S=0
2026-10-03 12:11:02 [INFO]   512 ENTREE MUSEE E=106209 S=0
2026-10-03 12:11:02 [INFO]   1208 TRI-MUS-55   E=26216 S=0
2026-10-03 12:11:02 [INFO]   1209 TRI-MUS-56   E=53449 S=0
2026-10-03 12:11:02 [INFO]   1210 TRI-MUS-57   E=26544 S=0
2026-10-03 12:11:02 [INFO]   1040 PDA.3.11     E=0 S=0
2026-10-03 12:11:02 [INFO] Compteurs du site (visites libres)
2026-10-03 12:11:02 [INFO]   749 TRI-NORV-27  E=599 S=30812
2026-10-03 12:11:02 [INFO]   750 TRI-NORV-28  E=30088 S=143
2026-10-03 12:11:02 [INFO]   751 TRI-NORV-PMR-29 E=2893 S=131
2026-10-03 12:11:03 [INFO]   transactions 11:56:02 -> 12:11:02 : 72 lues en 1 page(s), 38 musee, 34 site
2026-10-03 12:11:03 [INFO] Dialogue borne : 1.0 s
2026-10-03 12:11:03 [INFO] Visiteurs du 2026-10-03 : 179 (source compteur, compteur 179, transactions 179)
2026-10-03 12:11:03 [INFO] Site visites libres du 2026-10-03 : entrees 78, sorties 50, presents 28 (pic {'n': 49, 'heure': '11:51'}, source compteur)
2026-10-03 12:16:02 [INFO] Site visites libres : Visites libres 10h00 - 19h00 (fenetre 09:30-19:30)
2026-10-03 12:16:02 [INFO] Borne 192.168.2.10:5205 - compteurs du musee (Area 511 VISITES MUSEE)
2026-10-03 12:16:02 [INFO]   511 VISITES MUSEE E=106215 S=0
2026-10-03 12:16:02 [INFO]   512 ENTREE MUSEE E=106215 S=0
2026-10-03 12:16:02 [INFO]   1208 TRI-MUS-55   E=26216 S=0
2026-10-03 12:16:02 [INFO]   1209 TRI-MUS-56   E=53451 S=0
2026-10-03 12:16:02 [INFO]   1210 TRI-MUS-57   E=26548 S=0
2026-10-03 12:16:02 [INFO]   1040 PDA.3.11     E=0 S=0
2026-10-03 12:16:02 [INFO] Compteurs du site (visites libres)
2026-10-03 12:16:02 [INFO]   749 TRI-NORV-27  E=599 S=30816
2026-10-03 12:16:02 [INFO]   750 TRI-NORV-28  E=30088 S=143
2026-10-03 12:16:02 [INFO]   751 TRI-NORV-PMR-29 E=2893 S=131
2026-10-03 12:16:03 [INFO]   transactions 12:01:02 -> 12:16:01 : 64 lues en 1 page(s), 36 musee, 28 site
2026-10-03 12:16:03 [INFO] Dialogue borne : 1.1 s
2026-10-03 12:16:03 [INFO] Visiteurs du 2026-10-03 : 185 (source compteur, compteur 185, transactions 185)
2026-10-03 12:16:03 [INFO] Site visites libres du 2026-10-03 : entrees 78, sorties 54, presents 24 (pic {'n': 49, 'heure': '11:51'}, source compteur)
2026-10-03 12:21:02 [INFO] Site visites libres : Visites libres 10h00 - 19h00 (fenetre 09:30-19:30)
2026-10-03 12:21:02 [INFO] Borne 192.168.2.10:5205 - compteurs du musee (Area 511 VISITES MUSEE)
2026-10-03 12:21:02 [INFO]   511 VISITES MUSEE E=106230 S=0
2026-10-03 12:21:02 [INFO]   512 ENTREE MUSEE E=106230 S=0
2026-10-03 12:21:02 [INFO]   1208 TRI-MUS-55   E=26221 S=0
2026-10-03 12:21:02 [INFO]   1209 TRI-MUS-56   E=53457 S=0
2026-10-03 12:21:02 [INFO]   1210 TRI-MUS-57   E=26552 S=0
2026-10-03 12:21:02 [INFO]   1040 PDA.3.11     E=0 S=0
2026-10-03 12:21:02 [INFO] Compteurs du site (visites libres)
2026-10-03 12:21:02 [INFO]   749 TRI-NORV-27  E=599 S=30829
2026-10-03 12:21:02 [INFO]   750 TRI-NORV-28  E=30088 S=143
2026-10-03 12:21:02 [INFO]   751 TRI-NORV-PMR-29 E=2893 S=131
2026-10-03 12:21:02 [INFO]   transactions 12:06:01 -> 12:21:02 : 58 lues en 1 page(s), 36 musee, 22 site
2026-10-03 12:21:02 [INFO] Dialogue borne : 1.0 s
2026-10-03 12:21:03 [INFO] Visiteurs du 2026-10-03 : 200 (source compteur, compteur 200, transactions 199)
2026-10-03 12:21:03 [INFO] Site visites libres du 2026-10-03 : entrees 78, sorties 67, presents 11 (pic {'n': 49, 'heure': '11:51'}, source compteur)
2026-10-03 12:26:01 [INFO] Site visites libres : Visites libres 10h00 - 19h00 (fenetre 09:30-19:30)
2026-10-03 12:26:02 [INFO] Borne 192.168.2.10:5205 - compteurs du musee (Area 511 VISITES MUSEE)
2026-10-03 12:26:02 [INFO]   511 VISITES MUSEE E=106250 S=0
2026-10-03 12:26:02 [INFO]   512 ENTREE MUSEE E=106250 S=0
2026-10-03 12:26:02 [INFO]   1208 TRI-MUS-55   E=26228 S=0
2026-10-03 12:26:02 [INFO]   1209 TRI-MUS-56   E=53466 S=0
2026-10-03 12:26:02 [INFO]   1210 TRI-MUS-57   E=26556 S=0
2026-10-03 12:26:02 [INFO]   1040 PDA.3.11     E=0 S=0
2026-10-03 12:26:02 [INFO] Compteurs du site (visites libres)
2026-10-03 12:26:02 [INFO]   749 TRI-NORV-27  E=599 S=30833
2026-10-03 12:26:02 [INFO]   750 TRI-NORV-28  E=30088 S=143
2026-10-03 12:26:02 [INFO]   751 TRI-NORV-PMR-29 E=2893 S=131
2026-10-03 12:26:03 [INFO]   transactions 12:11:02 -> 12:26:01 : 68 lues en 1 page(s), 47 musee, 21 site
2026-10-03 12:26:03 [INFO] Dialogue borne : 1.1 s
2026-10-03 12:26:03 [INFO] Visiteurs du 2026-10-03 : 220 (source compteur, compteur 220, transactions 217)
2026-10-03 12:26:03 [INFO] Site visites libres du 2026-10-03 : entrees 78, sorties 71, presents 7 (pic {'n': 49, 'heure': '11:51'}, source compteur)
2026-10-03 12:31:02 [INFO] Site visites libres : Visites libres 10h00 - 19h00 (fenetre 09:30-19:30)
2026-10-03 12:31:02 [INFO] Borne 192.168.2.10:5205 - compteurs du musee (Area 511 VISITES MUSEE)
2026-10-03 12:31:02 [INFO]   511 VISITES MUSEE E=106261 S=0
2026-10-03 12:31:02 [INFO]   512 ENTREE MUSEE E=106261 S=0
2026-10-03 12:31:02 [INFO]   1208 TRI-MUS-55   E=26231 S=0
2026-10-03 12:31:02 [INFO]   1209 TRI-MUS-56   E=53471 S=0
2026-10-03 12:31:02 [INFO]   1210 TRI-MUS-57   E=26559 S=0
2026-10-03 12:31:02 [INFO]   1040 PDA.3.11     E=0 S=0
2026-10-03 12:31:02 [INFO] Compteurs du site (visites libres)
2026-10-03 12:31:02 [INFO]   749 TRI-NORV-27  E=599 S=30835
2026-10-03 12:31:02 [INFO]   750 TRI-NORV-28  E=30092 S=143
2026-10-03 12:31:02 [INFO]   751 TRI-NORV-PMR-29 E=2893 S=131
2026-10-03 12:31:03 [INFO]   transactions 12:16:01 -> 12:31:01 : 83 lues en 1 page(s), 60 musee, 23 site
2026-10-03 12:31:03 [INFO] Dialogue borne : 1.1 s
2026-10-03 12:31:03 [INFO] Visiteurs du 2026-10-03 : 231 (source compteur, compteur 231, transactions 231)
2026-10-03 12:31:03 [INFO] Site visites libres du 2026-10-03 : entrees 82, sorties 73, presents 9 (pic {'n': 49, 'heure': '11:51'}, source compteur)
2026-10-03 12:36:01 [INFO] Site visites libres : Visites libres 10h00 - 19h00 (fenetre 09:30-19:30)
2026-10-03 12:36:02 [INFO] Borne 192.168.2.10:5205 - compteurs du musee (Area 511 VISITES MUSEE)
2026-10-03 12:36:02 [INFO]   511 VISITES MUSEE E=106265 S=0
2026-10-03 12:36:02 [INFO]   512 ENTREE MUSEE E=106265 S=0
2026-10-03 12:36:02 [INFO]   1208 TRI-MUS-55   E=26233 S=0
2026-10-03 12:36:02 [INFO]   1209 TRI-MUS-56   E=53473 S=0
2026-10-03 12:36:02 [INFO]   1210 TRI-MUS-57   E=26559 S=0
2026-10-03 12:36:02 [INFO]   1040 PDA.3.11     E=0 S=0
2026-10-03 12:36:02 [INFO] Compteurs du site (visites libres)
2026-10-03 12:36:02 [INFO]   749 TRI-NORV-27  E=599 S=30835
2026-10-03 12:36:02 [INFO]   750 TRI-NORV-28  E=30098 S=143
2026-10-03 12:36:02 [INFO]   751 TRI-NORV-PMR-29 E=2893 S=131
2026-10-03 12:36:02 [INFO]   transactions 12:21:01 -> 12:36:01 : 63 lues en 1 page(s), 47 musee, 16 site
2026-10-03 12:36:02 [INFO] Dialogue borne : 0.9 s
2026-10-03 12:36:02 [INFO] Visiteurs du 2026-10-03 : 235 (source compteur, compteur 235, transactions 235)
2026-10-03 12:36:03 [INFO] Site visites libres du 2026-10-03 : entrees 88, sorties 73, presents 15 (pic {'n': 49, 'heure': '11:51'}, source compteur)
2026-10-03 12:41:01 [INFO] Site visites libres : Visites libres 10h00 - 19h00 (fenetre 09:30-19:30)
2026-10-03 12:41:01 [INFO] Borne 192.168.2.10:5205 - compteurs du musee (Area 511 VISITES MUSEE)
2026-10-03 12:41:02 [INFO]   511 VISITES MUSEE E=106272 S=0
2026-10-03 12:41:02 [INFO]   512 ENTREE MUSEE E=106272 S=0
2026-10-03 12:41:02 [INFO]   1208 TRI-MUS-55   E=26235 S=0
2026-10-03 12:41:02 [INFO]   1209 TRI-MUS-56   E=53475 S=0
2026-10-03 12:41:02 [INFO]   1210 TRI-MUS-57   E=26562 S=0
2026-10-03 12:41:02 [INFO]   1040 PDA.3.11     E=0 S=0
2026-10-03 12:41:02 [INFO] Compteurs du site (visites libres)
2026-10-03 12:41:02 [INFO]   749 TRI-NORV-27  E=599 S=30835
2026-10-03 12:41:02 [INFO]   750 TRI-NORV-28  E=30098 S=143
2026-10-03 12:41:02 [INFO]   751 TRI-NORV-PMR-29 E=2893 S=131
2026-10-03 12:41:02 [INFO]   transactions 12:26:01 -> 12:41:01 : 36 lues en 1 page(s), 24 musee, 12 site
2026-10-03 12:41:02 [INFO] Dialogue borne : 1.0 s
2026-10-03 12:41:03 [INFO] Visiteurs du 2026-10-03 : 242 (source compteur, compteur 242, transactions 240)
2026-10-03 12:41:03 [INFO] Site visites libres du 2026-10-03 : entrees 88, sorties 73, presents 15 (pic {'n': 49, 'heure': '11:51'}, source compteur)
2026-10-03 12:46:01 [INFO] Site visites libres : Visites libres 10h00 - 19h00 (fenetre 09:30-19:30)
2026-10-03 12:46:02 [INFO] Borne 192.168.2.10:5205 - compteurs du musee (Area 511 VISITES MUSEE)
2026-10-03 12:46:02 [INFO]   511 VISITES MUSEE E=106282 S=0
2026-10-03 12:46:02 [INFO]   512 ENTREE MUSEE E=106282 S=0
2026-10-03 12:46:02 [INFO]   1208 TRI-MUS-55   E=26240 S=0
2026-10-03 12:46:02 [INFO]   1209 TRI-MUS-56   E=53477 S=0
2026-10-03 12:46:02 [INFO]   1210 TRI-MUS-57   E=26565 S=0
2026-10-03 12:46:02 [INFO]   1040 PDA.3.11     E=0 S=0
2026-10-03 12:46:02 [INFO] Compteurs du site (visites libres)
2026-10-03 12:46:02 [INFO]   749 TRI-NORV-27  E=599 S=30835
2026-10-03 12:46:02 [INFO]   750 TRI-NORV-28  E=30098 S=143
2026-10-03 12:46:02 [INFO]   751 TRI-NORV-PMR-29 E=2893 S=131
2026-10-03 12:46:03 [INFO]   transactions 12:31:01 -> 12:46:01 : 36 lues en 1 page(s), 29 musee, 7 site
2026-10-03 12:46:03 [INFO] Dialogue borne : 1.0 s
2026-10-03 12:46:03 [INFO] Visiteurs du 2026-10-03 : 252 (source compteur, compteur 252, transactions 252)
2026-10-03 12:46:03 [INFO] Site visites libres du 2026-10-03 : entrees 88, sorties 73, presents 15 (pic {'n': 49, 'heure': '11:51'}, source compteur)
2026-10-03 12:51:02 [INFO] Site visites libres : Visites libres 10h00 - 19h00 (fenetre 09:30-19:30)
2026-10-03 12:51:02 [INFO] Borne 192.168.2.10:5205 - compteurs du musee (Area 511 VISITES MUSEE)
2026-10-03 12:51:02 [INFO]   511 VISITES MUSEE E=106286 S=0
2026-10-03 12:51:02 [INFO]   512 ENTREE MUSEE E=106286 S=0
2026-10-03 12:51:02 [INFO]   1208 TRI-MUS-55   E=26242 S=0
2026-10-03 12:51:02 [INFO]   1209 TRI-MUS-56   E=53478 S=0
2026-10-03 12:51:02 [INFO]   1210 TRI-MUS-57   E=26566 S=0
2026-10-03 12:51:02 [INFO]   1040 PDA.3.11     E=0 S=0
2026-10-03 12:51:02 [INFO] Compteurs du site (visites libres)
2026-10-03 12:51:02 [INFO]   749 TRI-NORV-27  E=599 S=30835
2026-10-03 12:51:02 [INFO]   750 TRI-NORV-28  E=30098 S=143
2026-10-03 12:51:02 [INFO]   751 TRI-NORV-PMR-29 E=2893 S=131
2026-10-03 12:51:03 [INFO]   transactions 12:36:01 -> 12:51:02 : 30 lues en 1 page(s), 29 musee, 1 site
2026-10-03 12:51:03 [INFO] Dialogue borne : 1.0 s
2026-10-03 12:51:03 [INFO] Visiteurs du 2026-10-03 : 256 (source compteur, compteur 256, transactions 256)
2026-10-03 12:51:03 [INFO] Site visites libres du 2026-10-03 : entrees 88, sorties 73, presents 15 (pic {'n': 49, 'heure': '11:51'}, source compteur)
2026-10-03 12:56:02 [INFO] Site visites libres : Visites libres 10h00 - 19h00 (fenetre 09:30-19:30)
2026-10-03 12:56:02 [INFO] Borne 192.168.2.10:5205 - compteurs du musee (Area 511 VISITES MUSEE)
2026-10-03 12:56:02 [INFO]   511 VISITES MUSEE E=106295 S=0
2026-10-03 12:56:02 [INFO]   512 ENTREE MUSEE E=106295 S=0
2026-10-03 12:56:02 [INFO]   1208 TRI-MUS-55   E=26246 S=0
2026-10-03 12:56:02 [INFO]   1209 TRI-MUS-56   E=53481 S=0
2026-10-03 12:56:02 [INFO]   1210 TRI-MUS-57   E=26568 S=0
2026-10-03 12:56:02 [INFO]   1040 PDA.3.11     E=0 S=0
2026-10-03 12:56:02 [INFO] Compteurs du site (visites libres)
2026-10-03 12:56:02 [INFO]   749 TRI-NORV-27  E=599 S=30835
2026-10-03 12:56:02 [INFO]   750 TRI-NORV-28  E=30098 S=143
2026-10-03 12:56:02 [INFO]   751 TRI-NORV-PMR-29 E=2893 S=131
2026-10-03 12:56:03 [INFO]   transactions 12:41:02 -> 12:56:02 : 30 lues en 1 page(s), 29 musee, 1 site
2026-10-03 12:56:03 [INFO] Dialogue borne : 1.1 s
2026-10-03 12:56:03 [INFO] Visiteurs du 2026-10-03 : 265 (source compteur, compteur 265, transactions 265)
2026-10-03 12:56:03 [INFO] Site visites libres du 2026-10-03 : entrees 88, sorties 73, presents 15 (pic {'n': 49, 'heure': '11:51'}, source compteur)
2026-10-03 13:01:02 [INFO] Site visites libres : Visites libres 10h00 - 19h00 (fenetre 09:30-19:30)
2026-10-03 13:01:02 [INFO] Borne 192.168.2.10:5205 - compteurs du musee (Area 511 VISITES MUSEE)
2026-10-03 13:01:02 [INFO]   511 VISITES MUSEE E=106300 S=0
2026-10-03 13:01:02 [INFO]   512 ENTREE MUSEE E=106300 S=0
2026-10-03 13:01:02 [INFO]   1208 TRI-MUS-55   E=26248 S=0
2026-10-03 13:01:02 [INFO]   1209 TRI-MUS-56   E=53483 S=0
2026-10-03 13:01:02 [INFO]   1210 TRI-MUS-57   E=26569 S=0
2026-10-03 13:01:02 [INFO]   1040 PDA.3.11     E=0 S=0
2026-10-03 13:01:02 [INFO] Compteurs du site (visites libres)
2026-10-03 13:01:02 [INFO]   749 TRI-NORV-27  E=599 S=30840
2026-10-03 13:01:02 [INFO]   750 TRI-NORV-28  E=30100 S=143
2026-10-03 13:01:02 [INFO]   751 TRI-NORV-PMR-29 E=2893 S=131
2026-10-03 13:01:02 [INFO]   transactions 12:46:02 -> 13:01:02 : 25 lues en 1 page(s), 18 musee, 7 site
2026-10-03 13:01:02 [INFO] Dialogue borne : 0.9 s
2026-10-03 13:01:02 [INFO] Visiteurs du 2026-10-03 : 270 (source compteur, compteur 270, transactions 270)
2026-10-03 13:01:03 [INFO] Site visites libres du 2026-10-03 : entrees 90, sorties 78, presents 12 (pic {'n': 49, 'heure': '11:51'}, source compteur)
2026-10-03 13:06:01 [INFO] Site visites libres : Visites libres 10h00 - 19h00 (fenetre 09:30-19:30)
2026-10-03 13:06:02 [INFO] Borne 192.168.2.10:5205 - compteurs du musee (Area 511 VISITES MUSEE)
2026-10-03 13:06:02 [INFO]   511 VISITES MUSEE E=106306 S=0
2026-10-03 13:06:02 [INFO]   512 ENTREE MUSEE E=106306 S=0
2026-10-03 13:06:02 [INFO]   1208 TRI-MUS-55   E=26250 S=0
2026-10-03 13:06:02 [INFO]   1209 TRI-MUS-56   E=53484 S=0
2026-10-03 13:06:02 [INFO]   1210 TRI-MUS-57   E=26572 S=0
2026-10-03 13:06:02 [INFO]   1040 PDA.3.11     E=0 S=0
2026-10-03 13:06:02 [INFO] Compteurs du site (visites libres)
2026-10-03 13:06:02 [INFO]   749 TRI-NORV-27  E=599 S=30840
2026-10-03 13:06:02 [INFO]   750 TRI-NORV-28  E=30104 S=143
2026-10-03 13:06:02 [INFO]   751 TRI-NORV-PMR-29 E=2893 S=131
2026-10-03 13:06:02 [INFO]   transactions 12:51:02 -> 13:06:01 : 31 lues en 1 page(s), 20 musee, 11 site
2026-10-03 13:06:02 [INFO] Dialogue borne : 1.0 s
2026-10-03 13:06:03 [INFO] Visiteurs du 2026-10-03 : 276 (source compteur, compteur 276, transactions 276)
2026-10-03 13:06:03 [INFO] Site visites libres du 2026-10-03 : entrees 94, sorties 78, presents 16 (pic {'n': 49, 'heure': '11:51'}, source compteur)
2026-10-03 13:11:01 [INFO] Site visites libres : Visites libres 10h00 - 19h00 (fenetre 09:30-19:30)
2026-10-03 13:11:02 [INFO] Borne 192.168.2.10:5205 - compteurs du musee (Area 511 VISITES MUSEE)
2026-10-03 13:11:02 [INFO]   511 VISITES MUSEE E=106311 S=0
2026-10-03 13:11:02 [INFO]   512 ENTREE MUSEE E=106311 S=0
2026-10-03 13:11:02 [INFO]   1208 TRI-MUS-55   E=26251 S=0
2026-10-03 13:11:02 [INFO]   1209 TRI-MUS-56   E=53487 S=0
2026-10-03 13:11:02 [INFO]   1210 TRI-MUS-57   E=26573 S=0
2026-10-03 13:11:02 [INFO]   1040 PDA.3.11     E=0 S=0
2026-10-03 13:11:02 [INFO] Compteurs du site (visites libres)
2026-10-03 13:11:02 [INFO]   749 TRI-NORV-27  E=599 S=30840
2026-10-03 13:11:02 [INFO]   750 TRI-NORV-28  E=30108 S=143
2026-10-03 13:11:02 [INFO]   751 TRI-NORV-PMR-29 E=2893 S=131
2026-10-03 13:11:03 [INFO]   transactions 12:56:01 -> 13:11:01 : 30 lues en 1 page(s), 15 musee, 15 site
2026-10-03 13:11:03 [INFO] Dialogue borne : 1.0 s
2026-10-03 13:11:03 [INFO] Visiteurs du 2026-10-03 : 281 (source compteur, compteur 281, transactions 280)
2026-10-03 13:11:03 [INFO] Site visites libres du 2026-10-03 : entrees 98, sorties 78, presents 20 (pic {'n': 49, 'heure': '11:51'}, source compteur)
2026-10-03 13:16:02 [INFO] Site visites libres : Visites libres 10h00 - 19h00 (fenetre 09:30-19:30)
2026-10-03 13:16:02 [INFO] Borne 192.168.2.10:5205 - compteurs du musee (Area 511 VISITES MUSEE)
2026-10-03 13:16:02 [INFO]   511 VISITES MUSEE E=106317 S=0
2026-10-03 13:16:02 [INFO]   512 ENTREE MUSEE E=106317 S=0
2026-10-03 13:16:02 [INFO]   1208 TRI-MUS-55   E=26252 S=0
2026-10-03 13:16:02 [INFO]   1209 TRI-MUS-56   E=53489 S=0
2026-10-03 13:16:02 [INFO]   1210 TRI-MUS-57   E=26576 S=0
2026-10-03 13:16:02 [INFO]   1040 PDA.3.11     E=0 S=0
2026-10-03 13:16:02 [INFO] Compteurs du site (visites libres)
2026-10-03 13:16:02 [INFO]   749 TRI-NORV-27  E=599 S=30840
2026-10-03 13:16:02 [INFO]   750 TRI-NORV-28  E=30108 S=143
2026-10-03 13:16:02 [INFO]   751 TRI-NORV-PMR-29 E=2893 S=131
2026-10-03 13:16:03 [INFO]   transactions 13:01:01 -> 13:16:02 : 25 lues en 1 page(s), 17 musee, 8 site
2026-10-03 13:16:03 [INFO] Dialogue borne : 1.1 s
2026-10-03 13:16:03 [INFO] Visiteurs du 2026-10-03 : 287 (source compteur, compteur 287, transactions 287)
2026-10-03 13:16:03 [INFO] Site visites libres du 2026-10-03 : entrees 98, sorties 78, presents 20 (pic {'n': 49, 'heure': '11:51'}, source compteur)
2026-10-03 13:21:02 [INFO] Site visites libres : Visites libres 10h00 - 19h00 (fenetre 09:30-19:30)
2026-10-03 13:21:02 [INFO] Borne 192.168.2.10:5205 - compteurs du musee (Area 511 VISITES MUSEE)
2026-10-03 13:21:02 [INFO]   511 VISITES MUSEE E=106323 S=0
2026-10-03 13:21:02 [INFO]   512 ENTREE MUSEE E=106323 S=0
2026-10-03 13:21:02 [INFO]   1208 TRI-MUS-55   E=26252 S=0
2026-10-03 13:21:02 [INFO]   1209 TRI-MUS-56   E=53491 S=0
2026-10-03 13:21:02 [INFO]   1210 TRI-MUS-57   E=26580 S=0
2026-10-03 13:21:02 [INFO]   1040 PDA.3.11     E=0 S=0
2026-10-03 13:21:02 [INFO] Compteurs du site (visites libres)
2026-10-03 13:21:02 [INFO]   749 TRI-NORV-27  E=599 S=30845
2026-10-03 13:21:02 [INFO]   750 TRI-NORV-28  E=30112 S=143
2026-10-03 13:21:02 [INFO]   751 TRI-NORV-PMR-29 E=2893 S=131
2026-10-03 13:21:03 [INFO]   transactions 13:06:02 -> 13:21:02 : 31 lues en 1 page(s), 18 musee, 13 site
2026-10-03 13:21:03 [INFO] Dialogue borne : 1.1 s
2026-10-03 13:21:03 [INFO] Visiteurs du 2026-10-03 : 293 (source compteur, compteur 293, transactions 293)
2026-10-03 13:21:03 [INFO] Site visites libres du 2026-10-03 : entrees 102, sorties 83, presents 19 (pic {'n': 49, 'heure': '11:51'}, source compteur)
2026-10-03 13:26:02 [INFO] Site visites libres : Visites libres 10h00 - 19h00 (fenetre 09:30-19:30)
2026-10-03 13:26:02 [INFO] Borne 192.168.2.10:5205 - compteurs du musee (Area 511 VISITES MUSEE)
2026-10-03 13:26:02 [INFO]   511 VISITES MUSEE E=106323 S=0
2026-10-03 13:26:02 [INFO]   512 ENTREE MUSEE E=106323 S=0
2026-10-03 13:26:02 [INFO]   1208 TRI-MUS-55   E=26252 S=0
2026-10-03 13:26:02 [INFO]   1209 TRI-MUS-56   E=53491 S=0
2026-10-03 13:26:02 [INFO]   1210 TRI-MUS-57   E=26580 S=0
2026-10-03 13:26:02 [INFO]   1040 PDA.3.11     E=0 S=0
2026-10-03 13:26:02 [INFO] Compteurs du site (visites libres)
2026-10-03 13:26:02 [INFO]   749 TRI-NORV-27  E=599 S=30845
2026-10-03 13:26:02 [INFO]   750 TRI-NORV-28  E=30114 S=143
2026-10-03 13:26:02 [INFO]   751 TRI-NORV-PMR-29 E=2893 S=131
2026-10-03 13:26:03 [INFO]   transactions 13:11:02 -> 13:26:02 : 23 lues en 1 page(s), 13 musee, 10 site
2026-10-03 13:26:03 [INFO] Dialogue borne : 1.0 s
2026-10-03 13:26:03 [INFO] Visiteurs du 2026-10-03 : 293 (source compteur, compteur 293, transactions 293)
2026-10-03 13:26:03 [INFO] Site visites libres du 2026-10-03 : entrees 104, sorties 83, presents 21 (pic {'n': 49, 'heure': '11:51'}, source compteur)
2026-10-03 13:31:02 [INFO] Site visites libres : Visites libres 10h00 - 19h00 (fenetre 09:30-19:30)
2026-10-03 13:31:02 [INFO] Borne 192.168.2.10:5205 - compteurs du musee (Area 511 VISITES MUSEE)
2026-10-03 13:31:02 [INFO]   511 VISITES MUSEE E=106323 S=0
2026-10-03 13:31:02 [INFO]   512 ENTREE MUSEE E=106323 S=0
2026-10-03 13:31:02 [INFO]   1208 TRI-MUS-55   E=26252 S=0
2026-10-03 13:31:02 [INFO]   1209 TRI-MUS-56   E=53491 S=0
2026-10-03 13:31:02 [INFO]   1210 TRI-MUS-57   E=26580 S=0
2026-10-03 13:31:02 [INFO]   1040 PDA.3.11     E=0 S=0
2026-10-03 13:31:02 [INFO] Compteurs du site (visites libres)
2026-10-03 13:31:02 [INFO]   749 TRI-NORV-27  E=599 S=30845
2026-10-03 13:31:02 [INFO]   750 TRI-NORV-28  E=30121 S=143
2026-10-03 13:31:02 [INFO]   751 TRI-NORV-PMR-29 E=2893 S=131
2026-10-03 13:31:02 [INFO]   transactions 13:16:02 -> 13:31:02 : 26 lues en 1 page(s), 8 musee, 18 site
2026-10-03 13:31:02 [INFO] Dialogue borne : 1.0 s
2026-10-03 13:31:03 [INFO] Visiteurs du 2026-10-03 : 293 (source compteur, compteur 293, transactions 293)
2026-10-03 13:31:03 [INFO] Site visites libres du 2026-10-03 : entrees 111, sorties 83, presents 28 (pic {'n': 49, 'heure': '11:51'}, source compteur)
2026-10-03 13:36:02 [INFO] Site visites libres : Visites libres 10h00 - 19h00 (fenetre 09:30-19:30)
2026-10-03 13:36:02 [INFO] Borne 192.168.2.10:5205 - compteurs du musee (Area 511 VISITES MUSEE)
2026-10-03 13:36:02 [INFO]   511 VISITES MUSEE E=106331 S=0
2026-10-03 13:36:02 [INFO]   512 ENTREE MUSEE E=106331 S=0
2026-10-03 13:36:02 [INFO]   1208 TRI-MUS-55   E=26254 S=0
2026-10-03 13:36:02 [INFO]   1209 TRI-MUS-56   E=53493 S=0
2026-10-03 13:36:02 [INFO]   1210 TRI-MUS-57   E=26584 S=0
2026-10-03 13:36:02 [INFO]   1040 PDA.3.11     E=0 S=0
2026-10-03 13:36:02 [INFO] Compteurs du site (visites libres)
2026-10-03 13:36:02 [INFO]   749 TRI-NORV-27  E=599 S=30847
2026-10-03 13:36:02 [INFO]   750 TRI-NORV-28  E=30123 S=143
2026-10-03 13:36:02 [INFO]   751 TRI-NORV-PMR-29 E=2893 S=131
2026-10-03 13:36:03 [INFO]   transactions 13:21:02 -> 13:36:01 : 21 lues en 1 page(s), 9 musee, 12 site
2026-10-03 13:36:03 [INFO] Dialogue borne : 1.1 s
2026-10-03 13:36:03 [INFO] Visiteurs du 2026-10-03 : 301 (source compteur, compteur 301, transactions 301)
2026-10-03 13:36:03 [INFO] Site visites libres du 2026-10-03 : entrees 113, sorties 85, presents 28 (pic {'n': 49, 'heure': '11:51'}, source compteur)
2026-10-03 13:41:01 [INFO] Site visites libres : Visites libres 10h00 - 19h00 (fenetre 09:30-19:30)
2026-10-03 13:41:02 [INFO] Borne 192.168.2.10:5205 - compteurs du musee (Area 511 VISITES MUSEE)
2026-10-03 13:41:02 [INFO]   511 VISITES MUSEE E=106336 S=0
2026-10-03 13:41:02 [INFO]   512 ENTREE MUSEE E=106336 S=0
2026-10-03 13:41:02 [INFO]   1208 TRI-MUS-55   E=26255 S=0
2026-10-03 13:41:02 [INFO]   1209 TRI-MUS-56   E=53494 S=0
2026-10-03 13:41:02 [INFO]   1210 TRI-MUS-57   E=26587 S=0
2026-10-03 13:41:02 [INFO]   1040 PDA.3.11     E=0 S=0
2026-10-03 13:41:02 [INFO] Compteurs du site (visites libres)
2026-10-03 13:41:02 [INFO]   749 TRI-NORV-27  E=599 S=30849
2026-10-03 13:41:02 [INFO]   750 TRI-NORV-28  E=30123 S=143
2026-10-03 13:41:02 [INFO]   751 TRI-NORV-PMR-29 E=2893 S=131
2026-10-03 13:41:02 [INFO]   transactions 13:26:01 -> 13:41:01 : 26 lues en 1 page(s), 13 musee, 13 site
2026-10-03 13:41:02 [INFO] Dialogue borne : 0.9 s
2026-10-03 13:41:02 [INFO] Visiteurs du 2026-10-03 : 306 (source compteur, compteur 306, transactions 306)
2026-10-03 13:41:02 [INFO] Site visites libres du 2026-10-03 : entrees 113, sorties 87, presents 26 (pic {'n': 49, 'heure': '11:51'}, source compteur)
2026-10-03 13:46:02 [INFO] Site visites libres : Visites libres 10h00 - 19h00 (fenetre 09:30-19:30)
2026-10-03 13:46:02 [INFO] Borne 192.168.2.10:5205 - compteurs du musee (Area 511 VISITES MUSEE)
2026-10-03 13:46:02 [INFO]   511 VISITES MUSEE E=106343 S=0
2026-10-03 13:46:02 [INFO]   512 ENTREE MUSEE E=106343 S=0
2026-10-03 13:46:02 [INFO]   1208 TRI-MUS-55   E=26258 S=0
2026-10-03 13:46:02 [INFO]   1209 TRI-MUS-56   E=53496 S=0
2026-10-03 13:46:02 [INFO]   1210 TRI-MUS-57   E=26589 S=0
2026-10-03 13:46:02 [INFO]   1040 PDA.3.11     E=0 S=0
2026-10-03 13:46:02 [INFO] Compteurs du site (visites libres)
2026-10-03 13:46:02 [INFO]   749 TRI-NORV-27  E=599 S=30851
2026-10-03 13:46:02 [INFO]   750 TRI-NORV-28  E=30127 S=143
2026-10-03 13:46:02 [INFO]   751 TRI-NORV-PMR-29 E=2893 S=131
2026-10-03 13:46:02 [INFO]   transactions 13:31:01 -> 13:46:02 : 32 lues en 1 page(s), 20 musee, 12 site
2026-10-03 13:46:02 [INFO] Dialogue borne : 1.0 s
2026-10-03 13:46:03 [INFO] Visiteurs du 2026-10-03 : 313 (source compteur, compteur 313, transactions 313)
2026-10-03 13:46:03 [INFO] Site visites libres du 2026-10-03 : entrees 117, sorties 89, presents 28 (pic {'n': 49, 'heure': '11:51'}, source compteur)
2026-10-03 13:51:01 [INFO] Site visites libres : Visites libres 10h00 - 19h00 (fenetre 09:30-19:30)
2026-10-03 13:51:02 [INFO] Borne 192.168.2.10:5205 - compteurs du musee (Area 511 VISITES MUSEE)
2026-10-03 13:51:02 [INFO]   511 VISITES MUSEE E=106352 S=0
2026-10-03 13:51:02 [INFO]   512 ENTREE MUSEE E=106352 S=0
2026-10-03 13:51:02 [INFO]   1208 TRI-MUS-55   E=26260 S=0
2026-10-03 13:51:02 [INFO]   1209 TRI-MUS-56   E=53502 S=0
2026-10-03 13:51:02 [INFO]   1210 TRI-MUS-57   E=26590 S=0
2026-10-03 13:51:02 [INFO]   1040 PDA.3.11     E=0 S=0
2026-10-03 13:51:02 [INFO] Compteurs du site (visites libres)
2026-10-03 13:51:02 [INFO]   749 TRI-NORV-27  E=599 S=30853
2026-10-03 13:51:02 [INFO]   750 TRI-NORV-28  E=30144 S=143
2026-10-03 13:51:02 [INFO]   751 TRI-NORV-PMR-29 E=2893 S=131
2026-10-03 13:51:03 [INFO]   transactions 13:36:02 -> 13:51:01 : 47 lues en 1 page(s), 21 musee, 26 site
2026-10-03 13:51:03 [INFO] Dialogue borne : 1.1 s
2026-10-03 13:51:03 [INFO] Visiteurs du 2026-10-03 : 322 (source compteur, compteur 322, transactions 322)
2026-10-03 13:51:03 [INFO] Site visites libres du 2026-10-03 : entrees 134, sorties 91, presents 43 (pic {'n': 49, 'heure': '11:51'}, source compteur)
2026-10-03 13:56:02 [INFO] Site visites libres : Visites libres 10h00 - 19h00 (fenetre 09:30-19:30)
2026-10-03 13:56:02 [INFO] Borne 192.168.2.10:5205 - compteurs du musee (Area 511 VISITES MUSEE)
2026-10-03 13:56:02 [INFO]   511 VISITES MUSEE E=106356 S=0
2026-10-03 13:56:02 [INFO]   512 ENTREE MUSEE E=106356 S=0
2026-10-03 13:56:02 [INFO]   1208 TRI-MUS-55   E=26261 S=0
2026-10-03 13:56:02 [INFO]   1209 TRI-MUS-56   E=53504 S=0
2026-10-03 13:56:02 [INFO]   1210 TRI-MUS-57   E=26591 S=0
2026-10-03 13:56:02 [INFO]   1040 PDA.3.11     E=0 S=0
2026-10-03 13:56:02 [INFO] Compteurs du site (visites libres)
2026-10-03 13:56:02 [INFO]   749 TRI-NORV-27  E=599 S=30857
2026-10-03 13:56:02 [INFO]   750 TRI-NORV-28  E=30145 S=143
2026-10-03 13:56:02 [INFO]   751 TRI-NORV-PMR-29 E=2893 S=131
2026-10-03 13:56:02 [INFO]   transactions 13:41:01 -> 13:56:02 : 48 lues en 1 page(s), 18 musee, 30 site
2026-10-03 13:56:02 [INFO] Dialogue borne : 0.9 s
2026-10-03 13:56:02 [INFO] Visiteurs du 2026-10-03 : 326 (source compteur, compteur 326, transactions 324)
2026-10-03 13:56:02 [INFO] Site visites libres du 2026-10-03 : entrees 135, sorties 95, presents 40 (pic {'n': 49, 'heure': '11:51'}, source compteur)
2026-10-03 14:01:01 [INFO] Site visites libres : Visites libres 10h00 - 19h00 (fenetre 09:30-19:30)
2026-10-03 14:01:02 [INFO] Borne 192.168.2.10:5205 - compteurs du musee (Area 511 VISITES MUSEE)
2026-10-03 14:01:02 [INFO]   511 VISITES MUSEE E=106372 S=0
2026-10-03 14:01:02 [INFO]   512 ENTREE MUSEE E=106372 S=0
2026-10-03 14:01:02 [INFO]   1208 TRI-MUS-55   E=26265 S=0
2026-10-03 14:01:02 [INFO]   1209 TRI-MUS-56   E=53508 S=0
2026-10-03 14:01:02 [INFO]   1210 TRI-MUS-57   E=26599 S=0
2026-10-03 14:01:02 [INFO]   1040 PDA.3.11     E=0 S=0
2026-10-03 14:01:02 [INFO] Compteurs du site (visites libres)
2026-10-03 14:01:02 [INFO]   749 TRI-NORV-27  E=599 S=30857
2026-10-03 14:01:02 [INFO]   750 TRI-NORV-28  E=30153 S=143
2026-10-03 14:01:02 [INFO]   751 TRI-NORV-PMR-29 E=2893 S=131
2026-10-03 14:01:02 [INFO]   transactions 13:46:02 -> 14:01:01 : 61 lues en 1 page(s), 29 musee, 32 site
2026-10-03 14:01:02 [INFO] Dialogue borne : 1.0 s
2026-10-03 14:01:03 [INFO] Visiteurs du 2026-10-03 : 342 (source compteur, compteur 342, transactions 342)
2026-10-03 14:01:03 [INFO] Site visites libres du 2026-10-03 : entrees 143, sorties 95, presents 48 (pic {'n': 49, 'heure': '11:51'}, source compteur)
2026-10-03 14:06:02 [INFO] Site visites libres : Visites libres 10h00 - 19h00 (fenetre 09:30-19:30)
2026-10-03 14:06:02 [INFO] Borne 192.168.2.10:5205 - compteurs du musee (Area 511 VISITES MUSEE)
2026-10-03 14:06:02 [INFO]   511 VISITES MUSEE E=106377 S=0
2026-10-03 14:06:02 [INFO]   512 ENTREE MUSEE E=106377 S=0
2026-10-03 14:06:02 [INFO]   1208 TRI-MUS-55   E=26265 S=0
2026-10-03 14:06:02 [INFO]   1209 TRI-MUS-56   E=53508 S=0
2026-10-03 14:06:02 [INFO]   1210 TRI-MUS-57   E=26604 S=0
2026-10-03 14:06:02 [INFO]   1040 PDA.3.11     E=0 S=0
2026-10-03 14:06:02 [INFO] Compteurs du site (visites libres)
2026-10-03 14:06:02 [INFO]   749 TRI-NORV-27  E=599 S=30858
2026-10-03 14:06:02 [INFO]   750 TRI-NORV-28  E=30153 S=143
2026-10-03 14:06:02 [INFO]   751 TRI-NORV-PMR-29 E=2893 S=131
2026-10-03 14:06:03 [INFO]   transactions 13:51:01 -> 14:06:02 : 39 lues en 1 page(s), 25 musee, 14 site
2026-10-03 14:06:03 [INFO] Dialogue borne : 1.0 s
2026-10-03 14:06:03 [INFO] Visiteurs du 2026-10-03 : 347 (source compteur, compteur 347, transactions 347)
2026-10-03 14:06:03 [INFO] Site visites libres du 2026-10-03 : entrees 143, sorties 96, presents 47 (pic {'n': 49, 'heure': '11:51'}, source compteur)
2026-10-03 14:11:01 [INFO] Site visites libres : Visites libres 10h00 - 19h00 (fenetre 09:30-19:30)
2026-10-03 14:11:02 [INFO] Borne 192.168.2.10:5205 - compteurs du musee (Area 511 VISITES MUSEE)
2026-10-03 14:11:02 [INFO]   511 VISITES MUSEE E=106388 S=0
2026-10-03 14:11:02 [INFO]   512 ENTREE MUSEE E=106388 S=0
2026-10-03 14:11:02 [INFO]   1208 TRI-MUS-55   E=26267 S=0
2026-10-03 14:11:02 [INFO]   1209 TRI-MUS-56   E=53512 S=0
2026-10-03 14:11:02 [INFO]   1210 TRI-MUS-57   E=26609 S=0
2026-10-03 14:11:02 [INFO]   1040 PDA.3.11     E=0 S=0
2026-10-03 14:11:02 [INFO] Compteurs du site (visites libres)
2026-10-03 14:11:02 [INFO]   749 TRI-NORV-27  E=599 S=30859
2026-10-03 14:11:02 [INFO]   750 TRI-NORV-28  E=30160 S=143
2026-10-03 14:11:02 [INFO]   751 TRI-NORV-PMR-29 E=2893 S=131
2026-10-03 14:11:03 [INFO]   transactions 13:56:02 -> 14:11:01 : 48 lues en 1 page(s), 34 musee, 14 site
2026-10-03 14:11:03 [INFO] Dialogue borne : 1.1 s
2026-10-03 14:11:03 [INFO] Visiteurs du 2026-10-03 : 358 (source compteur, compteur 358, transactions 356)
2026-10-03 14:11:03 [INFO] Site visites libres du 2026-10-03 : entrees 150, sorties 97, presents 53 (pic {'n': 53, 'heure': '14:11'}, source compteur)
2026-10-03 14:16:02 [INFO] Site visites libres : Visites libres 10h00 - 19h00 (fenetre 09:30-19:30)
2026-10-03 14:16:02 [INFO] Borne 192.168.2.10:5205 - compteurs du musee (Area 511 VISITES MUSEE)
2026-10-03 14:16:02 [INFO]   511 VISITES MUSEE E=106396 S=0
2026-10-03 14:16:02 [INFO]   512 ENTREE MUSEE E=106396 S=0
2026-10-03 14:16:02 [INFO]   1208 TRI-MUS-55   E=26269 S=0
2026-10-03 14:16:02 [INFO]   1209 TRI-MUS-56   E=53514 S=0
2026-10-03 14:16:02 [INFO]   1210 TRI-MUS-57   E=26613 S=0
2026-10-03 14:16:02 [INFO]   1040 PDA.3.11     E=0 S=0
2026-10-03 14:16:02 [INFO] Compteurs du site (visites libres)
2026-10-03 14:16:02 [INFO]   749 TRI-NORV-27  E=599 S=30859
2026-10-03 14:16:02 [INFO]   750 TRI-NORV-28  E=30164 S=143
2026-10-03 14:16:02 [INFO]   751 TRI-NORV-PMR-29 E=2893 S=131
2026-10-03 14:16:03 [INFO]   transactions 14:01:01 -> 14:16:02 : 39 lues en 1 page(s), 26 musee, 13 site
2026-10-03 14:16:03 [INFO] Dialogue borne : 1.1 s
2026-10-03 14:16:03 [INFO] Visiteurs du 2026-10-03 : 366 (source compteur, compteur 366, transactions 364)
2026-10-03 14:16:03 [INFO] Site visites libres du 2026-10-03 : entrees 154, sorties 97, presents 57 (pic {'n': 57, 'heure': '14:16'}, source compteur)
2026-10-03 14:21:02 [INFO] Site visites libres : Visites libres 10h00 - 19h00 (fenetre 09:30-19:30)
2026-10-03 14:21:02 [INFO] Borne 192.168.2.10:5205 - compteurs du musee (Area 511 VISITES MUSEE)
2026-10-03 14:21:02 [INFO]   511 VISITES MUSEE E=106417 S=0
2026-10-03 14:21:02 [INFO]   512 ENTREE MUSEE E=106417 S=0
2026-10-03 14:21:02 [INFO]   1208 TRI-MUS-55   E=26274 S=0
2026-10-03 14:21:02 [INFO]   1209 TRI-MUS-56   E=53525 S=0
2026-10-03 14:21:02 [INFO]   1210 TRI-MUS-57   E=26618 S=0
2026-10-03 14:21:02 [INFO]   1040 PDA.3.11     E=0 S=0
2026-10-03 14:21:02 [INFO] Compteurs du site (visites libres)
2026-10-03 14:21:02 [INFO]   749 TRI-NORV-27  E=599 S=30869
2026-10-03 14:21:02 [INFO]   750 TRI-NORV-28  E=30171 S=143
2026-10-03 14:21:02 [INFO]   751 TRI-NORV-PMR-29 E=2893 S=131
2026-10-03 14:21:03 [INFO]   transactions 14:06:02 -> 14:21:02 : 76 lues en 1 page(s), 47 musee, 29 site
2026-10-03 14:21:03 [INFO] Dialogue borne : 1.2 s
2026-10-03 14:21:03 [INFO] Visiteurs du 2026-10-03 : 387 (source compteur, compteur 387, transactions 387)
2026-10-03 14:21:03 [INFO] Site visites libres du 2026-10-03 : entrees 161, sorties 107, presents 54 (pic {'n': 57, 'heure': '14:16'}, source compteur)
2026-10-03 14:26:02 [INFO] Site visites libres : Visites libres 10h00 - 19h00 (fenetre 09:30-19:30)
2026-10-03 14:26:02 [INFO] Borne 192.168.2.10:5205 - compteurs du musee (Area 511 VISITES MUSEE)
2026-10-03 14:26:02 [INFO]   511 VISITES MUSEE E=106420 S=0
2026-10-03 14:26:02 [INFO]   512 ENTREE MUSEE E=106420 S=0
2026-10-03 14:26:02 [INFO]   1208 TRI-MUS-55   E=26275 S=0
2026-10-03 14:26:02 [INFO]   1209 TRI-MUS-56   E=53526 S=0
2026-10-03 14:26:02 [INFO]   1210 TRI-MUS-57   E=26619 S=0
2026-10-03 14:26:02 [INFO]   1040 PDA.3.11     E=0 S=0
2026-10-03 14:26:02 [INFO] Compteurs du site (visites libres)
2026-10-03 14:26:02 [INFO]   749 TRI-NORV-27  E=599 S=30871
2026-10-03 14:26:02 [INFO]   750 TRI-NORV-28  E=30174 S=143
2026-10-03 14:26:02 [INFO]   751 TRI-NORV-PMR-29 E=2893 S=131
2026-10-03 14:26:03 [INFO]   transactions 14:11:02 -> 14:26:02 : 62 lues en 1 page(s), 35 musee, 27 site
2026-10-03 14:26:03 [INFO] Dialogue borne : 1.2 s
2026-10-03 14:26:03 [INFO] Visiteurs du 2026-10-03 : 390 (source compteur, compteur 390, transactions 390)
2026-10-03 14:26:03 [INFO] Site visites libres du 2026-10-03 : entrees 164, sorties 109, presents 55 (pic {'n': 57, 'heure': '14:16'}, source compteur)
2026-10-03 14:31:01 [INFO] Site visites libres : Visites libres 10h00 - 19h00 (fenetre 09:30-19:30)
2026-10-03 14:31:02 [INFO] Borne 192.168.2.10:5205 - compteurs du musee (Area 511 VISITES MUSEE)
2026-10-03 14:31:02 [INFO]   511 VISITES MUSEE E=106431 S=0
2026-10-03 14:31:02 [INFO]   512 ENTREE MUSEE E=106431 S=0
2026-10-03 14:31:02 [INFO]   1208 TRI-MUS-55   E=26276 S=0
2026-10-03 14:31:02 [INFO]   1209 TRI-MUS-56   E=53531 S=0
2026-10-03 14:31:02 [INFO]   1210 TRI-MUS-57   E=26624 S=0
2026-10-03 14:31:02 [INFO]   1040 PDA.3.11     E=0 S=0
2026-10-03 14:31:02 [INFO] Compteurs du site (visites libres)
2026-10-03 14:31:02 [INFO]   749 TRI-NORV-27  E=599 S=30871
2026-10-03 14:31:02 [INFO]   750 TRI-NORV-28  E=30179 S=143
2026-10-03 14:31:02 [INFO]   751 TRI-NORV-PMR-29 E=2893 S=131
2026-10-03 14:31:03 [INFO]   transactions 14:16:02 -> 14:31:01 : 66 lues en 1 page(s), 38 musee, 28 site
2026-10-03 14:31:03 [INFO] Dialogue borne : 1.0 s
2026-10-03 14:31:03 [INFO] Visiteurs du 2026-10-03 : 401 (source compteur, compteur 401, transactions 401)
2026-10-03 14:31:03 [INFO] Site visites libres du 2026-10-03 : entrees 169, sorties 109, presents 60 (pic {'n': 60, 'heure': '14:31'}, source compteur)
2026-10-03 14:36:01 [INFO] Site visites libres : Visites libres 10h00 - 19h00 (fenetre 09:30-19:30)
2026-10-03 14:36:02 [INFO] Borne 192.168.2.10:5205 - compteurs du musee (Area 511 VISITES MUSEE)
2026-10-03 14:36:02 [INFO]   511 VISITES MUSEE E=106431 S=0
2026-10-03 14:36:02 [INFO]   512 ENTREE MUSEE E=106431 S=0
2026-10-03 14:36:02 [INFO]   1208 TRI-MUS-55   E=26276 S=0
2026-10-03 14:36:02 [INFO]   1209 TRI-MUS-56   E=53531 S=0
2026-10-03 14:36:02 [INFO]   1210 TRI-MUS-57   E=26624 S=0
2026-10-03 14:36:02 [INFO]   1040 PDA.3.11     E=0 S=0
2026-10-03 14:36:02 [INFO] Compteurs du site (visites libres)
2026-10-03 14:36:02 [INFO]   749 TRI-NORV-27  E=599 S=30873
2026-10-03 14:36:02 [INFO]   750 TRI-NORV-28  E=30183 S=143
2026-10-03 14:36:02 [INFO]   751 TRI-NORV-PMR-29 E=2893 S=131
2026-10-03 14:36:03 [INFO]   transactions 14:21:01 -> 14:36:01 : 31 lues en 1 page(s), 15 musee, 16 site
2026-10-03 14:36:03 [INFO] Dialogue borne : 1.1 s
2026-10-03 14:36:03 [INFO] Visiteurs du 2026-10-03 : 401 (source compteur, compteur 401, transactions 401)
2026-10-03 14:36:03 [INFO] Site visites libres du 2026-10-03 : entrees 173, sorties 111, presents 62 (pic {'n': 62, 'heure': '14:36'}, source compteur)
2026-10-03 14:41:01 [INFO] Site visites libres : Visites libres 10h00 - 19h00 (fenetre 09:30-19:30)
2026-10-03 14:41:02 [INFO] Borne 192.168.2.10:5205 - compteurs du musee (Area 511 VISITES MUSEE)
2026-10-03 14:41:02 [INFO]   511 VISITES MUSEE E=106444 S=0
2026-10-03 14:41:02 [INFO]   512 ENTREE MUSEE E=106444 S=0
2026-10-03 14:41:02 [INFO]   1208 TRI-MUS-55   E=26282 S=0
2026-10-03 14:41:02 [INFO]   1209 TRI-MUS-56   E=53532 S=0
2026-10-03 14:41:02 [INFO]   1210 TRI-MUS-57   E=26630 S=0
2026-10-03 14:41:02 [INFO]   1040 PDA.3.11     E=0 S=0
2026-10-03 14:41:02 [INFO] Compteurs du site (visites libres)
2026-10-03 14:41:02 [INFO]   749 TRI-NORV-27  E=599 S=30874
2026-10-03 14:41:02 [INFO]   750 TRI-NORV-28  E=30186 S=143
2026-10-03 14:41:02 [INFO]   751 TRI-NORV-PMR-29 E=2893 S=131
2026-10-03 14:41:02 [INFO]   transactions 14:26:01 -> 14:41:01 : 40 lues en 1 page(s), 25 musee, 15 site
2026-10-03 14:41:02 [INFO] Dialogue borne : 0.9 s
2026-10-03 14:41:03 [INFO] Visiteurs du 2026-10-03 : 414 (source compteur, compteur 414, transactions 414)
2026-10-03 14:41:03 [INFO] Site visites libres du 2026-10-03 : entrees 176, sorties 112, presents 64 (pic {'n': 64, 'heure': '14:41'}, source compteur)
2026-10-03 14:46:01 [INFO] Site visites libres : Visites libres 10h00 - 19h00 (fenetre 09:30-19:30)
2026-10-03 14:46:02 [INFO] Borne 192.168.2.10:5205 - compteurs du musee (Area 511 VISITES MUSEE)
2026-10-03 14:46:02 [INFO]   511 VISITES MUSEE E=106451 S=0
2026-10-03 14:46:02 [INFO]   512 ENTREE MUSEE E=106451 S=0
2026-10-03 14:46:02 [INFO]   1208 TRI-MUS-55   E=26283 S=0
2026-10-03 14:46:02 [INFO]   1209 TRI-MUS-56   E=53536 S=0
2026-10-03 14:46:02 [INFO]   1210 TRI-MUS-57   E=26632 S=0
2026-10-03 14:46:02 [INFO]   1040 PDA.3.11     E=0 S=0
2026-10-03 14:46:02 [INFO] Compteurs du site (visites libres)
2026-10-03 14:46:02 [INFO]   749 TRI-NORV-27  E=599 S=30881
2026-10-03 14:46:02 [INFO]   750 TRI-NORV-28  E=30187 S=143
2026-10-03 14:46:02 [INFO]   751 TRI-NORV-PMR-29 E=2893 S=131
2026-10-03 14:46:03 [INFO]   transactions 14:31:01 -> 14:46:01 : 39 lues en 1 page(s), 21 musee, 18 site
2026-10-03 14:46:03 [INFO] Dialogue borne : 1.1 s
2026-10-03 14:46:03 [INFO] Visiteurs du 2026-10-03 : 421 (source compteur, compteur 421, transactions 421)
2026-10-03 14:46:03 [INFO] Site visites libres du 2026-10-03 : entrees 177, sorties 119, presents 58 (pic {'n': 64, 'heure': '14:41'}, source compteur)
2026-10-03 14:51:02 [INFO] Site visites libres : Visites libres 10h00 - 19h00 (fenetre 09:30-19:30)
2026-10-03 14:51:02 [INFO] Borne 192.168.2.10:5205 - compteurs du musee (Area 511 VISITES MUSEE)
2026-10-03 14:51:02 [INFO]   511 VISITES MUSEE E=106468 S=0
2026-10-03 14:51:02 [INFO]   512 ENTREE MUSEE E=106468 S=0
2026-10-03 14:51:02 [INFO]   1208 TRI-MUS-55   E=26289 S=0
2026-10-03 14:51:02 [INFO]   1209 TRI-MUS-56   E=53539 S=0
2026-10-03 14:51:02 [INFO]   1210 TRI-MUS-57   E=26640 S=0
2026-10-03 14:51:02 [INFO]   1040 PDA.3.11     E=0 S=0
2026-10-03 14:51:02 [INFO] Compteurs du site (visites libres)
2026-10-03 14:51:02 [INFO]   749 TRI-NORV-27  E=599 S=30884
2026-10-03 14:51:02 [INFO]   750 TRI-NORV-28  E=30189 S=143
2026-10-03 14:51:02 [INFO]   751 TRI-NORV-PMR-29 E=2893 S=131
2026-10-03 14:51:03 [INFO]   transactions 14:36:01 -> 14:51:01 : 53 lues en 1 page(s), 36 musee, 17 site
2026-10-03 14:51:03 [INFO] Dialogue borne : 1.2 s
2026-10-03 14:51:03 [INFO] Visiteurs du 2026-10-03 : 438 (source compteur, compteur 438, transactions 437)
2026-10-03 14:51:03 [INFO] Site visites libres du 2026-10-03 : entrees 179, sorties 122, presents 57 (pic {'n': 64, 'heure': '14:41'}, source compteur)
2026-10-03 14:56:02 [INFO] Site visites libres : Visites libres 10h00 - 19h00 (fenetre 09:30-19:30)
2026-10-03 14:56:02 [INFO] Borne 192.168.2.10:5205 - compteurs du musee (Area 511 VISITES MUSEE)
2026-10-03 14:56:02 [INFO]   511 VISITES MUSEE E=106489 S=0
2026-10-03 14:56:02 [INFO]   512 ENTREE MUSEE E=106489 S=0
2026-10-03 14:56:02 [INFO]   1208 TRI-MUS-55   E=26292 S=0
2026-10-03 14:56:02 [INFO]   1209 TRI-MUS-56   E=53542 S=0
2026-10-03 14:56:02 [INFO]   1210 TRI-MUS-57   E=26655 S=0
2026-10-03 14:56:02 [INFO]   1040 PDA.3.11     E=0 S=0
2026-10-03 14:56:02 [INFO] Compteurs du site (visites libres)
2026-10-03 14:56:02 [INFO]   749 TRI-NORV-27  E=599 S=30888
2026-10-03 14:56:02 [INFO]   750 TRI-NORV-28  E=30199 S=143
2026-10-03 14:56:02 [INFO]   751 TRI-NORV-PMR-29 E=2893 S=131
2026-10-03 14:56:02 [INFO]   transactions 14:41:01 -> 14:56:02 : 72 lues en 1 page(s), 45 musee, 27 site
2026-10-03 14:56:02 [INFO] Dialogue borne : 1.0 s
2026-10-03 14:56:03 [INFO] Visiteurs du 2026-10-03 : 459 (source compteur, compteur 459, transactions 459)
2026-10-03 14:56:03 [INFO] Site visites libres du 2026-10-03 : entrees 189, sorties 126, presents 63 (pic {'n': 64, 'heure': '14:41'}, source compteur)
2026-10-03 15:01:02 [INFO] Site visites libres : Visites libres 10h00 - 19h00 (fenetre 09:30-19:30)
2026-10-03 15:01:02 [INFO] Borne 192.168.2.10:5205 - compteurs du musee (Area 511 VISITES MUSEE)
2026-10-03 15:01:02 [INFO]   511 VISITES MUSEE E=106492 S=0
2026-10-03 15:01:02 [INFO]   512 ENTREE MUSEE E=106492 S=0
2026-10-03 15:01:02 [INFO]   1208 TRI-MUS-55   E=26292 S=0
2026-10-03 15:01:02 [INFO]   1209 TRI-MUS-56   E=53544 S=0
2026-10-03 15:01:02 [INFO]   1210 TRI-MUS-57   E=26656 S=0
2026-10-03 15:01:02 [INFO]   1040 PDA.3.11     E=0 S=0
2026-10-03 15:01:02 [INFO] Compteurs du site (visites libres)
2026-10-03 15:01:02 [INFO]   749 TRI-NORV-27  E=599 S=30890
2026-10-03 15:01:02 [INFO]   750 TRI-NORV-28  E=30200 S=143
2026-10-03 15:01:02 [INFO]   751 TRI-NORV-PMR-29 E=2893 S=131
2026-10-03 15:01:03 [INFO]   transactions 14:46:02 -> 15:01:01 : 64 lues en 1 page(s), 41 musee, 23 site
2026-10-03 15:01:03 [INFO] Dialogue borne : 1.0 s
2026-10-03 15:01:03 [INFO] Visiteurs du 2026-10-03 : 462 (source compteur, compteur 462, transactions 462)
2026-10-03 15:01:03 [INFO] Site visites libres du 2026-10-03 : entrees 190, sorties 128, presents 62 (pic {'n': 64, 'heure': '14:41'}, source compteur)
2026-10-03 15:06:01 [INFO] Site visites libres : Visites libres 10h00 - 19h00 (fenetre 09:30-19:30)
2026-10-03 15:06:02 [INFO] Borne 192.168.2.10:5205 - compteurs du musee (Area 511 VISITES MUSEE)
2026-10-03 15:06:02 [INFO]   511 VISITES MUSEE E=106496 S=0
2026-10-03 15:06:02 [INFO]   512 ENTREE MUSEE E=106496 S=0
2026-10-03 15:06:02 [INFO]   1208 TRI-MUS-55   E=26296 S=0
2026-10-03 15:06:02 [INFO]   1209 TRI-MUS-56   E=53544 S=0
2026-10-03 15:06:02 [INFO]   1210 TRI-MUS-57   E=26656 S=0
2026-10-03 15:06:02 [INFO]   1040 PDA.3.11     E=0 S=0
2026-10-03 15:06:02 [INFO] Compteurs du site (visites libres)
2026-10-03 15:06:02 [INFO]   749 TRI-NORV-27  E=599 S=30892
2026-10-03 15:06:02 [INFO]   750 TRI-NORV-28  E=30216 S=143
2026-10-03 15:06:02 [INFO]   751 TRI-NORV-PMR-29 E=2893 S=131
2026-10-03 15:06:03 [INFO]   transactions 14:51:01 -> 15:06:01 : 65 lues en 1 page(s), 28 musee, 37 site
2026-10-03 15:06:03 [INFO] Dialogue borne : 1.1 s
2026-10-03 15:06:03 [INFO] Visiteurs du 2026-10-03 : 466 (source compteur, compteur 466, transactions 466)
2026-10-03 15:06:03 [INFO] Site visites libres du 2026-10-03 : entrees 206, sorties 130, presents 76 (pic {'n': 76, 'heure': '15:06'}, source compteur)
2026-10-03 15:11:02 [INFO] Site visites libres : Visites libres 10h00 - 19h00 (fenetre 09:30-19:30)
2026-10-03 15:11:02 [INFO] Borne 192.168.2.10:5205 - compteurs du musee (Area 511 VISITES MUSEE)
2026-10-03 15:11:02 [INFO]   511 VISITES MUSEE E=106509 S=0
2026-10-03 15:11:02 [INFO]   512 ENTREE MUSEE E=106509 S=0
2026-10-03 15:11:02 [INFO]   1208 TRI-MUS-55   E=26298 S=0
2026-10-03 15:11:02 [INFO]   1209 TRI-MUS-56   E=53554 S=0
2026-10-03 15:11:02 [INFO]   1210 TRI-MUS-57   E=26657 S=0
2026-10-03 15:11:02 [INFO]   1040 PDA.3.11     E=0 S=0
2026-10-03 15:11:02 [INFO] Compteurs du site (visites libres)
2026-10-03 15:11:02 [INFO]   749 TRI-NORV-27  E=599 S=30901
2026-10-03 15:11:02 [INFO]   750 TRI-NORV-28  E=30222 S=143
2026-10-03 15:11:02 [INFO]   751 TRI-NORV-PMR-29 E=2893 S=131
2026-10-03 15:11:03 [INFO]   transactions 14:56:01 -> 15:11:02 : 59 lues en 1 page(s), 20 musee, 39 site
2026-10-03 15:11:03 [INFO] Dialogue borne : 1.1 s
2026-10-03 15:11:03 [INFO] Visiteurs du 2026-10-03 : 479 (source compteur, compteur 479, transactions 479)
2026-10-03 15:11:03 [INFO] Site visites libres du 2026-10-03 : entrees 212, sorties 139, presents 73 (pic {'n': 76, 'heure': '15:06'}, source compteur)
2026-10-03 15:16:02 [INFO] Site visites libres : Visites libres 10h00 - 19h00 (fenetre 09:30-19:30)
2026-10-03 15:16:02 [INFO] Borne 192.168.2.10:5205 - compteurs du musee (Area 511 VISITES MUSEE)
2026-10-03 15:16:02 [INFO]   511 VISITES MUSEE E=106537 S=0
2026-10-03 15:16:02 [INFO]   512 ENTREE MUSEE E=106537 S=0
2026-10-03 15:16:02 [INFO]   1208 TRI-MUS-55   E=26312 S=0
2026-10-03 15:16:02 [INFO]   1209 TRI-MUS-56   E=53561 S=0
2026-10-03 15:16:02 [INFO]   1210 TRI-MUS-57   E=26664 S=0
2026-10-03 15:16:02 [INFO]   1040 PDA.3.11     E=0 S=0
2026-10-03 15:16:02 [INFO] Compteurs du site (visites libres)
2026-10-03 15:16:02 [INFO]   749 TRI-NORV-27  E=599 S=30912
2026-10-03 15:16:02 [INFO]   750 TRI-NORV-28  E=30229 S=143
2026-10-03 15:16:02 [INFO]   751 TRI-NORV-PMR-29 E=2893 S=131
2026-10-03 15:16:03 [INFO]   transactions 15:01:02 -> 15:16:01 : 98 lues en 1 page(s), 45 musee, 53 site
2026-10-03 15:16:03 [INFO] Dialogue borne : 1.0 s
2026-10-03 15:16:03 [INFO] Visiteurs du 2026-10-03 : 507 (source compteur, compteur 507, transactions 507)
2026-10-03 15:16:03 [INFO] Site visites libres du 2026-10-03 : entrees 219, sorties 150, presents 69 (pic {'n': 76, 'heure': '15:06'}, source compteur)
2026-10-03 15:21:02 [INFO] Site visites libres : Visites libres 10h00 - 19h00 (fenetre 09:30-19:30)
2026-10-03 15:21:02 [INFO] Borne 192.168.2.10:5205 - compteurs du musee (Area 511 VISITES MUSEE)
2026-10-03 15:21:02 [INFO]   511 VISITES MUSEE E=106557 S=0
2026-10-03 15:21:02 [INFO]   512 ENTREE MUSEE E=106557 S=0
2026-10-03 15:21:02 [INFO]   1208 TRI-MUS-55   E=26320 S=0
2026-10-03 15:21:02 [INFO]   1209 TRI-MUS-56   E=53565 S=0
2026-10-03 15:21:02 [INFO]   1210 TRI-MUS-57   E=26672 S=0
2026-10-03 15:21:02 [INFO]   1040 PDA.3.11     E=0 S=0
2026-10-03 15:21:02 [INFO] Compteurs du site (visites libres)
2026-10-03 15:21:02 [INFO]   749 TRI-NORV-27  E=599 S=30917
2026-10-03 15:21:02 [INFO]   750 TRI-NORV-28  E=30234 S=143
2026-10-03 15:21:02 [INFO]   751 TRI-NORV-PMR-29 E=2893 S=131
2026-10-03 15:21:03 [INFO]   transactions 15:06:01 -> 15:21:02 : 108 lues en 2 page(s), 65 musee, 43 site
2026-10-03 15:21:03 [INFO] Dialogue borne : 1.1 s
2026-10-03 15:21:03 [INFO] Visiteurs du 2026-10-03 : 527 (source compteur, compteur 527, transactions 526)
2026-10-03 15:21:03 [INFO] Site visites libres du 2026-10-03 : entrees 224, sorties 155, presents 69 (pic {'n': 76, 'heure': '15:06'}, source compteur)
2026-10-03 15:26:02 [INFO] Site visites libres : Visites libres 10h00 - 19h00 (fenetre 09:30-19:30)
2026-10-03 15:26:02 [INFO] Borne 192.168.2.10:5205 - compteurs du musee (Area 511 VISITES MUSEE)
2026-10-03 15:26:02 [INFO]   511 VISITES MUSEE E=106566 S=0
2026-10-03 15:26:02 [INFO]   512 ENTREE MUSEE E=106566 S=0
2026-10-03 15:26:02 [INFO]   1208 TRI-MUS-55   E=26323 S=0
2026-10-03 15:26:02 [INFO]   1209 TRI-MUS-56   E=53570 S=0
2026-10-03 15:26:02 [INFO]   1210 TRI-MUS-57   E=26673 S=0
2026-10-03 15:26:02 [INFO]   1040 PDA.3.11     E=0 S=0
2026-10-03 15:26:02 [INFO] Compteurs du site (visites libres)
2026-10-03 15:26:02 [INFO]   749 TRI-NORV-27  E=599 S=30924
2026-10-03 15:26:02 [INFO]   750 TRI-NORV-28  E=30237 S=143
2026-10-03 15:26:02 [INFO]   751 TRI-NORV-PMR-29 E=2893 S=131
2026-10-03 15:26:02 [INFO]   transactions 15:11:02 -> 15:26:02 : 99 lues en 1 page(s), 62 musee, 37 site
2026-10-03 15:26:02 [INFO] Dialogue borne : 0.9 s
2026-10-03 15:26:03 [INFO] Visiteurs du 2026-10-03 : 536 (source compteur, compteur 536, transactions 536)
2026-10-03 15:26:03 [INFO] Site visites libres du 2026-10-03 : entrees 227, sorties 162, presents 65 (pic {'n': 76, 'heure': '15:06'}, source compteur)
2026-10-03 15:31:01 [INFO] Site visites libres : Visites libres 10h00 - 19h00 (fenetre 09:30-19:30)
2026-10-03 15:31:01 [INFO] Borne 192.168.2.10:5205 - compteurs du musee (Area 511 VISITES MUSEE)
2026-10-03 15:31:02 [INFO]   511 VISITES MUSEE E=106572 S=0
2026-10-03 15:31:02 [INFO]   512 ENTREE MUSEE E=106572 S=0
2026-10-03 15:31:02 [INFO]   1208 TRI-MUS-55   E=26326 S=0
2026-10-03 15:31:02 [INFO]   1209 TRI-MUS-56   E=53573 S=0
2026-10-03 15:31:02 [INFO]   1210 TRI-MUS-57   E=26673 S=0
2026-10-03 15:31:02 [INFO]   1040 PDA.3.11     E=0 S=0
2026-10-03 15:31:02 [INFO] Compteurs du site (visites libres)
2026-10-03 15:31:02 [INFO]   749 TRI-NORV-27  E=599 S=30924
2026-10-03 15:31:02 [INFO]   750 TRI-NORV-28  E=30237 S=143
2026-10-03 15:31:02 [INFO]   751 TRI-NORV-PMR-29 E=2893 S=131
2026-10-03 15:31:03 [INFO]   transactions 15:16:02 -> 15:31:01 : 56 lues en 1 page(s), 36 musee, 20 site
2026-10-03 15:31:03 [INFO] Dialogue borne : 1.0 s
2026-10-03 15:31:03 [INFO] Visiteurs du 2026-10-03 : 542 (source compteur, compteur 542, transactions 542)
2026-10-03 15:31:03 [INFO] Site visites libres du 2026-10-03 : entrees 227, sorties 162, presents 65 (pic {'n': 76, 'heure': '15:06'}, source compteur)
2026-10-03 15:36:02 [INFO] Site visites libres : Visites libres 10h00 - 19h00 (fenetre 09:30-19:30)
2026-10-03 15:36:02 [INFO] Borne 192.168.2.10:5205 - compteurs du musee (Area 511 VISITES MUSEE)
2026-10-03 15:36:02 [INFO]   511 VISITES MUSEE E=106590 S=0
2026-10-03 15:36:02 [INFO]   512 ENTREE MUSEE E=106590 S=0
2026-10-03 15:36:02 [INFO]   1208 TRI-MUS-55   E=26328 S=0
2026-10-03 15:36:02 [INFO]   1209 TRI-MUS-56   E=53579 S=0
2026-10-03 15:36:02 [INFO]   1210 TRI-MUS-57   E=26683 S=0
2026-10-03 15:36:02 [INFO]   1040 PDA.3.11     E=0 S=0
2026-10-03 15:36:02 [INFO] Compteurs du site (visites libres)
2026-10-03 15:36:02 [INFO]   749 TRI-NORV-27  E=599 S=30924
2026-10-03 15:36:02 [INFO]   750 TRI-NORV-28  E=30241 S=143
2026-10-03 15:36:02 [INFO]   751 TRI-NORV-PMR-29 E=2893 S=131
2026-10-03 15:36:03 [INFO]   transactions 15:21:01 -> 15:36:02 : 44 lues en 1 page(s), 30 musee, 14 site
2026-10-03 15:36:03 [INFO] Dialogue borne : 1.2 s
2026-10-03 15:36:03 [INFO] Visiteurs du 2026-10-03 : 560 (source compteur, compteur 560, transactions 557)
2026-10-03 15:36:03 [INFO] Site visites libres du 2026-10-03 : entrees 231, sorties 162, presents 69 (pic {'n': 76, 'heure': '15:06'}, source compteur)
2026-10-03 15:41:01 [INFO] Site visites libres : Visites libres 10h00 - 19h00 (fenetre 09:30-19:30)
2026-10-03 15:41:02 [INFO] Borne 192.168.2.10:5205 - compteurs du musee (Area 511 VISITES MUSEE)
2026-10-03 15:41:02 [INFO]   511 VISITES MUSEE E=106604 S=0
2026-10-03 15:41:02 [INFO]   512 ENTREE MUSEE E=106604 S=0
2026-10-03 15:41:02 [INFO]   1208 TRI-MUS-55   E=26330 S=0
2026-10-03 15:41:02 [INFO]   1209 TRI-MUS-56   E=53586 S=0
2026-10-03 15:41:02 [INFO]   1210 TRI-MUS-57   E=26688 S=0
2026-10-03 15:41:02 [INFO]   1040 PDA.3.11     E=0 S=0
2026-10-03 15:41:02 [INFO] Compteurs du site (visites libres)
2026-10-03 15:41:02 [INFO]   749 TRI-NORV-27  E=600 S=30936
2026-10-03 15:41:02 [INFO]   750 TRI-NORV-28  E=30248 S=143
2026-10-03 15:41:02 [INFO]   751 TRI-NORV-PMR-29 E=2893 S=131
2026-10-03 15:41:03 [INFO]   transactions 15:26:02 -> 15:41:01 : 60 lues en 1 page(s), 38 musee, 22 site
2026-10-03 15:41:03 [INFO] Dialogue borne : 1.1 s
2026-10-03 15:41:03 [INFO] Visiteurs du 2026-10-03 : 574 (source compteur, compteur 574, transactions 574)
2026-10-03 15:41:03 [INFO] Site visites libres du 2026-10-03 : entrees 239, sorties 174, presents 65 (pic {'n': 76, 'heure': '15:06'}, source compteur)
2026-10-03 15:46:02 [INFO] Site visites libres : Visites libres 10h00 - 19h00 (fenetre 09:30-19:30)
2026-10-03 15:46:02 [INFO] Borne 192.168.2.10:5205 - compteurs du musee (Area 511 VISITES MUSEE)
2026-10-03 15:46:02 [INFO]   511 VISITES MUSEE E=106623 S=0
2026-10-03 15:46:02 [INFO]   512 ENTREE MUSEE E=106623 S=0
2026-10-03 15:46:02 [INFO]   1208 TRI-MUS-55   E=26338 S=0
2026-10-03 15:46:02 [INFO]   1209 TRI-MUS-56   E=53591 S=0
2026-10-03 15:46:02 [INFO]   1210 TRI-MUS-57   E=26694 S=0
2026-10-03 15:46:02 [INFO]   1040 PDA.3.11     E=0 S=0
2026-10-03 15:46:02 [INFO] Compteurs du site (visites libres)
2026-10-03 15:46:02 [INFO]   749 TRI-NORV-27  E=601 S=30944
2026-10-03 15:46:02 [INFO]   750 TRI-NORV-28  E=30250 S=143
2026-10-03 15:46:02 [INFO]   751 TRI-NORV-PMR-29 E=2893 S=131
2026-10-03 15:46:03 [INFO]   transactions 15:31:01 -> 15:46:01 : 79 lues en 1 page(s), 48 musee, 31 site
2026-10-03 15:46:03 [INFO] Dialogue borne : 1.2 s
2026-10-03 15:46:03 [INFO] Visiteurs du 2026-10-03 : 593 (source compteur, compteur 593, transactions 590)
2026-10-03 15:46:03 [INFO] Site visites libres du 2026-10-03 : entrees 242, sorties 182, presents 60 (pic {'n': 76, 'heure': '15:06'}, source compteur)
2026-10-03 15:51:01 [INFO] Site visites libres : Visites libres 10h00 - 19h00 (fenetre 09:30-19:30)
2026-10-03 15:51:02 [INFO] Borne 192.168.2.10:5205 - compteurs du musee (Area 511 VISITES MUSEE)
2026-10-03 15:51:02 [INFO]   511 VISITES MUSEE E=106648 S=0
2026-10-03 15:51:02 [INFO]   512 ENTREE MUSEE E=106648 S=0
2026-10-03 15:51:02 [INFO]   1208 TRI-MUS-55   E=26348 S=0
2026-10-03 15:51:02 [INFO]   1209 TRI-MUS-56   E=53597 S=0
2026-10-03 15:51:02 [INFO]   1210 TRI-MUS-57   E=26703 S=0
2026-10-03 15:51:02 [INFO]   1040 PDA.3.11     E=0 S=0
2026-10-03 15:51:02 [INFO] Compteurs du site (visites libres)
2026-10-03 15:51:02 [INFO]   749 TRI-NORV-27  E=601 S=30949
2026-10-03 15:51:02 [INFO]   750 TRI-NORV-28  E=30258 S=143
2026-10-03 15:51:02 [INFO]   751 TRI-NORV-PMR-29 E=2893 S=131
2026-10-03 15:51:03 [INFO]   transactions 15:36:01 -> 15:51:01 : 103 lues en 2 page(s), 58 musee, 45 site
2026-10-03 15:51:03 [INFO] Dialogue borne : 1.0 s
2026-10-03 15:51:03 [INFO] Visiteurs du 2026-10-03 : 618 (source compteur, compteur 618, transactions 618)
2026-10-03 15:51:03 [INFO] Site visites libres du 2026-10-03 : entrees 250, sorties 187, presents 63 (pic {'n': 76, 'heure': '15:06'}, source compteur)
2026-10-03 15:56:02 [INFO] Site visites libres : Visites libres 10h00 - 19h00 (fenetre 09:30-19:30)
2026-10-03 15:56:02 [INFO] Borne 192.168.2.10:5205 - compteurs du musee (Area 511 VISITES MUSEE)
2026-10-03 15:56:02 [INFO]   511 VISITES MUSEE E=106671 S=0
2026-10-03 15:56:02 [INFO]   512 ENTREE MUSEE E=106671 S=0
2026-10-03 15:56:02 [INFO]   1208 TRI-MUS-55   E=26355 S=0
2026-10-03 15:56:02 [INFO]   1209 TRI-MUS-56   E=53603 S=0
2026-10-03 15:56:02 [INFO]   1210 TRI-MUS-57   E=26713 S=0
2026-10-03 15:56:02 [INFO]   1040 PDA.3.11     E=0 S=0
2026-10-03 15:56:02 [INFO] Compteurs du site (visites libres)
2026-10-03 15:56:02 [INFO]   749 TRI-NORV-27  E=601 S=30955
2026-10-03 15:56:02 [INFO]   750 TRI-NORV-28  E=30265 S=143
2026-10-03 15:56:02 [INFO]   751 TRI-NORV-PMR-29 E=2893 S=131
2026-10-03 15:56:03 [INFO]   transactions 15:41:01 -> 15:56:02 : 105 lues en 2 page(s), 68 musee, 37 site
2026-10-03 15:56:03 [INFO] Dialogue borne : 1.1 s
2026-10-03 15:56:03 [INFO] Visiteurs du 2026-10-03 : 641 (source compteur, compteur 641, transactions 641)
2026-10-03 15:56:03 [INFO] Site visites libres du 2026-10-03 : entrees 257, sorties 193, presents 64 (pic {'n': 76, 'heure': '15:06'}, source compteur)
2026-10-03 16:01:02 [INFO] Site visites libres : Visites libres 10h00 - 19h00 (fenetre 09:30-19:30)
2026-10-03 16:01:02 [INFO] Borne 192.168.2.10:5205 - compteurs du musee (Area 511 VISITES MUSEE)
2026-10-03 16:01:02 [INFO]   511 VISITES MUSEE E=106679 S=0
2026-10-03 16:01:02 [INFO]   512 ENTREE MUSEE E=106679 S=0
2026-10-03 16:01:02 [INFO]   1208 TRI-MUS-55   E=26358 S=0
2026-10-03 16:01:02 [INFO]   1209 TRI-MUS-56   E=53606 S=0
2026-10-03 16:01:02 [INFO]   1210 TRI-MUS-57   E=26715 S=0
2026-10-03 16:01:02 [INFO]   1040 PDA.3.11     E=0 S=0
2026-10-03 16:01:02 [INFO] Compteurs du site (visites libres)
2026-10-03 16:01:02 [INFO]   749 TRI-NORV-27  E=601 S=30956
2026-10-03 16:01:02 [INFO]   750 TRI-NORV-28  E=30277 S=143
2026-10-03 16:01:02 [INFO]   751 TRI-NORV-PMR-29 E=2893 S=131
2026-10-03 16:01:03 [INFO]   transactions 15:46:02 -> 16:01:01 : 100 lues en 2 page(s), 61 musee, 39 site
2026-10-03 16:01:03 [INFO] Dialogue borne : 1.2 s
2026-10-03 16:01:03 [INFO] Visiteurs du 2026-10-03 : 649 (source compteur, compteur 649, transactions 647)
2026-10-03 16:01:03 [INFO] Site visites libres du 2026-10-03 : entrees 269, sorties 194, presents 75 (pic {'n': 76, 'heure': '15:06'}, source compteur)
2026-10-03 16:06:02 [INFO] Site visites libres : Visites libres 10h00 - 19h00 (fenetre 09:30-19:30)
2026-10-03 16:06:02 [INFO] Borne 192.168.2.10:5205 - compteurs du musee (Area 511 VISITES MUSEE)
2026-10-03 16:06:02 [INFO]   511 VISITES MUSEE E=106693 S=0
2026-10-03 16:06:02 [INFO]   512 ENTREE MUSEE E=106693 S=0
2026-10-03 16:06:02 [INFO]   1208 TRI-MUS-55   E=26365 S=0
2026-10-03 16:06:02 [INFO]   1209 TRI-MUS-56   E=53610 S=0
2026-10-03 16:06:02 [INFO]   1210 TRI-MUS-57   E=26718 S=0
2026-10-03 16:06:02 [INFO]   1040 PDA.3.11     E=0 S=0
2026-10-03 16:06:02 [INFO] Compteurs du site (visites libres)
2026-10-03 16:06:02 [INFO]   749 TRI-NORV-27  E=601 S=30959
2026-10-03 16:06:02 [INFO]   750 TRI-NORV-28  E=30281 S=143
2026-10-03 16:06:02 [INFO]   751 TRI-NORV-PMR-29 E=2893 S=131
2026-10-03 16:06:03 [INFO]   transactions 15:51:01 -> 16:06:02 : 87 lues en 1 page(s), 52 musee, 35 site
2026-10-03 16:06:03 [INFO] Dialogue borne : 1.0 s
2026-10-03 16:06:03 [INFO] Visiteurs du 2026-10-03 : 663 (source compteur, compteur 663, transactions 663)
2026-10-03 16:06:03 [INFO] Site visites libres du 2026-10-03 : entrees 273, sorties 197, presents 76 (pic {'n': 76, 'heure': '15:06'}, source compteur)
2026-10-03 16:11:02 [INFO] Site visites libres : Visites libres 10h00 - 19h00 (fenetre 09:30-19:30)
2026-10-03 16:11:02 [INFO] Borne 192.168.2.10:5205 - compteurs du musee (Area 511 VISITES MUSEE)
2026-10-03 16:11:02 [INFO]   511 VISITES MUSEE E=106704 S=0
2026-10-03 16:11:02 [INFO]   512 ENTREE MUSEE E=106704 S=0
2026-10-03 16:11:02 [INFO]   1208 TRI-MUS-55   E=26367 S=0
2026-10-03 16:11:02 [INFO]   1209 TRI-MUS-56   E=53616 S=0
2026-10-03 16:11:02 [INFO]   1210 TRI-MUS-57   E=26721 S=0
2026-10-03 16:11:02 [INFO]   1040 PDA.3.11     E=0 S=0
2026-10-03 16:11:02 [INFO] Compteurs du site (visites libres)
2026-10-03 16:11:02 [INFO]   749 TRI-NORV-27  E=601 S=30967
2026-10-03 16:11:02 [INFO]   750 TRI-NORV-28  E=30299 S=143
2026-10-03 16:11:02 [INFO]   751 TRI-NORV-PMR-29 E=2893 S=131
2026-10-03 16:11:03 [INFO]   transactions 15:56:02 -> 16:11:02 : 88 lues en 1 page(s), 40 musee, 48 site
2026-10-03 16:11:03 [INFO] Dialogue borne : 1.1 s
2026-10-03 16:11:03 [INFO] Visiteurs du 2026-10-03 : 674 (source compteur, compteur 674, transactions 674)
2026-10-03 16:11:03 [INFO] Site visites libres du 2026-10-03 : entrees 291, sorties 205, presents 86 (pic {'n': 86, 'heure': '16:11'}, source compteur)
2026-10-03 16:16:02 [INFO] Site visites libres : Visites libres 10h00 - 19h00 (fenetre 09:30-19:30)
2026-10-03 16:16:02 [INFO] Borne 192.168.2.10:5205 - compteurs du musee (Area 511 VISITES MUSEE)
2026-10-03 16:16:02 [INFO]   511 VISITES MUSEE E=106712 S=0
2026-10-03 16:16:02 [INFO]   512 ENTREE MUSEE E=106712 S=0
2026-10-03 16:16:02 [INFO]   1208 TRI-MUS-55   E=26369 S=0
2026-10-03 16:16:02 [INFO]   1209 TRI-MUS-56   E=53620 S=0
2026-10-03 16:16:02 [INFO]   1210 TRI-MUS-57   E=26723 S=0
2026-10-03 16:16:02 [INFO]   1040 PDA.3.11     E=0 S=0
2026-10-03 16:16:02 [INFO] Compteurs du site (visites libres)
2026-10-03 16:16:02 [INFO]   749 TRI-NORV-27  E=601 S=30967
2026-10-03 16:16:02 [INFO]   750 TRI-NORV-28  E=30306 S=143
2026-10-03 16:16:02 [INFO]   751 TRI-NORV-PMR-29 E=2893 S=131
2026-10-03 16:16:03 [INFO]   transactions 16:01:02 -> 16:16:02 : 78 lues en 1 page(s), 35 musee, 43 site
2026-10-03 16:16:03 [INFO] Dialogue borne : 1.2 s
2026-10-03 16:16:03 [INFO] Visiteurs du 2026-10-03 : 682 (source compteur, compteur 682, transactions 682)
2026-10-03 16:16:03 [INFO] Site visites libres du 2026-10-03 : entrees 298, sorties 205, presents 93 (pic {'n': 93, 'heure': '16:16'}, source compteur)
2026-10-03 16:21:02 [INFO] Site visites libres : Visites libres 10h00 - 19h00 (fenetre 09:30-19:30)
2026-10-03 16:21:02 [INFO] Borne 192.168.2.10:5205 - compteurs du musee (Area 511 VISITES MUSEE)
2026-10-03 16:21:02 [INFO]   511 VISITES MUSEE E=106720 S=0
2026-10-03 16:21:02 [INFO]   512 ENTREE MUSEE E=106720 S=0
2026-10-03 16:21:02 [INFO]   1208 TRI-MUS-55   E=26374 S=0
2026-10-03 16:21:02 [INFO]   1209 TRI-MUS-56   E=53621 S=0
2026-10-03 16:21:02 [INFO]   1210 TRI-MUS-57   E=26725 S=0
2026-10-03 16:21:02 [INFO]   1040 PDA.3.11     E=0 S=0
2026-10-03 16:21:02 [INFO] Compteurs du site (visites libres)
2026-10-03 16:21:02 [INFO]   749 TRI-NORV-27  E=601 S=30973
2026-10-03 16:21:02 [INFO]   750 TRI-NORV-28  E=30306 S=143
2026-10-03 16:21:02 [INFO]   751 TRI-NORV-PMR-29 E=2893 S=131
2026-10-03 16:21:03 [INFO]   transactions 16:06:02 -> 16:21:02 : 65 lues en 1 page(s), 25 musee, 40 site
2026-10-03 16:21:03 [INFO] Dialogue borne : 1.0 s
2026-10-03 16:21:03 [INFO] Visiteurs du 2026-10-03 : 690 (source compteur, compteur 690, transactions 686)
2026-10-03 16:21:03 [INFO] Site visites libres du 2026-10-03 : entrees 298, sorties 211, presents 87 (pic {'n': 93, 'heure': '16:16'}, source compteur)
2026-10-03 16:26:02 [INFO] Site visites libres : Visites libres 10h00 - 19h00 (fenetre 09:30-19:30)
2026-10-03 16:26:02 [INFO] Borne 192.168.2.10:5205 - compteurs du musee (Area 511 VISITES MUSEE)
2026-10-03 16:26:02 [INFO]   511 VISITES MUSEE E=106724 S=0
2026-10-03 16:26:02 [INFO]   512 ENTREE MUSEE E=106724 S=0
2026-10-03 16:26:02 [INFO]   1208 TRI-MUS-55   E=26376 S=0
2026-10-03 16:26:02 [INFO]   1209 TRI-MUS-56   E=53622 S=0
2026-10-03 16:26:02 [INFO]   1210 TRI-MUS-57   E=26726 S=0
2026-10-03 16:26:02 [INFO]   1040 PDA.3.11     E=0 S=0
2026-10-03 16:26:02 [INFO] Compteurs du site (visites libres)
2026-10-03 16:26:02 [INFO]   749 TRI-NORV-27  E=601 S=30980
2026-10-03 16:26:02 [INFO]   750 TRI-NORV-28  E=30317 S=143
2026-10-03 16:26:02 [INFO]   751 TRI-NORV-PMR-29 E=2893 S=131
2026-10-03 16:26:03 [INFO]   transactions 16:11:02 -> 16:26:02 : 51 lues en 1 page(s), 20 musee, 31 site
2026-10-03 16:26:03 [INFO] Dialogue borne : 1.1 s
2026-10-03 16:26:03 [INFO] Visiteurs du 2026-10-03 : 694 (source compteur, compteur 694, transactions 694)
2026-10-03 16:26:03 [INFO] Site visites libres du 2026-10-03 : entrees 309, sorties 218, presents 91 (pic {'n': 93, 'heure': '16:16'}, source compteur)
2026-10-03 16:31:02 [INFO] Site visites libres : Visites libres 10h00 - 19h00 (fenetre 09:30-19:30)
2026-10-03 16:31:02 [INFO] Borne 192.168.2.10:5205 - compteurs du musee (Area 511 VISITES MUSEE)
2026-10-03 16:31:02 [INFO]   511 VISITES MUSEE E=106737 S=0
2026-10-03 16:31:02 [INFO]   512 ENTREE MUSEE E=106737 S=0
2026-10-03 16:31:02 [INFO]   1208 TRI-MUS-55   E=26379 S=0
2026-10-03 16:31:02 [INFO]   1209 TRI-MUS-56   E=53626 S=0
2026-10-03 16:31:02 [INFO]   1210 TRI-MUS-57   E=26732 S=0
2026-10-03 16:31:02 [INFO]   1040 PDA.3.11     E=0 S=0
2026-10-03 16:31:02 [INFO] Compteurs du site (visites libres)
2026-10-03 16:31:02 [INFO]   749 TRI-NORV-27  E=601 S=30980
2026-10-03 16:31:02 [INFO]   750 TRI-NORV-28  E=30318 S=143
2026-10-03 16:31:02 [INFO]   751 TRI-NORV-PMR-29 E=2893 S=131
2026-10-03 16:31:03 [INFO]   transactions 16:16:02 -> 16:31:02 : 51 lues en 1 page(s), 23 musee, 28 site
2026-10-03 16:31:03 [INFO] Dialogue borne : 1.0 s
2026-10-03 16:31:03 [INFO] Visiteurs du 2026-10-03 : 707 (source compteur, compteur 707, transactions 705)
2026-10-03 16:31:03 [INFO] Site visites libres du 2026-10-03 : entrees 310, sorties 218, presents 92 (pic {'n': 93, 'heure': '16:16'}, source compteur)
2026-10-03 16:36:02 [INFO] Site visites libres : Visites libres 10h00 - 19h00 (fenetre 09:30-19:30)
2026-10-03 16:36:02 [INFO] Borne 192.168.2.10:5205 - compteurs du musee (Area 511 VISITES MUSEE)
2026-10-03 16:36:02 [INFO]   511 VISITES MUSEE E=106753 S=0
2026-10-03 16:36:02 [INFO]   512 ENTREE MUSEE E=106753 S=0
2026-10-03 16:36:02 [INFO]   1208 TRI-MUS-55   E=26383 S=0
2026-10-03 16:36:02 [INFO]   1209 TRI-MUS-56   E=53632 S=0
2026-10-03 16:36:02 [INFO]   1210 TRI-MUS-57   E=26738 S=0
2026-10-03 16:36:02 [INFO]   1040 PDA.3.11     E=0 S=0
2026-10-03 16:36:02 [INFO] Compteurs du site (visites libres)
2026-10-03 16:36:02 [INFO]   749 TRI-NORV-27  E=601 S=30997
2026-10-03 16:36:02 [INFO]   750 TRI-NORV-28  E=30326 S=143
2026-10-03 16:36:02 [INFO]   751 TRI-NORV-PMR-29 E=2893 S=131
2026-10-03 16:36:03 [INFO]   transactions 16:21:02 -> 16:36:02 : 77 lues en 1 page(s), 33 musee, 44 site
2026-10-03 16:36:03 [INFO] Dialogue borne : 1.0 s
2026-10-03 16:36:03 [INFO] Visiteurs du 2026-10-03 : 723 (source compteur, compteur 723, transactions 722)
2026-10-03 16:36:03 [INFO] Site visites libres du 2026-10-03 : entrees 318, sorties 235, presents 83 (pic {'n': 93, 'heure': '16:16'}, source compteur)
2026-10-03 16:41:02 [INFO] Site visites libres : Visites libres 10h00 - 19h00 (fenetre 09:30-19:30)
2026-10-03 16:41:02 [INFO] Borne 192.168.2.10:5205 - compteurs du musee (Area 511 VISITES MUSEE)
2026-10-03 16:41:02 [INFO]   511 VISITES MUSEE E=106753 S=0
2026-10-03 16:41:02 [INFO]   512 ENTREE MUSEE E=106753 S=0
2026-10-03 16:41:02 [INFO]   1208 TRI-MUS-55   E=26383 S=0
2026-10-03 16:41:02 [INFO]   1209 TRI-MUS-56   E=53632 S=0
2026-10-03 16:41:02 [INFO]   1210 TRI-MUS-57   E=26738 S=0
2026-10-03 16:41:02 [INFO]   1040 PDA.3.11     E=0 S=0
2026-10-03 16:41:02 [INFO] Compteurs du site (visites libres)
2026-10-03 16:41:02 [INFO]   749 TRI-NORV-27  E=601 S=31005
2026-10-03 16:41:02 [INFO]   750 TRI-NORV-28  E=30336 S=143
2026-10-03 16:41:02 [INFO]   751 TRI-NORV-PMR-29 E=2893 S=131
2026-10-03 16:41:03 [INFO]   transactions 16:26:02 -> 16:41:02 : 73 lues en 1 page(s), 30 musee, 43 site
2026-10-03 16:41:03 [INFO] Dialogue borne : 1.1 s
2026-10-03 16:41:03 [INFO] Visiteurs du 2026-10-03 : 723 (source compteur, compteur 723, transactions 723)
2026-10-03 16:41:03 [INFO] Site visites libres du 2026-10-03 : entrees 328, sorties 243, presents 85 (pic {'n': 93, 'heure': '16:16'}, source compteur)
2026-10-03 16:46:02 [INFO] Site visites libres : Visites libres 10h00 - 19h00 (fenetre 09:30-19:30)
2026-10-03 16:46:02 [INFO] Borne 192.168.2.10:5205 - compteurs du musee (Area 511 VISITES MUSEE)
2026-10-03 16:46:02 [INFO]   511 VISITES MUSEE E=106756 S=0
2026-10-03 16:46:02 [INFO]   512 ENTREE MUSEE E=106756 S=0
2026-10-03 16:46:02 [INFO]   1208 TRI-MUS-55   E=26384 S=0
2026-10-03 16:46:02 [INFO]   1209 TRI-MUS-56   E=53633 S=0
2026-10-03 16:46:02 [INFO]   1210 TRI-MUS-57   E=26739 S=0
2026-10-03 16:46:02 [INFO]   1040 PDA.3.11     E=0 S=0
2026-10-03 16:46:02 [INFO] Compteurs du site (visites libres)
2026-10-03 16:46:02 [INFO]   749 TRI-NORV-27  E=601 S=31010
2026-10-03 16:46:02 [INFO]   750 TRI-NORV-28  E=30339 S=143
2026-10-03 16:46:02 [INFO]   751 TRI-NORV-PMR-29 E=2893 S=131
2026-10-03 16:46:03 [INFO]   transactions 16:31:02 -> 16:46:02 : 71 lues en 1 page(s), 19 musee, 52 site
2026-10-03 16:46:03 [INFO] Dialogue borne : 1.0 s
2026-10-03 16:46:03 [INFO] Visiteurs du 2026-10-03 : 726 (source compteur, compteur 726, transactions 726)
2026-10-03 16:46:03 [INFO] Site visites libres du 2026-10-03 : entrees 331, sorties 248, presents 83 (pic {'n': 93, 'heure': '16:16'}, source compteur)
2026-10-03 16:51:02 [INFO] Site visites libres : Visites libres 10h00 - 19h00 (fenetre 09:30-19:30)
2026-10-03 16:51:02 [INFO] Borne 192.168.2.10:5205 - compteurs du musee (Area 511 VISITES MUSEE)
2026-10-03 16:51:02 [INFO]   511 VISITES MUSEE E=106756 S=0
2026-10-03 16:51:02 [INFO]   512 ENTREE MUSEE E=106756 S=0
2026-10-03 16:51:02 [INFO]   1208 TRI-MUS-55   E=26384 S=0
2026-10-03 16:51:02 [INFO]   1209 TRI-MUS-56   E=53633 S=0
2026-10-03 16:51:02 [INFO]   1210 TRI-MUS-57   E=26739 S=0
2026-10-03 16:51:02 [INFO]   1040 PDA.3.11     E=0 S=0
2026-10-03 16:51:02 [INFO] Compteurs du site (visites libres)
2026-10-03 16:51:02 [INFO]   749 TRI-NORV-27  E=601 S=31013
2026-10-03 16:51:02 [INFO]   750 TRI-NORV-28  E=30345 S=143
2026-10-03 16:51:02 [INFO]   751 TRI-NORV-PMR-29 E=2893 S=131
2026-10-03 16:51:03 [INFO]   transactions 16:36:02 -> 16:51:02 : 39 lues en 1 page(s), 3 musee, 36 site
2026-10-03 16:51:03 [INFO] Dialogue borne : 0.9 s
2026-10-03 16:51:03 [INFO] Visiteurs du 2026-10-03 : 726 (source compteur, compteur 726, transactions 726)
2026-10-03 16:51:03 [INFO] Site visites libres du 2026-10-03 : entrees 337, sorties 251, presents 86 (pic {'n': 93, 'heure': '16:16'}, source compteur)
2026-10-03 16:56:02 [INFO] Site visites libres : Visites libres 10h00 - 19h00 (fenetre 09:30-19:30)
2026-10-03 16:56:02 [INFO] Borne 192.168.2.10:5205 - compteurs du musee (Area 511 VISITES MUSEE)
2026-10-03 16:56:02 [INFO]   511 VISITES MUSEE E=106758 S=0
2026-10-03 16:56:02 [INFO]   512 ENTREE MUSEE E=106758 S=0
2026-10-03 16:56:02 [INFO]   1208 TRI-MUS-55   E=26384 S=0
2026-10-03 16:56:02 [INFO]   1209 TRI-MUS-56   E=53634 S=0
2026-10-03 16:56:02 [INFO]   1210 TRI-MUS-57   E=26740 S=0
2026-10-03 16:56:02 [INFO]   1040 PDA.3.11     E=0 S=0
2026-10-03 16:56:02 [INFO] Compteurs du site (visites libres)
2026-10-03 16:56:02 [INFO]   749 TRI-NORV-27  E=601 S=31018
2026-10-03 16:56:02 [INFO]   750 TRI-NORV-28  E=30356 S=143
2026-10-03 16:56:02 [INFO]   751 TRI-NORV-PMR-29 E=2893 S=131
2026-10-03 16:56:03 [INFO]   transactions 16:41:02 -> 16:56:02 : 42 lues en 1 page(s), 5 musee, 37 site
2026-10-03 16:56:03 [INFO] Dialogue borne : 1.0 s
2026-10-03 16:56:03 [INFO] Visiteurs du 2026-10-03 : 728 (source compteur, compteur 728, transactions 728)
2026-10-03 16:56:03 [INFO] Site visites libres du 2026-10-03 : entrees 348, sorties 256, presents 92 (pic {'n': 93, 'heure': '16:16'}, source compteur)
2026-10-03 17:01:02 [INFO] Site visites libres : Visites libres 10h00 - 19h00 (fenetre 09:30-19:30)
2026-10-03 17:01:02 [INFO] Borne 192.168.2.10:5205 - compteurs du musee (Area 511 VISITES MUSEE)
2026-10-03 17:01:02 [INFO]   511 VISITES MUSEE E=106758 S=0
2026-10-03 17:01:02 [INFO]   512 ENTREE MUSEE E=106758 S=0
2026-10-03 17:01:02 [INFO]   1208 TRI-MUS-55   E=26384 S=0
2026-10-03 17:01:02 [INFO]   1209 TRI-MUS-56   E=53634 S=0
2026-10-03 17:01:02 [INFO]   1210 TRI-MUS-57   E=26740 S=0
2026-10-03 17:01:02 [INFO]   1040 PDA.3.11     E=0 S=0
2026-10-03 17:01:02 [INFO] Compteurs du site (visites libres)
2026-10-03 17:01:02 [INFO]   749 TRI-NORV-27  E=601 S=31020
2026-10-03 17:01:02 [INFO]   750 TRI-NORV-28  E=30364 S=143
2026-10-03 17:01:02 [INFO]   751 TRI-NORV-PMR-29 E=2893 S=131
2026-10-03 17:01:03 [INFO]   transactions 16:46:02 -> 17:01:02 : 54 lues en 1 page(s), 2 musee, 52 site
2026-10-03 17:01:03 [INFO] Dialogue borne : 1.1 s
2026-10-03 17:01:03 [INFO] Visiteurs du 2026-10-03 : 728 (source compteur, compteur 728, transactions 728)
2026-10-03 17:01:03 [INFO] Site visites libres du 2026-10-03 : entrees 356, sorties 258, presents 98 (pic {'n': 98, 'heure': '17:01'}, source compteur)
2026-10-03 17:06:01 [INFO] Site visites libres : Visites libres 10h00 - 19h00 (fenetre 09:30-19:30)
2026-10-03 17:06:02 [INFO] Borne 192.168.2.10:5205 - compteurs du musee (Area 511 VISITES MUSEE)
2026-10-03 17:06:02 [INFO]   511 VISITES MUSEE E=106762 S=0
2026-10-03 17:06:02 [INFO]   512 ENTREE MUSEE E=106762 S=0
2026-10-03 17:06:02 [INFO]   1208 TRI-MUS-55   E=26384 S=0
2026-10-03 17:06:02 [INFO]   1209 TRI-MUS-56   E=53638 S=0
2026-10-03 17:06:02 [INFO]   1210 TRI-MUS-57   E=26740 S=0
2026-10-03 17:06:02 [INFO]   1040 PDA.3.11     E=0 S=0
2026-10-03 17:06:02 [INFO] Compteurs du site (visites libres)
2026-10-03 17:06:02 [INFO]   749 TRI-NORV-27  E=601 S=31027
2026-10-03 17:06:02 [INFO]   750 TRI-NORV-28  E=30373 S=143
2026-10-03 17:06:02 [INFO]   751 TRI-NORV-PMR-29 E=2893 S=131
2026-10-03 17:06:03 [INFO]   transactions 16:51:02 -> 17:06:01 : 62 lues en 1 page(s), 2 musee, 60 site
2026-10-03 17:06:03 [INFO] Dialogue borne : 1.0 s
2026-10-03 17:06:03 [INFO] Visiteurs du 2026-10-03 : 732 (source compteur, compteur 732, transactions 728)
2026-10-03 17:06:03 [INFO] Site visites libres du 2026-10-03 : entrees 365, sorties 265, presents 100 (pic {'n': 100, 'heure': '17:06'}, source compteur)
2026-10-03 17:11:01 [INFO] Site visites libres : Visites libres 10h00 - 19h00 (fenetre 09:30-19:30)
2026-10-03 17:11:02 [INFO] Borne 192.168.2.10:5205 - compteurs du musee (Area 511 VISITES MUSEE)
2026-10-03 17:11:02 [INFO]   511 VISITES MUSEE E=106762 S=0
2026-10-03 17:11:02 [INFO]   512 ENTREE MUSEE E=106762 S=0
2026-10-03 17:11:02 [INFO]   1208 TRI-MUS-55   E=26384 S=0
2026-10-03 17:11:02 [INFO]   1209 TRI-MUS-56   E=53638 S=0
2026-10-03 17:11:02 [INFO]   1210 TRI-MUS-57   E=26740 S=0
2026-10-03 17:11:02 [INFO]   1040 PDA.3.11     E=0 S=0
2026-10-03 17:11:02 [INFO] Compteurs du site (visites libres)
2026-10-03 17:11:02 [INFO]   749 TRI-NORV-27  E=601 S=31033
2026-10-03 17:11:02 [INFO]   750 TRI-NORV-28  E=30386 S=143
2026-10-03 17:11:02 [INFO]   751 TRI-NORV-PMR-29 E=2893 S=131
2026-10-03 17:11:03 [INFO]   transactions 16:56:01 -> 17:11:01 : 63 lues en 1 page(s), 4 musee, 59 site
2026-10-03 17:11:03 [INFO] Dialogue borne : 1.1 s
2026-10-03 17:11:03 [INFO] Visiteurs du 2026-10-03 : 732 (source compteur, compteur 732, transactions 732)
2026-10-03 17:11:03 [INFO] Site visites libres du 2026-10-03 : entrees 378, sorties 271, presents 107 (pic {'n': 107, 'heure': '17:11'}, source compteur)
2026-10-03 17:16:02 [INFO] Site visites libres : Visites libres 10h00 - 19h00 (fenetre 09:30-19:30)
2026-10-03 17:16:02 [INFO] Borne 192.168.2.10:5205 - compteurs du musee (Area 511 VISITES MUSEE)
2026-10-03 17:16:02 [INFO]   511 VISITES MUSEE E=106762 S=0
2026-10-03 17:16:02 [INFO]   512 ENTREE MUSEE E=106762 S=0
2026-10-03 17:16:02 [INFO]   1208 TRI-MUS-55   E=26384 S=0
2026-10-03 17:16:02 [INFO]   1209 TRI-MUS-56   E=53638 S=0
2026-10-03 17:16:02 [INFO]   1210 TRI-MUS-57   E=26740 S=0
2026-10-03 17:16:02 [INFO]   1040 PDA.3.11     E=0 S=0
2026-10-03 17:16:02 [INFO] Compteurs du site (visites libres)
2026-10-03 17:16:02 [INFO]   749 TRI-NORV-27  E=602 S=31038
2026-10-03 17:16:02 [INFO]   750 TRI-NORV-28  E=30386 S=143
2026-10-03 17:16:02 [INFO]   751 TRI-NORV-PMR-29 E=2893 S=131
2026-10-03 17:16:03 [INFO]   transactions 17:01:01 -> 17:16:02 : 44 lues en 1 page(s), 4 musee, 40 site
2026-10-03 17:16:03 [INFO] Dialogue borne : 1.1 s
2026-10-03 17:16:03 [INFO] Visiteurs du 2026-10-03 : 732 (source compteur, compteur 732, transactions 732)
2026-10-03 17:16:03 [INFO] Site visites libres du 2026-10-03 : entrees 379, sorties 276, presents 103 (pic {'n': 107, 'heure': '17:11'}, source compteur)
2026-10-03 17:21:02 [INFO] Site visites libres : Visites libres 10h00 - 19h00 (fenetre 09:30-19:30)
2026-10-03 17:21:02 [INFO] Borne 192.168.2.10:5205 - compteurs du musee (Area 511 VISITES MUSEE)
2026-10-03 17:21:02 [INFO]   511 VISITES MUSEE E=106762 S=0
2026-10-03 17:21:02 [INFO]   512 ENTREE MUSEE E=106762 S=0
2026-10-03 17:21:02 [INFO]   1208 TRI-MUS-55   E=26384 S=0
2026-10-03 17:21:02 [INFO]   1209 TRI-MUS-56   E=53638 S=0
2026-10-03 17:21:02 [INFO]   1210 TRI-MUS-57   E=26740 S=0
2026-10-03 17:21:02 [INFO]   1040 PDA.3.11     E=0 S=0
2026-10-03 17:21:02 [INFO] Compteurs du site (visites libres)
2026-10-03 17:21:02 [INFO]   749 TRI-NORV-27  E=603 S=31051
2026-10-03 17:21:02 [INFO]   750 TRI-NORV-28  E=30390 S=143
2026-10-03 17:21:02 [INFO]   751 TRI-NORV-PMR-29 E=2893 S=131
2026-10-03 17:21:02 [INFO]   transactions 17:06:02 -> 17:21:02 : 43 lues en 1 page(s), 0 musee, 43 site
2026-10-03 17:21:02 [INFO] Dialogue borne : 0.9 s
2026-10-03 17:21:02 [INFO] Visiteurs du 2026-10-03 : 732 (source compteur, compteur 732, transactions 732)
2026-10-03 17:21:03 [INFO] Site visites libres du 2026-10-03 : entrees 384, sorties 289, presents 95 (pic {'n': 107, 'heure': '17:11'}, source compteur)
2026-10-03 17:26:02 [INFO] Site visites libres : Visites libres 10h00 - 19h00 (fenetre 09:30-19:30)
2026-10-03 17:26:02 [INFO] Borne 192.168.2.10:5205 - compteurs du musee (Area 511 VISITES MUSEE)
2026-10-03 17:26:02 [INFO]   511 VISITES MUSEE E=106762 S=0
2026-10-03 17:26:02 [INFO]   512 ENTREE MUSEE E=106762 S=0
2026-10-03 17:26:02 [INFO]   1208 TRI-MUS-55   E=26384 S=0
2026-10-03 17:26:02 [INFO]   1209 TRI-MUS-56   E=53638 S=0
2026-10-03 17:26:02 [INFO]   1210 TRI-MUS-57   E=26740 S=0
2026-10-03 17:26:02 [INFO]   1040 PDA.3.11     E=0 S=0
2026-10-03 17:26:02 [INFO] Compteurs du site (visites libres)
2026-10-03 17:26:02 [INFO]   749 TRI-NORV-27  E=603 S=31057
2026-10-03 17:26:02 [INFO]   750 TRI-NORV-28  E=30390 S=143
2026-10-03 17:26:02 [INFO]   751 TRI-NORV-PMR-29 E=2893 S=131
2026-10-03 17:26:02 [INFO]   transactions 17:11:02 -> 17:26:01 : 28 lues en 1 page(s), 0 musee, 28 site
2026-10-03 17:26:02 [INFO] Dialogue borne : 1.0 s
2026-10-03 17:26:03 [INFO] Visiteurs du 2026-10-03 : 732 (source compteur, compteur 732, transactions 732)
2026-10-03 17:26:03 [INFO] Site visites libres du 2026-10-03 : entrees 384, sorties 295, presents 89 (pic {'n': 107, 'heure': '17:11'}, source compteur)
2026-10-03 17:31:01 [INFO] Site visites libres : Visites libres 10h00 - 19h00 (fenetre 09:30-19:30)
2026-10-03 17:31:02 [INFO] Borne 192.168.2.10:5205 - compteurs du musee (Area 511 VISITES MUSEE)
2026-10-03 17:31:02 [INFO]   511 VISITES MUSEE E=106762 S=0
2026-10-03 17:31:02 [INFO]   512 ENTREE MUSEE E=106762 S=0
2026-10-03 17:31:02 [INFO]   1208 TRI-MUS-55   E=26384 S=0
2026-10-03 17:31:02 [INFO]   1209 TRI-MUS-56   E=53638 S=0
2026-10-03 17:31:02 [INFO]   1210 TRI-MUS-57   E=26740 S=0
2026-10-03 17:31:02 [INFO]   1040 PDA.3.11     E=0 S=0
2026-10-03 17:31:02 [INFO] Compteurs du site (visites libres)
2026-10-03 17:31:02 [INFO]   749 TRI-NORV-27  E=603 S=31069
2026-10-03 17:31:02 [INFO]   750 TRI-NORV-28  E=30390 S=143
2026-10-03 17:31:02 [INFO]   751 TRI-NORV-PMR-29 E=2893 S=131
2026-10-03 17:31:03 [INFO]   transactions 17:16:01 -> 17:31:01 : 33 lues en 1 page(s), 0 musee, 33 site
2026-10-03 17:31:03 [INFO] Dialogue borne : 1.0 s
2026-10-03 17:31:03 [INFO] Visiteurs du 2026-10-03 : 732 (source compteur, compteur 732, transactions 732)
2026-10-03 17:31:03 [INFO] Site visites libres du 2026-10-03 : entrees 384, sorties 307, presents 77 (pic {'n': 107, 'heure': '17:11'}, source compteur)
2026-10-03 17:36:02 [INFO] Site visites libres : Visites libres 10h00 - 19h00 (fenetre 09:30-19:30)
2026-10-03 17:36:02 [INFO] Borne 192.168.2.10:5205 - compteurs du musee (Area 511 VISITES MUSEE)
2026-10-03 17:36:02 [INFO]   511 VISITES MUSEE E=106762 S=0
2026-10-03 17:36:02 [INFO]   512 ENTREE MUSEE E=106762 S=0
2026-10-03 17:36:02 [INFO]   1208 TRI-MUS-55   E=26384 S=0
2026-10-03 17:36:02 [INFO]   1209 TRI-MUS-56   E=53638 S=0
2026-10-03 17:36:02 [INFO]   1210 TRI-MUS-57   E=26740 S=0
2026-10-03 17:36:02 [INFO]   1040 PDA.3.11     E=0 S=0
2026-10-03 17:36:02 [INFO] Compteurs du site (visites libres)
2026-10-03 17:36:02 [INFO]   749 TRI-NORV-27  E=603 S=31072
2026-10-03 17:36:02 [INFO]   750 TRI-NORV-28  E=30395 S=143
2026-10-03 17:36:02 [INFO]   751 TRI-NORV-PMR-29 E=2893 S=131
2026-10-03 17:36:03 [INFO]   transactions 17:21:01 -> 17:36:02 : 27 lues en 1 page(s), 0 musee, 27 site
2026-10-03 17:36:03 [INFO] Dialogue borne : 1.1 s
2026-10-03 17:36:03 [INFO] Visiteurs du 2026-10-03 : 732 (source compteur, compteur 732, transactions 732)
2026-10-03 17:36:03 [INFO] Site visites libres du 2026-10-03 : entrees 389, sorties 310, presents 79 (pic {'n': 107, 'heure': '17:11'}, source compteur)
2026-10-03 17:41:02 [INFO] Site visites libres : Visites libres 10h00 - 19h00 (fenetre 09:30-19:30)
2026-10-03 17:41:02 [INFO] Borne 192.168.2.10:5205 - compteurs du musee (Area 511 VISITES MUSEE)
2026-10-03 17:41:02 [INFO]   511 VISITES MUSEE E=106762 S=0
2026-10-03 17:41:02 [INFO]   512 ENTREE MUSEE E=106762 S=0
2026-10-03 17:41:02 [INFO]   1208 TRI-MUS-55   E=26384 S=0
2026-10-03 17:41:02 [INFO]   1209 TRI-MUS-56   E=53638 S=0
2026-10-03 17:41:02 [INFO]   1210 TRI-MUS-57   E=26740 S=0
2026-10-03 17:41:02 [INFO]   1040 PDA.3.11     E=0 S=0
2026-10-03 17:41:02 [INFO] Compteurs du site (visites libres)
2026-10-03 17:41:02 [INFO]   749 TRI-NORV-27  E=603 S=31075
2026-10-03 17:41:02 [INFO]   750 TRI-NORV-28  E=30395 S=143
2026-10-03 17:41:02 [INFO]   751 TRI-NORV-PMR-29 E=2893 S=131
2026-10-03 17:41:03 [INFO]   transactions 17:26:02 -> 17:41:02 : 24 lues en 1 page(s), 0 musee, 24 site
2026-10-03 17:41:03 [INFO] Dialogue borne : 1.2 s
2026-10-03 17:41:03 [INFO] Visiteurs du 2026-10-03 : 732 (source compteur, compteur 732, transactions 732)
2026-10-03 17:41:03 [INFO] Site visites libres du 2026-10-03 : entrees 389, sorties 313, presents 76 (pic {'n': 107, 'heure': '17:11'}, source compteur)
2026-10-03 17:46:02 [INFO] Site visites libres : Visites libres 10h00 - 19h00 (fenetre 09:30-19:30)
2026-10-03 17:46:02 [INFO] Borne 192.168.2.10:5205 - compteurs du musee (Area 511 VISITES MUSEE)
2026-10-03 17:46:02 [INFO]   511 VISITES MUSEE E=106762 S=0
2026-10-03 17:46:02 [INFO]   512 ENTREE MUSEE E=106762 S=0
2026-10-03 17:46:02 [INFO]   1208 TRI-MUS-55   E=26384 S=0
2026-10-03 17:46:02 [INFO]   1209 TRI-MUS-56   E=53638 S=0
2026-10-03 17:46:02 [INFO]   1210 TRI-MUS-57   E=26740 S=0
2026-10-03 17:46:02 [INFO]   1040 PDA.3.11     E=0 S=0
2026-10-03 17:46:02 [INFO] Compteurs du site (visites libres)
2026-10-03 17:46:02 [INFO]   749 TRI-NORV-27  E=603 S=31091
2026-10-03 17:46:02 [INFO]   750 TRI-NORV-28  E=30398 S=143
2026-10-03 17:46:02 [INFO]   751 TRI-NORV-PMR-29 E=2893 S=131
2026-10-03 17:46:02 [INFO]   transactions 17:31:02 -> 17:46:02 : 31 lues en 1 page(s), 0 musee, 31 site
2026-10-03 17:46:02 [INFO] Dialogue borne : 1.0 s
2026-10-03 17:46:03 [INFO] Visiteurs du 2026-10-03 : 732 (source compteur, compteur 732, transactions 732)
2026-10-03 17:46:03 [INFO] Site visites libres du 2026-10-03 : entrees 392, sorties 329, presents 63 (pic {'n': 107, 'heure': '17:11'}, source compteur)
2026-10-03 17:51:02 [INFO] Site visites libres : Visites libres 10h00 - 19h00 (fenetre 09:30-19:30)
2026-10-03 17:51:02 [INFO] Borne 192.168.2.10:5205 - compteurs du musee (Area 511 VISITES MUSEE)
2026-10-03 17:51:02 [INFO]   511 VISITES MUSEE E=106762 S=0
2026-10-03 17:51:02 [INFO]   512 ENTREE MUSEE E=106762 S=0
2026-10-03 17:51:02 [INFO]   1208 TRI-MUS-55   E=26384 S=0
2026-10-03 17:51:02 [INFO]   1209 TRI-MUS-56   E=53638 S=0
2026-10-03 17:51:02 [INFO]   1210 TRI-MUS-57   E=26740 S=0
2026-10-03 17:51:02 [INFO]   1040 PDA.3.11     E=0 S=0
2026-10-03 17:51:02 [INFO] Compteurs du site (visites libres)
2026-10-03 17:51:02 [INFO]   749 TRI-NORV-27  E=603 S=31092
2026-10-03 17:51:02 [INFO]   750 TRI-NORV-28  E=30400 S=143
2026-10-03 17:51:02 [INFO]   751 TRI-NORV-PMR-29 E=2893 S=131
2026-10-03 17:51:03 [INFO]   transactions 17:36:02 -> 17:51:02 : 25 lues en 1 page(s), 0 musee, 25 site
2026-10-03 17:51:03 [INFO] Dialogue borne : 1.0 s
2026-10-03 17:51:03 [INFO] Visiteurs du 2026-10-03 : 732 (source compteur, compteur 732, transactions 732)
2026-10-03 17:51:03 [INFO] Site visites libres du 2026-10-03 : entrees 394, sorties 330, presents 64 (pic {'n': 107, 'heure': '17:11'}, source compteur)
2026-10-03 17:56:02 [INFO] Site visites libres : Visites libres 10h00 - 19h00 (fenetre 09:30-19:30)
2026-10-03 17:56:02 [INFO] Borne 192.168.2.10:5205 - compteurs du musee (Area 511 VISITES MUSEE)
2026-10-03 17:56:02 [INFO]   511 VISITES MUSEE E=106762 S=0
2026-10-03 17:56:02 [INFO]   512 ENTREE MUSEE E=106762 S=0
2026-10-03 17:56:02 [INFO]   1208 TRI-MUS-55   E=26384 S=0
2026-10-03 17:56:02 [INFO]   1209 TRI-MUS-56   E=53638 S=0
2026-10-03 17:56:02 [INFO]   1210 TRI-MUS-57   E=26740 S=0
2026-10-03 17:56:02 [INFO]   1040 PDA.3.11     E=0 S=0
2026-10-03 17:56:02 [INFO] Compteurs du site (visites libres)
2026-10-03 17:56:02 [INFO]   749 TRI-NORV-27  E=603 S=31105
2026-10-03 17:56:02 [INFO]   750 TRI-NORV-28  E=30400 S=143
2026-10-03 17:56:02 [INFO]   751 TRI-NORV-PMR-29 E=2893 S=131
2026-10-03 17:56:03 [INFO]   transactions 17:41:02 -> 17:56:02 : 36 lues en 1 page(s), 0 musee, 36 site
2026-10-03 17:56:03 [INFO] Dialogue borne : 1.1 s
2026-10-03 17:56:03 [INFO] Visiteurs du 2026-10-03 : 732 (source compteur, compteur 732, transactions 732)
2026-10-03 17:56:03 [INFO] Site visites libres du 2026-10-03 : entrees 394, sorties 343, presents 51 (pic {'n': 107, 'heure': '17:11'}, source compteur)
2026-10-03 18:01:02 [INFO] Site visites libres : Visites libres 10h00 - 19h00 (fenetre 09:30-19:30)
2026-10-03 18:01:02 [INFO] Borne 192.168.2.10:5205 - compteurs du musee (Area 511 VISITES MUSEE)
2026-10-03 18:01:02 [INFO]   511 VISITES MUSEE E=106762 S=0
2026-10-03 18:01:02 [INFO]   512 ENTREE MUSEE E=106762 S=0
2026-10-03 18:01:02 [INFO]   1208 TRI-MUS-55   E=26384 S=0
2026-10-03 18:01:02 [INFO]   1209 TRI-MUS-56   E=53638 S=0
2026-10-03 18:01:02 [INFO]   1210 TRI-MUS-57   E=26740 S=0
2026-10-03 18:01:02 [INFO]   1040 PDA.3.11     E=0 S=0
2026-10-03 18:01:02 [INFO] Compteurs du site (visites libres)
2026-10-03 18:01:02 [INFO]   749 TRI-NORV-27  E=603 S=31112
2026-10-03 18:01:02 [INFO]   750 TRI-NORV-28  E=30400 S=143
2026-10-03 18:01:02 [INFO]   751 TRI-NORV-PMR-29 E=2893 S=131
2026-10-03 18:01:02 [INFO]   transactions 17:46:02 -> 18:01:02 : 26 lues en 1 page(s), 0 musee, 26 site
2026-10-03 18:01:02 [INFO] Dialogue borne : 0.9 s
2026-10-03 18:01:02 [INFO] Visiteurs du 2026-10-03 : 732 (source compteur, compteur 732, transactions 732)
2026-10-03 18:01:03 [INFO] Site visites libres du 2026-10-03 : entrees 394, sorties 350, presents 44 (pic {'n': 107, 'heure': '17:11'}, source compteur)
2026-10-03 18:06:02 [INFO] Site visites libres : Visites libres 10h00 - 19h00 (fenetre 09:30-19:30)
2026-10-03 18:06:02 [INFO] Borne 192.168.2.10:5205 - compteurs du musee (Area 511 VISITES MUSEE)
2026-10-03 18:06:02 [INFO]   511 VISITES MUSEE E=106762 S=0
2026-10-03 18:06:02 [INFO]   512 ENTREE MUSEE E=106762 S=0
2026-10-03 18:06:02 [INFO]   1208 TRI-MUS-55   E=26384 S=0
2026-10-03 18:06:02 [INFO]   1209 TRI-MUS-56   E=53638 S=0
2026-10-03 18:06:02 [INFO]   1210 TRI-MUS-57   E=26740 S=0
2026-10-03 18:06:02 [INFO]   1040 PDA.3.11     E=0 S=0
2026-10-03 18:06:02 [INFO] Compteurs du site (visites libres)
2026-10-03 18:06:02 [INFO]   749 TRI-NORV-27  E=603 S=31118
2026-10-03 18:06:02 [INFO]   750 TRI-NORV-28  E=30400 S=143
2026-10-03 18:06:02 [INFO]   751 TRI-NORV-PMR-29 E=2893 S=131
2026-10-03 18:06:03 [INFO]   transactions 17:51:02 -> 18:06:02 : 29 lues en 1 page(s), 0 musee, 29 site
2026-10-03 18:06:03 [INFO] Dialogue borne : 1.0 s
2026-10-03 18:06:03 [INFO] Visiteurs du 2026-10-03 : 732 (source compteur, compteur 732, transactions 732)
2026-10-03 18:06:03 [INFO] Site visites libres du 2026-10-03 : entrees 394, sorties 356, presents 38 (pic {'n': 107, 'heure': '17:11'}, source compteur)
2026-10-03 18:11:02 [INFO] Site visites libres : Visites libres 10h00 - 19h00 (fenetre 09:30-19:30)
2026-10-03 18:11:02 [INFO] Borne 192.168.2.10:5205 - compteurs du musee (Area 511 VISITES MUSEE)
2026-10-03 18:11:02 [INFO]   511 VISITES MUSEE E=106762 S=0
2026-10-03 18:11:02 [INFO]   512 ENTREE MUSEE E=106762 S=0
2026-10-03 18:11:02 [INFO]   1208 TRI-MUS-55   E=26384 S=0
2026-10-03 18:11:02 [INFO]   1209 TRI-MUS-56   E=53638 S=0
2026-10-03 18:11:02 [INFO]   1210 TRI-MUS-57   E=26740 S=0
2026-10-03 18:11:02 [INFO]   1040 PDA.3.11     E=0 S=0
2026-10-03 18:11:02 [INFO] Compteurs du site (visites libres)
2026-10-03 18:11:02 [INFO]   749 TRI-NORV-27  E=603 S=31125
2026-10-03 18:11:02 [INFO]   750 TRI-NORV-28  E=30400 S=143
2026-10-03 18:11:02 [INFO]   751 TRI-NORV-PMR-29 E=2893 S=131
2026-10-03 18:11:03 [INFO]   transactions 17:56:02 -> 18:11:02 : 19 lues en 1 page(s), 0 musee, 19 site
2026-10-03 18:11:03 [INFO] Dialogue borne : 1.1 s
2026-10-03 18:11:03 [INFO] Visiteurs du 2026-10-03 : 732 (source compteur, compteur 732, transactions 732)
2026-10-03 18:11:03 [INFO] Site visites libres du 2026-10-03 : entrees 394, sorties 363, presents 31 (pic {'n': 107, 'heure': '17:11'}, source compteur)
2026-10-03 18:16:02 [INFO] Site visites libres : Visites libres 10h00 - 19h00 (fenetre 09:30-19:30)
2026-10-03 18:16:02 [INFO] Borne 192.168.2.10:5205 - compteurs du musee (Area 511 VISITES MUSEE)
2026-10-03 18:16:02 [INFO]   511 VISITES MUSEE E=106762 S=0
2026-10-03 18:16:02 [INFO]   512 ENTREE MUSEE E=106762 S=0
2026-10-03 18:16:02 [INFO]   1208 TRI-MUS-55   E=26384 S=0
2026-10-03 18:16:02 [INFO]   1209 TRI-MUS-56   E=53638 S=0
2026-10-03 18:16:02 [INFO]   1210 TRI-MUS-57   E=26740 S=0
2026-10-03 18:16:02 [INFO]   1040 PDA.3.11     E=0 S=0
2026-10-03 18:16:02 [INFO] Compteurs du site (visites libres)
2026-10-03 18:16:02 [INFO]   749 TRI-NORV-27  E=603 S=31127
2026-10-03 18:16:02 [INFO]   750 TRI-NORV-28  E=30400 S=143
2026-10-03 18:16:02 [INFO]   751 TRI-NORV-PMR-29 E=2893 S=131
2026-10-03 18:16:02 [INFO]   transactions 18:01:02 -> 18:16:02 : 13 lues en 1 page(s), 0 musee, 13 site
2026-10-03 18:16:02 [INFO] Dialogue borne : 0.9 s
2026-10-03 18:16:02 [INFO] Visiteurs du 2026-10-03 : 732 (source compteur, compteur 732, transactions 732)
2026-10-03 18:16:02 [INFO] Site visites libres du 2026-10-03 : entrees 394, sorties 365, presents 29 (pic {'n': 107, 'heure': '17:11'}, source compteur)
2026-10-03 18:21:02 [INFO] Site visites libres : Visites libres 10h00 - 19h00 (fenetre 09:30-19:30)
2026-10-03 18:21:02 [INFO] Borne 192.168.2.10:5205 - compteurs du musee (Area 511 VISITES MUSEE)
2026-10-03 18:21:02 [INFO]   511 VISITES MUSEE E=106762 S=0
2026-10-03 18:21:02 [INFO]   512 ENTREE MUSEE E=106762 S=0
2026-10-03 18:21:02 [INFO]   1208 TRI-MUS-55   E=26384 S=0
2026-10-03 18:21:02 [INFO]   1209 TRI-MUS-56   E=53638 S=0
2026-10-03 18:21:02 [INFO]   1210 TRI-MUS-57   E=26740 S=0
2026-10-03 18:21:02 [INFO]   1040 PDA.3.11     E=0 S=0
2026-10-03 18:21:02 [INFO] Compteurs du site (visites libres)
2026-10-03 18:21:02 [INFO]   749 TRI-NORV-27  E=603 S=31130
2026-10-03 18:21:02 [INFO]   750 TRI-NORV-28  E=30400 S=143
2026-10-03 18:21:02 [INFO]   751 TRI-NORV-PMR-29 E=2893 S=131
2026-10-03 18:21:03 [INFO]   transactions 18:06:02 -> 18:21:02 : 13 lues en 1 page(s), 0 musee, 13 site
2026-10-03 18:21:03 [INFO] Dialogue borne : 0.9 s
2026-10-03 18:21:03 [INFO] Visiteurs du 2026-10-03 : 732 (source compteur, compteur 732, transactions 732)
2026-10-03 18:21:03 [INFO] Site visites libres du 2026-10-03 : entrees 394, sorties 368, presents 26 (pic {'n': 107, 'heure': '17:11'}, source compteur)
2026-10-03 18:26:02 [INFO] Site visites libres : Visites libres 10h00 - 19h00 (fenetre 09:30-19:30)
2026-10-03 18:26:02 [INFO] Borne 192.168.2.10:5205 - compteurs du musee (Area 511 VISITES MUSEE)
2026-10-03 18:26:02 [INFO]   511 VISITES MUSEE E=106762 S=0
2026-10-03 18:26:02 [INFO]   512 ENTREE MUSEE E=106762 S=0
2026-10-03 18:26:02 [INFO]   1208 TRI-MUS-55   E=26384 S=0
2026-10-03 18:26:02 [INFO]   1209 TRI-MUS-56   E=53638 S=0
2026-10-03 18:26:02 [INFO]   1210 TRI-MUS-57   E=26740 S=0
2026-10-03 18:26:02 [INFO]   1040 PDA.3.11     E=0 S=0
2026-10-03 18:26:02 [INFO] Compteurs du site (visites libres)
2026-10-03 18:26:02 [INFO]   749 TRI-NORV-27  E=603 S=31130
2026-10-03 18:26:02 [INFO]   750 TRI-NORV-28  E=30400 S=143
2026-10-03 18:26:02 [INFO]   751 TRI-NORV-PMR-29 E=2893 S=131
2026-10-03 18:26:03 [INFO]   transactions 18:11:02 -> 18:26:02 : 6 lues en 1 page(s), 0 musee, 6 site
2026-10-03 18:26:03 [INFO] Dialogue borne : 1.0 s
2026-10-03 18:26:03 [INFO] Visiteurs du 2026-10-03 : 732 (source compteur, compteur 732, transactions 732)
2026-10-03 18:26:03 [INFO] Site visites libres du 2026-10-03 : entrees 394, sorties 368, presents 26 (pic {'n': 107, 'heure': '17:11'}, source compteur)
2026-10-03 18:31:02 [INFO] Site visites libres : Visites libres 10h00 - 19h00 (fenetre 09:30-19:30)
2026-10-03 18:31:02 [INFO] Borne 192.168.2.10:5205 - compteurs du musee (Area 511 VISITES MUSEE)
2026-10-03 18:31:02 [INFO]   511 VISITES MUSEE E=106762 S=0
2026-10-03 18:31:02 [INFO]   512 ENTREE MUSEE E=106762 S=0
2026-10-03 18:31:02 [INFO]   1208 TRI-MUS-55   E=26384 S=0
2026-10-03 18:31:02 [INFO]   1209 TRI-MUS-56   E=53638 S=0
2026-10-03 18:31:02 [INFO]   1210 TRI-MUS-57   E=26740 S=0
2026-10-03 18:31:02 [INFO]   1040 PDA.3.11     E=0 S=0
2026-10-03 18:31:02 [INFO] Compteurs du site (visites libres)
2026-10-03 18:31:02 [INFO]   749 TRI-NORV-27  E=603 S=31130
2026-10-03 18:31:02 [INFO]   750 TRI-NORV-28  E=30400 S=143
2026-10-03 18:31:02 [INFO]   751 TRI-NORV-PMR-29 E=2893 S=131
2026-10-03 18:31:02 [INFO]   transactions 18:16:02 -> 18:31:01 : 3 lues en 1 page(s), 0 musee, 3 site
2026-10-03 18:31:02 [INFO] Dialogue borne : 0.9 s
2026-10-03 18:31:02 [INFO] Visiteurs du 2026-10-03 : 732 (source compteur, compteur 732, transactions 732)
2026-10-03 18:31:02 [INFO] Site visites libres du 2026-10-03 : entrees 394, sorties 368, presents 26 (pic {'n': 107, 'heure': '17:11'}, source compteur)
2026-10-03 18:36:02 [INFO] Site visites libres : Visites libres 10h00 - 19h00 (fenetre 09:30-19:30)
2026-10-03 18:36:02 [INFO] Borne 192.168.2.10:5205 - compteurs du musee (Area 511 VISITES MUSEE)
2026-10-03 18:36:02 [INFO]   511 VISITES MUSEE E=106762 S=0
2026-10-03 18:36:02 [INFO]   512 ENTREE MUSEE E=106762 S=0
2026-10-03 18:36:02 [INFO]   1208 TRI-MUS-55   E=26384 S=0
2026-10-03 18:36:02 [INFO]   1209 TRI-MUS-56   E=53638 S=0
2026-10-03 18:36:02 [INFO]   1210 TRI-MUS-57   E=26740 S=0
2026-10-03 18:36:02 [INFO]   1040 PDA.3.11     E=0 S=0
2026-10-03 18:36:02 [INFO] Compteurs du site (visites libres)
2026-10-03 18:36:02 [INFO]   749 TRI-NORV-27  E=603 S=31130
2026-10-03 18:36:02 [INFO]   750 TRI-NORV-28  E=30400 S=143
2026-10-03 18:36:02 [INFO]   751 TRI-NORV-PMR-29 E=2893 S=131
2026-10-03 18:36:02 [INFO]   transactions 18:21:01 -> 18:36:02 : 0 lues en 1 page(s), 0 musee, 0 site
2026-10-03 18:36:02 [INFO] Dialogue borne : 0.9 s
2026-10-03 18:36:02 [INFO] Visiteurs du 2026-10-03 : 732 (source compteur, compteur 732, transactions 732)
2026-10-03 18:36:02 [INFO] Site visites libres du 2026-10-03 : entrees 394, sorties 368, presents 26 (pic {'n': 107, 'heure': '17:11'}, source compteur)
2026-10-03 18:41:02 [INFO] Site visites libres : Visites libres 10h00 - 19h00 (fenetre 09:30-19:30)
2026-10-03 18:41:02 [INFO] Borne 192.168.2.10:5205 - compteurs du musee (Area 511 VISITES MUSEE)
2026-10-03 18:41:02 [INFO]   511 VISITES MUSEE E=106762 S=0
2026-10-03 18:41:02 [INFO]   512 ENTREE MUSEE E=106762 S=0
2026-10-03 18:41:02 [INFO]   1208 TRI-MUS-55   E=26384 S=0
2026-10-03 18:41:02 [INFO]   1209 TRI-MUS-56   E=53638 S=0
2026-10-03 18:41:02 [INFO]   1210 TRI-MUS-57   E=26740 S=0
2026-10-03 18:41:02 [INFO]   1040 PDA.3.11     E=0 S=0
2026-10-03 18:41:02 [INFO] Compteurs du site (visites libres)
2026-10-03 18:41:02 [INFO]   749 TRI-NORV-27  E=603 S=31130
2026-10-03 18:41:02 [INFO]   750 TRI-NORV-28  E=30400 S=143
2026-10-03 18:41:02 [INFO]   751 TRI-NORV-PMR-29 E=2893 S=131
2026-10-03 18:41:03 [INFO]   transactions 18:26:02 -> 18:41:02 : 0 lues en 1 page(s), 0 musee, 0 site
2026-10-03 18:41:03 [INFO] Dialogue borne : 1.0 s
2026-10-03 18:41:03 [INFO] Visiteurs du 2026-10-03 : 732 (source compteur, compteur 732, transactions 732)
2026-10-03 18:41:03 [INFO] Site visites libres du 2026-10-03 : entrees 394, sorties 368, presents 26 (pic {'n': 107, 'heure': '17:11'}, source compteur)
2026-10-03 18:46:02 [INFO] Site visites libres : Visites libres 10h00 - 19h00 (fenetre 09:30-19:30)
2026-10-03 18:46:02 [INFO] Borne 192.168.2.10:5205 - compteurs du musee (Area 511 VISITES MUSEE)
2026-10-03 18:46:02 [INFO]   511 VISITES MUSEE E=106762 S=0
2026-10-03 18:46:02 [INFO]   512 ENTREE MUSEE E=106762 S=0
2026-10-03 18:46:02 [INFO]   1208 TRI-MUS-55   E=26384 S=0
2026-10-03 18:46:02 [INFO]   1209 TRI-MUS-56   E=53638 S=0
2026-10-03 18:46:02 [INFO]   1210 TRI-MUS-57   E=26740 S=0
2026-10-03 18:46:02 [INFO]   1040 PDA.3.11     E=0 S=0
2026-10-03 18:46:02 [INFO] Compteurs du site (visites libres)
2026-10-03 18:46:02 [INFO]   749 TRI-NORV-27  E=603 S=31130
2026-10-03 18:46:02 [INFO]   750 TRI-NORV-28  E=30400 S=143
2026-10-03 18:46:02 [INFO]   751 TRI-NORV-PMR-29 E=2893 S=131
2026-10-03 18:46:03 [INFO]   transactions 18:31:02 -> 18:46:02 : 0 lues en 1 page(s), 0 musee, 0 site
2026-10-03 18:46:03 [INFO] Dialogue borne : 1.0 s
2026-10-03 18:46:03 [INFO] Visiteurs du 2026-10-03 : 732 (source compteur, compteur 732, transactions 732)
2026-10-03 18:46:03 [INFO] Site visites libres du 2026-10-03 : entrees 394, sorties 368, presents 26 (pic {'n': 107, 'heure': '17:11'}, source compteur)
2026-10-03 18:51:02 [INFO] Site visites libres : Visites libres 10h00 - 19h00 (fenetre 09:30-19:30)
2026-10-03 18:51:02 [INFO] Borne 192.168.2.10:5205 - compteurs du musee (Area 511 VISITES MUSEE)
2026-10-03 18:51:02 [INFO]   511 VISITES MUSEE E=106762 S=0
2026-10-03 18:51:02 [INFO]   512 ENTREE MUSEE E=106762 S=0
2026-10-03 18:51:02 [INFO]   1208 TRI-MUS-55   E=26384 S=0
2026-10-03 18:51:02 [INFO]   1209 TRI-MUS-56   E=53638 S=0
2026-10-03 18:51:02 [INFO]   1210 TRI-MUS-57   E=26740 S=0
2026-10-03 18:51:02 [INFO]   1040 PDA.3.11     E=0 S=0
2026-10-03 18:51:02 [INFO] Compteurs du site (visites libres)
2026-10-03 18:51:02 [INFO]   749 TRI-NORV-27  E=603 S=31130
2026-10-03 18:51:02 [INFO]   750 TRI-NORV-28  E=30400 S=143
2026-10-03 18:51:02 [INFO]   751 TRI-NORV-PMR-29 E=2893 S=131
2026-10-03 18:51:03 [INFO]   transactions 18:36:02 -> 18:51:02 : 0 lues en 1 page(s), 0 musee, 0 site
2026-10-03 18:51:03 [INFO] Dialogue borne : 1.0 s
2026-10-03 18:51:03 [INFO] Visiteurs du 2026-10-03 : 732 (source compteur, compteur 732, transactions 732)
2026-10-03 18:51:03 [INFO] Site visites libres du 2026-10-03 : entrees 394, sorties 368, presents 26 (pic {'n': 107, 'heure': '17:11'}, source compteur)
2026-10-03 18:56:02 [INFO] Site visites libres : Visites libres 10h00 - 19h00 (fenetre 09:30-19:30)
2026-10-03 18:56:02 [INFO] Borne 192.168.2.10:5205 - compteurs du musee (Area 511 VISITES MUSEE)
2026-10-03 18:56:02 [INFO]   511 VISITES MUSEE E=106762 S=0
2026-10-03 18:56:02 [INFO]   512 ENTREE MUSEE E=106762 S=0
2026-10-03 18:56:02 [INFO]   1208 TRI-MUS-55   E=26384 S=0
2026-10-03 18:56:02 [INFO]   1209 TRI-MUS-56   E=53638 S=0
2026-10-03 18:56:02 [INFO]   1210 TRI-MUS-57   E=26740 S=0
2026-10-03 18:56:02 [INFO]   1040 PDA.3.11     E=0 S=0
2026-10-03 18:56:02 [INFO] Compteurs du site (visites libres)
2026-10-03 18:56:02 [INFO]   749 TRI-NORV-27  E=603 S=31130
2026-10-03 18:56:02 [INFO]   750 TRI-NORV-28  E=30400 S=143
2026-10-03 18:56:02 [INFO]   751 TRI-NORV-PMR-29 E=2893 S=131
2026-10-03 18:56:03 [INFO]   transactions 18:41:02 -> 18:56:02 : 0 lues en 1 page(s), 0 musee, 0 site
2026-10-03 18:56:03 [INFO] Dialogue borne : 1.0 s
2026-10-03 18:56:03 [INFO] Visiteurs du 2026-10-03 : 732 (source compteur, compteur 732, transactions 732)
2026-10-03 18:56:03 [INFO] Site visites libres du 2026-10-03 : entrees 394, sorties 368, presents 26 (pic {'n': 107, 'heure': '17:11'}, source compteur)
2026-10-03 19:01:03 [INFO] Site visites libres : Visites libres 10h00 - 19h00 (fenetre 09:30-19:30)
2026-10-03 19:01:03 [INFO] Borne 192.168.2.10:5205 - compteurs du musee (Area 511 VISITES MUSEE)
2026-10-03 19:01:03 [INFO]   511 VISITES MUSEE E=106762 S=0
2026-10-03 19:01:03 [INFO]   512 ENTREE MUSEE E=106762 S=0
2026-10-03 19:01:03 [INFO]   1208 TRI-MUS-55   E=26384 S=0
2026-10-03 19:01:03 [INFO]   1209 TRI-MUS-56   E=53638 S=0
2026-10-03 19:01:03 [INFO]   1210 TRI-MUS-57   E=26740 S=0
2026-10-03 19:01:04 [INFO]   1040 PDA.3.11     E=0 S=0
2026-10-03 19:01:04 [INFO] Compteurs du site (visites libres)
2026-10-03 19:01:04 [INFO]   749 TRI-NORV-27  E=603 S=31130
2026-10-03 19:01:04 [INFO]   750 TRI-NORV-28  E=30400 S=143
2026-10-03 19:01:04 [INFO]   751 TRI-NORV-PMR-29 E=2893 S=131
2026-10-03 19:01:04 [INFO]   transactions 18:46:02 -> 19:01:03 : 0 lues en 1 page(s), 0 musee, 0 site
2026-10-03 19:01:04 [INFO] Dialogue borne : 0.9 s
2026-10-03 19:01:04 [INFO] Visiteurs du 2026-10-03 : 732 (source compteur, compteur 732, transactions 732)
2026-10-03 19:01:04 [INFO] Site visites libres du 2026-10-03 : entrees 394, sorties 368, presents 26 (pic {'n': 107, 'heure': '17:11'}, source compteur)
2026-10-03 19:06:02 [INFO] Site visites libres : Visites libres 10h00 - 19h00 (fenetre 09:30-19:30)
2026-10-03 19:06:02 [INFO] Borne 192.168.2.10:5205 - compteurs du musee (Area 511 VISITES MUSEE)
2026-10-03 19:06:02 [INFO]   511 VISITES MUSEE E=106762 S=0
2026-10-03 19:06:02 [INFO]   512 ENTREE MUSEE E=106762 S=0
2026-10-03 19:06:02 [INFO]   1208 TRI-MUS-55   E=26384 S=0
2026-10-03 19:06:02 [INFO]   1209 TRI-MUS-56   E=53638 S=0
2026-10-03 19:06:02 [INFO]   1210 TRI-MUS-57   E=26740 S=0
2026-10-03 19:06:02 [INFO]   1040 PDA.3.11     E=0 S=0
2026-10-03 19:06:02 [INFO] Compteurs du site (visites libres)
2026-10-03 19:06:02 [INFO]   749 TRI-NORV-27  E=603 S=31130
2026-10-03 19:06:02 [INFO]   750 TRI-NORV-28  E=30400 S=143
2026-10-03 19:06:02 [INFO]   751 TRI-NORV-PMR-29 E=2893 S=131
2026-10-03 19:06:02 [INFO]   transactions 18:51:03 -> 19:06:02 : 0 lues en 1 page(s), 0 musee, 0 site
2026-10-03 19:06:02 [INFO] Dialogue borne : 0.9 s
2026-10-03 19:06:02 [INFO] Visiteurs du 2026-10-03 : 732 (source compteur, compteur 732, transactions 732)
2026-10-03 19:06:02 [INFO] Site visites libres du 2026-10-03 : entrees 394, sorties 368, presents 26 (pic {'n': 107, 'heure': '17:11'}, source compteur)
2026-10-03 19:11:02 [INFO] Site visites libres : Visites libres 10h00 - 19h00 (fenetre 09:30-19:30)
2026-10-03 19:11:02 [INFO] Borne 192.168.2.10:5205 - compteurs du musee (Area 511 VISITES MUSEE)
2026-10-03 19:11:02 [INFO]   511 VISITES MUSEE E=106762 S=0
2026-10-03 19:11:02 [INFO]   512 ENTREE MUSEE E=106762 S=0
2026-10-03 19:11:02 [INFO]   1208 TRI-MUS-55   E=26384 S=0
2026-10-03 19:11:02 [INFO]   1209 TRI-MUS-56   E=53638 S=0
2026-10-03 19:11:02 [INFO]   1210 TRI-MUS-57   E=26740 S=0
2026-10-03 19:11:02 [INFO]   1040 PDA.3.11     E=0 S=0
2026-10-03 19:11:02 [INFO] Compteurs du site (visites libres)
2026-10-03 19:11:02 [INFO]   749 TRI-NORV-27  E=603 S=31130
2026-10-03 19:11:02 [INFO]   750 TRI-NORV-28  E=30400 S=143
2026-10-03 19:11:02 [INFO]   751 TRI-NORV-PMR-29 E=2893 S=131
2026-10-03 19:11:02 [INFO]   transactions 18:56:02 -> 19:11:02 : 0 lues en 1 page(s), 0 musee, 0 site
2026-10-03 19:11:02 [INFO] Dialogue borne : 1.0 s
2026-10-03 19:11:02 [INFO] Visiteurs du 2026-10-03 : 732 (source compteur, compteur 732, transactions 732)
2026-10-03 19:11:03 [INFO] Site visites libres du 2026-10-03 : entrees 394, sorties 368, presents 26 (pic {'n': 107, 'heure': '17:11'}, source compteur)
2026-10-03 19:16:02 [INFO] Site visites libres : Visites libres 10h00 - 19h00 (fenetre 09:30-19:30)
2026-10-03 19:16:02 [INFO] Borne 192.168.2.10:5205 - compteurs du musee (Area 511 VISITES MUSEE)
2026-10-03 19:16:02 [INFO]   511 VISITES MUSEE E=106762 S=0
2026-10-03 19:16:02 [INFO]   512 ENTREE MUSEE E=106762 S=0
2026-10-03 19:16:02 [INFO]   1208 TRI-MUS-55   E=26384 S=0
2026-10-03 19:16:02 [INFO]   1209 TRI-MUS-56   E=53638 S=0
2026-10-03 19:16:02 [INFO]   1210 TRI-MUS-57   E=26740 S=0
2026-10-03 19:16:02 [INFO]   1040 PDA.3.11     E=0 S=0
2026-10-03 19:16:02 [INFO] Compteurs du site (visites libres)
2026-10-03 19:16:02 [INFO]   749 TRI-NORV-27  E=603 S=31130
2026-10-03 19:16:02 [INFO]   750 TRI-NORV-28  E=30400 S=143
2026-10-03 19:16:02 [INFO]   751 TRI-NORV-PMR-29 E=2893 S=131
2026-10-03 19:16:03 [INFO]   transactions 19:01:02 -> 19:16:02 : 0 lues en 1 page(s), 0 musee, 0 site
2026-10-03 19:16:03 [INFO] Dialogue borne : 1.0 s
2026-10-03 19:16:03 [INFO] Visiteurs du 2026-10-03 : 732 (source compteur, compteur 732, transactions 732)
2026-10-03 19:16:03 [INFO] Site visites libres du 2026-10-03 : entrees 394, sorties 368, presents 26 (pic {'n': 107, 'heure': '17:11'}, source compteur)
2026-10-03 19:21:02 [INFO] Site visites libres : Visites libres 10h00 - 19h00 (fenetre 09:30-19:30)
2026-10-03 19:21:02 [INFO] Borne 192.168.2.10:5205 - compteurs du musee (Area 511 VISITES MUSEE)
2026-10-03 19:21:02 [INFO]   511 VISITES MUSEE E=106762 S=0
2026-10-03 19:21:02 [INFO]   512 ENTREE MUSEE E=106762 S=0
2026-10-03 19:21:02 [INFO]   1208 TRI-MUS-55   E=26384 S=0
2026-10-03 19:21:02 [INFO]   1209 TRI-MUS-56   E=53638 S=0
2026-10-03 19:21:02 [INFO]   1210 TRI-MUS-57   E=26740 S=0
2026-10-03 19:21:02 [INFO]   1040 PDA.3.11     E=0 S=0
2026-10-03 19:21:02 [INFO] Compteurs du site (visites libres)
2026-10-03 19:21:02 [INFO]   749 TRI-NORV-27  E=603 S=31130
2026-10-03 19:21:02 [INFO]   750 TRI-NORV-28  E=30400 S=143
2026-10-03 19:21:02 [INFO]   751 TRI-NORV-PMR-29 E=2893 S=131
2026-10-03 19:21:03 [INFO]   transactions 19:06:02 -> 19:21:02 : 0 lues en 1 page(s), 0 musee, 0 site
2026-10-03 19:21:03 [INFO] Dialogue borne : 1.0 s
2026-10-03 19:21:03 [INFO] Visiteurs du 2026-10-03 : 732 (source compteur, compteur 732, transactions 732)
2026-10-03 19:21:03 [INFO] Site visites libres du 2026-10-03 : entrees 394, sorties 368, presents 26 (pic {'n': 107, 'heure': '17:11'}, source compteur)
2026-10-03 19:26:02 [INFO] Site visites libres : Visites libres 10h00 - 19h00 (fenetre 09:30-19:30)
2026-10-03 19:26:02 [INFO] Borne 192.168.2.10:5205 - compteurs du musee (Area 511 VISITES MUSEE)
2026-10-03 19:26:02 [INFO]   511 VISITES MUSEE E=106762 S=0
2026-10-03 19:26:02 [INFO]   512 ENTREE MUSEE E=106762 S=0
2026-10-03 19:26:02 [INFO]   1208 TRI-MUS-55   E=26384 S=0
2026-10-03 19:26:02 [INFO]   1209 TRI-MUS-56   E=53638 S=0
2026-10-03 19:26:02 [INFO]   1210 TRI-MUS-57   E=26740 S=0
2026-10-03 19:26:02 [INFO]   1040 PDA.3.11     E=0 S=0
2026-10-03 19:26:02 [INFO] Compteurs du site (visites libres)
2026-10-03 19:26:02 [INFO]   749 TRI-NORV-27  E=603 S=31130
2026-10-03 19:26:02 [INFO]   750 TRI-NORV-28  E=30400 S=143
2026-10-03 19:26:02 [INFO]   751 TRI-NORV-PMR-29 E=2893 S=131
2026-10-03 19:26:03 [INFO]   transactions 19:11:02 -> 19:26:02 : 0 lues en 1 page(s), 0 musee, 0 site
2026-10-03 19:26:03 [INFO] Dialogue borne : 1.1 s
2026-10-03 19:26:03 [INFO] Visiteurs du 2026-10-03 : 732 (source compteur, compteur 732, transactions 732)
2026-10-03 19:26:03 [INFO] Site visites libres du 2026-10-03 : entrees 394, sorties 368, presents 26 (pic {'n': 107, 'heure': '17:11'}, source compteur)
2026-10-03 19:31:02 [INFO] Site visites libres : Visites libres terminees (fenetre 09:30-19:30)
2026-10-03 19:31:02 [INFO] Borne 192.168.2.10:5205 - compteurs du musee (Area 511 VISITES MUSEE)
2026-10-03 19:31:02 [INFO]   511 VISITES MUSEE E=106762 S=0
2026-10-03 19:31:02 [INFO]   512 ENTREE MUSEE E=106762 S=0
2026-10-03 19:31:02 [INFO]   1208 TRI-MUS-55   E=26384 S=0
2026-10-03 19:31:02 [INFO]   1209 TRI-MUS-56   E=53638 S=0
2026-10-03 19:31:02 [INFO]   1210 TRI-MUS-57   E=26740 S=0
2026-10-03 19:31:02 [INFO]   1040 PDA.3.11     E=0 S=0
2026-10-03 19:31:02 [INFO] Compteurs du site (visites libres)
2026-10-03 19:31:02 [INFO]   749 TRI-NORV-27  E=603 S=31130
2026-10-03 19:31:02 [INFO]   750 TRI-NORV-28  E=30400 S=143
2026-10-03 19:31:02 [INFO]   751 TRI-NORV-PMR-29 E=2893 S=131
2026-10-03 19:31:02 [INFO]   transactions 19:16:02 -> 19:31:02 : 0 lues en 1 page(s), 0 musee, 0 site
2026-10-03 19:31:02 [INFO] Dialogue borne : 1.0 s
2026-10-03 19:31:03 [INFO] Visiteurs du 2026-10-03 : 732 (source compteur, compteur 732, transactions 732)
2026-10-03 19:31:03 [INFO] Site visites libres du 2026-10-03 : entrees 394, sorties 368, presents 26 (pic {'n': 107, 'heure': '17:11'}, source compteur)
2026-10-03 19:36:02 [INFO] Site visites libres : Visites libres terminees (fenetre 09:30-19:30)
2026-10-03 19:36:02 [INFO] Borne 192.168.2.10:5205 - compteurs du musee (Area 511 VISITES MUSEE)
2026-10-03 19:36:02 [INFO]   511 VISITES MUSEE E=106762 S=0
2026-10-03 19:36:02 [INFO]   512 ENTREE MUSEE E=106762 S=0
2026-10-03 19:36:02 [INFO]   1208 TRI-MUS-55   E=26384 S=0
2026-10-03 19:36:02 [INFO]   1209 TRI-MUS-56   E=53638 S=0
2026-10-03 19:36:02 [INFO]   1210 TRI-MUS-57   E=26740 S=0
2026-10-03 19:36:02 [INFO]   1040 PDA.3.11     E=0 S=0
2026-10-03 19:36:02 [INFO] Compteurs du site (visites libres)
2026-10-03 19:36:02 [INFO]   749 TRI-NORV-27  E=603 S=31130
2026-10-03 19:36:02 [INFO]   750 TRI-NORV-28  E=30400 S=143
2026-10-03 19:36:02 [INFO]   751 TRI-NORV-PMR-29 E=2893 S=131
2026-10-03 19:36:03 [INFO]   transactions 19:21:02 -> 19:36:02 : 0 lues en 1 page(s), 0 musee, 0 site
2026-10-03 19:36:03 [INFO] Dialogue borne : 1.0 s
2026-10-03 19:36:03 [INFO] Visiteurs du 2026-10-03 : 732 (source compteur, compteur 732, transactions 732)
2026-10-03 19:36:03 [INFO] Site visites libres du 2026-10-03 : entrees 394, sorties 368, presents 26 (pic {'n': 107, 'heure': '17:11'}, source compteur)
2026-10-03 19:41:02 [INFO] Site visites libres : Visites libres terminees (fenetre 09:30-19:30)
2026-10-03 19:41:02 [INFO] Borne 192.168.2.10:5205 - compteurs du musee (Area 511 VISITES MUSEE)
2026-10-03 19:41:02 [INFO]   511 VISITES MUSEE E=106762 S=0
2026-10-03 19:41:02 [INFO]   512 ENTREE MUSEE E=106762 S=0
2026-10-03 19:41:02 [INFO]   1208 TRI-MUS-55   E=26384 S=0
2026-10-03 19:41:02 [INFO]   1209 TRI-MUS-56   E=53638 S=0
2026-10-03 19:41:02 [INFO]   1210 TRI-MUS-57   E=26740 S=0
2026-10-03 19:41:02 [INFO]   1040 PDA.3.11     E=0 S=0
2026-10-03 19:41:02 [INFO] Compteurs du site (visites libres)
2026-10-03 19:41:02 [INFO]   749 TRI-NORV-27  E=603 S=31130
2026-10-03 19:41:02 [INFO]   750 TRI-NORV-28  E=30400 S=143
2026-10-03 19:41:02 [INFO]   751 TRI-NORV-PMR-29 E=2893 S=131
2026-10-03 19:41:02 [INFO]   transactions 19:26:02 -> 19:41:02 : 0 lues en 1 page(s), 0 musee, 0 site
2026-10-03 19:41:02 [INFO] Dialogue borne : 0.8 s
2026-10-03 19:41:02 [INFO] Visiteurs du 2026-10-03 : 732 (source compteur, compteur 732, transactions 732)
2026-10-03 19:41:02 [INFO] Site visites libres du 2026-10-03 : entrees 394, sorties 368, presents 26 (pic {'n': 107, 'heure': '17:11'}, source compteur)
2026-10-03 19:46:02 [INFO] Site visites libres : Visites libres terminees (fenetre 09:30-19:30)
2026-10-03 19:46:02 [INFO] Borne 192.168.2.10:5205 - compteurs du musee (Area 511 VISITES MUSEE)
2026-10-03 19:46:02 [INFO]   511 VISITES MUSEE E=106762 S=0
2026-10-03 19:46:02 [INFO]   512 ENTREE MUSEE E=106762 S=0
2026-10-03 19:46:02 [INFO]   1208 TRI-MUS-55   E=26384 S=0
2026-10-03 19:46:02 [INFO]   1209 TRI-MUS-56   E=53638 S=0
2026-10-03 19:46:02 [INFO]   1210 TRI-MUS-57   E=26740 S=0
2026-10-03 19:46:02 [INFO]   1040 PDA.3.11     E=0 S=0
2026-10-03 19:46:02 [INFO] Compteurs du site (visites libres)
2026-10-03 19:46:02 [INFO]   749 TRI-NORV-27  E=603 S=31130
2026-10-03 19:46:02 [INFO]   750 TRI-NORV-28  E=30400 S=143
2026-10-03 19:46:02 [INFO]   751 TRI-NORV-PMR-29 E=2893 S=131
2026-10-03 19:46:03 [INFO]   transactions 19:31:02 -> 19:46:02 : 0 lues en 1 page(s), 0 musee, 0 site
2026-10-03 19:46:03 [INFO] Dialogue borne : 1.0 s
2026-10-03 19:46:03 [INFO] Visiteurs du 2026-10-03 : 732 (source compteur, compteur 732, transactions 732)
2026-10-03 19:46:03 [INFO] Site visites libres du 2026-10-03 : entrees 394, sorties 368, presents 26 (pic {'n': 107, 'heure': '17:11'}, source compteur)
2026-10-03 19:51:02 [INFO] Site visites libres : Visites libres terminees (fenetre 09:30-19:30)
2026-10-03 19:51:02 [INFO] Borne 192.168.2.10:5205 - compteurs du musee (Area 511 VISITES MUSEE)
2026-10-03 19:51:02 [INFO]   511 VISITES MUSEE E=106762 S=0
2026-10-03 19:51:02 [INFO]   512 ENTREE MUSEE E=106762 S=0
2026-10-03 19:51:02 [INFO]   1208 TRI-MUS-55   E=26384 S=0
2026-10-03 19:51:02 [INFO]   1209 TRI-MUS-56   E=53638 S=0
2026-10-03 19:51:02 [INFO]   1210 TRI-MUS-57   E=26740 S=0
2026-10-03 19:51:02 [INFO]   1040 PDA.3.11     E=0 S=0
2026-10-03 19:51:02 [INFO] Compteurs du site (visites libres)
2026-10-03 19:51:02 [INFO]   749 TRI-NORV-27  E=603 S=31130
2026-10-03 19:51:02 [INFO]   750 TRI-NORV-28  E=30400 S=143
2026-10-03 19:51:02 [INFO]   751 TRI-NORV-PMR-29 E=2893 S=131
2026-10-03 19:51:03 [INFO]   transactions 19:36:02 -> 19:51:02 : 0 lues en 1 page(s), 0 musee, 0 site
2026-10-03 19:51:03 [INFO] Dialogue borne : 1.0 s
2026-10-03 19:51:03 [INFO] Visiteurs du 2026-10-03 : 732 (source compteur, compteur 732, transactions 732)
2026-10-03 19:51:03 [INFO] Site visites libres du 2026-10-03 : entrees 394, sorties 368, presents 26 (pic {'n': 107, 'heure': '17:11'}, source compteur)
2026-10-03 19:56:02 [INFO] Site visites libres : Visites libres terminees (fenetre 09:30-19:30)
2026-10-03 19:56:02 [INFO] Borne 192.168.2.10:5205 - compteurs du musee (Area 511 VISITES MUSEE)
2026-10-03 19:56:02 [INFO]   511 VISITES MUSEE E=106762 S=0
2026-10-03 19:56:02 [INFO]   512 ENTREE MUSEE E=106762 S=0
2026-10-03 19:56:02 [INFO]   1208 TRI-MUS-55   E=26384 S=0
2026-10-03 19:56:02 [INFO]   1209 TRI-MUS-56   E=53638 S=0
2026-10-03 19:56:02 [INFO]   1210 TRI-MUS-57   E=26740 S=0
2026-10-03 19:56:02 [INFO]   1040 PDA.3.11     E=0 S=0
2026-10-03 19:56:02 [INFO] Compteurs du site (visites libres)
2026-10-03 19:56:02 [INFO]   749 TRI-NORV-27  E=603 S=31130
2026-10-03 19:56:02 [INFO]   750 TRI-NORV-28  E=30400 S=143
2026-10-03 19:56:02 [INFO]   751 TRI-NORV-PMR-29 E=2893 S=131
2026-10-03 19:56:02 [INFO]   transactions 19:41:02 -> 19:56:02 : 0 lues en 1 page(s), 0 musee, 0 site
2026-10-03 19:56:02 [INFO] Dialogue borne : 0.8 s
2026-10-03 19:56:02 [INFO] Visiteurs du 2026-10-03 : 732 (source compteur, compteur 732, transactions 732)
2026-10-03 19:56:02 [INFO] Site visites libres du 2026-10-03 : entrees 394, sorties 368, presents 26 (pic {'n': 107, 'heure': '17:11'}, source compteur)
2026-10-03 20:01:02 [INFO] Site visites libres : Visites libres terminees (fenetre 09:30-19:30)
2026-10-03 20:01:02 [INFO] Borne 192.168.2.10:5205 - compteurs du musee (Area 511 VISITES MUSEE)
2026-10-03 20:01:02 [INFO]   511 VISITES MUSEE E=106762 S=0
2026-10-03 20:01:02 [INFO]   512 ENTREE MUSEE E=106762 S=0
2026-10-03 20:01:02 [INFO]   1208 TRI-MUS-55   E=26384 S=0
2026-10-03 20:01:02 [INFO]   1209 TRI-MUS-56   E=53638 S=0
2026-10-03 20:01:02 [INFO]   1210 TRI-MUS-57   E=26740 S=0
2026-10-03 20:01:02 [INFO]   1040 PDA.3.11     E=0 S=0
2026-10-03 20:01:02 [INFO] Compteurs du site (visites libres)
2026-10-03 20:01:02 [INFO]   749 TRI-NORV-27  E=603 S=31130
2026-10-03 20:01:02 [INFO]   750 TRI-NORV-28  E=30400 S=143
2026-10-03 20:01:02 [INFO]   751 TRI-NORV-PMR-29 E=2893 S=131
2026-10-03 20:01:02 [INFO]   transactions 19:46:02 -> 20:01:02 : 0 lues en 1 page(s), 0 musee, 0 site
2026-10-03 20:01:02 [INFO] Dialogue borne : 0.9 s
2026-10-03 20:01:02 [INFO] Visiteurs du 2026-10-03 : 732 (source compteur, compteur 732, transactions 732)
2026-10-03 20:01:02 [INFO] Site visites libres du 2026-10-03 : entrees 394, sorties 368, presents 26 (pic {'n': 107, 'heure': '17:11'}, source compteur)
2026-10-03 20:06:02 [INFO] Site visites libres : Visites libres terminees (fenetre 09:30-19:30)
2026-10-03 20:06:02 [INFO] Borne 192.168.2.10:5205 - compteurs du musee (Area 511 VISITES MUSEE)
2026-10-03 20:06:02 [INFO]   511 VISITES MUSEE E=106762 S=0
2026-10-03 20:06:02 [INFO]   512 ENTREE MUSEE E=106762 S=0
2026-10-03 20:06:02 [INFO]   1208 TRI-MUS-55   E=26384 S=0
2026-10-03 20:06:02 [INFO]   1209 TRI-MUS-56   E=53638 S=0
2026-10-03 20:06:02 [INFO]   1210 TRI-MUS-57   E=26740 S=0
2026-10-03 20:06:02 [INFO]   1040 PDA.3.11     E=0 S=0
2026-10-03 20:06:02 [INFO] Compteurs du site (visites libres)
2026-10-03 20:06:02 [INFO]   749 TRI-NORV-27  E=603 S=31130
2026-10-03 20:06:02 [INFO]   750 TRI-NORV-28  E=30400 S=143
2026-10-03 20:06:02 [INFO]   751 TRI-NORV-PMR-29 E=2893 S=131
2026-10-03 20:06:03 [INFO]   transactions 19:51:02 -> 20:06:02 : 0 lues en 1 page(s), 0 musee, 0 site
2026-10-03 20:06:03 [INFO] Dialogue borne : 0.9 s
2026-10-03 20:06:03 [INFO] Visiteurs du 2026-10-03 : 732 (source compteur, compteur 732, transactions 732)
2026-10-03 20:06:03 [INFO] Site visites libres du 2026-10-03 : entrees 394, sorties 368, presents 26 (pic {'n': 107, 'heure': '17:11'}, source compteur)
2026-10-03 20:11:02 [INFO] Site visites libres : Visites libres terminees (fenetre 09:30-19:30)
2026-10-03 20:11:02 [INFO] Borne 192.168.2.10:5205 - compteurs du musee (Area 511 VISITES MUSEE)
2026-10-03 20:11:02 [INFO]   511 VISITES MUSEE E=106762 S=0
2026-10-03 20:11:02 [INFO]   512 ENTREE MUSEE E=106762 S=0
2026-10-03 20:11:02 [INFO]   1208 TRI-MUS-55   E=26384 S=0
2026-10-03 20:11:02 [INFO]   1209 TRI-MUS-56   E=53638 S=0
2026-10-03 20:11:02 [INFO]   1210 TRI-MUS-57   E=26740 S=0
2026-10-03 20:11:02 [INFO]   1040 PDA.3.11     E=0 S=0
2026-10-03 20:11:02 [INFO] Compteurs du site (visites libres)
2026-10-03 20:11:02 [INFO]   749 TRI-NORV-27  E=603 S=31130
2026-10-03 20:11:02 [INFO]   750 TRI-NORV-28  E=30400 S=143
2026-10-03 20:11:02 [INFO]   751 TRI-NORV-PMR-29 E=2893 S=131
2026-10-03 20:11:03 [INFO]   transactions 19:56:02 -> 20:11:02 : 0 lues en 1 page(s), 0 musee, 0 site
2026-10-03 20:11:03 [INFO] Dialogue borne : 1.1 s
2026-10-03 20:11:03 [INFO] Visiteurs du 2026-10-03 : 732 (source compteur, compteur 732, transactions 732)
2026-10-03 20:11:03 [INFO] Site visites libres du 2026-10-03 : entrees 394, sorties 368, presents 26 (pic {'n': 107, 'heure': '17:11'}, source compteur)
2026-10-03 20:16:02 [INFO] Site visites libres : Visites libres terminees (fenetre 09:30-19:30)
2026-10-03 20:16:02 [INFO] Borne 192.168.2.10:5205 - compteurs du musee (Area 511 VISITES MUSEE)
2026-10-03 20:16:02 [INFO]   511 VISITES MUSEE E=106762 S=0
2026-10-03 20:16:02 [INFO]   512 ENTREE MUSEE E=106762 S=0
2026-10-03 20:16:02 [INFO]   1208 TRI-MUS-55   E=26384 S=0
2026-10-03 20:16:02 [INFO]   1209 TRI-MUS-56   E=53638 S=0
2026-10-03 20:16:02 [INFO]   1210 TRI-MUS-57   E=26740 S=0
2026-10-03 20:16:02 [INFO]   1040 PDA.3.11     E=0 S=0
2026-10-03 20:16:02 [INFO] Compteurs du site (visites libres)
2026-10-03 20:16:02 [INFO]   749 TRI-NORV-27  E=603 S=31130
2026-10-03 20:16:02 [INFO]   750 TRI-NORV-28  E=30400 S=143
2026-10-03 20:16:02 [INFO]   751 TRI-NORV-PMR-29 E=2893 S=131
2026-10-03 20:16:02 [INFO]   transactions 20:01:02 -> 20:16:02 : 0 lues en 1 page(s), 0 musee, 0 site
2026-10-03 20:16:02 [INFO] Dialogue borne : 0.9 s
2026-10-03 20:16:02 [INFO] Visiteurs du 2026-10-03 : 732 (source compteur, compteur 732, transactions 732)
2026-10-03 20:16:02 [INFO] Site visites libres du 2026-10-03 : entrees 394, sorties 368, presents 26 (pic {'n': 107, 'heure': '17:11'}, source compteur)
2026-10-03 20:21:02 [INFO] Site visites libres : Visites libres terminees (fenetre 09:30-19:30)
2026-10-03 20:21:02 [INFO] Borne 192.168.2.10:5205 - compteurs du musee (Area 511 VISITES MUSEE)
2026-10-03 20:21:02 [INFO]   511 VISITES MUSEE E=106762 S=0
2026-10-03 20:21:02 [INFO]   512 ENTREE MUSEE E=106762 S=0
2026-10-03 20:21:02 [INFO]   1208 TRI-MUS-55   E=26384 S=0
2026-10-03 20:21:02 [INFO]   1209 TRI-MUS-56   E=53638 S=0
2026-10-03 20:21:02 [INFO]   1210 TRI-MUS-57   E=26740 S=0
2026-10-03 20:21:02 [INFO]   1040 PDA.3.11     E=0 S=0
2026-10-03 20:21:02 [INFO] Compteurs du site (visites libres)
2026-10-03 20:21:02 [INFO]   749 TRI-NORV-27  E=603 S=31130
2026-10-03 20:21:02 [INFO]   750 TRI-NORV-28  E=30400 S=143
2026-10-03 20:21:02 [INFO]   751 TRI-NORV-PMR-29 E=2893 S=131
2026-10-03 20:21:03 [INFO]   transactions 20:06:02 -> 20:21:02 : 0 lues en 1 page(s), 0 musee, 0 site
2026-10-03 20:21:03 [INFO] Dialogue borne : 1.2 s
2026-10-03 20:21:03 [INFO] Visiteurs du 2026-10-03 : 732 (source compteur, compteur 732, transactions 732)
2026-10-03 20:21:03 [INFO] Site visites libres du 2026-10-03 : entrees 394, sorties 368, presents 26 (pic {'n': 107, 'heure': '17:11'}, source compteur)
2026-10-03 20:26:02 [INFO] Site visites libres : Visites libres terminees (fenetre 09:30-19:30)
2026-10-03 20:26:02 [INFO] Borne 192.168.2.10:5205 - compteurs du musee (Area 511 VISITES MUSEE)
2026-10-03 20:26:02 [INFO]   511 VISITES MUSEE E=106762 S=0
2026-10-03 20:26:02 [INFO]   512 ENTREE MUSEE E=106762 S=0
2026-10-03 20:26:02 [INFO]   1208 TRI-MUS-55   E=26384 S=0
2026-10-03 20:26:02 [INFO]   1209 TRI-MUS-56   E=53638 S=0
2026-10-03 20:26:02 [INFO]   1210 TRI-MUS-57   E=26740 S=0
2026-10-03 20:26:02 [INFO]   1040 PDA.3.11     E=0 S=0
2026-10-03 20:26:02 [INFO] Compteurs du site (visites libres)
2026-10-03 20:26:02 [INFO]   749 TRI-NORV-27  E=603 S=31130
2026-10-03 20:26:02 [INFO]   750 TRI-NORV-28  E=30400 S=143
2026-10-03 20:26:02 [INFO]   751 TRI-NORV-PMR-29 E=2893 S=131
2026-10-03 20:26:03 [INFO]   transactions 20:11:02 -> 20:26:02 : 0 lues en 1 page(s), 0 musee, 0 site
2026-10-03 20:26:03 [INFO] Dialogue borne : 1.0 s
2026-10-03 20:26:03 [INFO] Visiteurs du 2026-10-03 : 732 (source compteur, compteur 732, transactions 732)
2026-10-03 20:26:03 [INFO] Site visites libres du 2026-10-03 : entrees 394, sorties 368, presents 26 (pic {'n': 107, 'heure': '17:11'}, source compteur)
2026-10-03 20:31:02 [INFO] Site visites libres : Visites libres terminees (fenetre 09:30-19:30)
2026-10-03 20:31:02 [INFO] Borne 192.168.2.10:5205 - compteurs du musee (Area 511 VISITES MUSEE)
2026-10-03 20:31:02 [INFO]   511 VISITES MUSEE E=106762 S=0
2026-10-03 20:31:02 [INFO]   512 ENTREE MUSEE E=106762 S=0
2026-10-03 20:31:02 [INFO]   1208 TRI-MUS-55   E=26384 S=0
2026-10-03 20:31:02 [INFO]   1209 TRI-MUS-56   E=53638 S=0
2026-10-03 20:31:02 [INFO]   1210 TRI-MUS-57   E=26740 S=0
2026-10-03 20:31:02 [INFO]   1040 PDA.3.11     E=0 S=0
2026-10-03 20:31:02 [INFO] Compteurs du site (visites libres)
2026-10-03 20:31:02 [INFO]   749 TRI-NORV-27  E=603 S=31130
2026-10-03 20:31:02 [INFO]   750 TRI-NORV-28  E=30400 S=143
2026-10-03 20:31:02 [INFO]   751 TRI-NORV-PMR-29 E=2893 S=131
2026-10-03 20:31:03 [INFO]   transactions 20:16:02 -> 20:31:02 : 0 lues en 1 page(s), 0 musee, 0 site
2026-10-03 20:31:03 [INFO] Dialogue borne : 1.1 s
2026-10-03 20:31:03 [INFO] Visiteurs du 2026-10-03 : 732 (source compteur, compteur 732, transactions 732)
2026-10-03 20:31:03 [INFO] Site visites libres du 2026-10-03 : entrees 394, sorties 368, presents 26 (pic {'n': 107, 'heure': '17:11'}, source compteur)
2026-10-03 20:36:02 [INFO] Site visites libres : Visites libres terminees (fenetre 09:30-19:30)
2026-10-03 20:36:02 [INFO] Borne 192.168.2.10:5205 - compteurs du musee (Area 511 VISITES MUSEE)
2026-10-03 20:36:02 [INFO]   511 VISITES MUSEE E=106762 S=0
2026-10-03 20:36:02 [INFO]   512 ENTREE MUSEE E=106762 S=0
2026-10-03 20:36:02 [INFO]   1208 TRI-MUS-55   E=26384 S=0
2026-10-03 20:36:02 [INFO]   1209 TRI-MUS-56   E=53638 S=0
2026-10-03 20:36:02 [INFO]   1210 TRI-MUS-57   E=26740 S=0
2026-10-03 20:36:02 [INFO]   1040 PDA.3.11     E=0 S=0
2026-10-03 20:36:02 [INFO] Compteurs du site (visites libres)
2026-10-03 20:36:02 [INFO]   749 TRI-NORV-27  E=603 S=31130
2026-10-03 20:36:02 [INFO]   750 TRI-NORV-28  E=30400 S=143
2026-10-03 20:36:02 [INFO]   751 TRI-NORV-PMR-29 E=2893 S=131
2026-10-03 20:36:03 [INFO]   transactions 20:21:02 -> 20:36:02 : 0 lues en 1 page(s), 0 musee, 0 site
2026-10-03 20:36:03 [INFO] Dialogue borne : 1.1 s
2026-10-03 20:36:03 [INFO] Visiteurs du 2026-10-03 : 732 (source compteur, compteur 732, transactions 732)
2026-10-03 20:36:03 [INFO] Site visites libres du 2026-10-03 : entrees 394, sorties 368, presents 26 (pic {'n': 107, 'heure': '17:11'}, source compteur)
2026-10-03 20:41:02 [INFO] Site visites libres : Visites libres terminees (fenetre 09:30-19:30)
2026-10-03 20:41:02 [INFO] Borne 192.168.2.10:5205 - compteurs du musee (Area 511 VISITES MUSEE)
2026-10-03 20:41:02 [INFO]   511 VISITES MUSEE E=106762 S=0
2026-10-03 20:41:02 [INFO]   512 ENTREE MUSEE E=106762 S=0
2026-10-03 20:41:02 [INFO]   1208 TRI-MUS-55   E=26384 S=0
2026-10-03 20:41:02 [INFO]   1209 TRI-MUS-56   E=53638 S=0
2026-10-03 20:41:02 [INFO]   1210 TRI-MUS-57   E=26740 S=0
2026-10-03 20:41:02 [INFO]   1040 PDA.3.11     E=0 S=0
2026-10-03 20:41:02 [INFO] Compteurs du site (visites libres)
2026-10-03 20:41:02 [INFO]   749 TRI-NORV-27  E=603 S=31130
2026-10-03 20:41:02 [INFO]   750 TRI-NORV-28  E=30400 S=143
2026-10-03 20:41:02 [INFO]   751 TRI-NORV-PMR-29 E=2893 S=131
2026-10-03 20:41:03 [INFO]   transactions 20:26:02 -> 20:41:02 : 0 lues en 1 page(s), 0 musee, 0 site
2026-10-03 20:41:03 [INFO] Dialogue borne : 1.0 s
2026-10-03 20:41:03 [INFO] Visiteurs du 2026-10-03 : 732 (source compteur, compteur 732, transactions 732)
2026-10-03 20:41:03 [INFO] Site visites libres du 2026-10-03 : entrees 394, sorties 368, presents 26 (pic {'n': 107, 'heure': '17:11'}, source compteur)
2026-10-03 20:46:02 [INFO] Site visites libres : Visites libres terminees (fenetre 09:30-19:30)
2026-10-03 20:46:02 [INFO] Borne 192.168.2.10:5205 - compteurs du musee (Area 511 VISITES MUSEE)
2026-10-03 20:46:02 [INFO]   511 VISITES MUSEE E=106762 S=0
2026-10-03 20:46:02 [INFO]   512 ENTREE MUSEE E=106762 S=0
2026-10-03 20:46:02 [INFO]   1208 TRI-MUS-55   E=26384 S=0
2026-10-03 20:46:02 [INFO]   1209 TRI-MUS-56   E=53638 S=0
2026-10-03 20:46:02 [INFO]   1210 TRI-MUS-57   E=26740 S=0
2026-10-03 20:46:02 [INFO]   1040 PDA.3.11     E=0 S=0
2026-10-03 20:46:02 [INFO] Compteurs du site (visites libres)
2026-10-03 20:46:02 [INFO]   749 TRI-NORV-27  E=603 S=31130
2026-10-03 20:46:02 [INFO]   750 TRI-NORV-28  E=30400 S=143
2026-10-03 20:46:02 [INFO]   751 TRI-NORV-PMR-29 E=2893 S=131
2026-10-03 20:46:03 [INFO]   transactions 20:31:02 -> 20:46:02 : 0 lues en 1 page(s), 0 musee, 0 site
2026-10-03 20:46:03 [INFO] Dialogue borne : 1.1 s
2026-10-03 20:46:03 [INFO] Visiteurs du 2026-10-03 : 732 (source compteur, compteur 732, transactions 732)
2026-10-03 20:46:03 [INFO] Site visites libres du 2026-10-03 : entrees 394, sorties 368, presents 26 (pic {'n': 107, 'heure': '17:11'}, source compteur)
2026-10-03 20:51:02 [INFO] Site visites libres : Visites libres terminees (fenetre 09:30-19:30)
2026-10-03 20:51:02 [INFO] Borne 192.168.2.10:5205 - compteurs du musee (Area 511 VISITES MUSEE)
2026-10-03 20:51:02 [INFO]   511 VISITES MUSEE E=106762 S=0
2026-10-03 20:51:02 [INFO]   512 ENTREE MUSEE E=106762 S=0
2026-10-03 20:51:02 [INFO]   1208 TRI-MUS-55   E=26384 S=0
2026-10-03 20:51:02 [INFO]   1209 TRI-MUS-56   E=53638 S=0
2026-10-03 20:51:02 [INFO]   1210 TRI-MUS-57   E=26740 S=0
2026-10-03 20:51:02 [INFO]   1040 PDA.3.11     E=0 S=0
2026-10-03 20:51:02 [INFO] Compteurs du site (visites libres)
2026-10-03 20:51:02 [INFO]   749 TRI-NORV-27  E=603 S=31130
2026-10-03 20:51:02 [INFO]   750 TRI-NORV-28  E=30400 S=143
2026-10-03 20:51:02 [INFO]   751 TRI-NORV-PMR-29 E=2893 S=131
2026-10-03 20:51:02 [INFO]   transactions 20:36:02 -> 20:51:02 : 0 lues en 1 page(s), 0 musee, 0 site
2026-10-03 20:51:02 [INFO] Dialogue borne : 0.9 s
2026-10-03 20:51:03 [INFO] Visiteurs du 2026-10-03 : 732 (source compteur, compteur 732, transactions 732)
2026-10-03 20:51:03 [INFO] Site visites libres du 2026-10-03 : entrees 394, sorties 368, presents 26 (pic {'n': 107, 'heure': '17:11'}, source compteur)
2026-10-03 20:56:02 [INFO] Site visites libres : Visites libres terminees (fenetre 09:30-19:30)
2026-10-03 20:56:02 [INFO] Borne 192.168.2.10:5205 - compteurs du musee (Area 511 VISITES MUSEE)
2026-10-03 20:56:02 [INFO]   511 VISITES MUSEE E=106762 S=0
2026-10-03 20:56:02 [INFO]   512 ENTREE MUSEE E=106762 S=0
2026-10-03 20:56:02 [INFO]   1208 TRI-MUS-55   E=26384 S=0
2026-10-03 20:56:02 [INFO]   1209 TRI-MUS-56   E=53638 S=0
2026-10-03 20:56:02 [INFO]   1210 TRI-MUS-57   E=26740 S=0
2026-10-03 20:56:02 [INFO]   1040 PDA.3.11     E=0 S=0
2026-10-03 20:56:02 [INFO] Compteurs du site (visites libres)
2026-10-03 20:56:02 [INFO]   749 TRI-NORV-27  E=603 S=31130
2026-10-03 20:56:02 [INFO]   750 TRI-NORV-28  E=30400 S=143
2026-10-03 20:56:02 [INFO]   751 TRI-NORV-PMR-29 E=2893 S=131
2026-10-03 20:56:03 [INFO]   transactions 20:41:02 -> 20:56:02 : 0 lues en 1 page(s), 0 musee, 0 site
2026-10-03 20:56:03 [INFO] Dialogue borne : 1.0 s
2026-10-03 20:56:03 [INFO] Visiteurs du 2026-10-03 : 732 (source compteur, compteur 732, transactions 732)
2026-10-03 20:56:03 [INFO] Site visites libres du 2026-10-03 : entrees 394, sorties 368, presents 26 (pic {'n': 107, 'heure': '17:11'}, source compteur)
2026-10-03 21:01:02 [INFO] Site visites libres : Visites libres terminees (fenetre 09:30-19:30)
2026-10-03 21:01:02 [INFO] Borne 192.168.2.10:5205 - compteurs du musee (Area 511 VISITES MUSEE)
2026-10-03 21:01:02 [INFO]   511 VISITES MUSEE E=106762 S=0
2026-10-03 21:01:02 [INFO]   512 ENTREE MUSEE E=106762 S=0
2026-10-03 21:01:02 [INFO]   1208 TRI-MUS-55   E=26384 S=0
2026-10-03 21:01:02 [INFO]   1209 TRI-MUS-56   E=53638 S=0
2026-10-03 21:01:02 [INFO]   1210 TRI-MUS-57   E=26740 S=0
2026-10-03 21:01:02 [INFO]   1040 PDA.3.11     E=0 S=0
2026-10-03 21:01:02 [INFO] Compteurs du site (visites libres)
2026-10-03 21:01:02 [INFO]   749 TRI-NORV-27  E=603 S=31130
2026-10-03 21:01:02 [INFO]   750 TRI-NORV-28  E=30400 S=143
2026-10-03 21:01:02 [INFO]   751 TRI-NORV-PMR-29 E=2893 S=131
2026-10-03 21:01:02 [INFO]   transactions 20:46:02 -> 21:01:02 : 0 lues en 1 page(s), 0 musee, 0 site
2026-10-03 21:01:02 [INFO] Dialogue borne : 0.8 s
2026-10-03 21:01:02 [INFO] Visiteurs du 2026-10-03 : 732 (source compteur, compteur 732, transactions 732)
2026-10-03 21:01:02 [INFO] Site visites libres du 2026-10-03 : entrees 394, sorties 368, presents 26 (pic {'n': 107, 'heure': '17:11'}, source compteur)
2026-10-03 21:06:02 [INFO] Site visites libres : Visites libres terminees (fenetre 09:30-19:30)
2026-10-03 21:06:02 [INFO] Borne 192.168.2.10:5205 - compteurs du musee (Area 511 VISITES MUSEE)
2026-10-03 21:06:02 [INFO]   511 VISITES MUSEE E=106762 S=0
2026-10-03 21:06:02 [INFO]   512 ENTREE MUSEE E=106762 S=0
2026-10-03 21:06:02 [INFO]   1208 TRI-MUS-55   E=26384 S=0
2026-10-03 21:06:02 [INFO]   1209 TRI-MUS-56   E=53638 S=0
2026-10-03 21:06:02 [INFO]   1210 TRI-MUS-57   E=26740 S=0
2026-10-03 21:06:02 [INFO]   1040 PDA.3.11     E=0 S=0
2026-10-03 21:06:02 [INFO] Compteurs du site (visites libres)
2026-10-03 21:06:02 [INFO]   749 TRI-NORV-27  E=603 S=31130
2026-10-03 21:06:02 [INFO]   750 TRI-NORV-28  E=30400 S=143
2026-10-03 21:06:02 [INFO]   751 TRI-NORV-PMR-29 E=2893 S=131
2026-10-03 21:06:03 [INFO]   transactions 20:51:02 -> 21:06:02 : 0 lues en 1 page(s), 0 musee, 0 site
2026-10-03 21:06:03 [INFO] Dialogue borne : 1.1 s
2026-10-03 21:06:03 [INFO] Visiteurs du 2026-10-03 : 732 (source compteur, compteur 732, transactions 732)
2026-10-03 21:06:03 [INFO] Site visites libres du 2026-10-03 : entrees 394, sorties 368, presents 26 (pic {'n': 107, 'heure': '17:11'}, source compteur)
2026-10-03 21:11:02 [INFO] Site visites libres : Visites libres terminees (fenetre 09:30-19:30)
2026-10-03 21:11:02 [INFO] Borne 192.168.2.10:5205 - compteurs du musee (Area 511 VISITES MUSEE)
2026-10-03 21:11:02 [INFO]   511 VISITES MUSEE E=106762 S=0
2026-10-03 21:11:02 [INFO]   512 ENTREE MUSEE E=106762 S=0
2026-10-03 21:11:02 [INFO]   1208 TRI-MUS-55   E=26384 S=0
2026-10-03 21:11:02 [INFO]   1209 TRI-MUS-56   E=53638 S=0
2026-10-03 21:11:02 [INFO]   1210 TRI-MUS-57   E=26740 S=0
2026-10-03 21:11:02 [INFO]   1040 PDA.3.11     E=0 S=0
2026-10-03 21:11:02 [INFO] Compteurs du site (visites libres)
2026-10-03 21:11:02 [INFO]   749 TRI-NORV-27  E=603 S=31130
2026-10-03 21:11:02 [INFO]   750 TRI-NORV-28  E=30400 S=143
2026-10-03 21:11:02 [INFO]   751 TRI-NORV-PMR-29 E=2893 S=131
2026-10-03 21:11:02 [INFO]   transactions 20:56:02 -> 21:11:02 : 0 lues en 1 page(s), 0 musee, 0 site
2026-10-03 21:11:02 [INFO] Dialogue borne : 0.9 s
2026-10-03 21:11:02 [INFO] Visiteurs du 2026-10-03 : 732 (source compteur, compteur 732, transactions 732)
2026-10-03 21:11:02 [INFO] Site visites libres du 2026-10-03 : entrees 394, sorties 368, presents 26 (pic {'n': 107, 'heure': '17:11'}, source compteur)
2026-10-03 21:16:02 [INFO] Site visites libres : Visites libres terminees (fenetre 09:30-19:30)
2026-10-03 21:16:02 [INFO] Borne 192.168.2.10:5205 - compteurs du musee (Area 511 VISITES MUSEE)
2026-10-03 21:16:02 [INFO]   511 VISITES MUSEE E=106762 S=0
2026-10-03 21:16:02 [INFO]   512 ENTREE MUSEE E=106762 S=0
2026-10-03 21:16:02 [INFO]   1208 TRI-MUS-55   E=26384 S=0
2026-10-03 21:16:02 [INFO]   1209 TRI-MUS-56   E=53638 S=0
2026-10-03 21:16:02 [INFO]   1210 TRI-MUS-57   E=26740 S=0
2026-10-03 21:16:02 [INFO]   1040 PDA.3.11     E=0 S=0
2026-10-03 21:16:02 [INFO] Compteurs du site (visites libres)
2026-10-03 21:16:02 [INFO]   749 TRI-NORV-27  E=603 S=31130
2026-10-03 21:16:02 [INFO]   750 TRI-NORV-28  E=30400 S=143
2026-10-03 21:16:02 [INFO]   751 TRI-NORV-PMR-29 E=2893 S=131
2026-10-03 21:16:03 [INFO]   transactions 21:01:02 -> 21:16:02 : 0 lues en 1 page(s), 0 musee, 0 site
2026-10-03 21:16:03 [INFO] Dialogue borne : 1.0 s
2026-10-03 21:16:03 [INFO] Visiteurs du 2026-10-03 : 732 (source compteur, compteur 732, transactions 732)
2026-10-03 21:16:03 [INFO] Site visites libres du 2026-10-03 : entrees 394, sorties 368, presents 26 (pic {'n': 107, 'heure': '17:11'}, source compteur)
2026-10-03 21:21:02 [INFO] Site visites libres : Visites libres terminees (fenetre 09:30-19:30)
2026-10-03 21:21:02 [INFO] Borne 192.168.2.10:5205 - compteurs du musee (Area 511 VISITES MUSEE)
2026-10-03 21:21:02 [INFO]   511 VISITES MUSEE E=106762 S=0
2026-10-03 21:21:02 [INFO]   512 ENTREE MUSEE E=106762 S=0
2026-10-03 21:21:02 [INFO]   1208 TRI-MUS-55   E=26384 S=0
2026-10-03 21:21:02 [INFO]   1209 TRI-MUS-56   E=53638 S=0
2026-10-03 21:21:02 [INFO]   1210 TRI-MUS-57   E=26740 S=0
2026-10-03 21:21:02 [INFO]   1040 PDA.3.11     E=0 S=0
2026-10-03 21:21:02 [INFO] Compteurs du site (visites libres)
2026-10-03 21:21:02 [INFO]   749 TRI-NORV-27  E=603 S=31130
2026-10-03 21:21:02 [INFO]   750 TRI-NORV-28  E=30400 S=143
2026-10-03 21:21:02 [INFO]   751 TRI-NORV-PMR-29 E=2893 S=131
2026-10-03 21:21:03 [INFO]   transactions 21:06:02 -> 21:21:02 : 0 lues en 1 page(s), 0 musee, 0 site
2026-10-03 21:21:03 [INFO] Dialogue borne : 1.1 s
2026-10-03 21:21:03 [INFO] Visiteurs du 2026-10-03 : 732 (source compteur, compteur 732, transactions 732)
2026-10-03 21:21:03 [INFO] Site visites libres du 2026-10-03 : entrees 394, sorties 368, presents 26 (pic {'n': 107, 'heure': '17:11'}, source compteur)
2026-10-03 21:26:02 [INFO] Site visites libres : Visites libres terminees (fenetre 09:30-19:30)
2026-10-03 21:26:02 [INFO] Borne 192.168.2.10:5205 - compteurs du musee (Area 511 VISITES MUSEE)
2026-10-03 21:26:02 [INFO]   511 VISITES MUSEE E=106762 S=0
2026-10-03 21:26:02 [INFO]   512 ENTREE MUSEE E=106762 S=0
2026-10-03 21:26:02 [INFO]   1208 TRI-MUS-55   E=26384 S=0
2026-10-03 21:26:02 [INFO]   1209 TRI-MUS-56   E=53638 S=0
2026-10-03 21:26:02 [INFO]   1210 TRI-MUS-57   E=26740 S=0
2026-10-03 21:26:02 [INFO]   1040 PDA.3.11     E=0 S=0
2026-10-03 21:26:02 [INFO] Compteurs du site (visites libres)
2026-10-03 21:26:02 [INFO]   749 TRI-NORV-27  E=603 S=31130
2026-10-03 21:26:02 [INFO]   750 TRI-NORV-28  E=30400 S=143
2026-10-03 21:26:02 [INFO]   751 TRI-NORV-PMR-29 E=2893 S=131
2026-10-03 21:26:02 [INFO]   transactions 21:11:02 -> 21:26:02 : 0 lues en 1 page(s), 0 musee, 0 site
2026-10-03 21:26:02 [INFO] Dialogue borne : 0.9 s
2026-10-03 21:26:02 [INFO] Visiteurs du 2026-10-03 : 732 (source compteur, compteur 732, transactions 732)
2026-10-03 21:26:02 [INFO] Site visites libres du 2026-10-03 : entrees 394, sorties 368, presents 26 (pic {'n': 107, 'heure': '17:11'}, source compteur)
2026-10-03 21:31:02 [INFO] Site visites libres : Visites libres terminees (fenetre 09:30-19:30)
2026-10-03 21:31:02 [INFO] Borne 192.168.2.10:5205 - compteurs du musee (Area 511 VISITES MUSEE)
2026-10-03 21:31:02 [INFO]   511 VISITES MUSEE E=106762 S=0
2026-10-03 21:31:02 [INFO]   512 ENTREE MUSEE E=106762 S=0
2026-10-03 21:31:02 [INFO]   1208 TRI-MUS-55   E=26384 S=0
2026-10-03 21:31:02 [INFO]   1209 TRI-MUS-56   E=53638 S=0
2026-10-03 21:31:02 [INFO]   1210 TRI-MUS-57   E=26740 S=0
2026-10-03 21:31:02 [INFO]   1040 PDA.3.11     E=0 S=0
2026-10-03 21:31:02 [INFO] Compteurs du site (visites libres)
2026-10-03 21:31:02 [INFO]   749 TRI-NORV-27  E=603 S=31130
2026-10-03 21:31:02 [INFO]   750 TRI-NORV-28  E=30400 S=143
2026-10-03 21:31:02 [INFO]   751 TRI-NORV-PMR-29 E=2893 S=131
2026-10-03 21:31:02 [INFO]   transactions 21:16:02 -> 21:31:02 : 0 lues en 1 page(s), 0 musee, 0 site
2026-10-03 21:31:02 [INFO] Dialogue borne : 0.9 s
2026-10-03 21:31:03 [INFO] Visiteurs du 2026-10-03 : 732 (source compteur, compteur 732, transactions 732)
2026-10-03 21:31:03 [INFO] Site visites libres du 2026-10-03 : entrees 394, sorties 368, presents 26 (pic {'n': 107, 'heure': '17:11'}, source compteur)
2026-10-03 21:36:02 [INFO] Site visites libres : Visites libres terminees (fenetre 09:30-19:30)
2026-10-03 21:36:02 [INFO] Borne 192.168.2.10:5205 - compteurs du musee (Area 511 VISITES MUSEE)
2026-10-03 21:36:02 [INFO]   511 VISITES MUSEE E=106762 S=0
2026-10-03 21:36:02 [INFO]   512 ENTREE MUSEE E=106762 S=0
2026-10-03 21:36:02 [INFO]   1208 TRI-MUS-55   E=26384 S=0
2026-10-03 21:36:02 [INFO]   1209 TRI-MUS-56   E=53638 S=0
2026-10-03 21:36:02 [INFO]   1210 TRI-MUS-57   E=26740 S=0
2026-10-03 21:36:02 [INFO]   1040 PDA.3.11     E=0 S=0
2026-10-03 21:36:02 [INFO] Compteurs du site (visites libres)
2026-10-03 21:36:02 [INFO]   749 TRI-NORV-27  E=603 S=31130
2026-10-03 21:36:02 [INFO]   750 TRI-NORV-28  E=30400 S=143
2026-10-03 21:36:02 [INFO]   751 TRI-NORV-PMR-29 E=2893 S=131
2026-10-03 21:36:03 [INFO]   transactions 21:21:02 -> 21:36:02 : 0 lues en 1 page(s), 0 musee, 0 site
2026-10-03 21:36:03 [INFO] Dialogue borne : 1.0 s
2026-10-03 21:36:03 [INFO] Visiteurs du 2026-10-03 : 732 (source compteur, compteur 732, transactions 732)
2026-10-03 21:36:03 [INFO] Site visites libres du 2026-10-03 : entrees 394, sorties 368, presents 26 (pic {'n': 107, 'heure': '17:11'}, source compteur)
2026-10-03 21:41:02 [INFO] Site visites libres : Visites libres terminees (fenetre 09:30-19:30)
2026-10-03 21:41:02 [INFO] Borne 192.168.2.10:5205 - compteurs du musee (Area 511 VISITES MUSEE)
2026-10-03 21:41:02 [INFO]   511 VISITES MUSEE E=106762 S=0
2026-10-03 21:41:02 [INFO]   512 ENTREE MUSEE E=106762 S=0
2026-10-03 21:41:02 [INFO]   1208 TRI-MUS-55   E=26384 S=0
2026-10-03 21:41:02 [INFO]   1209 TRI-MUS-56   E=53638 S=0
2026-10-03 21:41:02 [INFO]   1210 TRI-MUS-57   E=26740 S=0
2026-10-03 21:41:02 [INFO]   1040 PDA.3.11     E=0 S=0
2026-10-03 21:41:02 [INFO] Compteurs du site (visites libres)
2026-10-03 21:41:02 [INFO]   749 TRI-NORV-27  E=603 S=31130
2026-10-03 21:41:02 [INFO]   750 TRI-NORV-28  E=30400 S=143
2026-10-03 21:41:02 [INFO]   751 TRI-NORV-PMR-29 E=2893 S=131
2026-10-03 21:41:03 [INFO]   transactions 21:26:02 -> 21:41:02 : 0 lues en 1 page(s), 0 musee, 0 site
2026-10-03 21:41:03 [INFO] Dialogue borne : 1.1 s
2026-10-03 21:41:03 [INFO] Visiteurs du 2026-10-03 : 732 (source compteur, compteur 732, transactions 732)
2026-10-03 21:41:03 [INFO] Site visites libres du 2026-10-03 : entrees 394, sorties 368, presents 26 (pic {'n': 107, 'heure': '17:11'}, source compteur)
2026-10-03 21:46:02 [INFO] Site visites libres : Visites libres terminees (fenetre 09:30-19:30)
2026-10-03 21:46:02 [INFO] Borne 192.168.2.10:5205 - compteurs du musee (Area 511 VISITES MUSEE)
2026-10-03 21:46:02 [INFO]   511 VISITES MUSEE E=106762 S=0
2026-10-03 21:46:02 [INFO]   512 ENTREE MUSEE E=106762 S=0
2026-10-03 21:46:02 [INFO]   1208 TRI-MUS-55   E=26384 S=0
2026-10-03 21:46:02 [INFO]   1209 TRI-MUS-56   E=53638 S=0
2026-10-03 21:46:02 [INFO]   1210 TRI-MUS-57   E=26740 S=0
2026-10-03 21:46:02 [INFO]   1040 PDA.3.11     E=0 S=0
2026-10-03 21:46:02 [INFO] Compteurs du site (visites libres)
2026-10-03 21:46:02 [INFO]   749 TRI-NORV-27  E=603 S=31130
2026-10-03 21:46:02 [INFO]   750 TRI-NORV-28  E=30400 S=143
2026-10-03 21:46:02 [INFO]   751 TRI-NORV-PMR-29 E=2893 S=131
2026-10-03 21:46:02 [INFO]   transactions 21:31:02 -> 21:46:02 : 0 lues en 1 page(s), 0 musee, 0 site
2026-10-03 21:46:02 [INFO] Dialogue borne : 0.8 s
2026-10-03 21:46:02 [INFO] Visiteurs du 2026-10-03 : 732 (source compteur, compteur 732, transactions 732)
2026-10-03 21:46:02 [INFO] Site visites libres du 2026-10-03 : entrees 394, sorties 368, presents 26 (pic {'n': 107, 'heure': '17:11'}, source compteur)
2026-10-03 21:51:02 [INFO] Site visites libres : Visites libres terminees (fenetre 09:30-19:30)
2026-10-03 21:51:02 [INFO] Borne 192.168.2.10:5205 - compteurs du musee (Area 511 VISITES MUSEE)
2026-10-03 21:51:02 [INFO]   511 VISITES MUSEE E=106762 S=0
2026-10-03 21:51:02 [INFO]   512 ENTREE MUSEE E=106762 S=0
2026-10-03 21:51:02 [INFO]   1208 TRI-MUS-55   E=26384 S=0
2026-10-03 21:51:02 [INFO]   1209 TRI-MUS-56   E=53638 S=0
2026-10-03 21:51:02 [INFO]   1210 TRI-MUS-57   E=26740 S=0
2026-10-03 21:51:02 [INFO]   1040 PDA.3.11     E=0 S=0
2026-10-03 21:51:02 [INFO] Compteurs du site (visites libres)
2026-10-03 21:51:02 [INFO]   749 TRI-NORV-27  E=603 S=31130
2026-10-03 21:51:02 [INFO]   750 TRI-NORV-28  E=30400 S=143
2026-10-03 21:51:02 [INFO]   751 TRI-NORV-PMR-29 E=2893 S=131
2026-10-03 21:51:02 [INFO]   transactions 21:36:02 -> 21:51:02 : 0 lues en 1 page(s), 0 musee, 0 site
2026-10-03 21:51:02 [INFO] Dialogue borne : 0.9 s
2026-10-03 21:51:03 [INFO] Visiteurs du 2026-10-03 : 732 (source compteur, compteur 732, transactions 732)
2026-10-03 21:51:03 [INFO] Site visites libres du 2026-10-03 : entrees 394, sorties 368, presents 26 (pic {'n': 107, 'heure': '17:11'}, source compteur)
2026-10-03 21:56:02 [INFO] Site visites libres : Visites libres terminees (fenetre 09:30-19:30)
2026-10-03 21:56:02 [INFO] Borne 192.168.2.10:5205 - compteurs du musee (Area 511 VISITES MUSEE)
2026-10-03 21:56:02 [INFO]   511 VISITES MUSEE E=106762 S=0
2026-10-03 21:56:02 [INFO]   512 ENTREE MUSEE E=106762 S=0
2026-10-03 21:56:02 [INFO]   1208 TRI-MUS-55   E=26384 S=0
2026-10-03 21:56:02 [INFO]   1209 TRI-MUS-56   E=53638 S=0
2026-10-03 21:56:02 [INFO]   1210 TRI-MUS-57   E=26740 S=0
2026-10-03 21:56:02 [INFO]   1040 PDA.3.11     E=0 S=0
2026-10-03 21:56:02 [INFO] Compteurs du site (visites libres)
2026-10-03 21:56:02 [INFO]   749 TRI-NORV-27  E=603 S=31130
2026-10-03 21:56:02 [INFO]   750 TRI-NORV-28  E=30400 S=143
2026-10-03 21:56:02 [INFO]   751 TRI-NORV-PMR-29 E=2893 S=131
2026-10-03 21:56:03 [INFO]   transactions 21:41:02 -> 21:56:02 : 0 lues en 1 page(s), 0 musee, 0 site
2026-10-03 21:56:03 [INFO] Dialogue borne : 1.0 s
2026-10-03 21:56:03 [INFO] Visiteurs du 2026-10-03 : 732 (source compteur, compteur 732, transactions 732)
2026-10-03 21:56:03 [INFO] Site visites libres du 2026-10-03 : entrees 394, sorties 368, presents 26 (pic {'n': 107, 'heure': '17:11'}, source compteur)
2026-10-03 22:01:02 [INFO] Site visites libres : Visites libres terminees (fenetre 09:30-19:30)
2026-10-03 22:01:02 [INFO] Borne 192.168.2.10:5205 - compteurs du musee (Area 511 VISITES MUSEE)
2026-10-03 22:01:02 [INFO]   511 VISITES MUSEE E=106762 S=0
2026-10-03 22:01:02 [INFO]   512 ENTREE MUSEE E=106762 S=0
2026-10-03 22:01:02 [INFO]   1208 TRI-MUS-55   E=26384 S=0
2026-10-03 22:01:02 [INFO]   1209 TRI-MUS-56   E=53638 S=0
2026-10-03 22:01:02 [INFO]   1210 TRI-MUS-57   E=26740 S=0
2026-10-03 22:01:02 [INFO]   1040 PDA.3.11     E=0 S=0
2026-10-03 22:01:02 [INFO] Compteurs du site (visites libres)
2026-10-03 22:01:02 [INFO]   749 TRI-NORV-27  E=603 S=31130
2026-10-03 22:01:02 [INFO]   750 TRI-NORV-28  E=30400 S=143
2026-10-03 22:01:02 [INFO]   751 TRI-NORV-PMR-29 E=2893 S=131
2026-10-03 22:01:03 [INFO]   transactions 21:46:02 -> 22:01:02 : 0 lues en 1 page(s), 0 musee, 0 site
2026-10-03 22:01:03 [INFO] Dialogue borne : 1.0 s
2026-10-03 22:01:03 [INFO] Visiteurs du 2026-10-03 : 732 (source compteur, compteur 732, transactions 732)
2026-10-03 22:01:03 [INFO] Site visites libres du 2026-10-03 : entrees 394, sorties 368, presents 26 (pic {'n': 107, 'heure': '17:11'}, source compteur)
2026-10-03 22:06:02 [INFO] Site visites libres : Visites libres terminees (fenetre 09:30-19:30)
2026-10-03 22:06:02 [INFO] Borne 192.168.2.10:5205 - compteurs du musee (Area 511 VISITES MUSEE)
2026-10-03 22:06:02 [INFO]   511 VISITES MUSEE E=106762 S=0
2026-10-03 22:06:02 [INFO]   512 ENTREE MUSEE E=106762 S=0
2026-10-03 22:06:02 [INFO]   1208 TRI-MUS-55   E=26384 S=0
2026-10-03 22:06:02 [INFO]   1209 TRI-MUS-56   E=53638 S=0
2026-10-03 22:06:02 [INFO]   1210 TRI-MUS-57   E=26740 S=0
2026-10-03 22:06:02 [INFO]   1040 PDA.3.11     E=0 S=0
2026-10-03 22:06:02 [INFO] Compteurs du site (visites libres)
2026-10-03 22:06:02 [INFO]   749 TRI-NORV-27  E=603 S=31130
2026-10-03 22:06:02 [INFO]   750 TRI-NORV-28  E=30400 S=143
2026-10-03 22:06:02 [INFO]   751 TRI-NORV-PMR-29 E=2893 S=131
2026-10-03 22:06:02 [INFO]   transactions 21:51:02 -> 22:06:02 : 0 lues en 1 page(s), 0 musee, 0 site
2026-10-03 22:06:02 [INFO] Dialogue borne : 0.9 s
2026-10-03 22:06:03 [INFO] Visiteurs du 2026-10-03 : 732 (source compteur, compteur 732, transactions 732)
2026-10-03 22:06:03 [INFO] Site visites libres du 2026-10-03 : entrees 394, sorties 368, presents 26 (pic {'n': 107, 'heure': '17:11'}, source compteur)
2026-10-03 22:11:02 [INFO] Site visites libres : Visites libres terminees (fenetre 09:30-19:30)
2026-10-03 22:11:02 [INFO] Borne 192.168.2.10:5205 - compteurs du musee (Area 511 VISITES MUSEE)
2026-10-03 22:11:02 [INFO]   511 VISITES MUSEE E=106762 S=0
2026-10-03 22:11:02 [INFO]   512 ENTREE MUSEE E=106762 S=0
2026-10-03 22:11:02 [INFO]   1208 TRI-MUS-55   E=26384 S=0
2026-10-03 22:11:02 [INFO]   1209 TRI-MUS-56   E=53638 S=0
2026-10-03 22:11:02 [INFO]   1210 TRI-MUS-57   E=26740 S=0
2026-10-03 22:11:02 [INFO]   1040 PDA.3.11     E=0 S=0
2026-10-03 22:11:02 [INFO] Compteurs du site (visites libres)
2026-10-03 22:11:02 [INFO]   749 TRI-NORV-27  E=603 S=31130
2026-10-03 22:11:02 [INFO]   750 TRI-NORV-28  E=30400 S=143
2026-10-03 22:11:02 [INFO]   751 TRI-NORV-PMR-29 E=2893 S=131
2026-10-03 22:11:03 [INFO]   transactions 21:56:02 -> 22:11:02 : 0 lues en 1 page(s), 0 musee, 0 site
2026-10-03 22:11:03 [INFO] Dialogue borne : 1.0 s
2026-10-03 22:11:03 [INFO] Visiteurs du 2026-10-03 : 732 (source compteur, compteur 732, transactions 732)
2026-10-03 22:11:03 [INFO] Site visites libres du 2026-10-03 : entrees 394, sorties 368, presents 26 (pic {'n': 107, 'heure': '17:11'}, source compteur)
2026-10-03 22:16:02 [INFO] Site visites libres : Visites libres terminees (fenetre 09:30-19:30)
2026-10-03 22:16:02 [INFO] Borne 192.168.2.10:5205 - compteurs du musee (Area 511 VISITES MUSEE)
2026-10-03 22:16:02 [INFO]   511 VISITES MUSEE E=106762 S=0
2026-10-03 22:16:02 [INFO]   512 ENTREE MUSEE E=106762 S=0
2026-10-03 22:16:02 [INFO]   1208 TRI-MUS-55   E=26384 S=0
2026-10-03 22:16:02 [INFO]   1209 TRI-MUS-56   E=53638 S=0
2026-10-03 22:16:02 [INFO]   1210 TRI-MUS-57   E=26740 S=0
2026-10-03 22:16:02 [INFO]   1040 PDA.3.11     E=0 S=0
2026-10-03 22:16:02 [INFO] Compteurs du site (visites libres)
2026-10-03 22:16:02 [INFO]   749 TRI-NORV-27  E=603 S=31130
2026-10-03 22:16:02 [INFO]   750 TRI-NORV-28  E=30400 S=143
2026-10-03 22:16:02 [INFO]   751 TRI-NORV-PMR-29 E=2893 S=131
2026-10-03 22:16:03 [INFO]   transactions 22:01:02 -> 22:16:02 : 0 lues en 1 page(s), 0 musee, 0 site
2026-10-03 22:16:03 [INFO] Dialogue borne : 1.0 s
2026-10-03 22:16:03 [INFO] Visiteurs du 2026-10-03 : 732 (source compteur, compteur 732, transactions 732)
2026-10-03 22:16:03 [INFO] Site visites libres du 2026-10-03 : entrees 394, sorties 368, presents 26 (pic {'n': 107, 'heure': '17:11'}, source compteur)
2026-10-03 22:21:02 [INFO] Site visites libres : Visites libres terminees (fenetre 09:30-19:30)
2026-10-03 22:21:02 [INFO] Borne 192.168.2.10:5205 - compteurs du musee (Area 511 VISITES MUSEE)
2026-10-03 22:21:02 [INFO]   511 VISITES MUSEE E=106762 S=0
2026-10-03 22:21:02 [INFO]   512 ENTREE MUSEE E=106762 S=0
2026-10-03 22:21:02 [INFO]   1208 TRI-MUS-55   E=26384 S=0
2026-10-03 22:21:02 [INFO]   1209 TRI-MUS-56   E=53638 S=0
2026-10-03 22:21:02 [INFO]   1210 TRI-MUS-57   E=26740 S=0
2026-10-03 22:21:02 [INFO]   1040 PDA.3.11     E=0 S=0
2026-10-03 22:21:02 [INFO] Compteurs du site (visites libres)
2026-10-03 22:21:02 [INFO]   749 TRI-NORV-27  E=603 S=31130
2026-10-03 22:21:02 [INFO]   750 TRI-NORV-28  E=30400 S=143
2026-10-03 22:21:02 [INFO]   751 TRI-NORV-PMR-29 E=2893 S=131
2026-10-03 22:21:03 [INFO]   transactions 22:06:02 -> 22:21:02 : 0 lues en 1 page(s), 0 musee, 0 site
2026-10-03 22:21:03 [INFO] Dialogue borne : 1.1 s
2026-10-03 22:21:03 [INFO] Visiteurs du 2026-10-03 : 732 (source compteur, compteur 732, transactions 732)
2026-10-03 22:21:03 [INFO] Site visites libres du 2026-10-03 : entrees 394, sorties 368, presents 26 (pic {'n': 107, 'heure': '17:11'}, source compteur)
2026-10-03 22:26:02 [INFO] Site visites libres : Visites libres terminees (fenetre 09:30-19:30)
2026-10-03 22:26:02 [INFO] Borne 192.168.2.10:5205 - compteurs du musee (Area 511 VISITES MUSEE)
2026-10-03 22:26:02 [INFO]   511 VISITES MUSEE E=106762 S=0
2026-10-03 22:26:02 [INFO]   512 ENTREE MUSEE E=106762 S=0
2026-10-03 22:26:02 [INFO]   1208 TRI-MUS-55   E=26384 S=0
2026-10-03 22:26:02 [INFO]   1209 TRI-MUS-56   E=53638 S=0
2026-10-03 22:26:02 [INFO]   1210 TRI-MUS-57   E=26740 S=0
2026-10-03 22:26:02 [INFO]   1040 PDA.3.11     E=0 S=0
2026-10-03 22:26:02 [INFO] Compteurs du site (visites libres)
2026-10-03 22:26:02 [INFO]   749 TRI-NORV-27  E=603 S=31130
2026-10-03 22:26:02 [INFO]   750 TRI-NORV-28  E=30400 S=143
2026-10-03 22:26:02 [INFO]   751 TRI-NORV-PMR-29 E=2893 S=131
2026-10-03 22:26:03 [INFO]   transactions 22:11:02 -> 22:26:02 : 0 lues en 1 page(s), 0 musee, 0 site
2026-10-03 22:26:03 [INFO] Dialogue borne : 0.9 s
2026-10-03 22:26:03 [INFO] Visiteurs du 2026-10-03 : 732 (source compteur, compteur 732, transactions 732)
2026-10-03 22:26:03 [INFO] Site visites libres du 2026-10-03 : entrees 394, sorties 368, presents 26 (pic {'n': 107, 'heure': '17:11'}, source compteur)
2026-10-03 22:31:02 [INFO] Site visites libres : Visites libres terminees (fenetre 09:30-19:30)
2026-10-03 22:31:02 [INFO] Borne 192.168.2.10:5205 - compteurs du musee (Area 511 VISITES MUSEE)
2026-10-03 22:31:02 [INFO]   511 VISITES MUSEE E=106762 S=0
2026-10-03 22:31:02 [INFO]   512 ENTREE MUSEE E=106762 S=0
2026-10-03 22:31:02 [INFO]   1208 TRI-MUS-55   E=26384 S=0
2026-10-03 22:31:02 [INFO]   1209 TRI-MUS-56   E=53638 S=0
2026-10-03 22:31:02 [INFO]   1210 TRI-MUS-57   E=26740 S=0
2026-10-03 22:31:02 [INFO]   1040 PDA.3.11     E=0 S=0
2026-10-03 22:31:02 [INFO] Compteurs du site (visites libres)
2026-10-03 22:31:02 [INFO]   749 TRI-NORV-27  E=603 S=31130
2026-10-03 22:31:02 [INFO]   750 TRI-NORV-28  E=30400 S=143
2026-10-03 22:31:02 [INFO]   751 TRI-NORV-PMR-29 E=2893 S=131
2026-10-03 22:31:02 [INFO]   transactions 22:16:02 -> 22:31:02 : 0 lues en 1 page(s), 0 musee, 0 site
2026-10-03 22:31:02 [INFO] Dialogue borne : 0.8 s
2026-10-03 22:31:02 [INFO] Visiteurs du 2026-10-03 : 732 (source compteur, compteur 732, transactions 732)
2026-10-03 22:31:02 [INFO] Site visites libres du 2026-10-03 : entrees 394, sorties 368, presents 26 (pic {'n': 107, 'heure': '17:11'}, source compteur)
2026-10-03 22:36:02 [INFO] Site visites libres : Visites libres terminees (fenetre 09:30-19:30)
2026-10-03 22:36:02 [INFO] Borne 192.168.2.10:5205 - compteurs du musee (Area 511 VISITES MUSEE)
2026-10-03 22:36:02 [INFO]   511 VISITES MUSEE E=106762 S=0
2026-10-03 22:36:02 [INFO]   512 ENTREE MUSEE E=106762 S=0
2026-10-03 22:36:02 [INFO]   1208 TRI-MUS-55   E=26384 S=0
2026-10-03 22:36:02 [INFO]   1209 TRI-MUS-56   E=53638 S=0
2026-10-03 22:36:02 [INFO]   1210 TRI-MUS-57   E=26740 S=0
2026-10-03 22:36:02 [INFO]   1040 PDA.3.11     E=0 S=0
2026-10-03 22:36:02 [INFO] Compteurs du site (visites libres)
2026-10-03 22:36:02 [INFO]   749 TRI-NORV-27  E=603 S=31130
2026-10-03 22:36:02 [INFO]   750 TRI-NORV-28  E=30400 S=143
2026-10-03 22:36:02 [INFO]   751 TRI-NORV-PMR-29 E=2893 S=131
2026-10-03 22:36:02 [INFO]   transactions 22:21:02 -> 22:36:02 : 0 lues en 1 page(s), 0 musee, 0 site
2026-10-03 22:36:02 [INFO] Dialogue borne : 0.8 s
2026-10-03 22:36:02 [INFO] Visiteurs du 2026-10-03 : 732 (source compteur, compteur 732, transactions 732)
2026-10-03 22:36:02 [INFO] Site visites libres du 2026-10-03 : entrees 394, sorties 368, presents 26 (pic {'n': 107, 'heure': '17:11'}, source compteur)
2026-10-03 22:41:02 [INFO] Site visites libres : Visites libres terminees (fenetre 09:30-19:30)
2026-10-03 22:41:02 [INFO] Borne 192.168.2.10:5205 - compteurs du musee (Area 511 VISITES MUSEE)
2026-10-03 22:41:02 [INFO]   511 VISITES MUSEE E=106762 S=0
2026-10-03 22:41:02 [INFO]   512 ENTREE MUSEE E=106762 S=0
2026-10-03 22:41:02 [INFO]   1208 TRI-MUS-55   E=26384 S=0
2026-10-03 22:41:02 [INFO]   1209 TRI-MUS-56   E=53638 S=0
2026-10-03 22:41:02 [INFO]   1210 TRI-MUS-57   E=26740 S=0
2026-10-03 22:41:02 [INFO]   1040 PDA.3.11     E=0 S=0
2026-10-03 22:41:02 [INFO] Compteurs du site (visites libres)
2026-10-03 22:41:02 [INFO]   749 TRI-NORV-27  E=603 S=31130
2026-10-03 22:41:02 [INFO]   750 TRI-NORV-28  E=30400 S=143
2026-10-03 22:41:02 [INFO]   751 TRI-NORV-PMR-29 E=2893 S=131
2026-10-03 22:41:02 [INFO]   transactions 22:26:02 -> 22:41:02 : 0 lues en 1 page(s), 0 musee, 0 site
2026-10-03 22:41:02 [INFO] Dialogue borne : 0.9 s
2026-10-03 22:41:03 [INFO] Visiteurs du 2026-10-03 : 732 (source compteur, compteur 732, transactions 732)
2026-10-03 22:41:03 [INFO] Site visites libres du 2026-10-03 : entrees 394, sorties 368, presents 26 (pic {'n': 107, 'heure': '17:11'}, source compteur)
2026-10-03 22:46:02 [INFO] Site visites libres : Visites libres terminees (fenetre 09:30-19:30)
2026-10-03 22:46:02 [INFO] Borne 192.168.2.10:5205 - compteurs du musee (Area 511 VISITES MUSEE)
2026-10-03 22:46:02 [INFO]   511 VISITES MUSEE E=106762 S=0
2026-10-03 22:46:02 [INFO]   512 ENTREE MUSEE E=106762 S=0
2026-10-03 22:46:02 [INFO]   1208 TRI-MUS-55   E=26384 S=0
2026-10-03 22:46:02 [INFO]   1209 TRI-MUS-56   E=53638 S=0
2026-10-03 22:46:02 [INFO]   1210 TRI-MUS-57   E=26740 S=0
2026-10-03 22:46:02 [INFO]   1040 PDA.3.11     E=0 S=0
2026-10-03 22:46:02 [INFO] Compteurs du site (visites libres)
2026-10-03 22:46:02 [INFO]   749 TRI-NORV-27  E=603 S=31130
2026-10-03 22:46:02 [INFO]   750 TRI-NORV-28  E=30400 S=143
2026-10-03 22:46:02 [INFO]   751 TRI-NORV-PMR-29 E=2893 S=131
2026-10-03 22:46:03 [INFO]   transactions 22:31:02 -> 22:46:02 : 0 lues en 1 page(s), 0 musee, 0 site
2026-10-03 22:46:03 [INFO] Dialogue borne : 1.0 s
2026-10-03 22:46:03 [INFO] Visiteurs du 2026-10-03 : 732 (source compteur, compteur 732, transactions 732)
2026-10-03 22:46:03 [INFO] Site visites libres du 2026-10-03 : entrees 394, sorties 368, presents 26 (pic {'n': 107, 'heure': '17:11'}, source compteur)
2026-10-03 22:51:02 [INFO] Site visites libres : Visites libres terminees (fenetre 09:30-19:30)
2026-10-03 22:51:02 [INFO] Borne 192.168.2.10:5205 - compteurs du musee (Area 511 VISITES MUSEE)
2026-10-03 22:51:02 [INFO]   511 VISITES MUSEE E=106762 S=0
2026-10-03 22:51:02 [INFO]   512 ENTREE MUSEE E=106762 S=0
2026-10-03 22:51:02 [INFO]   1208 TRI-MUS-55   E=26384 S=0
2026-10-03 22:51:02 [INFO]   1209 TRI-MUS-56   E=53638 S=0
2026-10-03 22:51:02 [INFO]   1210 TRI-MUS-57   E=26740 S=0
2026-10-03 22:51:02 [INFO]   1040 PDA.3.11     E=0 S=0
2026-10-03 22:51:02 [INFO] Compteurs du site (visites libres)
2026-10-03 22:51:02 [INFO]   749 TRI-NORV-27  E=603 S=31130
2026-10-03 22:51:02 [INFO]   750 TRI-NORV-28  E=30400 S=143
2026-10-03 22:51:02 [INFO]   751 TRI-NORV-PMR-29 E=2893 S=131
2026-10-03 22:51:03 [INFO]   transactions 22:36:02 -> 22:51:02 : 0 lues en 1 page(s), 0 musee, 0 site
2026-10-03 22:51:03 [INFO] Dialogue borne : 1.1 s
2026-10-03 22:51:03 [INFO] Visiteurs du 2026-10-03 : 732 (source compteur, compteur 732, transactions 732)
2026-10-03 22:51:03 [INFO] Site visites libres du 2026-10-03 : entrees 394, sorties 368, presents 26 (pic {'n': 107, 'heure': '17:11'}, source compteur)
2026-10-03 22:56:02 [INFO] Site visites libres : Visites libres terminees (fenetre 09:30-19:30)
2026-10-03 22:56:02 [INFO] Borne 192.168.2.10:5205 - compteurs du musee (Area 511 VISITES MUSEE)
2026-10-03 22:56:02 [INFO]   511 VISITES MUSEE E=106762 S=0
2026-10-03 22:56:02 [INFO]   512 ENTREE MUSEE E=106762 S=0
2026-10-03 22:56:02 [INFO]   1208 TRI-MUS-55   E=26384 S=0
2026-10-03 22:56:02 [INFO]   1209 TRI-MUS-56   E=53638 S=0
2026-10-03 22:56:02 [INFO]   1210 TRI-MUS-57   E=26740 S=0
2026-10-03 22:56:02 [INFO]   1040 PDA.3.11     E=0 S=0
2026-10-03 22:56:02 [INFO] Compteurs du site (visites libres)
2026-10-03 22:56:02 [INFO]   749 TRI-NORV-27  E=603 S=31130
2026-10-03 22:56:02 [INFO]   750 TRI-NORV-28  E=30400 S=143
2026-10-03 22:56:02 [INFO]   751 TRI-NORV-PMR-29 E=2893 S=131
2026-10-03 22:56:02 [INFO]   transactions 22:41:02 -> 22:56:02 : 0 lues en 1 page(s), 0 musee, 0 site
2026-10-03 22:56:02 [INFO] Dialogue borne : 0.9 s
2026-10-03 22:56:02 [INFO] Visiteurs du 2026-10-03 : 732 (source compteur, compteur 732, transactions 732)
2026-10-03 22:56:02 [INFO] Site visites libres du 2026-10-03 : entrees 394, sorties 368, presents 26 (pic {'n': 107, 'heure': '17:11'}, source compteur)
2026-10-03 23:01:02 [INFO] Site visites libres : Visites libres terminees (fenetre 09:30-19:30)
2026-10-03 23:01:02 [INFO] Borne 192.168.2.10:5205 - compteurs du musee (Area 511 VISITES MUSEE)
2026-10-03 23:01:02 [INFO]   511 VISITES MUSEE E=106762 S=0
2026-10-03 23:01:02 [INFO]   512 ENTREE MUSEE E=106762 S=0
2026-10-03 23:01:02 [INFO]   1208 TRI-MUS-55   E=26384 S=0
2026-10-03 23:01:02 [INFO]   1209 TRI-MUS-56   E=53638 S=0
2026-10-03 23:01:02 [INFO]   1210 TRI-MUS-57   E=26740 S=0
2026-10-03 23:01:02 [INFO]   1040 PDA.3.11     E=0 S=0
2026-10-03 23:01:02 [INFO] Compteurs du site (visites libres)
2026-10-03 23:01:02 [INFO]   749 TRI-NORV-27  E=603 S=31130
2026-10-03 23:01:02 [INFO]   750 TRI-NORV-28  E=30400 S=143
2026-10-03 23:01:02 [INFO]   751 TRI-NORV-PMR-29 E=2893 S=131
2026-10-03 23:01:03 [INFO]   transactions 22:46:02 -> 23:01:02 : 0 lues en 1 page(s), 0 musee, 0 site
2026-10-03 23:01:03 [INFO] Dialogue borne : 1.0 s
2026-10-03 23:01:03 [INFO] Visiteurs du 2026-10-03 : 732 (source compteur, compteur 732, transactions 732)
2026-10-03 23:01:03 [INFO] Site visites libres du 2026-10-03 : entrees 394, sorties 368, presents 26 (pic {'n': 107, 'heure': '17:11'}, source compteur)
2026-10-03 23:06:02 [INFO] Site visites libres : Visites libres terminees (fenetre 09:30-19:30)
2026-10-03 23:06:02 [INFO] Borne 192.168.2.10:5205 - compteurs du musee (Area 511 VISITES MUSEE)
2026-10-03 23:06:02 [INFO]   511 VISITES MUSEE E=106762 S=0
2026-10-03 23:06:02 [INFO]   512 ENTREE MUSEE E=106762 S=0
2026-10-03 23:06:02 [INFO]   1208 TRI-MUS-55   E=26384 S=0
2026-10-03 23:06:02 [INFO]   1209 TRI-MUS-56   E=53638 S=0
2026-10-03 23:06:02 [INFO]   1210 TRI-MUS-57   E=26740 S=0
2026-10-03 23:06:02 [INFO]   1040 PDA.3.11     E=0 S=0
2026-10-03 23:06:02 [INFO] Compteurs du site (visites libres)
2026-10-03 23:06:02 [INFO]   749 TRI-NORV-27  E=603 S=31130
2026-10-03 23:06:02 [INFO]   750 TRI-NORV-28  E=30400 S=143
2026-10-03 23:06:02 [INFO]   751 TRI-NORV-PMR-29 E=2893 S=131
2026-10-03 23:06:03 [INFO]   transactions 22:51:02 -> 23:06:02 : 0 lues en 1 page(s), 0 musee, 0 site
2026-10-03 23:06:03 [INFO] Dialogue borne : 0.9 s
2026-10-03 23:06:03 [INFO] Visiteurs du 2026-10-03 : 732 (source compteur, compteur 732, transactions 732)
2026-10-03 23:06:03 [INFO] Site visites libres du 2026-10-03 : entrees 394, sorties 368, presents 26 (pic {'n': 107, 'heure': '17:11'}, source compteur)
2026-10-03 23:11:02 [INFO] Site visites libres : Visites libres terminees (fenetre 09:30-19:30)
2026-10-03 23:11:02 [INFO] Borne 192.168.2.10:5205 - compteurs du musee (Area 511 VISITES MUSEE)
2026-10-03 23:11:02 [INFO]   511 VISITES MUSEE E=106762 S=0
2026-10-03 23:11:02 [INFO]   512 ENTREE MUSEE E=106762 S=0
2026-10-03 23:11:02 [INFO]   1208 TRI-MUS-55   E=26384 S=0
2026-10-03 23:11:02 [INFO]   1209 TRI-MUS-56   E=53638 S=0
2026-10-03 23:11:02 [INFO]   1210 TRI-MUS-57   E=26740 S=0
2026-10-03 23:11:02 [INFO]   1040 PDA.3.11     E=0 S=0
2026-10-03 23:11:02 [INFO] Compteurs du site (visites libres)
2026-10-03 23:11:02 [INFO]   749 TRI-NORV-27  E=603 S=31130
2026-10-03 23:11:02 [INFO]   750 TRI-NORV-28  E=30400 S=143
2026-10-03 23:11:02 [INFO]   751 TRI-NORV-PMR-29 E=2893 S=131
2026-10-03 23:11:03 [INFO]   transactions 22:56:02 -> 23:11:02 : 0 lues en 1 page(s), 0 musee, 0 site
2026-10-03 23:11:03 [INFO] Dialogue borne : 1.1 s
2026-10-03 23:11:03 [INFO] Visiteurs du 2026-10-03 : 732 (source compteur, compteur 732, transactions 732)
2026-10-03 23:11:03 [INFO] Site visites libres du 2026-10-03 : entrees 394, sorties 368, presents 26 (pic {'n': 107, 'heure': '17:11'}, source compteur)
2026-10-03 23:16:02 [INFO] Site visites libres : Visites libres terminees (fenetre 09:30-19:30)
2026-10-03 23:16:02 [INFO] Borne 192.168.2.10:5205 - compteurs du musee (Area 511 VISITES MUSEE)
2026-10-03 23:16:02 [INFO]   511 VISITES MUSEE E=106762 S=0
2026-10-03 23:16:02 [INFO]   512 ENTREE MUSEE E=106762 S=0
2026-10-03 23:16:02 [INFO]   1208 TRI-MUS-55   E=26384 S=0
2026-10-03 23:16:02 [INFO]   1209 TRI-MUS-56   E=53638 S=0
2026-10-03 23:16:02 [INFO]   1210 TRI-MUS-57   E=26740 S=0
2026-10-03 23:16:02 [INFO]   1040 PDA.3.11     E=0 S=0
2026-10-03 23:16:02 [INFO] Compteurs du site (visites libres)
2026-10-03 23:16:02 [INFO]   749 TRI-NORV-27  E=603 S=31130
2026-10-03 23:16:02 [INFO]   750 TRI-NORV-28  E=30400 S=143
2026-10-03 23:16:02 [INFO]   751 TRI-NORV-PMR-29 E=2893 S=131
2026-10-03 23:16:03 [INFO]   transactions 23:01:02 -> 23:16:02 : 0 lues en 1 page(s), 0 musee, 0 site
2026-10-03 23:16:03 [INFO] Dialogue borne : 1.0 s
2026-10-03 23:16:03 [INFO] Visiteurs du 2026-10-03 : 732 (source compteur, compteur 732, transactions 732)
2026-10-03 23:16:03 [INFO] Site visites libres du 2026-10-03 : entrees 394, sorties 368, presents 26 (pic {'n': 107, 'heure': '17:11'}, source compteur)
2026-10-03 23:21:02 [INFO] Site visites libres : Visites libres terminees (fenetre 09:30-19:30)
2026-10-03 23:21:02 [INFO] Borne 192.168.2.10:5205 - compteurs du musee (Area 511 VISITES MUSEE)
2026-10-03 23:21:02 [INFO]   511 VISITES MUSEE E=106762 S=0
2026-10-03 23:21:02 [INFO]   512 ENTREE MUSEE E=106762 S=0
2026-10-03 23:21:02 [INFO]   1208 TRI-MUS-55   E=26384 S=0
2026-10-03 23:21:02 [INFO]   1209 TRI-MUS-56   E=53638 S=0
2026-10-03 23:21:02 [INFO]   1210 TRI-MUS-57   E=26740 S=0
2026-10-03 23:21:02 [INFO]   1040 PDA.3.11     E=0 S=0
2026-10-03 23:21:02 [INFO] Compteurs du site (visites libres)
2026-10-03 23:21:02 [INFO]   749 TRI-NORV-27  E=603 S=31130
2026-10-03 23:21:02 [INFO]   750 TRI-NORV-28  E=30400 S=143
2026-10-03 23:21:02 [INFO]   751 TRI-NORV-PMR-29 E=2893 S=131
2026-10-03 23:21:02 [INFO]   transactions 23:06:02 -> 23:21:02 : 0 lues en 1 page(s), 0 musee, 0 site
2026-10-03 23:21:02 [INFO] Dialogue borne : 0.8 s
2026-10-03 23:21:02 [INFO] Visiteurs du 2026-10-03 : 732 (source compteur, compteur 732, transactions 732)
2026-10-03 23:21:02 [INFO] Site visites libres du 2026-10-03 : entrees 394, sorties 368, presents 26 (pic {'n': 107, 'heure': '17:11'}, source compteur)
2026-10-03 23:26:02 [INFO] Site visites libres : Visites libres terminees (fenetre 09:30-19:30)
2026-10-03 23:26:02 [INFO] Borne 192.168.2.10:5205 - compteurs du musee (Area 511 VISITES MUSEE)
2026-10-03 23:26:02 [INFO]   511 VISITES MUSEE E=106762 S=0
2026-10-03 23:26:02 [INFO]   512 ENTREE MUSEE E=106762 S=0
2026-10-03 23:26:02 [INFO]   1208 TRI-MUS-55   E=26384 S=0
2026-10-03 23:26:02 [INFO]   1209 TRI-MUS-56   E=53638 S=0
2026-10-03 23:26:02 [INFO]   1210 TRI-MUS-57   E=26740 S=0
2026-10-03 23:26:02 [INFO]   1040 PDA.3.11     E=0 S=0
2026-10-03 23:26:02 [INFO] Compteurs du site (visites libres)
2026-10-03 23:26:02 [INFO]   749 TRI-NORV-27  E=603 S=31130
2026-10-03 23:26:02 [INFO]   750 TRI-NORV-28  E=30400 S=143
2026-10-03 23:26:02 [INFO]   751 TRI-NORV-PMR-29 E=2893 S=131
2026-10-03 23:26:03 [INFO]   transactions 23:11:02 -> 23:26:02 : 0 lues en 1 page(s), 0 musee, 0 site
2026-10-03 23:26:03 [INFO] Dialogue borne : 0.9 s
2026-10-03 23:26:03 [INFO] Visiteurs du 2026-10-03 : 732 (source compteur, compteur 732, transactions 732)
2026-10-03 23:26:03 [INFO] Site visites libres du 2026-10-03 : entrees 394, sorties 368, presents 26 (pic {'n': 107, 'heure': '17:11'}, source compteur)
2026-10-03 23:31:02 [INFO] Site visites libres : Visites libres terminees (fenetre 09:30-19:30)
2026-10-03 23:31:02 [INFO] Borne 192.168.2.10:5205 - compteurs du musee (Area 511 VISITES MUSEE)
2026-10-03 23:31:02 [INFO]   511 VISITES MUSEE E=106762 S=0
2026-10-03 23:31:02 [INFO]   512 ENTREE MUSEE E=106762 S=0
2026-10-03 23:31:02 [INFO]   1208 TRI-MUS-55   E=26384 S=0
2026-10-03 23:31:02 [INFO]   1209 TRI-MUS-56   E=53638 S=0
2026-10-03 23:31:02 [INFO]   1210 TRI-MUS-57   E=26740 S=0
2026-10-03 23:31:02 [INFO]   1040 PDA.3.11     E=0 S=0
2026-10-03 23:31:02 [INFO] Compteurs du site (visites libres)
2026-10-03 23:31:02 [INFO]   749 TRI-NORV-27  E=603 S=31130
2026-10-03 23:31:02 [INFO]   750 TRI-NORV-28  E=30400 S=143
2026-10-03 23:31:02 [INFO]   751 TRI-NORV-PMR-29 E=2893 S=131
2026-10-03 23:31:03 [INFO]   transactions 23:16:02 -> 23:31:02 : 0 lues en 1 page(s), 0 musee, 0 site
2026-10-03 23:31:03 [INFO] Dialogue borne : 1.0 s
2026-10-03 23:31:03 [INFO] Visiteurs du 2026-10-03 : 732 (source compteur, compteur 732, transactions 732)
2026-10-03 23:31:03 [INFO] Site visites libres du 2026-10-03 : entrees 394, sorties 368, presents 26 (pic {'n': 107, 'heure': '17:11'}, source compteur)
2026-10-03 23:36:02 [INFO] Site visites libres : Visites libres terminees (fenetre 09:30-19:30)
2026-10-03 23:36:02 [INFO] Borne 192.168.2.10:5205 - compteurs du musee (Area 511 VISITES MUSEE)
2026-10-03 23:36:02 [INFO]   511 VISITES MUSEE E=106762 S=0
2026-10-03 23:36:02 [INFO]   512 ENTREE MUSEE E=106762 S=0
2026-10-03 23:36:02 [INFO]   1208 TRI-MUS-55   E=26384 S=0
2026-10-03 23:36:02 [INFO]   1209 TRI-MUS-56   E=53638 S=0
2026-10-03 23:36:02 [INFO]   1210 TRI-MUS-57   E=26740 S=0
2026-10-03 23:36:02 [INFO]   1040 PDA.3.11     E=0 S=0
2026-10-03 23:36:02 [INFO] Compteurs du site (visites libres)
2026-10-03 23:36:02 [INFO]   749 TRI-NORV-27  E=603 S=31130
2026-10-03 23:36:02 [INFO]   750 TRI-NORV-28  E=30400 S=143
2026-10-03 23:36:02 [INFO]   751 TRI-NORV-PMR-29 E=2893 S=131
2026-10-03 23:36:03 [INFO]   transactions 23:21:02 -> 23:36:02 : 0 lues en 1 page(s), 0 musee, 0 site
2026-10-03 23:36:03 [INFO] Dialogue borne : 1.0 s
2026-10-03 23:36:03 [INFO] Visiteurs du 2026-10-03 : 732 (source compteur, compteur 732, transactions 732)
2026-10-03 23:36:03 [INFO] Site visites libres du 2026-10-03 : entrees 394, sorties 368, presents 26 (pic {'n': 107, 'heure': '17:11'}, source compteur)
2026-10-03 23:41:02 [INFO] Site visites libres : Visites libres terminees (fenetre 09:30-19:30)
2026-10-03 23:41:02 [INFO] Borne 192.168.2.10:5205 - compteurs du musee (Area 511 VISITES MUSEE)
2026-10-03 23:41:02 [INFO]   511 VISITES MUSEE E=106762 S=0
2026-10-03 23:41:02 [INFO]   512 ENTREE MUSEE E=106762 S=0
2026-10-03 23:41:02 [INFO]   1208 TRI-MUS-55   E=26384 S=0
2026-10-03 23:41:02 [INFO]   1209 TRI-MUS-56   E=53638 S=0
2026-10-03 23:41:02 [INFO]   1210 TRI-MUS-57   E=26740 S=0
2026-10-03 23:41:02 [INFO]   1040 PDA.3.11     E=0 S=0
2026-10-03 23:41:02 [INFO] Compteurs du site (visites libres)
2026-10-03 23:41:02 [INFO]   749 TRI-NORV-27  E=603 S=31130
2026-10-03 23:41:02 [INFO]   750 TRI-NORV-28  E=30400 S=143
2026-10-03 23:41:02 [INFO]   751 TRI-NORV-PMR-29 E=2893 S=131
2026-10-03 23:41:02 [INFO]   transactions 23:26:02 -> 23:41:02 : 0 lues en 1 page(s), 0 musee, 0 site
2026-10-03 23:41:02 [INFO] Dialogue borne : 0.9 s
2026-10-03 23:41:02 [INFO] Visiteurs du 2026-10-03 : 732 (source compteur, compteur 732, transactions 732)
2026-10-03 23:41:02 [INFO] Site visites libres du 2026-10-03 : entrees 394, sorties 368, presents 26 (pic {'n': 107, 'heure': '17:11'}, source compteur)
2026-10-03 23:46:02 [INFO] Site visites libres : Visites libres terminees (fenetre 09:30-19:30)
2026-10-03 23:46:02 [INFO] Borne 192.168.2.10:5205 - compteurs du musee (Area 511 VISITES MUSEE)
2026-10-03 23:46:02 [INFO]   511 VISITES MUSEE E=106762 S=0
2026-10-03 23:46:02 [INFO]   512 ENTREE MUSEE E=106762 S=0
2026-10-03 23:46:02 [INFO]   1208 TRI-MUS-55   E=26384 S=0
2026-10-03 23:46:02 [INFO]   1209 TRI-MUS-56   E=53638 S=0
2026-10-03 23:46:02 [INFO]   1210 TRI-MUS-57   E=26740 S=0
2026-10-03 23:46:02 [INFO]   1040 PDA.3.11     E=0 S=0
2026-10-03 23:46:02 [INFO] Compteurs du site (visites libres)
2026-10-03 23:46:02 [INFO]   749 TRI-NORV-27  E=603 S=31130
2026-10-03 23:46:02 [INFO]   750 TRI-NORV-28  E=30400 S=143
2026-10-03 23:46:02 [INFO]   751 TRI-NORV-PMR-29 E=2893 S=131
2026-10-03 23:46:02 [INFO]   transactions 23:31:02 -> 23:46:02 : 0 lues en 1 page(s), 0 musee, 0 site
2026-10-03 23:46:02 [INFO] Dialogue borne : 0.9 s
2026-10-03 23:46:02 [INFO] Visiteurs du 2026-10-03 : 732 (source compteur, compteur 732, transactions 732)
2026-10-03 23:46:03 [INFO] Site visites libres du 2026-10-03 : entrees 394, sorties 368, presents 26 (pic {'n': 107, 'heure': '17:11'}, source compteur)
2026-10-03 23:51:02 [INFO] Site visites libres : Visites libres terminees (fenetre 09:30-19:30)
2026-10-03 23:51:02 [INFO] Borne 192.168.2.10:5205 - compteurs du musee (Area 511 VISITES MUSEE)
2026-10-03 23:51:02 [INFO]   511 VISITES MUSEE E=106762 S=0
2026-10-03 23:51:02 [INFO]   512 ENTREE MUSEE E=106762 S=0
2026-10-03 23:51:02 [INFO]   1208 TRI-MUS-55   E=26384 S=0
2026-10-03 23:51:02 [INFO]   1209 TRI-MUS-56   E=53638 S=0
2026-10-03 23:51:02 [INFO]   1210 TRI-MUS-57   E=26740 S=0
2026-10-03 23:51:02 [INFO]   1040 PDA.3.11     E=0 S=0
2026-10-03 23:51:02 [INFO] Compteurs du site (visites libres)
2026-10-03 23:51:02 [INFO]   749 TRI-NORV-27  E=603 S=31130
2026-10-03 23:51:02 [INFO]   750 TRI-NORV-28  E=30400 S=143
2026-10-03 23:51:02 [INFO]   751 TRI-NORV-PMR-29 E=2893 S=131
2026-10-03 23:51:03 [INFO]   transactions 23:36:02 -> 23:51:02 : 0 lues en 1 page(s), 0 musee, 0 site
2026-10-03 23:51:03 [INFO] Dialogue borne : 1.0 s
2026-10-03 23:51:03 [INFO] Visiteurs du 2026-10-03 : 732 (source compteur, compteur 732, transactions 732)
2026-10-03 23:51:03 [INFO] Site visites libres du 2026-10-03 : entrees 394, sorties 368, presents 26 (pic {'n': 107, 'heure': '17:11'}, source compteur)
2026-10-03 23:56:02 [INFO] Site visites libres : Visites libres terminees (fenetre 09:30-19:30)
2026-10-03 23:56:02 [INFO] Borne 192.168.2.10:5205 - compteurs du musee (Area 511 VISITES MUSEE)
2026-10-03 23:56:02 [INFO]   511 VISITES MUSEE E=106762 S=0
2026-10-03 23:56:02 [INFO]   512 ENTREE MUSEE E=106762 S=0
2026-10-03 23:56:02 [INFO]   1208 TRI-MUS-55   E=26384 S=0
2026-10-03 23:56:02 [INFO]   1209 TRI-MUS-56   E=53638 S=0
2026-10-03 23:56:02 [INFO]   1210 TRI-MUS-57   E=26740 S=0
2026-10-03 23:56:02 [INFO]   1040 PDA.3.11     E=0 S=0
2026-10-03 23:56:02 [INFO] Compteurs du site (visites libres)
2026-10-03 23:56:02 [INFO]   749 TRI-NORV-27  E=603 S=31130
2026-10-03 23:56:02 [INFO]   750 TRI-NORV-28  E=30400 S=143
2026-10-03 23:56:02 [INFO]   751 TRI-NORV-PMR-29 E=2893 S=131
2026-10-03 23:56:03 [INFO]   transactions 23:41:02 -> 23:56:02 : 0 lues en 1 page(s), 0 musee, 0 site
2026-10-03 23:56:03 [INFO] Dialogue borne : 1.1 s
2026-10-03 23:56:03 [INFO] Visiteurs du 2026-10-03 : 732 (source compteur, compteur 732, transactions 732)
2026-10-03 23:56:03 [INFO] Site visites libres du 2026-10-03 : entrees 394, sorties 368, presents 26 (pic {'n': 107, 'heure': '17:11'}, source compteur)
