2026-10-05 00:01:02 [INFO] Site visites libres : Pas de visites libres aujourd'hui
2026-10-05 00:01:02 [INFO] Site visites libres : pas de collecte (pas_jour_public).
2026-10-05 00:01:02 [INFO] Borne 192.168.2.10:5205 - compteurs du musee (Area 511 VISITES MUSEE)
2026-10-05 00:01:02 [INFO]   511 VISITES MUSEE E=107271 S=0
2026-10-05 00:01:02 [INFO]   512 ENTREE MUSEE E=107271 S=0
2026-10-05 00:01:02 [INFO]   1208 TRI-MUS-55   E=26527 S=0
2026-10-05 00:01:02 [INFO]   1209 TRI-MUS-56   E=53828 S=0
2026-10-05 00:01:02 [INFO]   1210 TRI-MUS-57   E=26916 S=0
2026-10-05 00:01:02 [INFO]   1040 PDA.3.11     E=0 S=0
2026-10-05 00:01:03 [INFO]   transactions 00:00:00 -> 00:01:02 : 0 lues en 1 page(s), 0 musee
2026-10-05 00:01:03 [INFO] Dialogue borne : 1.6 s
2026-10-05 00:01:03 [INFO] Visiteurs du 2026-10-05 : 0 (source compteur, compteur 0, transactions 0)
2026-10-05 00:06:02 [INFO] Site visites libres : Pas de visites libres aujourd'hui
2026-10-05 00:06:02 [INFO] Site visites libres : pas de collecte (pas_jour_public).
2026-10-05 00:06:02 [INFO] Borne 192.168.2.10:5205 - compteurs du musee (Area 511 VISITES MUSEE)
2026-10-05 00:06:02 [INFO]   511 VISITES MUSEE E=107271 S=0
2026-10-05 00:06:02 [INFO]   512 ENTREE MUSEE E=107271 S=0
2026-10-05 00:06:02 [INFO]   1208 TRI-MUS-55   E=26527 S=0
2026-10-05 00:06:02 [INFO]   1209 TRI-MUS-56   E=53828 S=0
2026-10-05 00:06:02 [INFO]   1210 TRI-MUS-57   E=26916 S=0
2026-10-05 00:06:02 [INFO]   1040 PDA.3.11     E=0 S=0
2026-10-05 00:06:03 [INFO]   transactions 00:00:00 -> 00:06:02 : 0 lues en 1 page(s), 0 musee
2026-10-05 00:06:03 [INFO] Dialogue borne : 0.8 s
2026-10-05 00:06:03 [INFO] Visiteurs du 2026-10-05 : 0 (source compteur, compteur 0, transactions 0)
2026-10-05 00:11:02 [INFO] Site visites libres : Pas de visites libres aujourd'hui
2026-10-05 00:11:02 [INFO] Site visites libres : pas de collecte (pas_jour_public).
2026-10-05 00:11:02 [INFO] Borne 192.168.2.10:5205 - compteurs du musee (Area 511 VISITES MUSEE)
2026-10-05 00:11:02 [INFO]   511 VISITES MUSEE E=107271 S=0
2026-10-05 00:11:02 [INFO]   512 ENTREE MUSEE E=107271 S=0
2026-10-05 00:11:02 [INFO]   1208 TRI-MUS-55   E=26527 S=0
2026-10-05 00:11:02 [INFO]   1209 TRI-MUS-56   E=53828 S=0
2026-10-05 00:11:02 [INFO]   1210 TRI-MUS-57   E=26916 S=0
2026-10-05 00:11:02 [INFO]   1040 PDA.3.11     E=0 S=0
2026-10-05 00:11:03 [INFO]   transactions 00:00:00 -> 00:11:02 : 0 lues en 1 page(s), 0 musee
2026-10-05 00:11:03 [INFO] Dialogue borne : 1.0 s
2026-10-05 00:11:03 [INFO] Visiteurs du 2026-10-05 : 0 (source compteur, compteur 0, transactions 0)
2026-10-05 00:16:02 [INFO] Site visites libres : Pas de visites libres aujourd'hui
2026-10-05 00:16:02 [INFO] Site visites libres : pas de collecte (pas_jour_public).
2026-10-05 00:16:02 [INFO] Borne 192.168.2.10:5205 - compteurs du musee (Area 511 VISITES MUSEE)
2026-10-05 00:16:02 [INFO]   511 VISITES MUSEE E=107271 S=0
2026-10-05 00:16:02 [INFO]   512 ENTREE MUSEE E=107271 S=0
2026-10-05 00:16:02 [INFO]   1208 TRI-MUS-55   E=26527 S=0
2026-10-05 00:16:02 [INFO]   1209 TRI-MUS-56   E=53828 S=0
2026-10-05 00:16:02 [INFO]   1210 TRI-MUS-57   E=26916 S=0
2026-10-05 00:16:02 [INFO]   1040 PDA.3.11     E=0 S=0
2026-10-05 00:16:03 [INFO]   transactions 00:01:02 -> 00:16:02 : 0 lues en 1 page(s), 0 musee
2026-10-05 00:16:03 [INFO] Dialogue borne : 0.9 s
2026-10-05 00:16:03 [INFO] Visiteurs du 2026-10-05 : 0 (source compteur, compteur 0, transactions 0)
2026-10-05 00:21:02 [INFO] Site visites libres : Pas de visites libres aujourd'hui
2026-10-05 00:21:02 [INFO] Site visites libres : pas de collecte (pas_jour_public).
2026-10-05 00:21:02 [INFO] Borne 192.168.2.10:5205 - compteurs du musee (Area 511 VISITES MUSEE)
2026-10-05 00:21:02 [INFO]   511 VISITES MUSEE E=107271 S=0
2026-10-05 00:21:02 [INFO]   512 ENTREE MUSEE E=107271 S=0
2026-10-05 00:21:02 [INFO]   1208 TRI-MUS-55   E=26527 S=0
2026-10-05 00:21:02 [INFO]   1209 TRI-MUS-56   E=53828 S=0
2026-10-05 00:21:02 [INFO]   1210 TRI-MUS-57   E=26916 S=0
2026-10-05 00:21:02 [INFO]   1040 PDA.3.11     E=0 S=0
2026-10-05 00:21:03 [INFO]   transactions 00:06:02 -> 00:21:02 : 0 lues en 1 page(s), 0 musee
2026-10-05 00:21:03 [INFO] Dialogue borne : 1.1 s
2026-10-05 00:21:03 [INFO] Visiteurs du 2026-10-05 : 0 (source compteur, compteur 0, transactions 0)
2026-10-05 00:26:03 [INFO] Site visites libres : Pas de visites libres aujourd'hui
2026-10-05 00:26:03 [INFO] Site visites libres : pas de collecte (pas_jour_public).
2026-10-05 00:26:04 [INFO] Borne 192.168.2.10:5205 - compteurs du musee (Area 511 VISITES MUSEE)
2026-10-05 00:26:04 [INFO]   511 VISITES MUSEE E=107271 S=0
2026-10-05 00:26:04 [INFO]   512 ENTREE MUSEE E=107271 S=0
2026-10-05 00:26:04 [INFO]   1208 TRI-MUS-55   E=26527 S=0
2026-10-05 00:26:04 [INFO]   1209 TRI-MUS-56   E=53828 S=0
2026-10-05 00:26:04 [INFO]   1210 TRI-MUS-57   E=26916 S=0
2026-10-05 00:26:04 [INFO]   1040 PDA.3.11     E=0 S=0
2026-10-05 00:26:04 [INFO]   transactions 00:11:02 -> 00:26:03 : 0 lues en 1 page(s), 0 musee
2026-10-05 00:26:04 [INFO] Dialogue borne : 0.9 s
2026-10-05 00:26:04 [INFO] Visiteurs du 2026-10-05 : 0 (source compteur, compteur 0, transactions 0)
2026-10-05 00:31:02 [INFO] Site visites libres : Pas de visites libres aujourd'hui
2026-10-05 00:31:02 [INFO] Site visites libres : pas de collecte (pas_jour_public).
2026-10-05 00:31:02 [INFO] Borne 192.168.2.10:5205 - compteurs du musee (Area 511 VISITES MUSEE)
2026-10-05 00:31:02 [INFO]   511 VISITES MUSEE E=107271 S=0
2026-10-05 00:31:02 [INFO]   512 ENTREE MUSEE E=107271 S=0
2026-10-05 00:31:02 [INFO]   1208 TRI-MUS-55   E=26527 S=0
2026-10-05 00:31:02 [INFO]   1209 TRI-MUS-56   E=53828 S=0
2026-10-05 00:31:02 [INFO]   1210 TRI-MUS-57   E=26916 S=0
2026-10-05 00:31:02 [INFO]   1040 PDA.3.11     E=0 S=0
2026-10-05 00:31:03 [INFO]   transactions 00:16:03 -> 00:31:02 : 0 lues en 1 page(s), 0 musee
2026-10-05 00:31:03 [INFO] Dialogue borne : 1.0 s
2026-10-05 00:31:03 [INFO] Visiteurs du 2026-10-05 : 0 (source compteur, compteur 0, transactions 0)
2026-10-05 00:36:02 [INFO] Site visites libres : Pas de visites libres aujourd'hui
2026-10-05 00:36:02 [INFO] Site visites libres : pas de collecte (pas_jour_public).
2026-10-05 00:36:02 [INFO] Borne 192.168.2.10:5205 - compteurs du musee (Area 511 VISITES MUSEE)
2026-10-05 00:36:02 [INFO]   511 VISITES MUSEE E=107271 S=0
2026-10-05 00:36:02 [INFO]   512 ENTREE MUSEE E=107271 S=0
2026-10-05 00:36:02 [INFO]   1208 TRI-MUS-55   E=26527 S=0
2026-10-05 00:36:02 [INFO]   1209 TRI-MUS-56   E=53828 S=0
2026-10-05 00:36:02 [INFO]   1210 TRI-MUS-57   E=26916 S=0
2026-10-05 00:36:02 [INFO]   1040 PDA.3.11     E=0 S=0
2026-10-05 00:36:03 [INFO]   transactions 00:21:02 -> 00:36:02 : 0 lues en 1 page(s), 0 musee
2026-10-05 00:36:03 [INFO] Dialogue borne : 0.9 s
2026-10-05 00:36:03 [INFO] Visiteurs du 2026-10-05 : 0 (source compteur, compteur 0, transactions 0)
2026-10-05 00:41:02 [INFO] Site visites libres : Pas de visites libres aujourd'hui
2026-10-05 00:41:02 [INFO] Site visites libres : pas de collecte (pas_jour_public).
2026-10-05 00:41:02 [INFO] Borne 192.168.2.10:5205 - compteurs du musee (Area 511 VISITES MUSEE)
2026-10-05 00:41:02 [INFO]   511 VISITES MUSEE E=107271 S=0
2026-10-05 00:41:02 [INFO]   512 ENTREE MUSEE E=107271 S=0
2026-10-05 00:41:02 [INFO]   1208 TRI-MUS-55   E=26527 S=0
2026-10-05 00:41:02 [INFO]   1209 TRI-MUS-56   E=53828 S=0
2026-10-05 00:41:02 [INFO]   1210 TRI-MUS-57   E=26916 S=0
2026-10-05 00:41:02 [INFO]   1040 PDA.3.11     E=0 S=0
2026-10-05 00:41:03 [INFO]   transactions 00:26:02 -> 00:41:02 : 0 lues en 1 page(s), 0 musee
2026-10-05 00:41:03 [INFO] Dialogue borne : 1.0 s
2026-10-05 00:41:03 [INFO] Visiteurs du 2026-10-05 : 0 (source compteur, compteur 0, transactions 0)
2026-10-05 00:46:02 [INFO] Site visites libres : Pas de visites libres aujourd'hui
2026-10-05 00:46:02 [INFO] Site visites libres : pas de collecte (pas_jour_public).
2026-10-05 00:46:02 [INFO] Borne 192.168.2.10:5205 - compteurs du musee (Area 511 VISITES MUSEE)
2026-10-05 00:46:02 [INFO]   511 VISITES MUSEE E=107271 S=0
2026-10-05 00:46:02 [INFO]   512 ENTREE MUSEE E=107271 S=0
2026-10-05 00:46:02 [INFO]   1208 TRI-MUS-55   E=26527 S=0
2026-10-05 00:46:02 [INFO]   1209 TRI-MUS-56   E=53828 S=0
2026-10-05 00:46:02 [INFO]   1210 TRI-MUS-57   E=26916 S=0
2026-10-05 00:46:02 [INFO]   1040 PDA.3.11     E=0 S=0
2026-10-05 00:46:03 [INFO]   transactions 00:31:02 -> 00:46:02 : 0 lues en 1 page(s), 0 musee
2026-10-05 00:46:03 [INFO] Dialogue borne : 0.8 s
2026-10-05 00:46:03 [INFO] Visiteurs du 2026-10-05 : 0 (source compteur, compteur 0, transactions 0)
2026-10-05 00:51:02 [INFO] Site visites libres : Pas de visites libres aujourd'hui
2026-10-05 00:51:02 [INFO] Site visites libres : pas de collecte (pas_jour_public).
2026-10-05 00:51:02 [INFO] Borne 192.168.2.10:5205 - compteurs du musee (Area 511 VISITES MUSEE)
2026-10-05 00:51:02 [INFO]   511 VISITES MUSEE E=107271 S=0
2026-10-05 00:51:02 [INFO]   512 ENTREE MUSEE E=107271 S=0
2026-10-05 00:51:02 [INFO]   1208 TRI-MUS-55   E=26527 S=0
2026-10-05 00:51:02 [INFO]   1209 TRI-MUS-56   E=53828 S=0
2026-10-05 00:51:02 [INFO]   1210 TRI-MUS-57   E=26916 S=0
2026-10-05 00:51:02 [INFO]   1040 PDA.3.11     E=0 S=0
2026-10-05 00:51:03 [INFO]   transactions 00:36:02 -> 00:51:02 : 0 lues en 1 page(s), 0 musee
2026-10-05 00:51:03 [INFO] Dialogue borne : 0.9 s
2026-10-05 00:51:03 [INFO] Visiteurs du 2026-10-05 : 0 (source compteur, compteur 0, transactions 0)
2026-10-05 00:56:02 [INFO] Site visites libres : Pas de visites libres aujourd'hui
2026-10-05 00:56:02 [INFO] Site visites libres : pas de collecte (pas_jour_public).
2026-10-05 00:56:02 [INFO] Borne 192.168.2.10:5205 - compteurs du musee (Area 511 VISITES MUSEE)
2026-10-05 00:56:02 [INFO]   511 VISITES MUSEE E=107271 S=0
2026-10-05 00:56:02 [INFO]   512 ENTREE MUSEE E=107271 S=0
2026-10-05 00:56:02 [INFO]   1208 TRI-MUS-55   E=26527 S=0
2026-10-05 00:56:02 [INFO]   1209 TRI-MUS-56   E=53828 S=0
2026-10-05 00:56:02 [INFO]   1210 TRI-MUS-57   E=26916 S=0
2026-10-05 00:56:02 [INFO]   1040 PDA.3.11     E=0 S=0
2026-10-05 00:56:03 [INFO]   transactions 00:41:02 -> 00:56:02 : 0 lues en 1 page(s), 0 musee
2026-10-05 00:56:03 [INFO] Dialogue borne : 0.9 s
2026-10-05 00:56:03 [INFO] Visiteurs du 2026-10-05 : 0 (source compteur, compteur 0, transactions 0)
2026-10-05 01:01:03 [INFO] Site visites libres : Pas de visites libres aujourd'hui
2026-10-05 01:01:03 [INFO] Site visites libres : pas de collecte (pas_jour_public).
2026-10-05 01:01:03 [INFO] Borne 192.168.2.10:5205 - compteurs du musee (Area 511 VISITES MUSEE)
2026-10-05 01:01:03 [INFO]   511 VISITES MUSEE E=107271 S=0
2026-10-05 01:01:03 [INFO]   512 ENTREE MUSEE E=107271 S=0
2026-10-05 01:01:03 [INFO]   1208 TRI-MUS-55   E=26527 S=0
2026-10-05 01:01:03 [INFO]   1209 TRI-MUS-56   E=53828 S=0
2026-10-05 01:01:03 [INFO]   1210 TRI-MUS-57   E=26916 S=0
2026-10-05 01:01:04 [INFO]   1040 PDA.3.11     E=0 S=0
2026-10-05 01:01:04 [INFO]   transactions 00:46:02 -> 01:01:03 : 0 lues en 1 page(s), 0 musee
2026-10-05 01:01:04 [INFO] Dialogue borne : 1.0 s
2026-10-05 01:01:04 [INFO] Visiteurs du 2026-10-05 : 0 (source compteur, compteur 0, transactions 0)
2026-10-05 01:06:02 [INFO] Site visites libres : Pas de visites libres aujourd'hui
2026-10-05 01:06:02 [INFO] Site visites libres : pas de collecte (pas_jour_public).
2026-10-05 01:06:02 [INFO] Borne 192.168.2.10:5205 - compteurs du musee (Area 511 VISITES MUSEE)
2026-10-05 01:06:02 [INFO]   511 VISITES MUSEE E=107271 S=0
2026-10-05 01:06:02 [INFO]   512 ENTREE MUSEE E=107271 S=0
2026-10-05 01:06:02 [INFO]   1208 TRI-MUS-55   E=26527 S=0
2026-10-05 01:06:02 [INFO]   1209 TRI-MUS-56   E=53828 S=0
2026-10-05 01:06:02 [INFO]   1210 TRI-MUS-57   E=26916 S=0
2026-10-05 01:06:02 [INFO]   1040 PDA.3.11     E=0 S=0
2026-10-05 01:06:03 [INFO]   transactions 00:51:03 -> 01:06:02 : 0 lues en 1 page(s), 0 musee
2026-10-05 01:06:03 [INFO] Dialogue borne : 0.8 s
2026-10-05 01:06:03 [INFO] Visiteurs du 2026-10-05 : 0 (source compteur, compteur 0, transactions 0)
2026-10-05 01:11:02 [INFO] Site visites libres : Pas de visites libres aujourd'hui
2026-10-05 01:11:02 [INFO] Site visites libres : pas de collecte (pas_jour_public).
2026-10-05 01:11:02 [INFO] Borne 192.168.2.10:5205 - compteurs du musee (Area 511 VISITES MUSEE)
2026-10-05 01:11:02 [INFO]   511 VISITES MUSEE E=107271 S=0
2026-10-05 01:11:02 [INFO]   512 ENTREE MUSEE E=107271 S=0
2026-10-05 01:11:02 [INFO]   1208 TRI-MUS-55   E=26527 S=0
2026-10-05 01:11:02 [INFO]   1209 TRI-MUS-56   E=53828 S=0
2026-10-05 01:11:02 [INFO]   1210 TRI-MUS-57   E=26916 S=0
2026-10-05 01:11:02 [INFO]   1040 PDA.3.11     E=0 S=0
2026-10-05 01:11:03 [INFO]   transactions 00:56:02 -> 01:11:02 : 0 lues en 1 page(s), 0 musee
2026-10-05 01:11:03 [INFO] Dialogue borne : 0.9 s
2026-10-05 01:11:03 [INFO] Visiteurs du 2026-10-05 : 0 (source compteur, compteur 0, transactions 0)
2026-10-05 01:16:04 [INFO] Site visites libres : Pas de visites libres aujourd'hui
2026-10-05 01:16:04 [INFO] Site visites libres : pas de collecte (pas_jour_public).
2026-10-05 01:16:04 [INFO] Borne 192.168.2.10:5205 - compteurs du musee (Area 511 VISITES MUSEE)
2026-10-05 01:16:05 [INFO]   511 VISITES MUSEE E=107271 S=0
2026-10-05 01:16:05 [INFO]   512 ENTREE MUSEE E=107271 S=0
2026-10-05 01:16:05 [INFO]   1208 TRI-MUS-55   E=26527 S=0
2026-10-05 01:16:05 [INFO]   1209 TRI-MUS-56   E=53828 S=0
2026-10-05 01:16:05 [INFO]   1210 TRI-MUS-57   E=26916 S=0
2026-10-05 01:16:05 [INFO]   1040 PDA.3.11     E=0 S=0
2026-10-05 01:16:05 [INFO]   transactions 01:01:02 -> 01:16:04 : 0 lues en 1 page(s), 0 musee
2026-10-05 01:16:05 [INFO] Dialogue borne : 1.0 s
2026-10-05 01:16:05 [INFO] Visiteurs du 2026-10-05 : 0 (source compteur, compteur 0, transactions 0)
2026-10-05 01:21:02 [INFO] Site visites libres : Pas de visites libres aujourd'hui
2026-10-05 01:21:02 [INFO] Site visites libres : pas de collecte (pas_jour_public).
2026-10-05 01:21:02 [INFO] Borne 192.168.2.10:5205 - compteurs du musee (Area 511 VISITES MUSEE)
2026-10-05 01:21:02 [INFO]   511 VISITES MUSEE E=107271 S=0
2026-10-05 01:21:02 [INFO]   512 ENTREE MUSEE E=107271 S=0
2026-10-05 01:21:02 [INFO]   1208 TRI-MUS-55   E=26527 S=0
2026-10-05 01:21:02 [INFO]   1209 TRI-MUS-56   E=53828 S=0
2026-10-05 01:21:02 [INFO]   1210 TRI-MUS-57   E=26916 S=0
2026-10-05 01:21:02 [INFO]   1040 PDA.3.11     E=0 S=0
2026-10-05 01:21:03 [INFO]   transactions 01:06:04 -> 01:21:02 : 0 lues en 1 page(s), 0 musee
2026-10-05 01:21:03 [INFO] Dialogue borne : 0.9 s
2026-10-05 01:21:03 [INFO] Visiteurs du 2026-10-05 : 0 (source compteur, compteur 0, transactions 0)
2026-10-05 01:26:02 [INFO] Site visites libres : Pas de visites libres aujourd'hui
2026-10-05 01:26:02 [INFO] Site visites libres : pas de collecte (pas_jour_public).
2026-10-05 01:26:02 [INFO] Borne 192.168.2.10:5205 - compteurs du musee (Area 511 VISITES MUSEE)
2026-10-05 01:26:02 [INFO]   511 VISITES MUSEE E=107271 S=0
2026-10-05 01:26:02 [INFO]   512 ENTREE MUSEE E=107271 S=0
2026-10-05 01:26:02 [INFO]   1208 TRI-MUS-55   E=26527 S=0
2026-10-05 01:26:02 [INFO]   1209 TRI-MUS-56   E=53828 S=0
2026-10-05 01:26:02 [INFO]   1210 TRI-MUS-57   E=26916 S=0
2026-10-05 01:26:02 [INFO]   1040 PDA.3.11     E=0 S=0
2026-10-05 01:26:03 [INFO]   transactions 01:11:02 -> 01:26:02 : 0 lues en 1 page(s), 0 musee
2026-10-05 01:26:03 [INFO] Dialogue borne : 0.9 s
2026-10-05 01:26:03 [INFO] Visiteurs du 2026-10-05 : 0 (source compteur, compteur 0, transactions 0)
2026-10-05 01:31:02 [INFO] Site visites libres : Pas de visites libres aujourd'hui
2026-10-05 01:31:02 [INFO] Site visites libres : pas de collecte (pas_jour_public).
2026-10-05 01:31:02 [INFO] Borne 192.168.2.10:5205 - compteurs du musee (Area 511 VISITES MUSEE)
2026-10-05 01:31:02 [INFO]   511 VISITES MUSEE E=107271 S=0
2026-10-05 01:31:02 [INFO]   512 ENTREE MUSEE E=107271 S=0
2026-10-05 01:31:02 [INFO]   1208 TRI-MUS-55   E=26527 S=0
2026-10-05 01:31:02 [INFO]   1209 TRI-MUS-56   E=53828 S=0
2026-10-05 01:31:02 [INFO]   1210 TRI-MUS-57   E=26916 S=0
2026-10-05 01:31:02 [INFO]   1040 PDA.3.11     E=0 S=0
2026-10-05 01:31:03 [INFO]   transactions 01:16:02 -> 01:31:02 : 0 lues en 1 page(s), 0 musee
2026-10-05 01:31:03 [INFO] Dialogue borne : 0.9 s
2026-10-05 01:31:03 [INFO] Visiteurs du 2026-10-05 : 0 (source compteur, compteur 0, transactions 0)
2026-10-05 01:36:02 [INFO] Site visites libres : Pas de visites libres aujourd'hui
2026-10-05 01:36:02 [INFO] Site visites libres : pas de collecte (pas_jour_public).
2026-10-05 01:36:02 [INFO] Borne 192.168.2.10:5205 - compteurs du musee (Area 511 VISITES MUSEE)
2026-10-05 01:36:02 [INFO]   511 VISITES MUSEE E=107271 S=0
2026-10-05 01:36:02 [INFO]   512 ENTREE MUSEE E=107271 S=0
2026-10-05 01:36:02 [INFO]   1208 TRI-MUS-55   E=26527 S=0
2026-10-05 01:36:02 [INFO]   1209 TRI-MUS-56   E=53828 S=0
2026-10-05 01:36:02 [INFO]   1210 TRI-MUS-57   E=26916 S=0
2026-10-05 01:36:02 [INFO]   1040 PDA.3.11     E=0 S=0
2026-10-05 01:36:03 [INFO]   transactions 01:21:02 -> 01:36:02 : 0 lues en 1 page(s), 0 musee
2026-10-05 01:36:03 [INFO] Dialogue borne : 0.9 s
2026-10-05 01:36:03 [INFO] Visiteurs du 2026-10-05 : 0 (source compteur, compteur 0, transactions 0)
2026-10-05 01:41:02 [INFO] Site visites libres : Pas de visites libres aujourd'hui
2026-10-05 01:41:02 [INFO] Site visites libres : pas de collecte (pas_jour_public).
2026-10-05 01:41:02 [INFO] Borne 192.168.2.10:5205 - compteurs du musee (Area 511 VISITES MUSEE)
2026-10-05 01:41:02 [INFO]   511 VISITES MUSEE E=107271 S=0
2026-10-05 01:41:02 [INFO]   512 ENTREE MUSEE E=107271 S=0
2026-10-05 01:41:02 [INFO]   1208 TRI-MUS-55   E=26527 S=0
2026-10-05 01:41:02 [INFO]   1209 TRI-MUS-56   E=53828 S=0
2026-10-05 01:41:02 [INFO]   1210 TRI-MUS-57   E=26916 S=0
2026-10-05 01:41:02 [INFO]   1040 PDA.3.11     E=0 S=0
2026-10-05 01:41:03 [INFO]   transactions 01:26:02 -> 01:41:02 : 0 lues en 1 page(s), 0 musee
2026-10-05 01:41:03 [INFO] Dialogue borne : 0.8 s
2026-10-05 01:41:03 [INFO] Visiteurs du 2026-10-05 : 0 (source compteur, compteur 0, transactions 0)
2026-10-05 01:46:02 [INFO] Site visites libres : Pas de visites libres aujourd'hui
2026-10-05 01:46:02 [INFO] Site visites libres : pas de collecte (pas_jour_public).
2026-10-05 01:46:02 [INFO] Borne 192.168.2.10:5205 - compteurs du musee (Area 511 VISITES MUSEE)
2026-10-05 01:46:02 [INFO]   511 VISITES MUSEE E=107271 S=0
2026-10-05 01:46:02 [INFO]   512 ENTREE MUSEE E=107271 S=0
2026-10-05 01:46:02 [INFO]   1208 TRI-MUS-55   E=26527 S=0
2026-10-05 01:46:02 [INFO]   1209 TRI-MUS-56   E=53828 S=0
2026-10-05 01:46:02 [INFO]   1210 TRI-MUS-57   E=26916 S=0
2026-10-05 01:46:02 [INFO]   1040 PDA.3.11     E=0 S=0
2026-10-05 01:46:03 [INFO]   transactions 01:31:02 -> 01:46:02 : 0 lues en 1 page(s), 0 musee
2026-10-05 01:46:03 [INFO] Dialogue borne : 0.8 s
2026-10-05 01:46:03 [INFO] Visiteurs du 2026-10-05 : 0 (source compteur, compteur 0, transactions 0)
2026-10-05 01:51:02 [INFO] Site visites libres : Pas de visites libres aujourd'hui
2026-10-05 01:51:02 [INFO] Site visites libres : pas de collecte (pas_jour_public).
2026-10-05 01:51:02 [INFO] Borne 192.168.2.10:5205 - compteurs du musee (Area 511 VISITES MUSEE)
2026-10-05 01:51:02 [INFO]   511 VISITES MUSEE E=107271 S=0
2026-10-05 01:51:02 [INFO]   512 ENTREE MUSEE E=107271 S=0
2026-10-05 01:51:02 [INFO]   1208 TRI-MUS-55   E=26527 S=0
2026-10-05 01:51:02 [INFO]   1209 TRI-MUS-56   E=53828 S=0
2026-10-05 01:51:02 [INFO]   1210 TRI-MUS-57   E=26916 S=0
2026-10-05 01:51:02 [INFO]   1040 PDA.3.11     E=0 S=0
2026-10-05 01:51:03 [INFO]   transactions 01:36:02 -> 01:51:02 : 0 lues en 1 page(s), 0 musee
2026-10-05 01:51:03 [INFO] Dialogue borne : 1.0 s
2026-10-05 01:51:03 [INFO] Visiteurs du 2026-10-05 : 0 (source compteur, compteur 0, transactions 0)
2026-10-05 01:56:02 [INFO] Site visites libres : Pas de visites libres aujourd'hui
2026-10-05 01:56:02 [INFO] Site visites libres : pas de collecte (pas_jour_public).
2026-10-05 01:56:02 [INFO] Borne 192.168.2.10:5205 - compteurs du musee (Area 511 VISITES MUSEE)
2026-10-05 01:56:02 [INFO]   511 VISITES MUSEE E=107271 S=0
2026-10-05 01:56:02 [INFO]   512 ENTREE MUSEE E=107271 S=0
2026-10-05 01:56:02 [INFO]   1208 TRI-MUS-55   E=26527 S=0
2026-10-05 01:56:02 [INFO]   1209 TRI-MUS-56   E=53828 S=0
2026-10-05 01:56:02 [INFO]   1210 TRI-MUS-57   E=26916 S=0
2026-10-05 01:56:02 [INFO]   1040 PDA.3.11     E=0 S=0
2026-10-05 01:56:03 [INFO]   transactions 01:41:02 -> 01:56:02 : 0 lues en 1 page(s), 0 musee
2026-10-05 01:56:03 [INFO] Dialogue borne : 0.8 s
2026-10-05 01:56:03 [INFO] Visiteurs du 2026-10-05 : 0 (source compteur, compteur 0, transactions 0)
2026-10-05 02:01:02 [INFO] Site visites libres : Pas de visites libres aujourd'hui
2026-10-05 02:01:02 [INFO] Site visites libres : pas de collecte (pas_jour_public).
2026-10-05 02:01:02 [INFO] Borne 192.168.2.10:5205 - compteurs du musee (Area 511 VISITES MUSEE)
2026-10-05 02:01:02 [INFO]   511 VISITES MUSEE E=107271 S=0
2026-10-05 02:01:02 [INFO]   512 ENTREE MUSEE E=107271 S=0
2026-10-05 02:01:02 [INFO]   1208 TRI-MUS-55   E=26527 S=0
2026-10-05 02:01:02 [INFO]   1209 TRI-MUS-56   E=53828 S=0
2026-10-05 02:01:02 [INFO]   1210 TRI-MUS-57   E=26916 S=0
2026-10-05 02:01:02 [INFO]   1040 PDA.3.11     E=0 S=0
2026-10-05 02:01:03 [INFO]   transactions 01:46:02 -> 02:01:02 : 0 lues en 1 page(s), 0 musee
2026-10-05 02:01:03 [INFO] Dialogue borne : 1.0 s
2026-10-05 02:01:03 [INFO] Visiteurs du 2026-10-05 : 0 (source compteur, compteur 0, transactions 0)
2026-10-05 02:06:02 [INFO] Site visites libres : Pas de visites libres aujourd'hui
2026-10-05 02:06:02 [INFO] Site visites libres : pas de collecte (pas_jour_public).
2026-10-05 02:06:02 [INFO] Borne 192.168.2.10:5205 - compteurs du musee (Area 511 VISITES MUSEE)
2026-10-05 02:06:02 [INFO]   511 VISITES MUSEE E=107271 S=0
2026-10-05 02:06:02 [INFO]   512 ENTREE MUSEE E=107271 S=0
2026-10-05 02:06:02 [INFO]   1208 TRI-MUS-55   E=26527 S=0
2026-10-05 02:06:02 [INFO]   1209 TRI-MUS-56   E=53828 S=0
2026-10-05 02:06:02 [INFO]   1210 TRI-MUS-57   E=26916 S=0
2026-10-05 02:06:02 [INFO]   1040 PDA.3.11     E=0 S=0
2026-10-05 02:06:03 [INFO]   transactions 01:51:02 -> 02:06:02 : 0 lues en 1 page(s), 0 musee
2026-10-05 02:06:03 [INFO] Dialogue borne : 0.9 s
2026-10-05 02:06:03 [INFO] Visiteurs du 2026-10-05 : 0 (source compteur, compteur 0, transactions 0)
2026-10-05 02:11:02 [INFO] Site visites libres : Pas de visites libres aujourd'hui
2026-10-05 02:11:02 [INFO] Site visites libres : pas de collecte (pas_jour_public).
2026-10-05 02:11:02 [INFO] Borne 192.168.2.10:5205 - compteurs du musee (Area 511 VISITES MUSEE)
2026-10-05 02:11:02 [INFO]   511 VISITES MUSEE E=107271 S=0
2026-10-05 02:11:02 [INFO]   512 ENTREE MUSEE E=107271 S=0
2026-10-05 02:11:02 [INFO]   1208 TRI-MUS-55   E=26527 S=0
2026-10-05 02:11:02 [INFO]   1209 TRI-MUS-56   E=53828 S=0
2026-10-05 02:11:02 [INFO]   1210 TRI-MUS-57   E=26916 S=0
2026-10-05 02:11:02 [INFO]   1040 PDA.3.11     E=0 S=0
2026-10-05 02:11:03 [INFO]   transactions 01:56:02 -> 02:11:02 : 0 lues en 1 page(s), 0 musee
2026-10-05 02:11:03 [INFO] Dialogue borne : 0.9 s
2026-10-05 02:11:03 [INFO] Visiteurs du 2026-10-05 : 0 (source compteur, compteur 0, transactions 0)
2026-10-05 02:16:02 [INFO] Site visites libres : Pas de visites libres aujourd'hui
2026-10-05 02:16:02 [INFO] Site visites libres : pas de collecte (pas_jour_public).
2026-10-05 02:16:02 [INFO] Borne 192.168.2.10:5205 - compteurs du musee (Area 511 VISITES MUSEE)
2026-10-05 02:16:02 [INFO]   511 VISITES MUSEE E=107271 S=0
2026-10-05 02:16:02 [INFO]   512 ENTREE MUSEE E=107271 S=0
2026-10-05 02:16:02 [INFO]   1208 TRI-MUS-55   E=26527 S=0
2026-10-05 02:16:02 [INFO]   1209 TRI-MUS-56   E=53828 S=0
2026-10-05 02:16:02 [INFO]   1210 TRI-MUS-57   E=26916 S=0
2026-10-05 02:16:02 [INFO]   1040 PDA.3.11     E=0 S=0
2026-10-05 02:16:03 [INFO]   transactions 02:01:02 -> 02:16:02 : 0 lues en 1 page(s), 0 musee
2026-10-05 02:16:03 [INFO] Dialogue borne : 0.9 s
2026-10-05 02:16:03 [INFO] Visiteurs du 2026-10-05 : 0 (source compteur, compteur 0, transactions 0)
2026-10-05 02:21:02 [INFO] Site visites libres : Pas de visites libres aujourd'hui
2026-10-05 02:21:02 [INFO] Site visites libres : pas de collecte (pas_jour_public).
2026-10-05 02:21:02 [INFO] Borne 192.168.2.10:5205 - compteurs du musee (Area 511 VISITES MUSEE)
2026-10-05 02:21:02 [INFO]   511 VISITES MUSEE E=107271 S=0
2026-10-05 02:21:02 [INFO]   512 ENTREE MUSEE E=107271 S=0
2026-10-05 02:21:02 [INFO]   1208 TRI-MUS-55   E=26527 S=0
2026-10-05 02:21:02 [INFO]   1209 TRI-MUS-56   E=53828 S=0
2026-10-05 02:21:02 [INFO]   1210 TRI-MUS-57   E=26916 S=0
2026-10-05 02:21:02 [INFO]   1040 PDA.3.11     E=0 S=0
2026-10-05 02:21:03 [INFO]   transactions 02:06:02 -> 02:21:02 : 0 lues en 1 page(s), 0 musee
2026-10-05 02:21:03 [INFO] Dialogue borne : 0.9 s
2026-10-05 02:21:03 [INFO] Visiteurs du 2026-10-05 : 0 (source compteur, compteur 0, transactions 0)
2026-10-05 02:26:02 [INFO] Site visites libres : Pas de visites libres aujourd'hui
2026-10-05 02:26:02 [INFO] Site visites libres : pas de collecte (pas_jour_public).
2026-10-05 02:26:02 [INFO] Borne 192.168.2.10:5205 - compteurs du musee (Area 511 VISITES MUSEE)
2026-10-05 02:26:02 [INFO]   511 VISITES MUSEE E=107271 S=0
2026-10-05 02:26:02 [INFO]   512 ENTREE MUSEE E=107271 S=0
2026-10-05 02:26:02 [INFO]   1208 TRI-MUS-55   E=26527 S=0
2026-10-05 02:26:02 [INFO]   1209 TRI-MUS-56   E=53828 S=0
2026-10-05 02:26:02 [INFO]   1210 TRI-MUS-57   E=26916 S=0
2026-10-05 02:26:02 [INFO]   1040 PDA.3.11     E=0 S=0
2026-10-05 02:26:03 [INFO]   transactions 02:11:02 -> 02:26:02 : 0 lues en 1 page(s), 0 musee
2026-10-05 02:26:03 [INFO] Dialogue borne : 0.9 s
2026-10-05 02:26:03 [INFO] Visiteurs du 2026-10-05 : 0 (source compteur, compteur 0, transactions 0)
2026-10-05 02:31:02 [INFO] Site visites libres : Pas de visites libres aujourd'hui
2026-10-05 02:31:02 [INFO] Site visites libres : pas de collecte (pas_jour_public).
2026-10-05 02:31:02 [INFO] Borne 192.168.2.10:5205 - compteurs du musee (Area 511 VISITES MUSEE)
2026-10-05 02:31:02 [INFO]   511 VISITES MUSEE E=107271 S=0
2026-10-05 02:31:02 [INFO]   512 ENTREE MUSEE E=107271 S=0
2026-10-05 02:31:02 [INFO]   1208 TRI-MUS-55   E=26527 S=0
2026-10-05 02:31:02 [INFO]   1209 TRI-MUS-56   E=53828 S=0
2026-10-05 02:31:02 [INFO]   1210 TRI-MUS-57   E=26916 S=0
2026-10-05 02:31:02 [INFO]   1040 PDA.3.11     E=0 S=0
2026-10-05 02:31:03 [INFO]   transactions 02:16:02 -> 02:31:02 : 0 lues en 1 page(s), 0 musee
2026-10-05 02:31:03 [INFO] Dialogue borne : 0.9 s
2026-10-05 02:31:03 [INFO] Visiteurs du 2026-10-05 : 0 (source compteur, compteur 0, transactions 0)
2026-10-05 02:36:02 [INFO] Site visites libres : Pas de visites libres aujourd'hui
2026-10-05 02:36:02 [INFO] Site visites libres : pas de collecte (pas_jour_public).
2026-10-05 02:36:02 [INFO] Borne 192.168.2.10:5205 - compteurs du musee (Area 511 VISITES MUSEE)
2026-10-05 02:36:02 [INFO]   511 VISITES MUSEE E=107271 S=0
2026-10-05 02:36:02 [INFO]   512 ENTREE MUSEE E=107271 S=0
2026-10-05 02:36:02 [INFO]   1208 TRI-MUS-55   E=26527 S=0
2026-10-05 02:36:02 [INFO]   1209 TRI-MUS-56   E=53828 S=0
2026-10-05 02:36:02 [INFO]   1210 TRI-MUS-57   E=26916 S=0
2026-10-05 02:36:02 [INFO]   1040 PDA.3.11     E=0 S=0
2026-10-05 02:36:03 [INFO]   transactions 02:21:02 -> 02:36:02 : 0 lues en 1 page(s), 0 musee
2026-10-05 02:36:03 [INFO] Dialogue borne : 1.0 s
2026-10-05 02:36:03 [INFO] Visiteurs du 2026-10-05 : 0 (source compteur, compteur 0, transactions 0)
2026-10-05 02:41:02 [INFO] Site visites libres : Pas de visites libres aujourd'hui
2026-10-05 02:41:02 [INFO] Site visites libres : pas de collecte (pas_jour_public).
2026-10-05 02:41:02 [INFO] Borne 192.168.2.10:5205 - compteurs du musee (Area 511 VISITES MUSEE)
2026-10-05 02:41:02 [INFO]   511 VISITES MUSEE E=107271 S=0
2026-10-05 02:41:02 [INFO]   512 ENTREE MUSEE E=107271 S=0
2026-10-05 02:41:02 [INFO]   1208 TRI-MUS-55   E=26527 S=0
2026-10-05 02:41:02 [INFO]   1209 TRI-MUS-56   E=53828 S=0
2026-10-05 02:41:02 [INFO]   1210 TRI-MUS-57   E=26916 S=0
2026-10-05 02:41:02 [INFO]   1040 PDA.3.11     E=0 S=0
2026-10-05 02:41:03 [INFO]   transactions 02:26:02 -> 02:41:02 : 0 lues en 1 page(s), 0 musee
2026-10-05 02:41:03 [INFO] Dialogue borne : 0.8 s
2026-10-05 02:41:03 [INFO] Visiteurs du 2026-10-05 : 0 (source compteur, compteur 0, transactions 0)
2026-10-05 02:46:02 [INFO] Site visites libres : Pas de visites libres aujourd'hui
2026-10-05 02:46:02 [INFO] Site visites libres : pas de collecte (pas_jour_public).
2026-10-05 02:46:02 [INFO] Borne 192.168.2.10:5205 - compteurs du musee (Area 511 VISITES MUSEE)
2026-10-05 02:46:02 [INFO]   511 VISITES MUSEE E=107271 S=0
2026-10-05 02:46:02 [INFO]   512 ENTREE MUSEE E=107271 S=0
2026-10-05 02:46:02 [INFO]   1208 TRI-MUS-55   E=26527 S=0
2026-10-05 02:46:02 [INFO]   1209 TRI-MUS-56   E=53828 S=0
2026-10-05 02:46:02 [INFO]   1210 TRI-MUS-57   E=26916 S=0
2026-10-05 02:46:02 [INFO]   1040 PDA.3.11     E=0 S=0
2026-10-05 02:46:03 [INFO]   transactions 02:31:02 -> 02:46:02 : 0 lues en 1 page(s), 0 musee
2026-10-05 02:46:03 [INFO] Dialogue borne : 0.8 s
2026-10-05 02:46:03 [INFO] Visiteurs du 2026-10-05 : 0 (source compteur, compteur 0, transactions 0)
2026-10-05 02:51:02 [INFO] Site visites libres : Pas de visites libres aujourd'hui
2026-10-05 02:51:02 [INFO] Site visites libres : pas de collecte (pas_jour_public).
2026-10-05 02:51:02 [INFO] Borne 192.168.2.10:5205 - compteurs du musee (Area 511 VISITES MUSEE)
2026-10-05 02:51:02 [INFO]   511 VISITES MUSEE E=107271 S=0
2026-10-05 02:51:02 [INFO]   512 ENTREE MUSEE E=107271 S=0
2026-10-05 02:51:02 [INFO]   1208 TRI-MUS-55   E=26527 S=0
2026-10-05 02:51:02 [INFO]   1209 TRI-MUS-56   E=53828 S=0
2026-10-05 02:51:02 [INFO]   1210 TRI-MUS-57   E=26916 S=0
2026-10-05 02:51:02 [INFO]   1040 PDA.3.11     E=0 S=0
2026-10-05 02:51:03 [INFO]   transactions 02:36:02 -> 02:51:02 : 0 lues en 1 page(s), 0 musee
2026-10-05 02:51:03 [INFO] Dialogue borne : 0.9 s
2026-10-05 02:51:03 [INFO] Visiteurs du 2026-10-05 : 0 (source compteur, compteur 0, transactions 0)
2026-10-05 02:56:02 [INFO] Site visites libres : Pas de visites libres aujourd'hui
2026-10-05 02:56:02 [INFO] Site visites libres : pas de collecte (pas_jour_public).
2026-10-05 02:56:02 [INFO] Borne 192.168.2.10:5205 - compteurs du musee (Area 511 VISITES MUSEE)
2026-10-05 02:56:02 [INFO]   511 VISITES MUSEE E=107271 S=0
2026-10-05 02:56:02 [INFO]   512 ENTREE MUSEE E=107271 S=0
2026-10-05 02:56:02 [INFO]   1208 TRI-MUS-55   E=26527 S=0
2026-10-05 02:56:02 [INFO]   1209 TRI-MUS-56   E=53828 S=0
2026-10-05 02:56:02 [INFO]   1210 TRI-MUS-57   E=26916 S=0
2026-10-05 02:56:02 [INFO]   1040 PDA.3.11     E=0 S=0
2026-10-05 02:56:03 [INFO]   transactions 02:41:02 -> 02:56:02 : 0 lues en 1 page(s), 0 musee
2026-10-05 02:56:03 [INFO] Dialogue borne : 0.9 s
2026-10-05 02:56:03 [INFO] Visiteurs du 2026-10-05 : 0 (source compteur, compteur 0, transactions 0)
2026-10-05 03:01:02 [INFO] Site visites libres : Pas de visites libres aujourd'hui
2026-10-05 03:01:02 [INFO] Site visites libres : pas de collecte (pas_jour_public).
2026-10-05 03:01:02 [INFO] Borne 192.168.2.10:5205 - compteurs du musee (Area 511 VISITES MUSEE)
2026-10-05 03:01:02 [INFO]   511 VISITES MUSEE E=107271 S=0
2026-10-05 03:01:02 [INFO]   512 ENTREE MUSEE E=107271 S=0
2026-10-05 03:01:02 [INFO]   1208 TRI-MUS-55   E=26527 S=0
2026-10-05 03:01:02 [INFO]   1209 TRI-MUS-56   E=53828 S=0
2026-10-05 03:01:02 [INFO]   1210 TRI-MUS-57   E=26916 S=0
2026-10-05 03:01:02 [INFO]   1040 PDA.3.11     E=0 S=0
2026-10-05 03:01:03 [INFO]   transactions 02:46:02 -> 03:01:02 : 0 lues en 1 page(s), 0 musee
2026-10-05 03:01:03 [INFO] Dialogue borne : 0.8 s
2026-10-05 03:01:03 [INFO] Visiteurs du 2026-10-05 : 0 (source compteur, compteur 0, transactions 0)
2026-10-05 03:06:02 [INFO] Site visites libres : Pas de visites libres aujourd'hui
2026-10-05 03:06:02 [INFO] Site visites libres : pas de collecte (pas_jour_public).
2026-10-05 03:06:02 [INFO] Borne 192.168.2.10:5205 - compteurs du musee (Area 511 VISITES MUSEE)
2026-10-05 03:06:02 [INFO]   511 VISITES MUSEE E=107271 S=0
2026-10-05 03:06:02 [INFO]   512 ENTREE MUSEE E=107271 S=0
2026-10-05 03:06:02 [INFO]   1208 TRI-MUS-55   E=26527 S=0
2026-10-05 03:06:02 [INFO]   1209 TRI-MUS-56   E=53828 S=0
2026-10-05 03:06:02 [INFO]   1210 TRI-MUS-57   E=26916 S=0
2026-10-05 03:06:02 [INFO]   1040 PDA.3.11     E=0 S=0
2026-10-05 03:06:03 [INFO]   transactions 02:51:02 -> 03:06:02 : 0 lues en 1 page(s), 0 musee
2026-10-05 03:06:03 [INFO] Dialogue borne : 1.0 s
2026-10-05 03:06:03 [INFO] Visiteurs du 2026-10-05 : 0 (source compteur, compteur 0, transactions 0)
2026-10-05 03:11:02 [INFO] Site visites libres : Pas de visites libres aujourd'hui
2026-10-05 03:11:02 [INFO] Site visites libres : pas de collecte (pas_jour_public).
2026-10-05 03:11:02 [INFO] Borne 192.168.2.10:5205 - compteurs du musee (Area 511 VISITES MUSEE)
2026-10-05 03:11:02 [INFO]   511 VISITES MUSEE E=107271 S=0
2026-10-05 03:11:02 [INFO]   512 ENTREE MUSEE E=107271 S=0
2026-10-05 03:11:02 [INFO]   1208 TRI-MUS-55   E=26527 S=0
2026-10-05 03:11:02 [INFO]   1209 TRI-MUS-56   E=53828 S=0
2026-10-05 03:11:02 [INFO]   1210 TRI-MUS-57   E=26916 S=0
2026-10-05 03:11:02 [INFO]   1040 PDA.3.11     E=0 S=0
2026-10-05 03:11:03 [INFO]   transactions 02:56:02 -> 03:11:02 : 0 lues en 1 page(s), 0 musee
2026-10-05 03:11:03 [INFO] Dialogue borne : 0.8 s
2026-10-05 03:11:03 [INFO] Visiteurs du 2026-10-05 : 0 (source compteur, compteur 0, transactions 0)
2026-10-05 03:16:02 [INFO] Site visites libres : Pas de visites libres aujourd'hui
2026-10-05 03:16:02 [INFO] Site visites libres : pas de collecte (pas_jour_public).
2026-10-05 03:16:02 [INFO] Borne 192.168.2.10:5205 - compteurs du musee (Area 511 VISITES MUSEE)
2026-10-05 03:16:02 [INFO]   511 VISITES MUSEE E=107271 S=0
2026-10-05 03:16:02 [INFO]   512 ENTREE MUSEE E=107271 S=0
2026-10-05 03:16:02 [INFO]   1208 TRI-MUS-55   E=26527 S=0
2026-10-05 03:16:02 [INFO]   1209 TRI-MUS-56   E=53828 S=0
2026-10-05 03:16:02 [INFO]   1210 TRI-MUS-57   E=26916 S=0
2026-10-05 03:16:02 [INFO]   1040 PDA.3.11     E=0 S=0
2026-10-05 03:16:03 [INFO]   transactions 03:01:02 -> 03:16:02 : 0 lues en 1 page(s), 0 musee
2026-10-05 03:16:03 [INFO] Dialogue borne : 0.8 s
2026-10-05 03:16:03 [INFO] Visiteurs du 2026-10-05 : 0 (source compteur, compteur 0, transactions 0)
2026-10-05 03:21:02 [INFO] Site visites libres : Pas de visites libres aujourd'hui
2026-10-05 03:21:02 [INFO] Site visites libres : pas de collecte (pas_jour_public).
2026-10-05 03:21:02 [INFO] Borne 192.168.2.10:5205 - compteurs du musee (Area 511 VISITES MUSEE)
2026-10-05 03:21:02 [INFO]   511 VISITES MUSEE E=107271 S=0
2026-10-05 03:21:02 [INFO]   512 ENTREE MUSEE E=107271 S=0
2026-10-05 03:21:02 [INFO]   1208 TRI-MUS-55   E=26527 S=0
2026-10-05 03:21:02 [INFO]   1209 TRI-MUS-56   E=53828 S=0
2026-10-05 03:21:02 [INFO]   1210 TRI-MUS-57   E=26916 S=0
2026-10-05 03:21:02 [INFO]   1040 PDA.3.11     E=0 S=0
2026-10-05 03:21:03 [INFO]   transactions 03:06:02 -> 03:21:02 : 0 lues en 1 page(s), 0 musee
2026-10-05 03:21:03 [INFO] Dialogue borne : 0.8 s
2026-10-05 03:21:03 [INFO] Visiteurs du 2026-10-05 : 0 (source compteur, compteur 0, transactions 0)
2026-10-05 03:26:02 [INFO] Site visites libres : Pas de visites libres aujourd'hui
2026-10-05 03:26:02 [INFO] Site visites libres : pas de collecte (pas_jour_public).
2026-10-05 03:26:02 [INFO] Borne 192.168.2.10:5205 - compteurs du musee (Area 511 VISITES MUSEE)
2026-10-05 03:26:02 [INFO]   511 VISITES MUSEE E=107271 S=0
2026-10-05 03:26:02 [INFO]   512 ENTREE MUSEE E=107271 S=0
2026-10-05 03:26:02 [INFO]   1208 TRI-MUS-55   E=26527 S=0
2026-10-05 03:26:02 [INFO]   1209 TRI-MUS-56   E=53828 S=0
2026-10-05 03:26:02 [INFO]   1210 TRI-MUS-57   E=26916 S=0
2026-10-05 03:26:02 [INFO]   1040 PDA.3.11     E=0 S=0
2026-10-05 03:26:03 [INFO]   transactions 03:11:02 -> 03:26:02 : 0 lues en 1 page(s), 0 musee
2026-10-05 03:26:03 [INFO] Dialogue borne : 1.0 s
2026-10-05 03:26:03 [INFO] Visiteurs du 2026-10-05 : 0 (source compteur, compteur 0, transactions 0)
2026-10-05 03:31:02 [INFO] Site visites libres : Pas de visites libres aujourd'hui
2026-10-05 03:31:02 [INFO] Site visites libres : pas de collecte (pas_jour_public).
2026-10-05 03:31:02 [INFO] Borne 192.168.2.10:5205 - compteurs du musee (Area 511 VISITES MUSEE)
2026-10-05 03:31:02 [INFO]   511 VISITES MUSEE E=107271 S=0
2026-10-05 03:31:02 [INFO]   512 ENTREE MUSEE E=107271 S=0
2026-10-05 03:31:02 [INFO]   1208 TRI-MUS-55   E=26527 S=0
2026-10-05 03:31:02 [INFO]   1209 TRI-MUS-56   E=53828 S=0
2026-10-05 03:31:02 [INFO]   1210 TRI-MUS-57   E=26916 S=0
2026-10-05 03:31:02 [INFO]   1040 PDA.3.11     E=0 S=0
2026-10-05 03:31:03 [INFO]   transactions 03:16:02 -> 03:31:02 : 0 lues en 1 page(s), 0 musee
2026-10-05 03:31:03 [INFO] Dialogue borne : 0.9 s
2026-10-05 03:31:03 [INFO] Visiteurs du 2026-10-05 : 0 (source compteur, compteur 0, transactions 0)
2026-10-05 03:36:02 [INFO] Site visites libres : Pas de visites libres aujourd'hui
2026-10-05 03:36:02 [INFO] Site visites libres : pas de collecte (pas_jour_public).
2026-10-05 03:36:02 [INFO] Borne 192.168.2.10:5205 - compteurs du musee (Area 511 VISITES MUSEE)
2026-10-05 03:36:02 [INFO]   511 VISITES MUSEE E=107271 S=0
2026-10-05 03:36:02 [INFO]   512 ENTREE MUSEE E=107271 S=0
2026-10-05 03:36:02 [INFO]   1208 TRI-MUS-55   E=26527 S=0
2026-10-05 03:36:02 [INFO]   1209 TRI-MUS-56   E=53828 S=0
2026-10-05 03:36:02 [INFO]   1210 TRI-MUS-57   E=26916 S=0
2026-10-05 03:36:02 [INFO]   1040 PDA.3.11     E=0 S=0
2026-10-05 03:36:03 [INFO]   transactions 03:21:02 -> 03:36:02 : 0 lues en 1 page(s), 0 musee
2026-10-05 03:36:03 [INFO] Dialogue borne : 0.8 s
2026-10-05 03:36:03 [INFO] Visiteurs du 2026-10-05 : 0 (source compteur, compteur 0, transactions 0)
2026-10-05 03:41:02 [INFO] Site visites libres : Pas de visites libres aujourd'hui
2026-10-05 03:41:02 [INFO] Site visites libres : pas de collecte (pas_jour_public).
2026-10-05 03:41:02 [INFO] Borne 192.168.2.10:5205 - compteurs du musee (Area 511 VISITES MUSEE)
2026-10-05 03:41:02 [INFO]   511 VISITES MUSEE E=107271 S=0
2026-10-05 03:41:02 [INFO]   512 ENTREE MUSEE E=107271 S=0
2026-10-05 03:41:02 [INFO]   1208 TRI-MUS-55   E=26527 S=0
2026-10-05 03:41:02 [INFO]   1209 TRI-MUS-56   E=53828 S=0
2026-10-05 03:41:02 [INFO]   1210 TRI-MUS-57   E=26916 S=0
2026-10-05 03:41:02 [INFO]   1040 PDA.3.11     E=0 S=0
2026-10-05 03:41:03 [INFO]   transactions 03:26:02 -> 03:41:02 : 0 lues en 1 page(s), 0 musee
2026-10-05 03:41:03 [INFO] Dialogue borne : 0.8 s
2026-10-05 03:41:03 [INFO] Visiteurs du 2026-10-05 : 0 (source compteur, compteur 0, transactions 0)
2026-10-05 03:46:02 [INFO] Site visites libres : Pas de visites libres aujourd'hui
2026-10-05 03:46:02 [INFO] Site visites libres : pas de collecte (pas_jour_public).
2026-10-05 03:46:02 [INFO] Borne 192.168.2.10:5205 - compteurs du musee (Area 511 VISITES MUSEE)
2026-10-05 03:46:02 [INFO]   511 VISITES MUSEE E=107271 S=0
2026-10-05 03:46:02 [INFO]   512 ENTREE MUSEE E=107271 S=0
2026-10-05 03:46:02 [INFO]   1208 TRI-MUS-55   E=26527 S=0
2026-10-05 03:46:02 [INFO]   1209 TRI-MUS-56   E=53828 S=0
2026-10-05 03:46:02 [INFO]   1210 TRI-MUS-57   E=26916 S=0
2026-10-05 03:46:02 [INFO]   1040 PDA.3.11     E=0 S=0
2026-10-05 03:46:03 [INFO]   transactions 03:31:02 -> 03:46:02 : 0 lues en 1 page(s), 0 musee
2026-10-05 03:46:03 [INFO] Dialogue borne : 0.9 s
2026-10-05 03:46:03 [INFO] Visiteurs du 2026-10-05 : 0 (source compteur, compteur 0, transactions 0)
2026-10-05 03:51:02 [INFO] Site visites libres : Pas de visites libres aujourd'hui
2026-10-05 03:51:02 [INFO] Site visites libres : pas de collecte (pas_jour_public).
2026-10-05 03:51:02 [INFO] Borne 192.168.2.10:5205 - compteurs du musee (Area 511 VISITES MUSEE)
2026-10-05 03:51:02 [INFO]   511 VISITES MUSEE E=107271 S=0
2026-10-05 03:51:02 [INFO]   512 ENTREE MUSEE E=107271 S=0
2026-10-05 03:51:02 [INFO]   1208 TRI-MUS-55   E=26527 S=0
2026-10-05 03:51:02 [INFO]   1209 TRI-MUS-56   E=53828 S=0
2026-10-05 03:51:02 [INFO]   1210 TRI-MUS-57   E=26916 S=0
2026-10-05 03:51:02 [INFO]   1040 PDA.3.11     E=0 S=0
2026-10-05 03:51:03 [INFO]   transactions 03:36:02 -> 03:51:02 : 0 lues en 1 page(s), 0 musee
2026-10-05 03:51:03 [INFO] Dialogue borne : 1.0 s
2026-10-05 03:51:03 [INFO] Visiteurs du 2026-10-05 : 0 (source compteur, compteur 0, transactions 0)
2026-10-05 03:56:02 [INFO] Site visites libres : Pas de visites libres aujourd'hui
2026-10-05 03:56:02 [INFO] Site visites libres : pas de collecte (pas_jour_public).
2026-10-05 03:56:02 [INFO] Borne 192.168.2.10:5205 - compteurs du musee (Area 511 VISITES MUSEE)
2026-10-05 03:56:02 [INFO]   511 VISITES MUSEE E=107271 S=0
2026-10-05 03:56:02 [INFO]   512 ENTREE MUSEE E=107271 S=0
2026-10-05 03:56:02 [INFO]   1208 TRI-MUS-55   E=26527 S=0
2026-10-05 03:56:02 [INFO]   1209 TRI-MUS-56   E=53828 S=0
2026-10-05 03:56:02 [INFO]   1210 TRI-MUS-57   E=26916 S=0
2026-10-05 03:56:02 [INFO]   1040 PDA.3.11     E=0 S=0
2026-10-05 03:56:03 [INFO]   transactions 03:41:02 -> 03:56:02 : 0 lues en 1 page(s), 0 musee
2026-10-05 03:56:03 [INFO] Dialogue borne : 0.9 s
2026-10-05 03:56:03 [INFO] Visiteurs du 2026-10-05 : 0 (source compteur, compteur 0, transactions 0)
2026-10-05 04:01:02 [INFO] Site visites libres : Pas de visites libres aujourd'hui
2026-10-05 04:01:02 [INFO] Site visites libres : pas de collecte (pas_jour_public).
2026-10-05 04:01:02 [INFO] Borne 192.168.2.10:5205 - compteurs du musee (Area 511 VISITES MUSEE)
2026-10-05 04:01:02 [INFO]   511 VISITES MUSEE E=107271 S=0
2026-10-05 04:01:02 [INFO]   512 ENTREE MUSEE E=107271 S=0
2026-10-05 04:01:02 [INFO]   1208 TRI-MUS-55   E=26527 S=0
2026-10-05 04:01:02 [INFO]   1209 TRI-MUS-56   E=53828 S=0
2026-10-05 04:01:02 [INFO]   1210 TRI-MUS-57   E=26916 S=0
2026-10-05 04:01:02 [INFO]   1040 PDA.3.11     E=0 S=0
2026-10-05 04:01:03 [INFO]   transactions 03:46:02 -> 04:01:02 : 0 lues en 1 page(s), 0 musee
2026-10-05 04:01:03 [INFO] Dialogue borne : 1.5 s
2026-10-05 04:01:03 [INFO] Visiteurs du 2026-10-05 : 0 (source compteur, compteur 0, transactions 0)
2026-10-05 04:06:02 [INFO] Site visites libres : Pas de visites libres aujourd'hui
2026-10-05 04:06:02 [INFO] Site visites libres : pas de collecte (pas_jour_public).
2026-10-05 04:06:02 [INFO] Borne 192.168.2.10:5205 - compteurs du musee (Area 511 VISITES MUSEE)
2026-10-05 04:06:02 [INFO]   511 VISITES MUSEE E=107271 S=0
2026-10-05 04:06:02 [INFO]   512 ENTREE MUSEE E=107271 S=0
2026-10-05 04:06:02 [INFO]   1208 TRI-MUS-55   E=26527 S=0
2026-10-05 04:06:02 [INFO]   1209 TRI-MUS-56   E=53828 S=0
2026-10-05 04:06:03 [INFO]   1210 TRI-MUS-57   E=26916 S=0
2026-10-05 04:06:03 [INFO]   1040 PDA.3.11     E=0 S=0
2026-10-05 04:06:03 [INFO]   transactions 03:51:02 -> 04:06:02 : 0 lues en 1 page(s), 0 musee
2026-10-05 04:06:03 [INFO] Dialogue borne : 1.6 s
2026-10-05 04:06:03 [INFO] Visiteurs du 2026-10-05 : 0 (source compteur, compteur 0, transactions 0)
2026-10-05 04:11:02 [INFO] Site visites libres : Pas de visites libres aujourd'hui
2026-10-05 04:11:02 [INFO] Site visites libres : pas de collecte (pas_jour_public).
2026-10-05 04:11:02 [INFO] Borne 192.168.2.10:5205 - compteurs du musee (Area 511 VISITES MUSEE)
2026-10-05 04:11:02 [INFO]   511 VISITES MUSEE E=107271 S=0
2026-10-05 04:11:02 [INFO]   512 ENTREE MUSEE E=107271 S=0
2026-10-05 04:11:02 [INFO]   1208 TRI-MUS-55   E=26527 S=0
2026-10-05 04:11:02 [INFO]   1209 TRI-MUS-56   E=53828 S=0
2026-10-05 04:11:02 [INFO]   1210 TRI-MUS-57   E=26916 S=0
2026-10-05 04:11:02 [INFO]   1040 PDA.3.11     E=0 S=0
2026-10-05 04:11:03 [INFO]   transactions 03:56:02 -> 04:11:02 : 0 lues en 1 page(s), 0 musee
2026-10-05 04:11:03 [INFO] Dialogue borne : 1.0 s
2026-10-05 04:11:03 [INFO] Visiteurs du 2026-10-05 : 0 (source compteur, compteur 0, transactions 0)
2026-10-05 04:16:02 [INFO] Site visites libres : Pas de visites libres aujourd'hui
2026-10-05 04:16:02 [INFO] Site visites libres : pas de collecte (pas_jour_public).
2026-10-05 04:16:02 [INFO] Borne 192.168.2.10:5205 - compteurs du musee (Area 511 VISITES MUSEE)
2026-10-05 04:16:02 [INFO]   511 VISITES MUSEE E=107271 S=0
2026-10-05 04:16:02 [INFO]   512 ENTREE MUSEE E=107271 S=0
2026-10-05 04:16:02 [INFO]   1208 TRI-MUS-55   E=26527 S=0
2026-10-05 04:16:02 [INFO]   1209 TRI-MUS-56   E=53828 S=0
2026-10-05 04:16:02 [INFO]   1210 TRI-MUS-57   E=26916 S=0
2026-10-05 04:16:02 [INFO]   1040 PDA.3.11     E=0 S=0
2026-10-05 04:16:03 [INFO]   transactions 04:01:02 -> 04:16:02 : 0 lues en 1 page(s), 0 musee
2026-10-05 04:16:03 [INFO] Dialogue borne : 0.9 s
2026-10-05 04:16:03 [INFO] Visiteurs du 2026-10-05 : 0 (source compteur, compteur 0, transactions 0)
2026-10-05 04:21:02 [INFO] Site visites libres : Pas de visites libres aujourd'hui
2026-10-05 04:21:02 [INFO] Site visites libres : pas de collecte (pas_jour_public).
2026-10-05 04:21:02 [INFO] Borne 192.168.2.10:5205 - compteurs du musee (Area 511 VISITES MUSEE)
2026-10-05 04:21:02 [INFO]   511 VISITES MUSEE E=107271 S=0
2026-10-05 04:21:02 [INFO]   512 ENTREE MUSEE E=107271 S=0
2026-10-05 04:21:02 [INFO]   1208 TRI-MUS-55   E=26527 S=0
2026-10-05 04:21:02 [INFO]   1209 TRI-MUS-56   E=53828 S=0
2026-10-05 04:21:02 [INFO]   1210 TRI-MUS-57   E=26916 S=0
2026-10-05 04:21:02 [INFO]   1040 PDA.3.11     E=0 S=0
2026-10-05 04:21:03 [INFO]   transactions 04:06:02 -> 04:21:02 : 0 lues en 1 page(s), 0 musee
2026-10-05 04:21:03 [INFO] Dialogue borne : 1.0 s
2026-10-05 04:21:03 [INFO] Visiteurs du 2026-10-05 : 0 (source compteur, compteur 0, transactions 0)
2026-10-05 04:26:02 [INFO] Site visites libres : Pas de visites libres aujourd'hui
2026-10-05 04:26:02 [INFO] Site visites libres : pas de collecte (pas_jour_public).
2026-10-05 04:26:02 [INFO] Borne 192.168.2.10:5205 - compteurs du musee (Area 511 VISITES MUSEE)
2026-10-05 04:26:02 [INFO]   511 VISITES MUSEE E=107271 S=0
2026-10-05 04:26:02 [INFO]   512 ENTREE MUSEE E=107271 S=0
2026-10-05 04:26:02 [INFO]   1208 TRI-MUS-55   E=26527 S=0
2026-10-05 04:26:02 [INFO]   1209 TRI-MUS-56   E=53828 S=0
2026-10-05 04:26:02 [INFO]   1210 TRI-MUS-57   E=26916 S=0
2026-10-05 04:26:02 [INFO]   1040 PDA.3.11     E=0 S=0
2026-10-05 04:26:03 [INFO]   transactions 04:11:02 -> 04:26:02 : 0 lues en 1 page(s), 0 musee
2026-10-05 04:26:03 [INFO] Dialogue borne : 0.9 s
2026-10-05 04:26:03 [INFO] Visiteurs du 2026-10-05 : 0 (source compteur, compteur 0, transactions 0)
2026-10-05 04:31:02 [INFO] Site visites libres : Pas de visites libres aujourd'hui
2026-10-05 04:31:02 [INFO] Site visites libres : pas de collecte (pas_jour_public).
2026-10-05 04:31:02 [INFO] Borne 192.168.2.10:5205 - compteurs du musee (Area 511 VISITES MUSEE)
2026-10-05 04:31:02 [INFO]   511 VISITES MUSEE E=107271 S=0
2026-10-05 04:31:02 [INFO]   512 ENTREE MUSEE E=107271 S=0
2026-10-05 04:31:02 [INFO]   1208 TRI-MUS-55   E=26527 S=0
2026-10-05 04:31:02 [INFO]   1209 TRI-MUS-56   E=53828 S=0
2026-10-05 04:31:02 [INFO]   1210 TRI-MUS-57   E=26916 S=0
2026-10-05 04:31:02 [INFO]   1040 PDA.3.11     E=0 S=0
2026-10-05 04:31:04 [INFO]   transactions 04:16:02 -> 04:31:02 : 0 lues en 1 page(s), 0 musee
2026-10-05 04:31:04 [INFO] Dialogue borne : 2.7 s
2026-10-05 04:31:05 [INFO] Visiteurs du 2026-10-05 : 0 (source compteur, compteur 0, transactions 0)
2026-10-05 04:36:02 [INFO] Site visites libres : Pas de visites libres aujourd'hui
2026-10-05 04:36:02 [INFO] Site visites libres : pas de collecte (pas_jour_public).
2026-10-05 04:36:02 [INFO] Borne 192.168.2.10:5205 - compteurs du musee (Area 511 VISITES MUSEE)
2026-10-05 04:36:02 [INFO]   511 VISITES MUSEE E=107271 S=0
2026-10-05 04:36:02 [INFO]   512 ENTREE MUSEE E=107271 S=0
2026-10-05 04:36:02 [INFO]   1208 TRI-MUS-55   E=26527 S=0
2026-10-05 04:36:02 [INFO]   1209 TRI-MUS-56   E=53828 S=0
2026-10-05 04:36:02 [INFO]   1210 TRI-MUS-57   E=26916 S=0
2026-10-05 04:36:02 [INFO]   1040 PDA.3.11     E=0 S=0
2026-10-05 04:36:03 [INFO]   transactions 04:21:02 -> 04:36:02 : 0 lues en 1 page(s), 0 musee
2026-10-05 04:36:03 [INFO] Dialogue borne : 0.8 s
2026-10-05 04:36:03 [INFO] Visiteurs du 2026-10-05 : 0 (source compteur, compteur 0, transactions 0)
2026-10-05 04:41:02 [INFO] Site visites libres : Pas de visites libres aujourd'hui
2026-10-05 04:41:02 [INFO] Site visites libres : pas de collecte (pas_jour_public).
2026-10-05 04:41:02 [INFO] Borne 192.168.2.10:5205 - compteurs du musee (Area 511 VISITES MUSEE)
2026-10-05 04:41:02 [INFO]   511 VISITES MUSEE E=107271 S=0
2026-10-05 04:41:02 [INFO]   512 ENTREE MUSEE E=107271 S=0
2026-10-05 04:41:02 [INFO]   1208 TRI-MUS-55   E=26527 S=0
2026-10-05 04:41:02 [INFO]   1209 TRI-MUS-56   E=53828 S=0
2026-10-05 04:41:02 [INFO]   1210 TRI-MUS-57   E=26916 S=0
2026-10-05 04:41:02 [INFO]   1040 PDA.3.11     E=0 S=0
2026-10-05 04:41:03 [INFO]   transactions 04:26:02 -> 04:41:02 : 0 lues en 1 page(s), 0 musee
2026-10-05 04:41:03 [INFO] Dialogue borne : 0.9 s
2026-10-05 04:41:03 [INFO] Visiteurs du 2026-10-05 : 0 (source compteur, compteur 0, transactions 0)
2026-10-05 04:46:02 [INFO] Site visites libres : Pas de visites libres aujourd'hui
2026-10-05 04:46:02 [INFO] Site visites libres : pas de collecte (pas_jour_public).
2026-10-05 04:46:02 [INFO] Borne 192.168.2.10:5205 - compteurs du musee (Area 511 VISITES MUSEE)
2026-10-05 04:46:02 [INFO]   511 VISITES MUSEE E=107271 S=0
2026-10-05 04:46:02 [INFO]   512 ENTREE MUSEE E=107271 S=0
2026-10-05 04:46:02 [INFO]   1208 TRI-MUS-55   E=26527 S=0
2026-10-05 04:46:02 [INFO]   1209 TRI-MUS-56   E=53828 S=0
2026-10-05 04:46:02 [INFO]   1210 TRI-MUS-57   E=26916 S=0
2026-10-05 04:46:02 [INFO]   1040 PDA.3.11     E=0 S=0
2026-10-05 04:46:03 [INFO]   transactions 04:31:02 -> 04:46:02 : 0 lues en 1 page(s), 0 musee
2026-10-05 04:46:03 [INFO] Dialogue borne : 1.0 s
2026-10-05 04:46:03 [INFO] Visiteurs du 2026-10-05 : 0 (source compteur, compteur 0, transactions 0)
2026-10-05 04:51:02 [INFO] Site visites libres : Pas de visites libres aujourd'hui
2026-10-05 04:51:02 [INFO] Site visites libres : pas de collecte (pas_jour_public).
2026-10-05 04:51:02 [INFO] Borne 192.168.2.10:5205 - compteurs du musee (Area 511 VISITES MUSEE)
2026-10-05 04:51:02 [INFO]   511 VISITES MUSEE E=107271 S=0
2026-10-05 04:51:02 [INFO]   512 ENTREE MUSEE E=107271 S=0
2026-10-05 04:51:02 [INFO]   1208 TRI-MUS-55   E=26527 S=0
2026-10-05 04:51:02 [INFO]   1209 TRI-MUS-56   E=53828 S=0
2026-10-05 04:51:02 [INFO]   1210 TRI-MUS-57   E=26916 S=0
2026-10-05 04:51:02 [INFO]   1040 PDA.3.11     E=0 S=0
2026-10-05 04:51:03 [INFO]   transactions 04:36:02 -> 04:51:02 : 0 lues en 1 page(s), 0 musee
2026-10-05 04:51:03 [INFO] Dialogue borne : 0.8 s
2026-10-05 04:51:03 [INFO] Visiteurs du 2026-10-05 : 0 (source compteur, compteur 0, transactions 0)
2026-10-05 04:56:02 [INFO] Site visites libres : Pas de visites libres aujourd'hui
2026-10-05 04:56:02 [INFO] Site visites libres : pas de collecte (pas_jour_public).
2026-10-05 04:56:02 [INFO] Borne 192.168.2.10:5205 - compteurs du musee (Area 511 VISITES MUSEE)
2026-10-05 04:56:02 [INFO]   511 VISITES MUSEE E=107271 S=0
2026-10-05 04:56:02 [INFO]   512 ENTREE MUSEE E=107271 S=0
2026-10-05 04:56:02 [INFO]   1208 TRI-MUS-55   E=26527 S=0
2026-10-05 04:56:02 [INFO]   1209 TRI-MUS-56   E=53828 S=0
2026-10-05 04:56:02 [INFO]   1210 TRI-MUS-57   E=26916 S=0
2026-10-05 04:56:02 [INFO]   1040 PDA.3.11     E=0 S=0
2026-10-05 04:56:03 [INFO]   transactions 04:41:02 -> 04:56:02 : 0 lues en 1 page(s), 0 musee
2026-10-05 04:56:03 [INFO] Dialogue borne : 0.8 s
2026-10-05 04:56:03 [INFO] Visiteurs du 2026-10-05 : 0 (source compteur, compteur 0, transactions 0)
2026-10-05 05:01:02 [INFO] Site visites libres : Pas de visites libres aujourd'hui
2026-10-05 05:01:02 [INFO] Site visites libres : pas de collecte (pas_jour_public).
2026-10-05 05:01:02 [INFO] Borne 192.168.2.10:5205 - compteurs du musee (Area 511 VISITES MUSEE)
2026-10-05 05:01:02 [INFO]   511 VISITES MUSEE E=107271 S=0
2026-10-05 05:01:02 [INFO]   512 ENTREE MUSEE E=107271 S=0
2026-10-05 05:01:02 [INFO]   1208 TRI-MUS-55   E=26527 S=0
2026-10-05 05:01:02 [INFO]   1209 TRI-MUS-56   E=53828 S=0
2026-10-05 05:01:02 [INFO]   1210 TRI-MUS-57   E=26916 S=0
2026-10-05 05:01:02 [INFO]   1040 PDA.3.11     E=0 S=0
2026-10-05 05:01:03 [INFO]   transactions 04:46:02 -> 05:01:02 : 0 lues en 1 page(s), 0 musee
2026-10-05 05:01:03 [INFO] Dialogue borne : 0.8 s
2026-10-05 05:01:03 [INFO] Visiteurs du 2026-10-05 : 0 (source compteur, compteur 0, transactions 0)
2026-10-05 05:06:02 [INFO] Site visites libres : Pas de visites libres aujourd'hui
2026-10-05 05:06:02 [INFO] Site visites libres : pas de collecte (pas_jour_public).
2026-10-05 05:06:02 [INFO] Borne 192.168.2.10:5205 - compteurs du musee (Area 511 VISITES MUSEE)
2026-10-05 05:06:02 [INFO]   511 VISITES MUSEE E=107271 S=0
2026-10-05 05:06:02 [INFO]   512 ENTREE MUSEE E=107271 S=0
2026-10-05 05:06:02 [INFO]   1208 TRI-MUS-55   E=26527 S=0
2026-10-05 05:06:02 [INFO]   1209 TRI-MUS-56   E=53828 S=0
2026-10-05 05:06:02 [INFO]   1210 TRI-MUS-57   E=26916 S=0
2026-10-05 05:06:02 [INFO]   1040 PDA.3.11     E=0 S=0
2026-10-05 05:06:03 [INFO]   transactions 04:51:02 -> 05:06:02 : 0 lues en 1 page(s), 0 musee
2026-10-05 05:06:03 [INFO] Dialogue borne : 0.7 s
2026-10-05 05:06:03 [INFO] Visiteurs du 2026-10-05 : 0 (source compteur, compteur 0, transactions 0)
2026-10-05 05:11:02 [INFO] Site visites libres : Pas de visites libres aujourd'hui
2026-10-05 05:11:02 [INFO] Site visites libres : pas de collecte (pas_jour_public).
2026-10-05 05:11:02 [INFO] Borne 192.168.2.10:5205 - compteurs du musee (Area 511 VISITES MUSEE)
2026-10-05 05:11:02 [INFO]   511 VISITES MUSEE E=107271 S=0
2026-10-05 05:11:02 [INFO]   512 ENTREE MUSEE E=107271 S=0
2026-10-05 05:11:02 [INFO]   1208 TRI-MUS-55   E=26527 S=0
2026-10-05 05:11:02 [INFO]   1209 TRI-MUS-56   E=53828 S=0
2026-10-05 05:11:02 [INFO]   1210 TRI-MUS-57   E=26916 S=0
2026-10-05 05:11:02 [INFO]   1040 PDA.3.11     E=0 S=0
2026-10-05 05:11:03 [INFO]   transactions 04:56:02 -> 05:11:02 : 0 lues en 1 page(s), 0 musee
2026-10-05 05:11:03 [INFO] Dialogue borne : 0.9 s
2026-10-05 05:11:03 [INFO] Visiteurs du 2026-10-05 : 0 (source compteur, compteur 0, transactions 0)
2026-10-05 05:16:02 [INFO] Site visites libres : Pas de visites libres aujourd'hui
2026-10-05 05:16:02 [INFO] Site visites libres : pas de collecte (pas_jour_public).
2026-10-05 05:16:02 [INFO] Borne 192.168.2.10:5205 - compteurs du musee (Area 511 VISITES MUSEE)
2026-10-05 05:16:02 [INFO]   511 VISITES MUSEE E=107271 S=0
2026-10-05 05:16:02 [INFO]   512 ENTREE MUSEE E=107271 S=0
2026-10-05 05:16:02 [INFO]   1208 TRI-MUS-55   E=26527 S=0
2026-10-05 05:16:02 [INFO]   1209 TRI-MUS-56   E=53828 S=0
2026-10-05 05:16:02 [INFO]   1210 TRI-MUS-57   E=26916 S=0
2026-10-05 05:16:02 [INFO]   1040 PDA.3.11     E=0 S=0
2026-10-05 05:16:03 [INFO]   transactions 05:01:02 -> 05:16:02 : 0 lues en 1 page(s), 0 musee
2026-10-05 05:16:03 [INFO] Dialogue borne : 1.0 s
2026-10-05 05:16:03 [INFO] Visiteurs du 2026-10-05 : 0 (source compteur, compteur 0, transactions 0)
2026-10-05 05:21:02 [INFO] Site visites libres : Pas de visites libres aujourd'hui
2026-10-05 05:21:02 [INFO] Site visites libres : pas de collecte (pas_jour_public).
2026-10-05 05:21:02 [INFO] Borne 192.168.2.10:5205 - compteurs du musee (Area 511 VISITES MUSEE)
2026-10-05 05:21:02 [INFO]   511 VISITES MUSEE E=107271 S=0
2026-10-05 05:21:02 [INFO]   512 ENTREE MUSEE E=107271 S=0
2026-10-05 05:21:02 [INFO]   1208 TRI-MUS-55   E=26527 S=0
2026-10-05 05:21:02 [INFO]   1209 TRI-MUS-56   E=53828 S=0
2026-10-05 05:21:02 [INFO]   1210 TRI-MUS-57   E=26916 S=0
2026-10-05 05:21:02 [INFO]   1040 PDA.3.11     E=0 S=0
2026-10-05 05:21:03 [INFO]   transactions 05:06:02 -> 05:21:02 : 0 lues en 1 page(s), 0 musee
2026-10-05 05:21:03 [INFO] Dialogue borne : 0.7 s
2026-10-05 05:21:03 [INFO] Visiteurs du 2026-10-05 : 0 (source compteur, compteur 0, transactions 0)
2026-10-05 05:26:02 [INFO] Site visites libres : Pas de visites libres aujourd'hui
2026-10-05 05:26:02 [INFO] Site visites libres : pas de collecte (pas_jour_public).
2026-10-05 05:26:02 [INFO] Borne 192.168.2.10:5205 - compteurs du musee (Area 511 VISITES MUSEE)
2026-10-05 05:26:02 [INFO]   511 VISITES MUSEE E=107271 S=0
2026-10-05 05:26:02 [INFO]   512 ENTREE MUSEE E=107271 S=0
2026-10-05 05:26:02 [INFO]   1208 TRI-MUS-55   E=26527 S=0
2026-10-05 05:26:02 [INFO]   1209 TRI-MUS-56   E=53828 S=0
2026-10-05 05:26:02 [INFO]   1210 TRI-MUS-57   E=26916 S=0
2026-10-05 05:26:02 [INFO]   1040 PDA.3.11     E=0 S=0
2026-10-05 05:26:03 [INFO]   transactions 05:11:02 -> 05:26:02 : 0 lues en 1 page(s), 0 musee
2026-10-05 05:26:03 [INFO] Dialogue borne : 1.0 s
2026-10-05 05:26:03 [INFO] Visiteurs du 2026-10-05 : 0 (source compteur, compteur 0, transactions 0)
2026-10-05 05:31:02 [INFO] Site visites libres : Pas de visites libres aujourd'hui
2026-10-05 05:31:02 [INFO] Site visites libres : pas de collecte (pas_jour_public).
2026-10-05 05:31:02 [INFO] Borne 192.168.2.10:5205 - compteurs du musee (Area 511 VISITES MUSEE)
2026-10-05 05:31:02 [INFO]   511 VISITES MUSEE E=107271 S=0
2026-10-05 05:31:02 [INFO]   512 ENTREE MUSEE E=107271 S=0
2026-10-05 05:31:02 [INFO]   1208 TRI-MUS-55   E=26527 S=0
2026-10-05 05:31:02 [INFO]   1209 TRI-MUS-56   E=53828 S=0
2026-10-05 05:31:02 [INFO]   1210 TRI-MUS-57   E=26916 S=0
2026-10-05 05:31:02 [INFO]   1040 PDA.3.11     E=0 S=0
2026-10-05 05:31:03 [INFO]   transactions 05:16:02 -> 05:31:02 : 0 lues en 1 page(s), 0 musee
2026-10-05 05:31:03 [INFO] Dialogue borne : 1.0 s
2026-10-05 05:31:03 [INFO] Visiteurs du 2026-10-05 : 0 (source compteur, compteur 0, transactions 0)
2026-10-05 05:36:02 [INFO] Site visites libres : Pas de visites libres aujourd'hui
2026-10-05 05:36:02 [INFO] Site visites libres : pas de collecte (pas_jour_public).
2026-10-05 05:36:02 [INFO] Borne 192.168.2.10:5205 - compteurs du musee (Area 511 VISITES MUSEE)
2026-10-05 05:36:02 [INFO]   511 VISITES MUSEE E=107271 S=0
2026-10-05 05:36:02 [INFO]   512 ENTREE MUSEE E=107271 S=0
2026-10-05 05:36:02 [INFO]   1208 TRI-MUS-55   E=26527 S=0
2026-10-05 05:36:02 [INFO]   1209 TRI-MUS-56   E=53828 S=0
2026-10-05 05:36:02 [INFO]   1210 TRI-MUS-57   E=26916 S=0
2026-10-05 05:36:02 [INFO]   1040 PDA.3.11     E=0 S=0
2026-10-05 05:36:03 [INFO]   transactions 05:21:02 -> 05:36:02 : 0 lues en 1 page(s), 0 musee
2026-10-05 05:36:03 [INFO] Dialogue borne : 0.9 s
2026-10-05 05:36:03 [INFO] Visiteurs du 2026-10-05 : 0 (source compteur, compteur 0, transactions 0)
2026-10-05 05:41:02 [INFO] Site visites libres : Pas de visites libres aujourd'hui
2026-10-05 05:41:02 [INFO] Site visites libres : pas de collecte (pas_jour_public).
2026-10-05 05:41:02 [INFO] Borne 192.168.2.10:5205 - compteurs du musee (Area 511 VISITES MUSEE)
2026-10-05 05:41:02 [INFO]   511 VISITES MUSEE E=107271 S=0
2026-10-05 05:41:02 [INFO]   512 ENTREE MUSEE E=107271 S=0
2026-10-05 05:41:02 [INFO]   1208 TRI-MUS-55   E=26527 S=0
2026-10-05 05:41:02 [INFO]   1209 TRI-MUS-56   E=53828 S=0
2026-10-05 05:41:02 [INFO]   1210 TRI-MUS-57   E=26916 S=0
2026-10-05 05:41:02 [INFO]   1040 PDA.3.11     E=0 S=0
2026-10-05 05:41:03 [INFO]   transactions 05:26:02 -> 05:41:02 : 0 lues en 1 page(s), 0 musee
2026-10-05 05:41:03 [INFO] Dialogue borne : 0.7 s
2026-10-05 05:41:03 [INFO] Visiteurs du 2026-10-05 : 0 (source compteur, compteur 0, transactions 0)
2026-10-05 05:46:02 [INFO] Site visites libres : Pas de visites libres aujourd'hui
2026-10-05 05:46:02 [INFO] Site visites libres : pas de collecte (pas_jour_public).
2026-10-05 05:46:02 [INFO] Borne 192.168.2.10:5205 - compteurs du musee (Area 511 VISITES MUSEE)
2026-10-05 05:46:02 [INFO]   511 VISITES MUSEE E=107271 S=0
2026-10-05 05:46:02 [INFO]   512 ENTREE MUSEE E=107271 S=0
2026-10-05 05:46:02 [INFO]   1208 TRI-MUS-55   E=26527 S=0
2026-10-05 05:46:02 [INFO]   1209 TRI-MUS-56   E=53828 S=0
2026-10-05 05:46:02 [INFO]   1210 TRI-MUS-57   E=26916 S=0
2026-10-05 05:46:02 [INFO]   1040 PDA.3.11     E=0 S=0
2026-10-05 05:46:03 [INFO]   transactions 05:31:02 -> 05:46:02 : 0 lues en 1 page(s), 0 musee
2026-10-05 05:46:03 [INFO] Dialogue borne : 0.7 s
2026-10-05 05:46:03 [INFO] Visiteurs du 2026-10-05 : 0 (source compteur, compteur 0, transactions 0)
2026-10-05 05:51:02 [INFO] Site visites libres : Pas de visites libres aujourd'hui
2026-10-05 05:51:02 [INFO] Site visites libres : pas de collecte (pas_jour_public).
2026-10-05 05:51:02 [INFO] Borne 192.168.2.10:5205 - compteurs du musee (Area 511 VISITES MUSEE)
2026-10-05 05:51:02 [INFO]   511 VISITES MUSEE E=107271 S=0
2026-10-05 05:51:02 [INFO]   512 ENTREE MUSEE E=107271 S=0
2026-10-05 05:51:02 [INFO]   1208 TRI-MUS-55   E=26527 S=0
2026-10-05 05:51:02 [INFO]   1209 TRI-MUS-56   E=53828 S=0
2026-10-05 05:51:02 [INFO]   1210 TRI-MUS-57   E=26916 S=0
2026-10-05 05:51:02 [INFO]   1040 PDA.3.11     E=0 S=0
2026-10-05 05:51:03 [INFO]   transactions 05:36:02 -> 05:51:02 : 0 lues en 1 page(s), 0 musee
2026-10-05 05:51:03 [INFO] Dialogue borne : 0.8 s
2026-10-05 05:51:03 [INFO] Visiteurs du 2026-10-05 : 0 (source compteur, compteur 0, transactions 0)
2026-10-05 05:56:02 [INFO] Site visites libres : Pas de visites libres aujourd'hui
2026-10-05 05:56:02 [INFO] Site visites libres : pas de collecte (pas_jour_public).
2026-10-05 05:56:02 [INFO] Borne 192.168.2.10:5205 - compteurs du musee (Area 511 VISITES MUSEE)
2026-10-05 05:56:02 [INFO]   511 VISITES MUSEE E=107271 S=0
2026-10-05 05:56:02 [INFO]   512 ENTREE MUSEE E=107271 S=0
2026-10-05 05:56:02 [INFO]   1208 TRI-MUS-55   E=26527 S=0
2026-10-05 05:56:02 [INFO]   1209 TRI-MUS-56   E=53828 S=0
2026-10-05 05:56:02 [INFO]   1210 TRI-MUS-57   E=26916 S=0
2026-10-05 05:56:02 [INFO]   1040 PDA.3.11     E=0 S=0
2026-10-05 05:56:03 [INFO]   transactions 05:41:02 -> 05:56:02 : 0 lues en 1 page(s), 0 musee
2026-10-05 05:56:03 [INFO] Dialogue borne : 0.7 s
2026-10-05 05:56:03 [INFO] Visiteurs du 2026-10-05 : 0 (source compteur, compteur 0, transactions 0)
2026-10-05 06:01:02 [INFO] Site visites libres : Pas de visites libres aujourd'hui
2026-10-05 06:01:02 [INFO] Site visites libres : pas de collecte (pas_jour_public).
2026-10-05 06:01:02 [INFO] Borne 192.168.2.10:5205 - compteurs du musee (Area 511 VISITES MUSEE)
2026-10-05 06:01:02 [INFO]   511 VISITES MUSEE E=107271 S=0
2026-10-05 06:01:02 [INFO]   512 ENTREE MUSEE E=107271 S=0
2026-10-05 06:01:02 [INFO]   1208 TRI-MUS-55   E=26527 S=0
2026-10-05 06:01:02 [INFO]   1209 TRI-MUS-56   E=53828 S=0
2026-10-05 06:01:02 [INFO]   1210 TRI-MUS-57   E=26916 S=0
2026-10-05 06:01:02 [INFO]   1040 PDA.3.11     E=0 S=0
2026-10-05 06:01:03 [INFO]   transactions 05:46:02 -> 06:01:02 : 0 lues en 1 page(s), 0 musee
2026-10-05 06:01:03 [INFO] Dialogue borne : 0.9 s
2026-10-05 06:01:03 [INFO] Visiteurs du 2026-10-05 : 0 (source compteur, compteur 0, transactions 0)
2026-10-05 06:06:02 [INFO] Site visites libres : Pas de visites libres aujourd'hui
2026-10-05 06:06:02 [INFO] Site visites libres : pas de collecte (pas_jour_public).
2026-10-05 06:06:02 [INFO] Borne 192.168.2.10:5205 - compteurs du musee (Area 511 VISITES MUSEE)
2026-10-05 06:06:02 [INFO]   511 VISITES MUSEE E=107271 S=0
2026-10-05 06:06:02 [INFO]   512 ENTREE MUSEE E=107271 S=0
2026-10-05 06:06:02 [INFO]   1208 TRI-MUS-55   E=26527 S=0
2026-10-05 06:06:02 [INFO]   1209 TRI-MUS-56   E=53828 S=0
2026-10-05 06:06:02 [INFO]   1210 TRI-MUS-57   E=26916 S=0
2026-10-05 06:06:02 [INFO]   1040 PDA.3.11     E=0 S=0
2026-10-05 06:06:03 [INFO]   transactions 05:51:02 -> 06:06:02 : 0 lues en 1 page(s), 0 musee
2026-10-05 06:06:03 [INFO] Dialogue borne : 0.8 s
2026-10-05 06:06:03 [INFO] Visiteurs du 2026-10-05 : 0 (source compteur, compteur 0, transactions 0)
2026-10-05 06:11:02 [INFO] Site visites libres : Pas de visites libres aujourd'hui
2026-10-05 06:11:02 [INFO] Site visites libres : pas de collecte (pas_jour_public).
2026-10-05 06:11:02 [INFO] Borne 192.168.2.10:5205 - compteurs du musee (Area 511 VISITES MUSEE)
2026-10-05 06:11:02 [INFO]   511 VISITES MUSEE E=107271 S=0
2026-10-05 06:11:02 [INFO]   512 ENTREE MUSEE E=107271 S=0
2026-10-05 06:11:02 [INFO]   1208 TRI-MUS-55   E=26527 S=0
2026-10-05 06:11:02 [INFO]   1209 TRI-MUS-56   E=53828 S=0
2026-10-05 06:11:02 [INFO]   1210 TRI-MUS-57   E=26916 S=0
2026-10-05 06:11:02 [INFO]   1040 PDA.3.11     E=0 S=0
2026-10-05 06:11:03 [INFO]   transactions 05:56:02 -> 06:11:02 : 0 lues en 1 page(s), 0 musee
2026-10-05 06:11:03 [INFO] Dialogue borne : 0.9 s
2026-10-05 06:11:03 [INFO] Visiteurs du 2026-10-05 : 0 (source compteur, compteur 0, transactions 0)
2026-10-05 06:16:02 [INFO] Site visites libres : Pas de visites libres aujourd'hui
2026-10-05 06:16:02 [INFO] Site visites libres : pas de collecte (pas_jour_public).
2026-10-05 06:16:02 [INFO] Borne 192.168.2.10:5205 - compteurs du musee (Area 511 VISITES MUSEE)
2026-10-05 06:16:02 [INFO]   511 VISITES MUSEE E=107271 S=0
2026-10-05 06:16:02 [INFO]   512 ENTREE MUSEE E=107271 S=0
2026-10-05 06:16:02 [INFO]   1208 TRI-MUS-55   E=26527 S=0
2026-10-05 06:16:02 [INFO]   1209 TRI-MUS-56   E=53828 S=0
2026-10-05 06:16:02 [INFO]   1210 TRI-MUS-57   E=26916 S=0
2026-10-05 06:16:02 [INFO]   1040 PDA.3.11     E=0 S=0
2026-10-05 06:16:03 [INFO]   transactions 06:01:02 -> 06:16:02 : 0 lues en 1 page(s), 0 musee
2026-10-05 06:16:03 [INFO] Dialogue borne : 0.8 s
2026-10-05 06:16:03 [INFO] Visiteurs du 2026-10-05 : 0 (source compteur, compteur 0, transactions 0)
2026-10-05 06:21:02 [INFO] Site visites libres : Pas de visites libres aujourd'hui
2026-10-05 06:21:02 [INFO] Site visites libres : pas de collecte (pas_jour_public).
2026-10-05 06:21:02 [INFO] Borne 192.168.2.10:5205 - compteurs du musee (Area 511 VISITES MUSEE)
2026-10-05 06:21:02 [INFO]   511 VISITES MUSEE E=107271 S=0
2026-10-05 06:21:02 [INFO]   512 ENTREE MUSEE E=107271 S=0
2026-10-05 06:21:02 [INFO]   1208 TRI-MUS-55   E=26527 S=0
2026-10-05 06:21:02 [INFO]   1209 TRI-MUS-56   E=53828 S=0
2026-10-05 06:21:02 [INFO]   1210 TRI-MUS-57   E=26916 S=0
2026-10-05 06:21:02 [INFO]   1040 PDA.3.11     E=0 S=0
2026-10-05 06:21:03 [INFO]   transactions 06:06:02 -> 06:21:02 : 0 lues en 1 page(s), 0 musee
2026-10-05 06:21:03 [INFO] Dialogue borne : 0.9 s
2026-10-05 06:21:03 [INFO] Visiteurs du 2026-10-05 : 0 (source compteur, compteur 0, transactions 0)
2026-10-05 06:26:02 [INFO] Site visites libres : Pas de visites libres aujourd'hui
2026-10-05 06:26:02 [INFO] Site visites libres : pas de collecte (pas_jour_public).
2026-10-05 06:26:02 [INFO] Borne 192.168.2.10:5205 - compteurs du musee (Area 511 VISITES MUSEE)
2026-10-05 06:26:02 [INFO]   511 VISITES MUSEE E=107271 S=0
2026-10-05 06:26:02 [INFO]   512 ENTREE MUSEE E=107271 S=0
2026-10-05 06:26:02 [INFO]   1208 TRI-MUS-55   E=26527 S=0
2026-10-05 06:26:02 [INFO]   1209 TRI-MUS-56   E=53828 S=0
2026-10-05 06:26:02 [INFO]   1210 TRI-MUS-57   E=26916 S=0
2026-10-05 06:26:02 [INFO]   1040 PDA.3.11     E=0 S=0
2026-10-05 06:26:03 [INFO]   transactions 06:11:02 -> 06:26:02 : 0 lues en 1 page(s), 0 musee
2026-10-05 06:26:03 [INFO] Dialogue borne : 1.0 s
2026-10-05 06:26:03 [INFO] Visiteurs du 2026-10-05 : 0 (source compteur, compteur 0, transactions 0)
2026-10-05 06:31:02 [INFO] Site visites libres : Pas de visites libres aujourd'hui
2026-10-05 06:31:02 [INFO] Site visites libres : pas de collecte (pas_jour_public).
2026-10-05 06:31:02 [INFO] Borne 192.168.2.10:5205 - compteurs du musee (Area 511 VISITES MUSEE)
2026-10-05 06:31:02 [INFO]   511 VISITES MUSEE E=107271 S=0
2026-10-05 06:31:02 [INFO]   512 ENTREE MUSEE E=107271 S=0
2026-10-05 06:31:02 [INFO]   1208 TRI-MUS-55   E=26527 S=0
2026-10-05 06:31:02 [INFO]   1209 TRI-MUS-56   E=53828 S=0
2026-10-05 06:31:02 [INFO]   1210 TRI-MUS-57   E=26916 S=0
2026-10-05 06:31:02 [INFO]   1040 PDA.3.11     E=0 S=0
2026-10-05 06:31:03 [INFO]   transactions 06:16:02 -> 06:31:02 : 0 lues en 1 page(s), 0 musee
2026-10-05 06:31:03 [INFO] Dialogue borne : 0.9 s
2026-10-05 06:31:03 [INFO] Visiteurs du 2026-10-05 : 0 (source compteur, compteur 0, transactions 0)
2026-10-05 06:36:02 [INFO] Site visites libres : Pas de visites libres aujourd'hui
2026-10-05 06:36:02 [INFO] Site visites libres : pas de collecte (pas_jour_public).
2026-10-05 06:36:02 [INFO] Borne 192.168.2.10:5205 - compteurs du musee (Area 511 VISITES MUSEE)
2026-10-05 06:36:02 [INFO]   511 VISITES MUSEE E=107271 S=0
2026-10-05 06:36:02 [INFO]   512 ENTREE MUSEE E=107271 S=0
2026-10-05 06:36:02 [INFO]   1208 TRI-MUS-55   E=26527 S=0
2026-10-05 06:36:02 [INFO]   1209 TRI-MUS-56   E=53828 S=0
2026-10-05 06:36:02 [INFO]   1210 TRI-MUS-57   E=26916 S=0
2026-10-05 06:36:02 [INFO]   1040 PDA.3.11     E=0 S=0
2026-10-05 06:36:03 [INFO]   transactions 06:21:02 -> 06:36:02 : 0 lues en 1 page(s), 0 musee
2026-10-05 06:36:03 [INFO] Dialogue borne : 0.8 s
2026-10-05 06:36:03 [INFO] Visiteurs du 2026-10-05 : 0 (source compteur, compteur 0, transactions 0)
2026-10-05 06:41:02 [INFO] Site visites libres : Pas de visites libres aujourd'hui
2026-10-05 06:41:02 [INFO] Site visites libres : pas de collecte (pas_jour_public).
2026-10-05 06:41:02 [INFO] Borne 192.168.2.10:5205 - compteurs du musee (Area 511 VISITES MUSEE)
2026-10-05 06:41:02 [INFO]   511 VISITES MUSEE E=107271 S=0
2026-10-05 06:41:02 [INFO]   512 ENTREE MUSEE E=107271 S=0
2026-10-05 06:41:02 [INFO]   1208 TRI-MUS-55   E=26527 S=0
2026-10-05 06:41:02 [INFO]   1209 TRI-MUS-56   E=53828 S=0
2026-10-05 06:41:02 [INFO]   1210 TRI-MUS-57   E=26916 S=0
2026-10-05 06:41:02 [INFO]   1040 PDA.3.11     E=0 S=0
2026-10-05 06:41:03 [INFO]   transactions 06:26:02 -> 06:41:02 : 0 lues en 1 page(s), 0 musee
2026-10-05 06:41:03 [INFO] Dialogue borne : 1.0 s
2026-10-05 06:41:03 [INFO] Visiteurs du 2026-10-05 : 0 (source compteur, compteur 0, transactions 0)
2026-10-05 06:46:02 [INFO] Site visites libres : Pas de visites libres aujourd'hui
2026-10-05 06:46:02 [INFO] Site visites libres : pas de collecte (pas_jour_public).
2026-10-05 06:46:02 [INFO] Borne 192.168.2.10:5205 - compteurs du musee (Area 511 VISITES MUSEE)
2026-10-05 06:46:02 [INFO]   511 VISITES MUSEE E=107271 S=0
2026-10-05 06:46:02 [INFO]   512 ENTREE MUSEE E=107271 S=0
2026-10-05 06:46:02 [INFO]   1208 TRI-MUS-55   E=26527 S=0
2026-10-05 06:46:02 [INFO]   1209 TRI-MUS-56   E=53828 S=0
2026-10-05 06:46:02 [INFO]   1210 TRI-MUS-57   E=26916 S=0
2026-10-05 06:46:02 [INFO]   1040 PDA.3.11     E=0 S=0
2026-10-05 06:46:03 [INFO]   transactions 06:31:02 -> 06:46:02 : 0 lues en 1 page(s), 0 musee
2026-10-05 06:46:03 [INFO] Dialogue borne : 0.8 s
2026-10-05 06:46:03 [INFO] Visiteurs du 2026-10-05 : 0 (source compteur, compteur 0, transactions 0)
2026-10-05 06:51:02 [INFO] Site visites libres : Pas de visites libres aujourd'hui
2026-10-05 06:51:02 [INFO] Site visites libres : pas de collecte (pas_jour_public).
2026-10-05 06:51:02 [INFO] Borne 192.168.2.10:5205 - compteurs du musee (Area 511 VISITES MUSEE)
2026-10-05 06:51:02 [INFO]   511 VISITES MUSEE E=107271 S=0
2026-10-05 06:51:02 [INFO]   512 ENTREE MUSEE E=107271 S=0
2026-10-05 06:51:02 [INFO]   1208 TRI-MUS-55   E=26527 S=0
2026-10-05 06:51:02 [INFO]   1209 TRI-MUS-56   E=53828 S=0
2026-10-05 06:51:02 [INFO]   1210 TRI-MUS-57   E=26916 S=0
2026-10-05 06:51:02 [INFO]   1040 PDA.3.11     E=0 S=0
2026-10-05 06:51:03 [INFO]   transactions 06:36:02 -> 06:51:02 : 0 lues en 1 page(s), 0 musee
2026-10-05 06:51:03 [INFO] Dialogue borne : 0.9 s
2026-10-05 06:51:03 [INFO] Visiteurs du 2026-10-05 : 0 (source compteur, compteur 0, transactions 0)
2026-10-05 06:56:02 [INFO] Site visites libres : Pas de visites libres aujourd'hui
2026-10-05 06:56:02 [INFO] Site visites libres : pas de collecte (pas_jour_public).
2026-10-05 06:56:02 [INFO] Borne 192.168.2.10:5205 - compteurs du musee (Area 511 VISITES MUSEE)
2026-10-05 06:56:02 [INFO]   511 VISITES MUSEE E=107271 S=0
2026-10-05 06:56:02 [INFO]   512 ENTREE MUSEE E=107271 S=0
2026-10-05 06:56:02 [INFO]   1208 TRI-MUS-55   E=26527 S=0
2026-10-05 06:56:02 [INFO]   1209 TRI-MUS-56   E=53828 S=0
2026-10-05 06:56:02 [INFO]   1210 TRI-MUS-57   E=26916 S=0
2026-10-05 06:56:02 [INFO]   1040 PDA.3.11     E=0 S=0
2026-10-05 06:56:03 [INFO]   transactions 06:41:02 -> 06:56:02 : 0 lues en 1 page(s), 0 musee
2026-10-05 06:56:03 [INFO] Dialogue borne : 0.8 s
2026-10-05 06:56:03 [INFO] Visiteurs du 2026-10-05 : 0 (source compteur, compteur 0, transactions 0)
2026-10-05 07:01:02 [INFO] Site visites libres : Pas de visites libres aujourd'hui
2026-10-05 07:01:02 [INFO] Site visites libres : pas de collecte (pas_jour_public).
2026-10-05 07:01:02 [INFO] Borne 192.168.2.10:5205 - compteurs du musee (Area 511 VISITES MUSEE)
2026-10-05 07:01:02 [INFO]   511 VISITES MUSEE E=107271 S=0
2026-10-05 07:01:02 [INFO]   512 ENTREE MUSEE E=107271 S=0
2026-10-05 07:01:02 [INFO]   1208 TRI-MUS-55   E=26527 S=0
2026-10-05 07:01:02 [INFO]   1209 TRI-MUS-56   E=53828 S=0
2026-10-05 07:01:02 [INFO]   1210 TRI-MUS-57   E=26916 S=0
2026-10-05 07:01:02 [INFO]   1040 PDA.3.11     E=0 S=0
2026-10-05 07:01:03 [INFO]   transactions 06:46:02 -> 07:01:02 : 0 lues en 1 page(s), 0 musee
2026-10-05 07:01:03 [INFO] Dialogue borne : 1.0 s
2026-10-05 07:01:03 [INFO] Visiteurs du 2026-10-05 : 0 (source compteur, compteur 0, transactions 0)
2026-10-05 07:06:02 [INFO] Site visites libres : Pas de visites libres aujourd'hui
2026-10-05 07:06:02 [INFO] Site visites libres : pas de collecte (pas_jour_public).
2026-10-05 07:06:02 [INFO] Borne 192.168.2.10:5205 - compteurs du musee (Area 511 VISITES MUSEE)
2026-10-05 07:06:02 [INFO]   511 VISITES MUSEE E=107271 S=0
2026-10-05 07:06:02 [INFO]   512 ENTREE MUSEE E=107271 S=0
2026-10-05 07:06:02 [INFO]   1208 TRI-MUS-55   E=26527 S=0
2026-10-05 07:06:02 [INFO]   1209 TRI-MUS-56   E=53828 S=0
2026-10-05 07:06:02 [INFO]   1210 TRI-MUS-57   E=26916 S=0
2026-10-05 07:06:02 [INFO]   1040 PDA.3.11     E=0 S=0
2026-10-05 07:06:03 [INFO]   transactions 06:51:02 -> 07:06:02 : 0 lues en 1 page(s), 0 musee
2026-10-05 07:06:03 [INFO] Dialogue borne : 0.9 s
2026-10-05 07:06:03 [INFO] Visiteurs du 2026-10-05 : 0 (source compteur, compteur 0, transactions 0)
2026-10-05 07:11:02 [INFO] Site visites libres : Pas de visites libres aujourd'hui
2026-10-05 07:11:02 [INFO] Site visites libres : pas de collecte (pas_jour_public).
2026-10-05 07:11:02 [INFO] Borne 192.168.2.10:5205 - compteurs du musee (Area 511 VISITES MUSEE)
2026-10-05 07:11:02 [INFO]   511 VISITES MUSEE E=107271 S=0
2026-10-05 07:11:02 [INFO]   512 ENTREE MUSEE E=107271 S=0
2026-10-05 07:11:02 [INFO]   1208 TRI-MUS-55   E=26527 S=0
2026-10-05 07:11:02 [INFO]   1209 TRI-MUS-56   E=53828 S=0
2026-10-05 07:11:02 [INFO]   1210 TRI-MUS-57   E=26916 S=0
2026-10-05 07:11:02 [INFO]   1040 PDA.3.11     E=0 S=0
2026-10-05 07:11:03 [INFO]   transactions 06:56:02 -> 07:11:02 : 0 lues en 1 page(s), 0 musee
2026-10-05 07:11:03 [INFO] Dialogue borne : 0.9 s
2026-10-05 07:11:03 [INFO] Visiteurs du 2026-10-05 : 0 (source compteur, compteur 0, transactions 0)
2026-10-05 07:16:02 [INFO] Site visites libres : Pas de visites libres aujourd'hui
2026-10-05 07:16:02 [INFO] Site visites libres : pas de collecte (pas_jour_public).
2026-10-05 07:16:02 [INFO] Borne 192.168.2.10:5205 - compteurs du musee (Area 511 VISITES MUSEE)
2026-10-05 07:16:02 [INFO]   511 VISITES MUSEE E=107271 S=0
2026-10-05 07:16:02 [INFO]   512 ENTREE MUSEE E=107271 S=0
2026-10-05 07:16:02 [INFO]   1208 TRI-MUS-55   E=26527 S=0
2026-10-05 07:16:02 [INFO]   1209 TRI-MUS-56   E=53828 S=0
2026-10-05 07:16:02 [INFO]   1210 TRI-MUS-57   E=26916 S=0
2026-10-05 07:16:02 [INFO]   1040 PDA.3.11     E=0 S=0
2026-10-05 07:16:03 [INFO]   transactions 07:01:02 -> 07:16:02 : 0 lues en 1 page(s), 0 musee
2026-10-05 07:16:03 [INFO] Dialogue borne : 0.9 s
2026-10-05 07:16:03 [INFO] Visiteurs du 2026-10-05 : 0 (source compteur, compteur 0, transactions 0)
2026-10-05 07:21:02 [INFO] Site visites libres : Pas de visites libres aujourd'hui
2026-10-05 07:21:02 [INFO] Site visites libres : pas de collecte (pas_jour_public).
2026-10-05 07:21:02 [INFO] Borne 192.168.2.10:5205 - compteurs du musee (Area 511 VISITES MUSEE)
2026-10-05 07:21:02 [INFO]   511 VISITES MUSEE E=107271 S=0
2026-10-05 07:21:02 [INFO]   512 ENTREE MUSEE E=107271 S=0
2026-10-05 07:21:02 [INFO]   1208 TRI-MUS-55   E=26527 S=0
2026-10-05 07:21:02 [INFO]   1209 TRI-MUS-56   E=53828 S=0
2026-10-05 07:21:02 [INFO]   1210 TRI-MUS-57   E=26916 S=0
2026-10-05 07:21:02 [INFO]   1040 PDA.3.11     E=0 S=0
2026-10-05 07:21:03 [INFO]   transactions 07:06:02 -> 07:21:02 : 0 lues en 1 page(s), 0 musee
2026-10-05 07:21:03 [INFO] Dialogue borne : 0.8 s
2026-10-05 07:21:03 [INFO] Visiteurs du 2026-10-05 : 0 (source compteur, compteur 0, transactions 0)
2026-10-05 07:26:02 [INFO] Site visites libres : Pas de visites libres aujourd'hui
2026-10-05 07:26:02 [INFO] Site visites libres : pas de collecte (pas_jour_public).
2026-10-05 07:26:02 [INFO] Borne 192.168.2.10:5205 - compteurs du musee (Area 511 VISITES MUSEE)
2026-10-05 07:26:02 [INFO]   511 VISITES MUSEE E=107271 S=0
2026-10-05 07:26:02 [INFO]   512 ENTREE MUSEE E=107271 S=0
2026-10-05 07:26:02 [INFO]   1208 TRI-MUS-55   E=26527 S=0
2026-10-05 07:26:02 [INFO]   1209 TRI-MUS-56   E=53828 S=0
2026-10-05 07:26:02 [INFO]   1210 TRI-MUS-57   E=26916 S=0
2026-10-05 07:26:02 [INFO]   1040 PDA.3.11     E=0 S=0
2026-10-05 07:26:03 [INFO]   transactions 07:11:02 -> 07:26:02 : 0 lues en 1 page(s), 0 musee
2026-10-05 07:26:03 [INFO] Dialogue borne : 0.9 s
2026-10-05 07:26:03 [INFO] Visiteurs du 2026-10-05 : 0 (source compteur, compteur 0, transactions 0)
2026-10-05 07:31:02 [INFO] Site visites libres : Pas de visites libres aujourd'hui
2026-10-05 07:31:02 [INFO] Site visites libres : pas de collecte (pas_jour_public).
2026-10-05 07:31:02 [INFO] Borne 192.168.2.10:5205 - compteurs du musee (Area 511 VISITES MUSEE)
2026-10-05 07:31:02 [INFO]   511 VISITES MUSEE E=107271 S=0
2026-10-05 07:31:02 [INFO]   512 ENTREE MUSEE E=107271 S=0
2026-10-05 07:31:02 [INFO]   1208 TRI-MUS-55   E=26527 S=0
2026-10-05 07:31:02 [INFO]   1209 TRI-MUS-56   E=53828 S=0
2026-10-05 07:31:02 [INFO]   1210 TRI-MUS-57   E=26916 S=0
2026-10-05 07:31:02 [INFO]   1040 PDA.3.11     E=0 S=0
2026-10-05 07:31:03 [INFO]   transactions 07:16:02 -> 07:31:02 : 0 lues en 1 page(s), 0 musee
2026-10-05 07:31:03 [INFO] Dialogue borne : 0.8 s
2026-10-05 07:31:03 [INFO] Visiteurs du 2026-10-05 : 0 (source compteur, compteur 0, transactions 0)
2026-10-05 07:36:02 [INFO] Site visites libres : Pas de visites libres aujourd'hui
2026-10-05 07:36:02 [INFO] Site visites libres : pas de collecte (pas_jour_public).
2026-10-05 07:36:02 [INFO] Borne 192.168.2.10:5205 - compteurs du musee (Area 511 VISITES MUSEE)
2026-10-05 07:36:02 [INFO]   511 VISITES MUSEE E=107271 S=0
2026-10-05 07:36:02 [INFO]   512 ENTREE MUSEE E=107271 S=0
2026-10-05 07:36:02 [INFO]   1208 TRI-MUS-55   E=26527 S=0
2026-10-05 07:36:02 [INFO]   1209 TRI-MUS-56   E=53828 S=0
2026-10-05 07:36:02 [INFO]   1210 TRI-MUS-57   E=26916 S=0
2026-10-05 07:36:02 [INFO]   1040 PDA.3.11     E=0 S=0
2026-10-05 07:36:03 [INFO]   transactions 07:21:02 -> 07:36:02 : 0 lues en 1 page(s), 0 musee
2026-10-05 07:36:03 [INFO] Dialogue borne : 1.0 s
2026-10-05 07:36:03 [INFO] Visiteurs du 2026-10-05 : 0 (source compteur, compteur 0, transactions 0)
2026-10-05 07:41:02 [INFO] Site visites libres : Pas de visites libres aujourd'hui
2026-10-05 07:41:02 [INFO] Site visites libres : pas de collecte (pas_jour_public).
2026-10-05 07:41:02 [INFO] Borne 192.168.2.10:5205 - compteurs du musee (Area 511 VISITES MUSEE)
2026-10-05 07:41:02 [INFO]   511 VISITES MUSEE E=107271 S=0
2026-10-05 07:41:02 [INFO]   512 ENTREE MUSEE E=107271 S=0
2026-10-05 07:41:02 [INFO]   1208 TRI-MUS-55   E=26527 S=0
2026-10-05 07:41:02 [INFO]   1209 TRI-MUS-56   E=53828 S=0
2026-10-05 07:41:02 [INFO]   1210 TRI-MUS-57   E=26916 S=0
2026-10-05 07:41:02 [INFO]   1040 PDA.3.11     E=0 S=0
2026-10-05 07:41:03 [INFO]   transactions 07:26:02 -> 07:41:02 : 0 lues en 1 page(s), 0 musee
2026-10-05 07:41:03 [INFO] Dialogue borne : 0.9 s
2026-10-05 07:41:03 [INFO] Visiteurs du 2026-10-05 : 0 (source compteur, compteur 0, transactions 0)
2026-10-05 07:46:02 [INFO] Site visites libres : Pas de visites libres aujourd'hui
2026-10-05 07:46:02 [INFO] Site visites libres : pas de collecte (pas_jour_public).
2026-10-05 07:46:02 [INFO] Borne 192.168.2.10:5205 - compteurs du musee (Area 511 VISITES MUSEE)
2026-10-05 07:46:02 [INFO]   511 VISITES MUSEE E=107271 S=0
2026-10-05 07:46:02 [INFO]   512 ENTREE MUSEE E=107271 S=0
2026-10-05 07:46:02 [INFO]   1208 TRI-MUS-55   E=26527 S=0
2026-10-05 07:46:02 [INFO]   1209 TRI-MUS-56   E=53828 S=0
2026-10-05 07:46:02 [INFO]   1210 TRI-MUS-57   E=26916 S=0
2026-10-05 07:46:02 [INFO]   1040 PDA.3.11     E=0 S=0
2026-10-05 07:46:03 [INFO]   transactions 07:31:02 -> 07:46:02 : 0 lues en 1 page(s), 0 musee
2026-10-05 07:46:03 [INFO] Dialogue borne : 1.0 s
2026-10-05 07:46:03 [INFO] Visiteurs du 2026-10-05 : 0 (source compteur, compteur 0, transactions 0)
2026-10-05 07:51:02 [INFO] Site visites libres : Pas de visites libres aujourd'hui
2026-10-05 07:51:02 [INFO] Site visites libres : pas de collecte (pas_jour_public).
2026-10-05 07:51:02 [INFO] Borne 192.168.2.10:5205 - compteurs du musee (Area 511 VISITES MUSEE)
2026-10-05 07:51:02 [INFO]   511 VISITES MUSEE E=107271 S=0
2026-10-05 07:51:02 [INFO]   512 ENTREE MUSEE E=107271 S=0
2026-10-05 07:51:02 [INFO]   1208 TRI-MUS-55   E=26527 S=0
2026-10-05 07:51:02 [INFO]   1209 TRI-MUS-56   E=53828 S=0
2026-10-05 07:51:02 [INFO]   1210 TRI-MUS-57   E=26916 S=0
2026-10-05 07:51:02 [INFO]   1040 PDA.3.11     E=0 S=0
2026-10-05 07:51:03 [INFO]   transactions 07:36:02 -> 07:51:02 : 0 lues en 1 page(s), 0 musee
2026-10-05 07:51:03 [INFO] Dialogue borne : 0.9 s
2026-10-05 07:51:03 [INFO] Visiteurs du 2026-10-05 : 0 (source compteur, compteur 0, transactions 0)
2026-10-05 07:56:02 [INFO] Site visites libres : Pas de visites libres aujourd'hui
2026-10-05 07:56:02 [INFO] Site visites libres : pas de collecte (pas_jour_public).
2026-10-05 07:56:02 [INFO] Borne 192.168.2.10:5205 - compteurs du musee (Area 511 VISITES MUSEE)
2026-10-05 07:56:02 [INFO]   511 VISITES MUSEE E=107271 S=0
2026-10-05 07:56:02 [INFO]   512 ENTREE MUSEE E=107271 S=0
2026-10-05 07:56:02 [INFO]   1208 TRI-MUS-55   E=26527 S=0
2026-10-05 07:56:02 [INFO]   1209 TRI-MUS-56   E=53828 S=0
2026-10-05 07:56:02 [INFO]   1210 TRI-MUS-57   E=26916 S=0
2026-10-05 07:56:02 [INFO]   1040 PDA.3.11     E=0 S=0
2026-10-05 07:56:05 [INFO]   transactions 07:41:02 -> 07:56:02 : 0 lues en 1 page(s), 0 musee
2026-10-05 07:56:05 [INFO] Dialogue borne : 2.8 s
2026-10-05 07:56:05 [INFO] Visiteurs du 2026-10-05 : 0 (source compteur, compteur 0, transactions 0)
2026-10-05 08:01:02 [INFO] Site visites libres : Pas de visites libres aujourd'hui
2026-10-05 08:01:02 [INFO] Site visites libres : pas de collecte (pas_jour_public).
2026-10-05 08:01:02 [INFO] Borne 192.168.2.10:5205 - compteurs du musee (Area 511 VISITES MUSEE)
2026-10-05 08:01:02 [INFO]   511 VISITES MUSEE E=107271 S=0
2026-10-05 08:01:02 [INFO]   512 ENTREE MUSEE E=107271 S=0
2026-10-05 08:01:02 [INFO]   1208 TRI-MUS-55   E=26527 S=0
2026-10-05 08:01:02 [INFO]   1209 TRI-MUS-56   E=53828 S=0
2026-10-05 08:01:02 [INFO]   1210 TRI-MUS-57   E=26916 S=0
2026-10-05 08:01:02 [INFO]   1040 PDA.3.11     E=0 S=0
2026-10-05 08:01:03 [INFO]   transactions 07:46:02 -> 08:01:02 : 0 lues en 1 page(s), 0 musee
2026-10-05 08:01:03 [INFO] Dialogue borne : 0.8 s
2026-10-05 08:01:03 [INFO] Visiteurs du 2026-10-05 : 0 (source compteur, compteur 0, transactions 0)
2026-10-05 08:06:02 [INFO] Site visites libres : Pas de visites libres aujourd'hui
2026-10-05 08:06:02 [INFO] Site visites libres : pas de collecte (pas_jour_public).
2026-10-05 08:06:02 [INFO] Borne 192.168.2.10:5205 - compteurs du musee (Area 511 VISITES MUSEE)
2026-10-05 08:06:02 [INFO]   511 VISITES MUSEE E=107271 S=0
2026-10-05 08:06:02 [INFO]   512 ENTREE MUSEE E=107271 S=0
2026-10-05 08:06:02 [INFO]   1208 TRI-MUS-55   E=26527 S=0
2026-10-05 08:06:02 [INFO]   1209 TRI-MUS-56   E=53828 S=0
2026-10-05 08:06:02 [INFO]   1210 TRI-MUS-57   E=26916 S=0
2026-10-05 08:06:02 [INFO]   1040 PDA.3.11     E=0 S=0
2026-10-05 08:06:03 [INFO]   transactions 07:51:02 -> 08:06:02 : 0 lues en 1 page(s), 0 musee
2026-10-05 08:06:03 [INFO] Dialogue borne : 0.9 s
2026-10-05 08:06:03 [INFO] Visiteurs du 2026-10-05 : 0 (source compteur, compteur 0, transactions 0)
2026-10-05 08:11:02 [INFO] Site visites libres : Pas de visites libres aujourd'hui
2026-10-05 08:11:02 [INFO] Site visites libres : pas de collecte (pas_jour_public).
2026-10-05 08:11:02 [INFO] Borne 192.168.2.10:5205 - compteurs du musee (Area 511 VISITES MUSEE)
2026-10-05 08:11:02 [INFO]   511 VISITES MUSEE E=107271 S=0
2026-10-05 08:11:02 [INFO]   512 ENTREE MUSEE E=107271 S=0
2026-10-05 08:11:02 [INFO]   1208 TRI-MUS-55   E=26527 S=0
2026-10-05 08:11:02 [INFO]   1209 TRI-MUS-56   E=53828 S=0
2026-10-05 08:11:02 [INFO]   1210 TRI-MUS-57   E=26916 S=0
2026-10-05 08:11:02 [INFO]   1040 PDA.3.11     E=0 S=0
2026-10-05 08:11:03 [INFO]   transactions 07:56:02 -> 08:11:02 : 0 lues en 1 page(s), 0 musee
2026-10-05 08:11:03 [INFO] Dialogue borne : 0.9 s
2026-10-05 08:11:03 [INFO] Visiteurs du 2026-10-05 : 0 (source compteur, compteur 0, transactions 0)
2026-10-05 08:16:02 [INFO] Site visites libres : Pas de visites libres aujourd'hui
2026-10-05 08:16:02 [INFO] Site visites libres : pas de collecte (pas_jour_public).
2026-10-05 08:16:02 [INFO] Borne 192.168.2.10:5205 - compteurs du musee (Area 511 VISITES MUSEE)
2026-10-05 08:16:02 [INFO]   511 VISITES MUSEE E=107271 S=0
2026-10-05 08:16:02 [INFO]   512 ENTREE MUSEE E=107271 S=0
2026-10-05 08:16:02 [INFO]   1208 TRI-MUS-55   E=26527 S=0
2026-10-05 08:16:02 [INFO]   1209 TRI-MUS-56   E=53828 S=0
2026-10-05 08:16:02 [INFO]   1210 TRI-MUS-57   E=26916 S=0
2026-10-05 08:16:02 [INFO]   1040 PDA.3.11     E=0 S=0
2026-10-05 08:16:03 [INFO]   transactions 08:01:02 -> 08:16:02 : 0 lues en 1 page(s), 0 musee
2026-10-05 08:16:03 [INFO] Dialogue borne : 1.0 s
2026-10-05 08:16:03 [INFO] Visiteurs du 2026-10-05 : 0 (source compteur, compteur 0, transactions 0)
2026-10-05 08:21:02 [INFO] Site visites libres : Pas de visites libres aujourd'hui
2026-10-05 08:21:02 [INFO] Site visites libres : pas de collecte (pas_jour_public).
2026-10-05 08:21:02 [INFO] Borne 192.168.2.10:5205 - compteurs du musee (Area 511 VISITES MUSEE)
2026-10-05 08:21:02 [INFO]   511 VISITES MUSEE E=107271 S=0
2026-10-05 08:21:02 [INFO]   512 ENTREE MUSEE E=107271 S=0
2026-10-05 08:21:02 [INFO]   1208 TRI-MUS-55   E=26527 S=0
2026-10-05 08:21:02 [INFO]   1209 TRI-MUS-56   E=53828 S=0
2026-10-05 08:21:02 [INFO]   1210 TRI-MUS-57   E=26916 S=0
2026-10-05 08:21:02 [INFO]   1040 PDA.3.11     E=0 S=0
2026-10-05 08:21:03 [INFO]   transactions 08:06:02 -> 08:21:02 : 0 lues en 1 page(s), 0 musee
2026-10-05 08:21:03 [INFO] Dialogue borne : 0.8 s
2026-10-05 08:21:03 [INFO] Visiteurs du 2026-10-05 : 0 (source compteur, compteur 0, transactions 0)
2026-10-05 08:26:02 [INFO] Site visites libres : Pas de visites libres aujourd'hui
2026-10-05 08:26:02 [INFO] Site visites libres : pas de collecte (pas_jour_public).
2026-10-05 08:26:02 [INFO] Borne 192.168.2.10:5205 - compteurs du musee (Area 511 VISITES MUSEE)
2026-10-05 08:26:02 [INFO]   511 VISITES MUSEE E=107271 S=0
2026-10-05 08:26:02 [INFO]   512 ENTREE MUSEE E=107271 S=0
2026-10-05 08:26:02 [INFO]   1208 TRI-MUS-55   E=26527 S=0
2026-10-05 08:26:02 [INFO]   1209 TRI-MUS-56   E=53828 S=0
2026-10-05 08:26:02 [INFO]   1210 TRI-MUS-57   E=26916 S=0
2026-10-05 08:26:02 [INFO]   1040 PDA.3.11     E=0 S=0
2026-10-05 08:26:03 [INFO]   transactions 08:11:02 -> 08:26:02 : 0 lues en 1 page(s), 0 musee
2026-10-05 08:26:03 [INFO] Dialogue borne : 0.8 s
2026-10-05 08:26:03 [INFO] Visiteurs du 2026-10-05 : 0 (source compteur, compteur 0, transactions 0)
2026-10-05 08:31:02 [INFO] Site visites libres : Pas de visites libres aujourd'hui
2026-10-05 08:31:02 [INFO] Site visites libres : pas de collecte (pas_jour_public).
2026-10-05 08:31:02 [INFO] Borne 192.168.2.10:5205 - compteurs du musee (Area 511 VISITES MUSEE)
2026-10-05 08:31:02 [INFO]   511 VISITES MUSEE E=107271 S=0
2026-10-05 08:31:02 [INFO]   512 ENTREE MUSEE E=107271 S=0
2026-10-05 08:31:02 [INFO]   1208 TRI-MUS-55   E=26527 S=0
2026-10-05 08:31:02 [INFO]   1209 TRI-MUS-56   E=53828 S=0
2026-10-05 08:31:02 [INFO]   1210 TRI-MUS-57   E=26916 S=0
2026-10-05 08:31:02 [INFO]   1040 PDA.3.11     E=0 S=0
2026-10-05 08:31:03 [INFO]   transactions 08:16:02 -> 08:31:02 : 0 lues en 1 page(s), 0 musee
2026-10-05 08:31:03 [INFO] Dialogue borne : 0.9 s
2026-10-05 08:31:03 [INFO] Visiteurs du 2026-10-05 : 0 (source compteur, compteur 0, transactions 0)
2026-10-05 08:36:02 [INFO] Site visites libres : Pas de visites libres aujourd'hui
2026-10-05 08:36:02 [INFO] Site visites libres : pas de collecte (pas_jour_public).
2026-10-05 08:36:02 [INFO] Borne 192.168.2.10:5205 - compteurs du musee (Area 511 VISITES MUSEE)
2026-10-05 08:36:02 [INFO]   511 VISITES MUSEE E=107271 S=0
2026-10-05 08:36:02 [INFO]   512 ENTREE MUSEE E=107271 S=0
2026-10-05 08:36:02 [INFO]   1208 TRI-MUS-55   E=26527 S=0
2026-10-05 08:36:02 [INFO]   1209 TRI-MUS-56   E=53828 S=0
2026-10-05 08:36:02 [INFO]   1210 TRI-MUS-57   E=26916 S=0
2026-10-05 08:36:02 [INFO]   1040 PDA.3.11     E=0 S=0
2026-10-05 08:36:03 [INFO]   transactions 08:21:02 -> 08:36:02 : 0 lues en 1 page(s), 0 musee
2026-10-05 08:36:03 [INFO] Dialogue borne : 0.9 s
2026-10-05 08:36:03 [INFO] Visiteurs du 2026-10-05 : 0 (source compteur, compteur 0, transactions 0)
2026-10-05 08:41:02 [INFO] Site visites libres : Pas de visites libres aujourd'hui
2026-10-05 08:41:02 [INFO] Site visites libres : pas de collecte (pas_jour_public).
2026-10-05 08:41:02 [INFO] Borne 192.168.2.10:5205 - compteurs du musee (Area 511 VISITES MUSEE)
2026-10-05 08:41:02 [INFO]   511 VISITES MUSEE E=107271 S=0
2026-10-05 08:41:02 [INFO]   512 ENTREE MUSEE E=107271 S=0
2026-10-05 08:41:02 [INFO]   1208 TRI-MUS-55   E=26527 S=0
2026-10-05 08:41:02 [INFO]   1209 TRI-MUS-56   E=53828 S=0
2026-10-05 08:41:02 [INFO]   1210 TRI-MUS-57   E=26916 S=0
2026-10-05 08:41:02 [INFO]   1040 PDA.3.11     E=0 S=0
2026-10-05 08:41:03 [INFO]   transactions 08:26:02 -> 08:41:02 : 0 lues en 1 page(s), 0 musee
2026-10-05 08:41:03 [INFO] Dialogue borne : 0.8 s
2026-10-05 08:41:03 [INFO] Visiteurs du 2026-10-05 : 0 (source compteur, compteur 0, transactions 0)
2026-10-05 08:46:02 [INFO] Site visites libres : Pas de visites libres aujourd'hui
2026-10-05 08:46:02 [INFO] Site visites libres : pas de collecte (pas_jour_public).
2026-10-05 08:46:02 [INFO] Borne 192.168.2.10:5205 - compteurs du musee (Area 511 VISITES MUSEE)
2026-10-05 08:46:02 [INFO]   511 VISITES MUSEE E=107271 S=0
2026-10-05 08:46:02 [INFO]   512 ENTREE MUSEE E=107271 S=0
2026-10-05 08:46:02 [INFO]   1208 TRI-MUS-55   E=26527 S=0
2026-10-05 08:46:02 [INFO]   1209 TRI-MUS-56   E=53828 S=0
2026-10-05 08:46:02 [INFO]   1210 TRI-MUS-57   E=26916 S=0
2026-10-05 08:46:02 [INFO]   1040 PDA.3.11     E=0 S=0
2026-10-05 08:46:03 [INFO]   transactions 08:31:02 -> 08:46:02 : 0 lues en 1 page(s), 0 musee
2026-10-05 08:46:03 [INFO] Dialogue borne : 1.0 s
2026-10-05 08:46:03 [INFO] Visiteurs du 2026-10-05 : 0 (source compteur, compteur 0, transactions 0)
2026-10-05 08:51:02 [INFO] Site visites libres : Pas de visites libres aujourd'hui
2026-10-05 08:51:02 [INFO] Site visites libres : pas de collecte (pas_jour_public).
2026-10-05 08:51:02 [INFO] Borne 192.168.2.10:5205 - compteurs du musee (Area 511 VISITES MUSEE)
2026-10-05 08:51:02 [INFO]   511 VISITES MUSEE E=107271 S=0
2026-10-05 08:51:02 [INFO]   512 ENTREE MUSEE E=107271 S=0
2026-10-05 08:51:02 [INFO]   1208 TRI-MUS-55   E=26527 S=0
2026-10-05 08:51:02 [INFO]   1209 TRI-MUS-56   E=53828 S=0
2026-10-05 08:51:02 [INFO]   1210 TRI-MUS-57   E=26916 S=0
2026-10-05 08:51:02 [INFO]   1040 PDA.3.11     E=0 S=0
2026-10-05 08:51:03 [INFO]   transactions 08:36:02 -> 08:51:02 : 0 lues en 1 page(s), 0 musee
2026-10-05 08:51:03 [INFO] Dialogue borne : 1.0 s
2026-10-05 08:51:03 [INFO] Visiteurs du 2026-10-05 : 0 (source compteur, compteur 0, transactions 0)
2026-10-05 08:56:02 [INFO] Site visites libres : Pas de visites libres aujourd'hui
2026-10-05 08:56:02 [INFO] Site visites libres : pas de collecte (pas_jour_public).
2026-10-05 08:56:02 [INFO] Borne 192.168.2.10:5205 - compteurs du musee (Area 511 VISITES MUSEE)
2026-10-05 08:56:02 [INFO]   511 VISITES MUSEE E=107271 S=0
2026-10-05 08:56:02 [INFO]   512 ENTREE MUSEE E=107271 S=0
2026-10-05 08:56:02 [INFO]   1208 TRI-MUS-55   E=26527 S=0
2026-10-05 08:56:02 [INFO]   1209 TRI-MUS-56   E=53828 S=0
2026-10-05 08:56:02 [INFO]   1210 TRI-MUS-57   E=26916 S=0
2026-10-05 08:56:02 [INFO]   1040 PDA.3.11     E=0 S=0
2026-10-05 08:56:03 [INFO]   transactions 08:41:02 -> 08:56:02 : 0 lues en 1 page(s), 0 musee
2026-10-05 08:56:03 [INFO] Dialogue borne : 0.8 s
2026-10-05 08:56:03 [INFO] Visiteurs du 2026-10-05 : 0 (source compteur, compteur 0, transactions 0)
2026-10-05 09:01:02 [INFO] Site visites libres : Pas de visites libres aujourd'hui
2026-10-05 09:01:02 [INFO] Site visites libres : pas de collecte (pas_jour_public).
2026-10-05 09:01:02 [INFO] Borne 192.168.2.10:5205 - compteurs du musee (Area 511 VISITES MUSEE)
2026-10-05 09:01:02 [INFO]   511 VISITES MUSEE E=107271 S=0
2026-10-05 09:01:02 [INFO]   512 ENTREE MUSEE E=107271 S=0
2026-10-05 09:01:02 [INFO]   1208 TRI-MUS-55   E=26527 S=0
2026-10-05 09:01:02 [INFO]   1209 TRI-MUS-56   E=53828 S=0
2026-10-05 09:01:02 [INFO]   1210 TRI-MUS-57   E=26916 S=0
2026-10-05 09:01:02 [INFO]   1040 PDA.3.11     E=0 S=0
2026-10-05 09:01:03 [INFO]   transactions 08:46:02 -> 09:01:02 : 0 lues en 1 page(s), 0 musee
2026-10-05 09:01:03 [INFO] Dialogue borne : 1.0 s
2026-10-05 09:01:03 [INFO] Visiteurs du 2026-10-05 : 0 (source compteur, compteur 0, transactions 0)
2026-10-05 09:06:02 [INFO] Site visites libres : Pas de visites libres aujourd'hui
2026-10-05 09:06:02 [INFO] Site visites libres : pas de collecte (pas_jour_public).
2026-10-05 09:06:02 [INFO] Borne 192.168.2.10:5205 - compteurs du musee (Area 511 VISITES MUSEE)
2026-10-05 09:06:02 [INFO]   511 VISITES MUSEE E=107271 S=0
2026-10-05 09:06:02 [INFO]   512 ENTREE MUSEE E=107271 S=0
2026-10-05 09:06:02 [INFO]   1208 TRI-MUS-55   E=26527 S=0
2026-10-05 09:06:02 [INFO]   1209 TRI-MUS-56   E=53828 S=0
2026-10-05 09:06:02 [INFO]   1210 TRI-MUS-57   E=26916 S=0
2026-10-05 09:06:02 [INFO]   1040 PDA.3.11     E=0 S=0
2026-10-05 09:06:03 [INFO]   transactions 08:51:02 -> 09:06:02 : 0 lues en 1 page(s), 0 musee
2026-10-05 09:06:03 [INFO] Dialogue borne : 0.8 s
2026-10-05 09:06:03 [INFO] Visiteurs du 2026-10-05 : 0 (source compteur, compteur 0, transactions 0)
2026-10-05 09:11:02 [INFO] Site visites libres : Pas de visites libres aujourd'hui
2026-10-05 09:11:02 [INFO] Site visites libres : pas de collecte (pas_jour_public).
2026-10-05 09:11:02 [INFO] Borne 192.168.2.10:5205 - compteurs du musee (Area 511 VISITES MUSEE)
2026-10-05 09:11:02 [INFO]   511 VISITES MUSEE E=107271 S=0
2026-10-05 09:11:02 [INFO]   512 ENTREE MUSEE E=107271 S=0
2026-10-05 09:11:02 [INFO]   1208 TRI-MUS-55   E=26527 S=0
2026-10-05 09:11:02 [INFO]   1209 TRI-MUS-56   E=53828 S=0
2026-10-05 09:11:02 [INFO]   1210 TRI-MUS-57   E=26916 S=0
2026-10-05 09:11:02 [INFO]   1040 PDA.3.11     E=0 S=0
2026-10-05 09:11:03 [INFO]   transactions 08:56:02 -> 09:11:02 : 0 lues en 1 page(s), 0 musee
2026-10-05 09:11:03 [INFO] Dialogue borne : 1.0 s
2026-10-05 09:11:03 [INFO] Visiteurs du 2026-10-05 : 0 (source compteur, compteur 0, transactions 0)
2026-10-05 09:16:02 [INFO] Site visites libres : Pas de visites libres aujourd'hui
2026-10-05 09:16:02 [INFO] Site visites libres : pas de collecte (pas_jour_public).
2026-10-05 09:16:02 [INFO] Borne 192.168.2.10:5205 - compteurs du musee (Area 511 VISITES MUSEE)
2026-10-05 09:16:02 [INFO]   511 VISITES MUSEE E=107271 S=0
2026-10-05 09:16:02 [INFO]   512 ENTREE MUSEE E=107271 S=0
2026-10-05 09:16:02 [INFO]   1208 TRI-MUS-55   E=26527 S=0
2026-10-05 09:16:02 [INFO]   1209 TRI-MUS-56   E=53828 S=0
2026-10-05 09:16:02 [INFO]   1210 TRI-MUS-57   E=26916 S=0
2026-10-05 09:16:02 [INFO]   1040 PDA.3.11     E=0 S=0
2026-10-05 09:16:03 [INFO]   transactions 09:01:02 -> 09:16:02 : 0 lues en 1 page(s), 0 musee
2026-10-05 09:16:03 [INFO] Dialogue borne : 1.0 s
2026-10-05 09:16:03 [INFO] Visiteurs du 2026-10-05 : 0 (source compteur, compteur 0, transactions 0)
2026-10-05 09:21:02 [INFO] Site visites libres : Pas de visites libres aujourd'hui
2026-10-05 09:21:02 [INFO] Site visites libres : pas de collecte (pas_jour_public).
2026-10-05 09:21:02 [INFO] Borne 192.168.2.10:5205 - compteurs du musee (Area 511 VISITES MUSEE)
2026-10-05 09:21:02 [INFO]   511 VISITES MUSEE E=107271 S=0
2026-10-05 09:21:02 [INFO]   512 ENTREE MUSEE E=107271 S=0
2026-10-05 09:21:02 [INFO]   1208 TRI-MUS-55   E=26527 S=0
2026-10-05 09:21:02 [INFO]   1209 TRI-MUS-56   E=53828 S=0
2026-10-05 09:21:02 [INFO]   1210 TRI-MUS-57   E=26916 S=0
2026-10-05 09:21:02 [INFO]   1040 PDA.3.11     E=0 S=0
2026-10-05 09:21:03 [INFO]   transactions 09:06:02 -> 09:21:02 : 0 lues en 1 page(s), 0 musee
2026-10-05 09:21:03 [INFO] Dialogue borne : 1.0 s
2026-10-05 09:21:03 [INFO] Visiteurs du 2026-10-05 : 0 (source compteur, compteur 0, transactions 0)
2026-10-05 09:26:02 [INFO] Site visites libres : Pas de visites libres aujourd'hui
2026-10-05 09:26:02 [INFO] Site visites libres : pas de collecte (pas_jour_public).
2026-10-05 09:26:02 [INFO] Borne 192.168.2.10:5205 - compteurs du musee (Area 511 VISITES MUSEE)
2026-10-05 09:26:02 [INFO]   511 VISITES MUSEE E=107271 S=0
2026-10-05 09:26:02 [INFO]   512 ENTREE MUSEE E=107271 S=0
2026-10-05 09:26:02 [INFO]   1208 TRI-MUS-55   E=26527 S=0
2026-10-05 09:26:02 [INFO]   1209 TRI-MUS-56   E=53828 S=0
2026-10-05 09:26:02 [INFO]   1210 TRI-MUS-57   E=26916 S=0
2026-10-05 09:26:02 [INFO]   1040 PDA.3.11     E=0 S=0
2026-10-05 09:26:03 [INFO]   transactions 09:11:02 -> 09:26:02 : 0 lues en 1 page(s), 0 musee
2026-10-05 09:26:03 [INFO] Dialogue borne : 0.9 s
2026-10-05 09:26:03 [INFO] Visiteurs du 2026-10-05 : 0 (source compteur, compteur 0, transactions 0)
2026-10-05 09:31:02 [INFO] Site visites libres : Pas de visites libres aujourd'hui
2026-10-05 09:31:02 [INFO] Site visites libres : pas de collecte (pas_jour_public).
2026-10-05 09:31:02 [INFO] Borne 192.168.2.10:5205 - compteurs du musee (Area 511 VISITES MUSEE)
2026-10-05 09:31:02 [INFO]   511 VISITES MUSEE E=107271 S=0
2026-10-05 09:31:02 [INFO]   512 ENTREE MUSEE E=107271 S=0
2026-10-05 09:31:02 [INFO]   1208 TRI-MUS-55   E=26527 S=0
2026-10-05 09:31:02 [INFO]   1209 TRI-MUS-56   E=53828 S=0
2026-10-05 09:31:02 [INFO]   1210 TRI-MUS-57   E=26916 S=0
2026-10-05 09:31:02 [INFO]   1040 PDA.3.11     E=0 S=0
2026-10-05 09:31:03 [INFO]   transactions 09:16:02 -> 09:31:02 : 0 lues en 1 page(s), 0 musee
2026-10-05 09:31:03 [INFO] Dialogue borne : 0.9 s
2026-10-05 09:31:03 [INFO] Visiteurs du 2026-10-05 : 0 (source compteur, compteur 0, transactions 0)
2026-10-05 09:36:02 [INFO] Site visites libres : Pas de visites libres aujourd'hui
2026-10-05 09:36:02 [INFO] Site visites libres : pas de collecte (pas_jour_public).
2026-10-05 09:36:02 [INFO] Borne 192.168.2.10:5205 - compteurs du musee (Area 511 VISITES MUSEE)
2026-10-05 09:36:02 [INFO]   511 VISITES MUSEE E=107271 S=0
2026-10-05 09:36:02 [INFO]   512 ENTREE MUSEE E=107271 S=0
2026-10-05 09:36:02 [INFO]   1208 TRI-MUS-55   E=26527 S=0
2026-10-05 09:36:02 [INFO]   1209 TRI-MUS-56   E=53828 S=0
2026-10-05 09:36:02 [INFO]   1210 TRI-MUS-57   E=26916 S=0
2026-10-05 09:36:02 [INFO]   1040 PDA.3.11     E=0 S=0
2026-10-05 09:36:03 [INFO]   transactions 09:21:02 -> 09:36:02 : 0 lues en 1 page(s), 0 musee
2026-10-05 09:36:03 [INFO] Dialogue borne : 1.0 s
2026-10-05 09:36:03 [INFO] Visiteurs du 2026-10-05 : 0 (source compteur, compteur 0, transactions 0)
2026-10-05 09:41:02 [INFO] Site visites libres : Pas de visites libres aujourd'hui
2026-10-05 09:41:02 [INFO] Site visites libres : pas de collecte (pas_jour_public).
2026-10-05 09:41:02 [INFO] Borne 192.168.2.10:5205 - compteurs du musee (Area 511 VISITES MUSEE)
2026-10-05 09:41:02 [INFO]   511 VISITES MUSEE E=107271 S=0
2026-10-05 09:41:02 [INFO]   512 ENTREE MUSEE E=107271 S=0
2026-10-05 09:41:02 [INFO]   1208 TRI-MUS-55   E=26527 S=0
2026-10-05 09:41:02 [INFO]   1209 TRI-MUS-56   E=53828 S=0
2026-10-05 09:41:02 [INFO]   1210 TRI-MUS-57   E=26916 S=0
2026-10-05 09:41:02 [INFO]   1040 PDA.3.11     E=0 S=0
2026-10-05 09:41:03 [INFO]   transactions 09:26:02 -> 09:41:02 : 0 lues en 1 page(s), 0 musee
2026-10-05 09:41:03 [INFO] Dialogue borne : 0.9 s
2026-10-05 09:41:03 [INFO] Visiteurs du 2026-10-05 : 0 (source compteur, compteur 0, transactions 0)
2026-10-05 09:46:02 [INFO] Site visites libres : Pas de visites libres aujourd'hui
2026-10-05 09:46:02 [INFO] Site visites libres : pas de collecte (pas_jour_public).
2026-10-05 09:46:02 [INFO] Borne 192.168.2.10:5205 - compteurs du musee (Area 511 VISITES MUSEE)
2026-10-05 09:46:02 [INFO]   511 VISITES MUSEE E=107271 S=0
2026-10-05 09:46:02 [INFO]   512 ENTREE MUSEE E=107271 S=0
2026-10-05 09:46:02 [INFO]   1208 TRI-MUS-55   E=26527 S=0
2026-10-05 09:46:02 [INFO]   1209 TRI-MUS-56   E=53828 S=0
2026-10-05 09:46:02 [INFO]   1210 TRI-MUS-57   E=26916 S=0
2026-10-05 09:46:02 [INFO]   1040 PDA.3.11     E=0 S=0
2026-10-05 09:46:03 [INFO]   transactions 09:31:02 -> 09:46:02 : 0 lues en 1 page(s), 0 musee
2026-10-05 09:46:03 [INFO] Dialogue borne : 0.9 s
2026-10-05 09:46:03 [INFO] Visiteurs du 2026-10-05 : 0 (source compteur, compteur 0, transactions 0)
2026-10-05 09:51:02 [INFO] Site visites libres : Pas de visites libres aujourd'hui
2026-10-05 09:51:02 [INFO] Site visites libres : pas de collecte (pas_jour_public).
2026-10-05 09:51:02 [INFO] Borne 192.168.2.10:5205 - compteurs du musee (Area 511 VISITES MUSEE)
2026-10-05 09:51:02 [INFO]   511 VISITES MUSEE E=107271 S=0
2026-10-05 09:51:02 [INFO]   512 ENTREE MUSEE E=107271 S=0
2026-10-05 09:51:02 [INFO]   1208 TRI-MUS-55   E=26527 S=0
2026-10-05 09:51:02 [INFO]   1209 TRI-MUS-56   E=53828 S=0
2026-10-05 09:51:02 [INFO]   1210 TRI-MUS-57   E=26916 S=0
2026-10-05 09:51:02 [INFO]   1040 PDA.3.11     E=0 S=0
2026-10-05 09:51:03 [INFO]   transactions 09:36:02 -> 09:51:02 : 0 lues en 1 page(s), 0 musee
2026-10-05 09:51:03 [INFO] Dialogue borne : 0.9 s
2026-10-05 09:51:03 [INFO] Visiteurs du 2026-10-05 : 0 (source compteur, compteur 0, transactions 0)
2026-10-05 09:56:02 [INFO] Site visites libres : Pas de visites libres aujourd'hui
2026-10-05 09:56:02 [INFO] Site visites libres : pas de collecte (pas_jour_public).
2026-10-05 09:56:02 [INFO] Borne 192.168.2.10:5205 - compteurs du musee (Area 511 VISITES MUSEE)
2026-10-05 09:56:02 [INFO]   511 VISITES MUSEE E=107271 S=0
2026-10-05 09:56:02 [INFO]   512 ENTREE MUSEE E=107271 S=0
2026-10-05 09:56:02 [INFO]   1208 TRI-MUS-55   E=26527 S=0
2026-10-05 09:56:02 [INFO]   1209 TRI-MUS-56   E=53828 S=0
2026-10-05 09:56:02 [INFO]   1210 TRI-MUS-57   E=26916 S=0
2026-10-05 09:56:02 [INFO]   1040 PDA.3.11     E=0 S=0
2026-10-05 09:56:03 [INFO]   transactions 09:41:02 -> 09:56:02 : 0 lues en 1 page(s), 0 musee
2026-10-05 09:56:03 [INFO] Dialogue borne : 0.8 s
2026-10-05 09:56:03 [INFO] Visiteurs du 2026-10-05 : 0 (source compteur, compteur 0, transactions 0)
2026-10-05 10:01:02 [INFO] Site visites libres : Pas de visites libres aujourd'hui
2026-10-05 10:01:02 [INFO] Site visites libres : pas de collecte (pas_jour_public).
2026-10-05 10:01:02 [INFO] Borne 192.168.2.10:5205 - compteurs du musee (Area 511 VISITES MUSEE)
2026-10-05 10:01:02 [INFO]   511 VISITES MUSEE E=107271 S=0
2026-10-05 10:01:02 [INFO]   512 ENTREE MUSEE E=107271 S=0
2026-10-05 10:01:02 [INFO]   1208 TRI-MUS-55   E=26527 S=0
2026-10-05 10:01:02 [INFO]   1209 TRI-MUS-56   E=53828 S=0
2026-10-05 10:01:02 [INFO]   1210 TRI-MUS-57   E=26916 S=0
2026-10-05 10:01:02 [INFO]   1040 PDA.3.11     E=0 S=0
2026-10-05 10:01:03 [INFO]   transactions 09:46:02 -> 10:01:02 : 0 lues en 1 page(s), 0 musee
2026-10-05 10:01:03 [INFO] Dialogue borne : 0.8 s
2026-10-05 10:01:03 [INFO] Visiteurs du 2026-10-05 : 0 (source compteur, compteur 0, transactions 0)
2026-10-05 10:06:02 [INFO] Site visites libres : Pas de visites libres aujourd'hui
2026-10-05 10:06:02 [INFO] Site visites libres : pas de collecte (pas_jour_public).
2026-10-05 10:06:02 [INFO] Borne 192.168.2.10:5205 - compteurs du musee (Area 511 VISITES MUSEE)
2026-10-05 10:06:02 [INFO]   511 VISITES MUSEE E=107282 S=0
2026-10-05 10:06:02 [INFO]   512 ENTREE MUSEE E=107282 S=0
2026-10-05 10:06:02 [INFO]   1208 TRI-MUS-55   E=26531 S=0
2026-10-05 10:06:02 [INFO]   1209 TRI-MUS-56   E=53831 S=0
2026-10-05 10:06:02 [INFO]   1210 TRI-MUS-57   E=26920 S=0
2026-10-05 10:06:02 [INFO]   1040 PDA.3.11     E=0 S=0
2026-10-05 10:06:03 [INFO]   transactions 09:51:02 -> 10:06:02 : 11 lues en 1 page(s), 11 musee
2026-10-05 10:06:03 [INFO] Dialogue borne : 1.0 s
2026-10-05 10:06:03 [INFO] Visiteurs du 2026-10-05 : 11 (source compteur, compteur 11, transactions 11)
2026-10-05 10:11:02 [INFO] Site visites libres : Pas de visites libres aujourd'hui
2026-10-05 10:11:02 [INFO] Site visites libres : pas de collecte (pas_jour_public).
2026-10-05 10:11:02 [INFO] Borne 192.168.2.10:5205 - compteurs du musee (Area 511 VISITES MUSEE)
2026-10-05 10:11:02 [INFO]   511 VISITES MUSEE E=107288 S=0
2026-10-05 10:11:02 [INFO]   512 ENTREE MUSEE E=107288 S=0
2026-10-05 10:11:02 [INFO]   1208 TRI-MUS-55   E=26534 S=0
2026-10-05 10:11:02 [INFO]   1209 TRI-MUS-56   E=53833 S=0
2026-10-05 10:11:02 [INFO]   1210 TRI-MUS-57   E=26921 S=0
2026-10-05 10:11:02 [INFO]   1040 PDA.3.11     E=0 S=0
2026-10-05 10:11:03 [INFO]   transactions 09:56:02 -> 10:11:02 : 17 lues en 1 page(s), 17 musee
2026-10-05 10:11:03 [INFO] Dialogue borne : 0.8 s
2026-10-05 10:11:03 [INFO] Visiteurs du 2026-10-05 : 17 (source compteur, compteur 17, transactions 17)
2026-10-05 10:16:02 [INFO] Site visites libres : Pas de visites libres aujourd'hui
2026-10-05 10:16:02 [INFO] Site visites libres : pas de collecte (pas_jour_public).
2026-10-05 10:16:02 [INFO] Borne 192.168.2.10:5205 - compteurs du musee (Area 511 VISITES MUSEE)
2026-10-05 10:16:02 [INFO]   511 VISITES MUSEE E=107290 S=0
2026-10-05 10:16:02 [INFO]   512 ENTREE MUSEE E=107290 S=0
2026-10-05 10:16:02 [INFO]   1208 TRI-MUS-55   E=26535 S=0
2026-10-05 10:16:02 [INFO]   1209 TRI-MUS-56   E=53834 S=0
2026-10-05 10:16:02 [INFO]   1210 TRI-MUS-57   E=26921 S=0
2026-10-05 10:16:02 [INFO]   1040 PDA.3.11     E=0 S=0
2026-10-05 10:16:03 [INFO]   transactions 10:01:02 -> 10:16:02 : 19 lues en 1 page(s), 19 musee
2026-10-05 10:16:03 [INFO] Dialogue borne : 1.1 s
2026-10-05 10:16:03 [INFO] Visiteurs du 2026-10-05 : 19 (source compteur, compteur 19, transactions 19)
2026-10-05 10:21:02 [INFO] Site visites libres : Pas de visites libres aujourd'hui
2026-10-05 10:21:02 [INFO] Site visites libres : pas de collecte (pas_jour_public).
2026-10-05 10:21:02 [INFO] Borne 192.168.2.10:5205 - compteurs du musee (Area 511 VISITES MUSEE)
2026-10-05 10:21:02 [INFO]   511 VISITES MUSEE E=107296 S=0
2026-10-05 10:21:02 [INFO]   512 ENTREE MUSEE E=107296 S=0
2026-10-05 10:21:02 [INFO]   1208 TRI-MUS-55   E=26537 S=0
2026-10-05 10:21:02 [INFO]   1209 TRI-MUS-56   E=53836 S=0
2026-10-05 10:21:02 [INFO]   1210 TRI-MUS-57   E=26923 S=0
2026-10-05 10:21:02 [INFO]   1040 PDA.3.11     E=0 S=0
2026-10-05 10:21:03 [INFO]   transactions 10:06:02 -> 10:21:02 : 13 lues en 1 page(s), 13 musee
2026-10-05 10:21:03 [INFO] Dialogue borne : 0.9 s
2026-10-05 10:21:03 [INFO] Visiteurs du 2026-10-05 : 25 (source compteur, compteur 25, transactions 24)
2026-10-05 10:26:02 [INFO] Site visites libres : Pas de visites libres aujourd'hui
2026-10-05 10:26:02 [INFO] Site visites libres : pas de collecte (pas_jour_public).
2026-10-05 10:26:02 [INFO] Borne 192.168.2.10:5205 - compteurs du musee (Area 511 VISITES MUSEE)
2026-10-05 10:26:02 [INFO]   511 VISITES MUSEE E=107296 S=0
2026-10-05 10:26:02 [INFO]   512 ENTREE MUSEE E=107296 S=0
2026-10-05 10:26:02 [INFO]   1208 TRI-MUS-55   E=26537 S=0
2026-10-05 10:26:02 [INFO]   1209 TRI-MUS-56   E=53836 S=0
2026-10-05 10:26:02 [INFO]   1210 TRI-MUS-57   E=26923 S=0
2026-10-05 10:26:02 [INFO]   1040 PDA.3.11     E=0 S=0
2026-10-05 10:26:03 [INFO]   transactions 10:11:02 -> 10:26:02 : 8 lues en 1 page(s), 8 musee
2026-10-05 10:26:03 [INFO] Dialogue borne : 1.0 s
2026-10-05 10:26:03 [INFO] Visiteurs du 2026-10-05 : 25 (source compteur, compteur 25, transactions 25)
2026-10-05 10:31:02 [INFO] Site visites libres : Pas de visites libres aujourd'hui
2026-10-05 10:31:02 [INFO] Site visites libres : pas de collecte (pas_jour_public).
2026-10-05 10:31:02 [INFO] Borne 192.168.2.10:5205 - compteurs du musee (Area 511 VISITES MUSEE)
2026-10-05 10:31:02 [INFO]   511 VISITES MUSEE E=107304 S=0
2026-10-05 10:31:02 [INFO]   512 ENTREE MUSEE E=107304 S=0
2026-10-05 10:31:02 [INFO]   1208 TRI-MUS-55   E=26538 S=0
2026-10-05 10:31:02 [INFO]   1209 TRI-MUS-56   E=53840 S=0
2026-10-05 10:31:02 [INFO]   1210 TRI-MUS-57   E=26926 S=0
2026-10-05 10:31:02 [INFO]   1040 PDA.3.11     E=0 S=0
2026-10-05 10:31:03 [INFO]   transactions 10:16:02 -> 10:31:02 : 17 lues en 1 page(s), 17 musee
2026-10-05 10:31:03 [INFO] Dialogue borne : 1.0 s
2026-10-05 10:31:03 [INFO] Visiteurs du 2026-10-05 : 33 (source compteur, compteur 33, transactions 33)
2026-10-05 10:36:02 [INFO] Site visites libres : Pas de visites libres aujourd'hui
2026-10-05 10:36:02 [INFO] Site visites libres : pas de collecte (pas_jour_public).
2026-10-05 10:36:02 [INFO] Borne 192.168.2.10:5205 - compteurs du musee (Area 511 VISITES MUSEE)
2026-10-05 10:36:02 [INFO]   511 VISITES MUSEE E=107308 S=0
2026-10-05 10:36:02 [INFO]   512 ENTREE MUSEE E=107308 S=0
2026-10-05 10:36:02 [INFO]   1208 TRI-MUS-55   E=26539 S=0
2026-10-05 10:36:02 [INFO]   1209 TRI-MUS-56   E=53841 S=0
2026-10-05 10:36:02 [INFO]   1210 TRI-MUS-57   E=26928 S=0
2026-10-05 10:36:02 [INFO]   1040 PDA.3.11     E=0 S=0
2026-10-05 10:36:03 [INFO]   transactions 10:21:02 -> 10:36:02 : 15 lues en 1 page(s), 15 musee
2026-10-05 10:36:03 [INFO] Dialogue borne : 0.9 s
2026-10-05 10:36:03 [INFO] Visiteurs du 2026-10-05 : 37 (source compteur, compteur 37, transactions 37)
2026-10-05 10:41:02 [INFO] Site visites libres : Pas de visites libres aujourd'hui
2026-10-05 10:41:02 [INFO] Site visites libres : pas de collecte (pas_jour_public).
2026-10-05 10:41:02 [INFO] Borne 192.168.2.10:5205 - compteurs du musee (Area 511 VISITES MUSEE)
2026-10-05 10:41:02 [INFO]   511 VISITES MUSEE E=107313 S=0
2026-10-05 10:41:02 [INFO]   512 ENTREE MUSEE E=107313 S=0
2026-10-05 10:41:02 [INFO]   1208 TRI-MUS-55   E=26539 S=0
2026-10-05 10:41:02 [INFO]   1209 TRI-MUS-56   E=53842 S=0
2026-10-05 10:41:02 [INFO]   1210 TRI-MUS-57   E=26932 S=0
2026-10-05 10:41:02 [INFO]   1040 PDA.3.11     E=0 S=0
2026-10-05 10:41:03 [INFO]   transactions 10:26:02 -> 10:41:02 : 20 lues en 1 page(s), 20 musee
2026-10-05 10:41:03 [INFO] Dialogue borne : 0.8 s
2026-10-05 10:41:03 [INFO] Visiteurs du 2026-10-05 : 42 (source compteur, compteur 42, transactions 42)
2026-10-05 10:46:02 [INFO] Site visites libres : Pas de visites libres aujourd'hui
2026-10-05 10:46:02 [INFO] Site visites libres : pas de collecte (pas_jour_public).
2026-10-05 10:46:02 [INFO] Borne 192.168.2.10:5205 - compteurs du musee (Area 511 VISITES MUSEE)
2026-10-05 10:46:02 [INFO]   511 VISITES MUSEE E=107316 S=0
2026-10-05 10:46:02 [INFO]   512 ENTREE MUSEE E=107316 S=0
2026-10-05 10:46:02 [INFO]   1208 TRI-MUS-55   E=26540 S=0
2026-10-05 10:46:02 [INFO]   1209 TRI-MUS-56   E=53843 S=0
2026-10-05 10:46:02 [INFO]   1210 TRI-MUS-57   E=26933 S=0
2026-10-05 10:46:02 [INFO]   1040 PDA.3.11     E=0 S=0
2026-10-05 10:46:03 [INFO]   transactions 10:31:02 -> 10:46:02 : 12 lues en 1 page(s), 12 musee
2026-10-05 10:46:03 [INFO] Dialogue borne : 0.8 s
2026-10-05 10:46:03 [INFO] Visiteurs du 2026-10-05 : 45 (source compteur, compteur 45, transactions 45)
2026-10-05 10:51:02 [INFO] Site visites libres : Pas de visites libres aujourd'hui
2026-10-05 10:51:02 [INFO] Site visites libres : pas de collecte (pas_jour_public).
2026-10-05 10:51:02 [INFO] Borne 192.168.2.10:5205 - compteurs du musee (Area 511 VISITES MUSEE)
2026-10-05 10:51:02 [INFO]   511 VISITES MUSEE E=107316 S=0
2026-10-05 10:51:02 [INFO]   512 ENTREE MUSEE E=107316 S=0
2026-10-05 10:51:02 [INFO]   1208 TRI-MUS-55   E=26540 S=0
2026-10-05 10:51:02 [INFO]   1209 TRI-MUS-56   E=53843 S=0
2026-10-05 10:51:02 [INFO]   1210 TRI-MUS-57   E=26933 S=0
2026-10-05 10:51:02 [INFO]   1040 PDA.3.11     E=0 S=0
2026-10-05 10:51:03 [INFO]   transactions 10:36:02 -> 10:51:02 : 8 lues en 1 page(s), 8 musee
2026-10-05 10:51:03 [INFO] Dialogue borne : 1.0 s
2026-10-05 10:51:03 [INFO] Visiteurs du 2026-10-05 : 45 (source compteur, compteur 45, transactions 45)
2026-10-05 10:56:02 [INFO] Site visites libres : Pas de visites libres aujourd'hui
2026-10-05 10:56:02 [INFO] Site visites libres : pas de collecte (pas_jour_public).
2026-10-05 10:56:02 [INFO] Borne 192.168.2.10:5205 - compteurs du musee (Area 511 VISITES MUSEE)
2026-10-05 10:56:02 [INFO]   511 VISITES MUSEE E=107324 S=0
2026-10-05 10:56:02 [INFO]   512 ENTREE MUSEE E=107324 S=0
2026-10-05 10:56:02 [INFO]   1208 TRI-MUS-55   E=26541 S=0
2026-10-05 10:56:02 [INFO]   1209 TRI-MUS-56   E=53846 S=0
2026-10-05 10:56:02 [INFO]   1210 TRI-MUS-57   E=26937 S=0
2026-10-05 10:56:02 [INFO]   1040 PDA.3.11     E=0 S=0
2026-10-05 10:56:03 [INFO]   transactions 10:41:02 -> 10:56:02 : 11 lues en 1 page(s), 11 musee
2026-10-05 10:56:03 [INFO] Dialogue borne : 0.8 s
2026-10-05 10:56:03 [INFO] Visiteurs du 2026-10-05 : 53 (source compteur, compteur 53, transactions 53)
2026-10-05 11:01:02 [INFO] Site visites libres : Pas de visites libres aujourd'hui
2026-10-05 11:01:02 [INFO] Site visites libres : pas de collecte (pas_jour_public).
2026-10-05 11:01:02 [INFO] Borne 192.168.2.10:5205 - compteurs du musee (Area 511 VISITES MUSEE)
2026-10-05 11:01:02 [INFO]   511 VISITES MUSEE E=107326 S=0
2026-10-05 11:01:02 [INFO]   512 ENTREE MUSEE E=107326 S=0
2026-10-05 11:01:02 [INFO]   1208 TRI-MUS-55   E=26541 S=0
2026-10-05 11:01:02 [INFO]   1209 TRI-MUS-56   E=53847 S=0
2026-10-05 11:01:02 [INFO]   1210 TRI-MUS-57   E=26938 S=0
2026-10-05 11:01:02 [INFO]   1040 PDA.3.11     E=0 S=0
2026-10-05 11:01:03 [INFO]   transactions 10:46:02 -> 11:01:02 : 10 lues en 1 page(s), 10 musee
2026-10-05 11:01:03 [INFO] Dialogue borne : 0.9 s
2026-10-05 11:01:03 [INFO] Visiteurs du 2026-10-05 : 55 (source compteur, compteur 55, transactions 55)
2026-10-05 11:06:02 [INFO] Site visites libres : Pas de visites libres aujourd'hui
2026-10-05 11:06:02 [INFO] Site visites libres : pas de collecte (pas_jour_public).
2026-10-05 11:06:02 [INFO] Borne 192.168.2.10:5205 - compteurs du musee (Area 511 VISITES MUSEE)
2026-10-05 11:06:02 [INFO]   511 VISITES MUSEE E=107333 S=0
2026-10-05 11:06:02 [INFO]   512 ENTREE MUSEE E=107333 S=0
2026-10-05 11:06:02 [INFO]   1208 TRI-MUS-55   E=26545 S=0
2026-10-05 11:06:02 [INFO]   1209 TRI-MUS-56   E=53849 S=0
2026-10-05 11:06:02 [INFO]   1210 TRI-MUS-57   E=26939 S=0
2026-10-05 11:06:02 [INFO]   1040 PDA.3.11     E=0 S=0
2026-10-05 11:06:03 [INFO]   transactions 10:51:02 -> 11:06:02 : 16 lues en 1 page(s), 16 musee
2026-10-05 11:06:03 [INFO] Dialogue borne : 0.9 s
2026-10-05 11:06:03 [INFO] Visiteurs du 2026-10-05 : 62 (source compteur, compteur 62, transactions 61)
2026-10-05 11:11:02 [INFO] Site visites libres : Pas de visites libres aujourd'hui
2026-10-05 11:11:02 [INFO] Site visites libres : pas de collecte (pas_jour_public).
2026-10-05 11:11:02 [INFO] Borne 192.168.2.10:5205 - compteurs du musee (Area 511 VISITES MUSEE)
2026-10-05 11:11:02 [INFO]   511 VISITES MUSEE E=107339 S=0
2026-10-05 11:11:02 [INFO]   512 ENTREE MUSEE E=107339 S=0
2026-10-05 11:11:02 [INFO]   1208 TRI-MUS-55   E=26546 S=0
2026-10-05 11:11:02 [INFO]   1209 TRI-MUS-56   E=53849 S=0
2026-10-05 11:11:02 [INFO]   1210 TRI-MUS-57   E=26944 S=0
2026-10-05 11:11:02 [INFO]   1040 PDA.3.11     E=0 S=0
2026-10-05 11:11:03 [INFO]   transactions 10:56:02 -> 11:11:02 : 15 lues en 1 page(s), 15 musee
2026-10-05 11:11:03 [INFO] Dialogue borne : 0.8 s
2026-10-05 11:11:03 [INFO] Visiteurs du 2026-10-05 : 68 (source compteur, compteur 68, transactions 68)
2026-10-05 11:16:02 [INFO] Site visites libres : Pas de visites libres aujourd'hui
2026-10-05 11:16:02 [INFO] Site visites libres : pas de collecte (pas_jour_public).
2026-10-05 11:16:02 [INFO] Borne 192.168.2.10:5205 - compteurs du musee (Area 511 VISITES MUSEE)
2026-10-05 11:16:02 [INFO]   511 VISITES MUSEE E=107340 S=0
2026-10-05 11:16:02 [INFO]   512 ENTREE MUSEE E=107340 S=0
2026-10-05 11:16:02 [INFO]   1208 TRI-MUS-55   E=26546 S=0
2026-10-05 11:16:02 [INFO]   1209 TRI-MUS-56   E=53850 S=0
2026-10-05 11:16:02 [INFO]   1210 TRI-MUS-57   E=26944 S=0
2026-10-05 11:16:02 [INFO]   1040 PDA.3.11     E=0 S=0
2026-10-05 11:16:03 [INFO]   transactions 11:01:02 -> 11:16:02 : 14 lues en 1 page(s), 14 musee
2026-10-05 11:16:03 [INFO] Dialogue borne : 0.9 s
2026-10-05 11:16:03 [INFO] Visiteurs du 2026-10-05 : 69 (source compteur, compteur 69, transactions 69)
2026-10-05 11:21:02 [INFO] Site visites libres : Pas de visites libres aujourd'hui
2026-10-05 11:21:02 [INFO] Site visites libres : pas de collecte (pas_jour_public).
2026-10-05 11:21:02 [INFO] Borne 192.168.2.10:5205 - compteurs du musee (Area 511 VISITES MUSEE)
2026-10-05 11:21:02 [INFO]   511 VISITES MUSEE E=107344 S=0
2026-10-05 11:21:02 [INFO]   512 ENTREE MUSEE E=107344 S=0
2026-10-05 11:21:02 [INFO]   1208 TRI-MUS-55   E=26546 S=0
2026-10-05 11:21:02 [INFO]   1209 TRI-MUS-56   E=53852 S=0
2026-10-05 11:21:02 [INFO]   1210 TRI-MUS-57   E=26946 S=0
2026-10-05 11:21:02 [INFO]   1040 PDA.3.11     E=0 S=0
2026-10-05 11:21:03 [INFO]   transactions 11:06:02 -> 11:21:02 : 12 lues en 1 page(s), 12 musee
2026-10-05 11:21:03 [INFO] Dialogue borne : 0.9 s
2026-10-05 11:21:03 [INFO] Visiteurs du 2026-10-05 : 73 (source compteur, compteur 73, transactions 73)
2026-10-05 11:26:02 [INFO] Site visites libres : Pas de visites libres aujourd'hui
2026-10-05 11:26:02 [INFO] Site visites libres : pas de collecte (pas_jour_public).
2026-10-05 11:26:02 [INFO] Borne 192.168.2.10:5205 - compteurs du musee (Area 511 VISITES MUSEE)
2026-10-05 11:26:02 [INFO]   511 VISITES MUSEE E=107344 S=0
2026-10-05 11:26:02 [INFO]   512 ENTREE MUSEE E=107344 S=0
2026-10-05 11:26:02 [INFO]   1208 TRI-MUS-55   E=26546 S=0
2026-10-05 11:26:02 [INFO]   1209 TRI-MUS-56   E=53852 S=0
2026-10-05 11:26:02 [INFO]   1210 TRI-MUS-57   E=26946 S=0
2026-10-05 11:26:02 [INFO]   1040 PDA.3.11     E=0 S=0
2026-10-05 11:26:03 [INFO]   transactions 11:11:02 -> 11:26:02 : 6 lues en 1 page(s), 6 musee
2026-10-05 11:26:03 [INFO] Dialogue borne : 0.9 s
2026-10-05 11:26:03 [INFO] Visiteurs du 2026-10-05 : 73 (source compteur, compteur 73, transactions 73)
2026-10-05 11:31:02 [INFO] Site visites libres : Pas de visites libres aujourd'hui
2026-10-05 11:31:02 [INFO] Site visites libres : pas de collecte (pas_jour_public).
2026-10-05 11:31:02 [INFO] Borne 192.168.2.10:5205 - compteurs du musee (Area 511 VISITES MUSEE)
2026-10-05 11:31:02 [INFO]   511 VISITES MUSEE E=107346 S=0
2026-10-05 11:31:02 [INFO]   512 ENTREE MUSEE E=107346 S=0
2026-10-05 11:31:02 [INFO]   1208 TRI-MUS-55   E=26547 S=0
2026-10-05 11:31:02 [INFO]   1209 TRI-MUS-56   E=53852 S=0
2026-10-05 11:31:02 [INFO]   1210 TRI-MUS-57   E=26947 S=0
2026-10-05 11:31:02 [INFO]   1040 PDA.3.11     E=0 S=0
2026-10-05 11:31:03 [INFO]   transactions 11:16:02 -> 11:31:02 : 7 lues en 1 page(s), 7 musee
2026-10-05 11:31:03 [INFO] Dialogue borne : 0.9 s
2026-10-05 11:31:03 [INFO] Visiteurs du 2026-10-05 : 75 (source compteur, compteur 75, transactions 75)
2026-10-05 11:36:02 [INFO] Site visites libres : Pas de visites libres aujourd'hui
2026-10-05 11:36:02 [INFO] Site visites libres : pas de collecte (pas_jour_public).
2026-10-05 11:36:02 [INFO] Borne 192.168.2.10:5205 - compteurs du musee (Area 511 VISITES MUSEE)
2026-10-05 11:36:02 [INFO]   511 VISITES MUSEE E=107348 S=0
2026-10-05 11:36:02 [INFO]   512 ENTREE MUSEE E=107348 S=0
2026-10-05 11:36:02 [INFO]   1208 TRI-MUS-55   E=26547 S=0
2026-10-05 11:36:02 [INFO]   1209 TRI-MUS-56   E=53852 S=0
2026-10-05 11:36:02 [INFO]   1210 TRI-MUS-57   E=26949 S=0
2026-10-05 11:36:02 [INFO]   1040 PDA.3.11     E=0 S=0
2026-10-05 11:36:03 [INFO]   transactions 11:21:02 -> 11:36:02 : 4 lues en 1 page(s), 4 musee
2026-10-05 11:36:03 [INFO] Dialogue borne : 1.0 s
2026-10-05 11:36:03 [INFO] Visiteurs du 2026-10-05 : 77 (source compteur, compteur 77, transactions 77)
2026-10-05 11:41:02 [INFO] Site visites libres : Pas de visites libres aujourd'hui
2026-10-05 11:41:02 [INFO] Site visites libres : pas de collecte (pas_jour_public).
2026-10-05 11:41:02 [INFO] Borne 192.168.2.10:5205 - compteurs du musee (Area 511 VISITES MUSEE)
2026-10-05 11:41:02 [INFO]   511 VISITES MUSEE E=107348 S=0
2026-10-05 11:41:02 [INFO]   512 ENTREE MUSEE E=107348 S=0
2026-10-05 11:41:02 [INFO]   1208 TRI-MUS-55   E=26547 S=0
2026-10-05 11:41:02 [INFO]   1209 TRI-MUS-56   E=53852 S=0
2026-10-05 11:41:02 [INFO]   1210 TRI-MUS-57   E=26949 S=0
2026-10-05 11:41:02 [INFO]   1040 PDA.3.11     E=0 S=0
2026-10-05 11:41:03 [INFO]   transactions 11:26:02 -> 11:41:02 : 4 lues en 1 page(s), 4 musee
2026-10-05 11:41:03 [INFO] Dialogue borne : 0.9 s
2026-10-05 11:41:03 [INFO] Visiteurs du 2026-10-05 : 77 (source compteur, compteur 77, transactions 77)
2026-10-05 11:46:02 [INFO] Site visites libres : Pas de visites libres aujourd'hui
2026-10-05 11:46:02 [INFO] Site visites libres : pas de collecte (pas_jour_public).
2026-10-05 11:46:02 [INFO] Borne 192.168.2.10:5205 - compteurs du musee (Area 511 VISITES MUSEE)
2026-10-05 11:46:02 [INFO]   511 VISITES MUSEE E=107350 S=0
2026-10-05 11:46:02 [INFO]   512 ENTREE MUSEE E=107350 S=0
2026-10-05 11:46:02 [INFO]   1208 TRI-MUS-55   E=26547 S=0
2026-10-05 11:46:02 [INFO]   1209 TRI-MUS-56   E=53852 S=0
2026-10-05 11:46:02 [INFO]   1210 TRI-MUS-57   E=26951 S=0
2026-10-05 11:46:02 [INFO]   1040 PDA.3.11     E=0 S=0
2026-10-05 11:46:03 [INFO]   transactions 11:31:02 -> 11:46:02 : 4 lues en 1 page(s), 4 musee
2026-10-05 11:46:03 [INFO] Dialogue borne : 0.8 s
2026-10-05 11:46:03 [INFO] Visiteurs du 2026-10-05 : 79 (source compteur, compteur 79, transactions 79)
2026-10-05 11:51:02 [INFO] Site visites libres : Pas de visites libres aujourd'hui
2026-10-05 11:51:02 [INFO] Site visites libres : pas de collecte (pas_jour_public).
2026-10-05 11:51:02 [INFO] Borne 192.168.2.10:5205 - compteurs du musee (Area 511 VISITES MUSEE)
2026-10-05 11:51:02 [INFO]   511 VISITES MUSEE E=107354 S=0
2026-10-05 11:51:02 [INFO]   512 ENTREE MUSEE E=107354 S=0
2026-10-05 11:51:02 [INFO]   1208 TRI-MUS-55   E=26548 S=0
2026-10-05 11:51:02 [INFO]   1209 TRI-MUS-56   E=53854 S=0
2026-10-05 11:51:02 [INFO]   1210 TRI-MUS-57   E=26952 S=0
2026-10-05 11:51:02 [INFO]   1040 PDA.3.11     E=0 S=0
2026-10-05 11:51:03 [INFO]   transactions 11:36:02 -> 11:51:02 : 6 lues en 1 page(s), 6 musee
2026-10-05 11:51:03 [INFO] Dialogue borne : 0.8 s
2026-10-05 11:51:03 [INFO] Visiteurs du 2026-10-05 : 83 (source compteur, compteur 83, transactions 83)
2026-10-05 11:56:02 [INFO] Site visites libres : Pas de visites libres aujourd'hui
2026-10-05 11:56:02 [INFO] Site visites libres : pas de collecte (pas_jour_public).
2026-10-05 11:56:02 [INFO] Borne 192.168.2.10:5205 - compteurs du musee (Area 511 VISITES MUSEE)
2026-10-05 11:56:02 [INFO]   511 VISITES MUSEE E=107356 S=0
2026-10-05 11:56:02 [INFO]   512 ENTREE MUSEE E=107356 S=0
2026-10-05 11:56:02 [INFO]   1208 TRI-MUS-55   E=26549 S=0
2026-10-05 11:56:02 [INFO]   1209 TRI-MUS-56   E=53855 S=0
2026-10-05 11:56:02 [INFO]   1210 TRI-MUS-57   E=26952 S=0
2026-10-05 11:56:02 [INFO]   1040 PDA.3.11     E=0 S=0
2026-10-05 11:56:03 [INFO]   transactions 11:41:02 -> 11:56:02 : 9 lues en 1 page(s), 8 musee
2026-10-05 11:56:03 [INFO] Dialogue borne : 0.8 s
2026-10-05 11:56:03 [INFO] Visiteurs du 2026-10-05 : 85 (source compteur, compteur 85, transactions 85)
2026-10-05 12:01:02 [INFO] Site visites libres : Pas de visites libres aujourd'hui
2026-10-05 12:01:02 [INFO] Site visites libres : pas de collecte (pas_jour_public).
2026-10-05 12:01:02 [INFO] Borne 192.168.2.10:5205 - compteurs du musee (Area 511 VISITES MUSEE)
2026-10-05 12:01:02 [INFO]   511 VISITES MUSEE E=107361 S=0
2026-10-05 12:01:02 [INFO]   512 ENTREE MUSEE E=107361 S=0
2026-10-05 12:01:02 [INFO]   1208 TRI-MUS-55   E=26551 S=0
2026-10-05 12:01:02 [INFO]   1209 TRI-MUS-56   E=53857 S=0
2026-10-05 12:01:02 [INFO]   1210 TRI-MUS-57   E=26953 S=0
2026-10-05 12:01:02 [INFO]   1040 PDA.3.11     E=0 S=0
2026-10-05 12:01:03 [INFO]   transactions 11:46:02 -> 12:01:02 : 12 lues en 1 page(s), 11 musee
2026-10-05 12:01:03 [INFO] Dialogue borne : 0.8 s
2026-10-05 12:01:03 [INFO] Visiteurs du 2026-10-05 : 90 (source compteur, compteur 90, transactions 90)
2026-10-05 12:06:02 [INFO] Site visites libres : Pas de visites libres aujourd'hui
2026-10-05 12:06:02 [INFO] Site visites libres : pas de collecte (pas_jour_public).
2026-10-05 12:06:02 [INFO] Borne 192.168.2.10:5205 - compteurs du musee (Area 511 VISITES MUSEE)
2026-10-05 12:06:02 [INFO]   511 VISITES MUSEE E=107364 S=0
2026-10-05 12:06:02 [INFO]   512 ENTREE MUSEE E=107364 S=0
2026-10-05 12:06:02 [INFO]   1208 TRI-MUS-55   E=26552 S=0
2026-10-05 12:06:02 [INFO]   1209 TRI-MUS-56   E=53859 S=0
2026-10-05 12:06:02 [INFO]   1210 TRI-MUS-57   E=26953 S=0
2026-10-05 12:06:02 [INFO]   1040 PDA.3.11     E=0 S=0
2026-10-05 12:06:03 [INFO]   transactions 11:51:02 -> 12:06:02 : 11 lues en 1 page(s), 10 musee
2026-10-05 12:06:03 [INFO] Dialogue borne : 0.8 s
2026-10-05 12:06:03 [INFO] Visiteurs du 2026-10-05 : 93 (source compteur, compteur 93, transactions 93)
2026-10-05 12:11:02 [INFO] Site visites libres : Pas de visites libres aujourd'hui
2026-10-05 12:11:02 [INFO] Site visites libres : pas de collecte (pas_jour_public).
2026-10-05 12:11:02 [INFO] Borne 192.168.2.10:5205 - compteurs du musee (Area 511 VISITES MUSEE)
2026-10-05 12:11:02 [INFO]   511 VISITES MUSEE E=107371 S=0
2026-10-05 12:11:02 [INFO]   512 ENTREE MUSEE E=107371 S=0
2026-10-05 12:11:02 [INFO]   1208 TRI-MUS-55   E=26552 S=0
2026-10-05 12:11:02 [INFO]   1209 TRI-MUS-56   E=53864 S=0
2026-10-05 12:11:02 [INFO]   1210 TRI-MUS-57   E=26955 S=0
2026-10-05 12:11:02 [INFO]   1040 PDA.3.11     E=0 S=0
2026-10-05 12:11:03 [INFO]   transactions 11:56:02 -> 12:11:02 : 15 lues en 1 page(s), 15 musee
2026-10-05 12:11:03 [INFO] Dialogue borne : 0.9 s
2026-10-05 12:11:03 [INFO] Visiteurs du 2026-10-05 : 100 (source compteur, compteur 100, transactions 100)
2026-10-05 12:16:02 [INFO] Site visites libres : Pas de visites libres aujourd'hui
2026-10-05 12:16:02 [INFO] Site visites libres : pas de collecte (pas_jour_public).
2026-10-05 12:16:02 [INFO] Borne 192.168.2.10:5205 - compteurs du musee (Area 511 VISITES MUSEE)
2026-10-05 12:16:02 [INFO]   511 VISITES MUSEE E=107374 S=0
2026-10-05 12:16:02 [INFO]   512 ENTREE MUSEE E=107374 S=0
2026-10-05 12:16:02 [INFO]   1208 TRI-MUS-55   E=26553 S=0
2026-10-05 12:16:02 [INFO]   1209 TRI-MUS-56   E=53865 S=0
2026-10-05 12:16:02 [INFO]   1210 TRI-MUS-57   E=26956 S=0
2026-10-05 12:16:02 [INFO]   1040 PDA.3.11     E=0 S=0
2026-10-05 12:16:03 [INFO]   transactions 12:01:02 -> 12:16:02 : 13 lues en 1 page(s), 13 musee
2026-10-05 12:16:03 [INFO] Dialogue borne : 1.0 s
2026-10-05 12:16:03 [INFO] Visiteurs du 2026-10-05 : 103 (source compteur, compteur 103, transactions 103)
2026-10-05 12:21:02 [INFO] Site visites libres : Pas de visites libres aujourd'hui
2026-10-05 12:21:02 [INFO] Site visites libres : pas de collecte (pas_jour_public).
2026-10-05 12:21:02 [INFO] Borne 192.168.2.10:5205 - compteurs du musee (Area 511 VISITES MUSEE)
2026-10-05 12:21:02 [INFO]   511 VISITES MUSEE E=107386 S=0
2026-10-05 12:21:02 [INFO]   512 ENTREE MUSEE E=107386 S=0
2026-10-05 12:21:02 [INFO]   1208 TRI-MUS-55   E=26557 S=0
2026-10-05 12:21:02 [INFO]   1209 TRI-MUS-56   E=53871 S=0
2026-10-05 12:21:02 [INFO]   1210 TRI-MUS-57   E=26958 S=0
2026-10-05 12:21:02 [INFO]   1040 PDA.3.11     E=0 S=0
2026-10-05 12:21:03 [INFO]   transactions 12:06:02 -> 12:21:02 : 22 lues en 1 page(s), 22 musee
2026-10-05 12:21:03 [INFO] Dialogue borne : 1.0 s
2026-10-05 12:21:03 [INFO] Visiteurs du 2026-10-05 : 115 (source compteur, compteur 115, transactions 113)
2026-10-05 12:26:02 [INFO] Site visites libres : Pas de visites libres aujourd'hui
2026-10-05 12:26:02 [INFO] Site visites libres : pas de collecte (pas_jour_public).
2026-10-05 12:26:02 [INFO] Borne 192.168.2.10:5205 - compteurs du musee (Area 511 VISITES MUSEE)
2026-10-05 12:26:02 [INFO]   511 VISITES MUSEE E=107386 S=0
2026-10-05 12:26:02 [INFO]   512 ENTREE MUSEE E=107386 S=0
2026-10-05 12:26:02 [INFO]   1208 TRI-MUS-55   E=26557 S=0
2026-10-05 12:26:02 [INFO]   1209 TRI-MUS-56   E=53871 S=0
2026-10-05 12:26:02 [INFO]   1210 TRI-MUS-57   E=26958 S=0
2026-10-05 12:26:02 [INFO]   1040 PDA.3.11     E=0 S=0
2026-10-05 12:26:03 [INFO]   transactions 12:11:02 -> 12:26:02 : 17 lues en 1 page(s), 17 musee
2026-10-05 12:26:03 [INFO] Dialogue borne : 1.0 s
2026-10-05 12:26:03 [INFO] Visiteurs du 2026-10-05 : 115 (source compteur, compteur 115, transactions 115)
2026-10-05 12:31:02 [INFO] Site visites libres : Pas de visites libres aujourd'hui
2026-10-05 12:31:02 [INFO] Site visites libres : pas de collecte (pas_jour_public).
2026-10-05 12:31:02 [INFO] Borne 192.168.2.10:5205 - compteurs du musee (Area 511 VISITES MUSEE)
2026-10-05 12:31:02 [INFO]   511 VISITES MUSEE E=107392 S=0
2026-10-05 12:31:02 [INFO]   512 ENTREE MUSEE E=107392 S=0
2026-10-05 12:31:02 [INFO]   1208 TRI-MUS-55   E=26559 S=0
2026-10-05 12:31:02 [INFO]   1209 TRI-MUS-56   E=53873 S=0
2026-10-05 12:31:02 [INFO]   1210 TRI-MUS-57   E=26960 S=0
2026-10-05 12:31:02 [INFO]   1040 PDA.3.11     E=0 S=0
2026-10-05 12:31:03 [INFO]   transactions 12:16:02 -> 12:31:02 : 20 lues en 1 page(s), 20 musee
2026-10-05 12:31:03 [INFO] Dialogue borne : 0.9 s
2026-10-05 12:31:03 [INFO] Visiteurs du 2026-10-05 : 121 (source compteur, compteur 121, transactions 121)
2026-10-05 12:36:02 [INFO] Site visites libres : Pas de visites libres aujourd'hui
2026-10-05 12:36:02 [INFO] Site visites libres : pas de collecte (pas_jour_public).
2026-10-05 12:36:02 [INFO] Borne 192.168.2.10:5205 - compteurs du musee (Area 511 VISITES MUSEE)
2026-10-05 12:36:02 [INFO]   511 VISITES MUSEE E=107392 S=0
2026-10-05 12:36:02 [INFO]   512 ENTREE MUSEE E=107392 S=0
2026-10-05 12:36:02 [INFO]   1208 TRI-MUS-55   E=26559 S=0
2026-10-05 12:36:02 [INFO]   1209 TRI-MUS-56   E=53873 S=0
2026-10-05 12:36:02 [INFO]   1210 TRI-MUS-57   E=26960 S=0
2026-10-05 12:36:02 [INFO]   1040 PDA.3.11     E=0 S=0
2026-10-05 12:36:03 [INFO]   transactions 12:21:02 -> 12:36:02 : 6 lues en 1 page(s), 6 musee
2026-10-05 12:36:03 [INFO] Dialogue borne : 0.9 s
2026-10-05 12:36:03 [INFO] Visiteurs du 2026-10-05 : 121 (source compteur, compteur 121, transactions 121)
2026-10-05 12:41:02 [INFO] Site visites libres : Pas de visites libres aujourd'hui
2026-10-05 12:41:02 [INFO] Site visites libres : pas de collecte (pas_jour_public).
2026-10-05 12:41:02 [INFO] Borne 192.168.2.10:5205 - compteurs du musee (Area 511 VISITES MUSEE)
2026-10-05 12:41:02 [INFO]   511 VISITES MUSEE E=107392 S=0
2026-10-05 12:41:02 [INFO]   512 ENTREE MUSEE E=107392 S=0
2026-10-05 12:41:02 [INFO]   1208 TRI-MUS-55   E=26559 S=0
2026-10-05 12:41:02 [INFO]   1209 TRI-MUS-56   E=53873 S=0
2026-10-05 12:41:02 [INFO]   1210 TRI-MUS-57   E=26960 S=0
2026-10-05 12:41:02 [INFO]   1040 PDA.3.11     E=0 S=0
2026-10-05 12:41:03 [INFO]   transactions 12:26:02 -> 12:41:02 : 6 lues en 1 page(s), 6 musee
2026-10-05 12:41:03 [INFO] Dialogue borne : 0.8 s
2026-10-05 12:41:03 [INFO] Visiteurs du 2026-10-05 : 121 (source compteur, compteur 121, transactions 121)
2026-10-05 12:46:02 [INFO] Site visites libres : Pas de visites libres aujourd'hui
2026-10-05 12:46:02 [INFO] Site visites libres : pas de collecte (pas_jour_public).
2026-10-05 12:46:02 [INFO] Borne 192.168.2.10:5205 - compteurs du musee (Area 511 VISITES MUSEE)
2026-10-05 12:46:02 [INFO]   511 VISITES MUSEE E=107392 S=0
2026-10-05 12:46:02 [INFO]   512 ENTREE MUSEE E=107392 S=0
2026-10-05 12:46:02 [INFO]   1208 TRI-MUS-55   E=26559 S=0
2026-10-05 12:46:02 [INFO]   1209 TRI-MUS-56   E=53873 S=0
2026-10-05 12:46:02 [INFO]   1210 TRI-MUS-57   E=26960 S=0
2026-10-05 12:46:02 [INFO]   1040 PDA.3.11     E=0 S=0
2026-10-05 12:46:03 [INFO]   transactions 12:31:02 -> 12:46:02 : 0 lues en 1 page(s), 0 musee
2026-10-05 12:46:03 [INFO] Dialogue borne : 0.9 s
2026-10-05 12:46:03 [INFO] Visiteurs du 2026-10-05 : 121 (source compteur, compteur 121, transactions 121)
2026-10-05 12:51:02 [INFO] Site visites libres : Pas de visites libres aujourd'hui
2026-10-05 12:51:02 [INFO] Site visites libres : pas de collecte (pas_jour_public).
2026-10-05 12:51:02 [INFO] Borne 192.168.2.10:5205 - compteurs du musee (Area 511 VISITES MUSEE)
2026-10-05 12:51:02 [INFO]   511 VISITES MUSEE E=107396 S=0
2026-10-05 12:51:02 [INFO]   512 ENTREE MUSEE E=107396 S=0
2026-10-05 12:51:02 [INFO]   1208 TRI-MUS-55   E=26559 S=0
2026-10-05 12:51:02 [INFO]   1209 TRI-MUS-56   E=53876 S=0
2026-10-05 12:51:02 [INFO]   1210 TRI-MUS-57   E=26961 S=0
2026-10-05 12:51:02 [INFO]   1040 PDA.3.11     E=0 S=0
2026-10-05 12:51:03 [INFO]   transactions 12:36:02 -> 12:51:02 : 4 lues en 1 page(s), 4 musee
2026-10-05 12:51:03 [INFO] Dialogue borne : 0.9 s
2026-10-05 12:51:03 [INFO] Visiteurs du 2026-10-05 : 125 (source compteur, compteur 125, transactions 125)
2026-10-05 12:56:02 [INFO] Site visites libres : Pas de visites libres aujourd'hui
2026-10-05 12:56:02 [INFO] Site visites libres : pas de collecte (pas_jour_public).
2026-10-05 12:56:02 [INFO] Borne 192.168.2.10:5205 - compteurs du musee (Area 511 VISITES MUSEE)
2026-10-05 12:56:02 [INFO]   511 VISITES MUSEE E=107396 S=0
2026-10-05 12:56:02 [INFO]   512 ENTREE MUSEE E=107396 S=0
2026-10-05 12:56:02 [INFO]   1208 TRI-MUS-55   E=26559 S=0
2026-10-05 12:56:02 [INFO]   1209 TRI-MUS-56   E=53876 S=0
2026-10-05 12:56:02 [INFO]   1210 TRI-MUS-57   E=26961 S=0
2026-10-05 12:56:02 [INFO]   1040 PDA.3.11     E=0 S=0
2026-10-05 12:56:03 [INFO]   transactions 12:41:02 -> 12:56:02 : 4 lues en 1 page(s), 4 musee
2026-10-05 12:56:03 [INFO] Dialogue borne : 0.9 s
2026-10-05 12:56:03 [INFO] Visiteurs du 2026-10-05 : 125 (source compteur, compteur 125, transactions 125)
2026-10-05 13:01:02 [INFO] Site visites libres : Pas de visites libres aujourd'hui
2026-10-05 13:01:02 [INFO] Site visites libres : pas de collecte (pas_jour_public).
2026-10-05 13:01:02 [INFO] Borne 192.168.2.10:5205 - compteurs du musee (Area 511 VISITES MUSEE)
2026-10-05 13:01:02 [INFO]   511 VISITES MUSEE E=107396 S=0
2026-10-05 13:01:02 [INFO]   512 ENTREE MUSEE E=107396 S=0
2026-10-05 13:01:02 [INFO]   1208 TRI-MUS-55   E=26559 S=0
2026-10-05 13:01:02 [INFO]   1209 TRI-MUS-56   E=53876 S=0
2026-10-05 13:01:02 [INFO]   1210 TRI-MUS-57   E=26961 S=0
2026-10-05 13:01:02 [INFO]   1040 PDA.3.11     E=0 S=0
2026-10-05 13:01:03 [INFO]   transactions 12:46:02 -> 13:01:02 : 4 lues en 1 page(s), 4 musee
2026-10-05 13:01:03 [INFO] Dialogue borne : 0.9 s
2026-10-05 13:01:03 [INFO] Visiteurs du 2026-10-05 : 125 (source compteur, compteur 125, transactions 125)
2026-10-05 13:06:02 [INFO] Site visites libres : Pas de visites libres aujourd'hui
2026-10-05 13:06:02 [INFO] Site visites libres : pas de collecte (pas_jour_public).
2026-10-05 13:06:02 [INFO] Borne 192.168.2.10:5205 - compteurs du musee (Area 511 VISITES MUSEE)
2026-10-05 13:06:02 [INFO]   511 VISITES MUSEE E=107400 S=0
2026-10-05 13:06:02 [INFO]   512 ENTREE MUSEE E=107400 S=0
2026-10-05 13:06:02 [INFO]   1208 TRI-MUS-55   E=26561 S=0
2026-10-05 13:06:02 [INFO]   1209 TRI-MUS-56   E=53878 S=0
2026-10-05 13:06:02 [INFO]   1210 TRI-MUS-57   E=26961 S=0
2026-10-05 13:06:02 [INFO]   1040 PDA.3.11     E=0 S=0
2026-10-05 13:06:03 [INFO]   transactions 12:51:02 -> 13:06:02 : 4 lues en 1 page(s), 4 musee
2026-10-05 13:06:03 [INFO] Dialogue borne : 1.0 s
2026-10-05 13:06:03 [INFO] Visiteurs du 2026-10-05 : 129 (source compteur, compteur 129, transactions 129)
2026-10-05 13:11:02 [INFO] Site visites libres : Pas de visites libres aujourd'hui
2026-10-05 13:11:02 [INFO] Site visites libres : pas de collecte (pas_jour_public).
2026-10-05 13:11:02 [INFO] Borne 192.168.2.10:5205 - compteurs du musee (Area 511 VISITES MUSEE)
2026-10-05 13:11:02 [INFO]   511 VISITES MUSEE E=107402 S=0
2026-10-05 13:11:02 [INFO]   512 ENTREE MUSEE E=107402 S=0
2026-10-05 13:11:02 [INFO]   1208 TRI-MUS-55   E=26562 S=0
2026-10-05 13:11:02 [INFO]   1209 TRI-MUS-56   E=53879 S=0
2026-10-05 13:11:02 [INFO]   1210 TRI-MUS-57   E=26961 S=0
2026-10-05 13:11:02 [INFO]   1040 PDA.3.11     E=0 S=0
2026-10-05 13:11:03 [INFO]   transactions 12:56:02 -> 13:11:02 : 6 lues en 1 page(s), 6 musee
2026-10-05 13:11:03 [INFO] Dialogue borne : 0.9 s
2026-10-05 13:11:03 [INFO] Visiteurs du 2026-10-05 : 131 (source compteur, compteur 131, transactions 131)
2026-10-05 13:16:02 [INFO] Site visites libres : Pas de visites libres aujourd'hui
2026-10-05 13:16:02 [INFO] Site visites libres : pas de collecte (pas_jour_public).
2026-10-05 13:16:02 [INFO] Borne 192.168.2.10:5205 - compteurs du musee (Area 511 VISITES MUSEE)
2026-10-05 13:16:02 [INFO]   511 VISITES MUSEE E=107409 S=0
2026-10-05 13:16:02 [INFO]   512 ENTREE MUSEE E=107409 S=0
2026-10-05 13:16:02 [INFO]   1208 TRI-MUS-55   E=26564 S=0
2026-10-05 13:16:02 [INFO]   1209 TRI-MUS-56   E=53880 S=0
2026-10-05 13:16:02 [INFO]   1210 TRI-MUS-57   E=26965 S=0
2026-10-05 13:16:02 [INFO]   1040 PDA.3.11     E=0 S=0
2026-10-05 13:16:03 [INFO]   transactions 13:01:02 -> 13:16:02 : 18 lues en 1 page(s), 18 musee
2026-10-05 13:16:03 [INFO] Dialogue borne : 1.0 s
2026-10-05 13:16:03 [INFO] Visiteurs du 2026-10-05 : 138 (source compteur, compteur 138, transactions 138)
2026-10-05 13:21:02 [INFO] Site visites libres : Pas de visites libres aujourd'hui
2026-10-05 13:21:02 [INFO] Site visites libres : pas de collecte (pas_jour_public).
2026-10-05 13:21:02 [INFO] Borne 192.168.2.10:5205 - compteurs du musee (Area 511 VISITES MUSEE)
2026-10-05 13:21:02 [INFO]   511 VISITES MUSEE E=107409 S=0
2026-10-05 13:21:02 [INFO]   512 ENTREE MUSEE E=107409 S=0
2026-10-05 13:21:02 [INFO]   1208 TRI-MUS-55   E=26564 S=0
2026-10-05 13:21:02 [INFO]   1209 TRI-MUS-56   E=53880 S=0
2026-10-05 13:21:02 [INFO]   1210 TRI-MUS-57   E=26965 S=0
2026-10-05 13:21:02 [INFO]   1040 PDA.3.11     E=0 S=0
2026-10-05 13:21:03 [INFO]   transactions 13:06:02 -> 13:21:02 : 14 lues en 1 page(s), 14 musee
2026-10-05 13:21:03 [INFO] Dialogue borne : 0.9 s
2026-10-05 13:21:03 [INFO] Visiteurs du 2026-10-05 : 138 (source compteur, compteur 138, transactions 138)
2026-10-05 13:26:02 [INFO] Site visites libres : Pas de visites libres aujourd'hui
2026-10-05 13:26:02 [INFO] Site visites libres : pas de collecte (pas_jour_public).
2026-10-05 13:26:02 [INFO] Borne 192.168.2.10:5205 - compteurs du musee (Area 511 VISITES MUSEE)
2026-10-05 13:26:02 [INFO]   511 VISITES MUSEE E=107409 S=0
2026-10-05 13:26:02 [INFO]   512 ENTREE MUSEE E=107409 S=0
2026-10-05 13:26:02 [INFO]   1208 TRI-MUS-55   E=26564 S=0
2026-10-05 13:26:02 [INFO]   1209 TRI-MUS-56   E=53880 S=0
2026-10-05 13:26:02 [INFO]   1210 TRI-MUS-57   E=26965 S=0
2026-10-05 13:26:02 [INFO]   1040 PDA.3.11     E=0 S=0
2026-10-05 13:26:03 [INFO]   transactions 13:11:02 -> 13:26:02 : 12 lues en 1 page(s), 12 musee
2026-10-05 13:26:03 [INFO] Dialogue borne : 0.9 s
2026-10-05 13:26:03 [INFO] Visiteurs du 2026-10-05 : 138 (source compteur, compteur 138, transactions 138)
2026-10-05 13:31:02 [INFO] Site visites libres : Pas de visites libres aujourd'hui
2026-10-05 13:31:02 [INFO] Site visites libres : pas de collecte (pas_jour_public).
2026-10-05 13:31:02 [INFO] Borne 192.168.2.10:5205 - compteurs du musee (Area 511 VISITES MUSEE)
2026-10-05 13:31:02 [INFO]   511 VISITES MUSEE E=107412 S=0
2026-10-05 13:31:02 [INFO]   512 ENTREE MUSEE E=107412 S=0
2026-10-05 13:31:02 [INFO]   1208 TRI-MUS-55   E=26564 S=0
2026-10-05 13:31:02 [INFO]   1209 TRI-MUS-56   E=53881 S=0
2026-10-05 13:31:02 [INFO]   1210 TRI-MUS-57   E=26967 S=0
2026-10-05 13:31:02 [INFO]   1040 PDA.3.11     E=0 S=0
2026-10-05 13:31:03 [INFO]   transactions 13:16:02 -> 13:31:02 : 3 lues en 1 page(s), 3 musee
2026-10-05 13:31:03 [INFO] Dialogue borne : 0.9 s
2026-10-05 13:31:03 [INFO] Visiteurs du 2026-10-05 : 141 (source compteur, compteur 141, transactions 141)
2026-10-05 13:36:02 [INFO] Site visites libres : Pas de visites libres aujourd'hui
2026-10-05 13:36:02 [INFO] Site visites libres : pas de collecte (pas_jour_public).
2026-10-05 13:36:02 [INFO] Borne 192.168.2.10:5205 - compteurs du musee (Area 511 VISITES MUSEE)
2026-10-05 13:36:02 [INFO]   511 VISITES MUSEE E=107418 S=0
2026-10-05 13:36:02 [INFO]   512 ENTREE MUSEE E=107418 S=0
2026-10-05 13:36:02 [INFO]   1208 TRI-MUS-55   E=26565 S=0
2026-10-05 13:36:02 [INFO]   1209 TRI-MUS-56   E=53882 S=0
2026-10-05 13:36:02 [INFO]   1210 TRI-MUS-57   E=26971 S=0
2026-10-05 13:36:02 [INFO]   1040 PDA.3.11     E=0 S=0
2026-10-05 13:36:03 [INFO]   transactions 13:21:02 -> 13:36:02 : 13 lues en 1 page(s), 11 musee
2026-10-05 13:36:03 [INFO] Dialogue borne : 0.9 s
2026-10-05 13:36:03 [INFO] Visiteurs du 2026-10-05 : 147 (source compteur, compteur 147, transactions 147)
2026-10-05 13:41:02 [INFO] Site visites libres : Pas de visites libres aujourd'hui
2026-10-05 13:41:02 [INFO] Site visites libres : pas de collecte (pas_jour_public).
2026-10-05 13:41:02 [INFO] Borne 192.168.2.10:5205 - compteurs du musee (Area 511 VISITES MUSEE)
2026-10-05 13:41:02 [INFO]   511 VISITES MUSEE E=107419 S=0
2026-10-05 13:41:02 [INFO]   512 ENTREE MUSEE E=107419 S=0
2026-10-05 13:41:02 [INFO]   1208 TRI-MUS-55   E=26565 S=0
2026-10-05 13:41:02 [INFO]   1209 TRI-MUS-56   E=53882 S=0
2026-10-05 13:41:02 [INFO]   1210 TRI-MUS-57   E=26972 S=0
2026-10-05 13:41:02 [INFO]   1040 PDA.3.11     E=0 S=0
2026-10-05 13:41:03 [INFO]   transactions 13:26:02 -> 13:41:02 : 15 lues en 1 page(s), 12 musee
2026-10-05 13:41:03 [INFO] Dialogue borne : 1.0 s
2026-10-05 13:41:03 [INFO] Visiteurs du 2026-10-05 : 148 (source compteur, compteur 148, transactions 148)
2026-10-05 13:46:02 [INFO] Site visites libres : Pas de visites libres aujourd'hui
2026-10-05 13:46:02 [INFO] Site visites libres : pas de collecte (pas_jour_public).
2026-10-05 13:46:02 [INFO] Borne 192.168.2.10:5205 - compteurs du musee (Area 511 VISITES MUSEE)
2026-10-05 13:46:02 [INFO]   511 VISITES MUSEE E=107424 S=0
2026-10-05 13:46:02 [INFO]   512 ENTREE MUSEE E=107424 S=0
2026-10-05 13:46:02 [INFO]   1208 TRI-MUS-55   E=26566 S=0
2026-10-05 13:46:02 [INFO]   1209 TRI-MUS-56   E=53886 S=0
2026-10-05 13:46:02 [INFO]   1210 TRI-MUS-57   E=26972 S=0
2026-10-05 13:46:02 [INFO]   1040 PDA.3.11     E=0 S=0
2026-10-05 13:46:03 [INFO]   transactions 13:31:02 -> 13:46:02 : 17 lues en 1 page(s), 14 musee
2026-10-05 13:46:03 [INFO] Dialogue borne : 0.8 s
2026-10-05 13:46:03 [INFO] Visiteurs du 2026-10-05 : 153 (source compteur, compteur 153, transactions 153)
2026-10-05 13:51:02 [INFO] Site visites libres : Pas de visites libres aujourd'hui
2026-10-05 13:51:02 [INFO] Site visites libres : pas de collecte (pas_jour_public).
2026-10-05 13:51:02 [INFO] Borne 192.168.2.10:5205 - compteurs du musee (Area 511 VISITES MUSEE)
2026-10-05 13:51:02 [INFO]   511 VISITES MUSEE E=107435 S=0
2026-10-05 13:51:02 [INFO]   512 ENTREE MUSEE E=107435 S=0
2026-10-05 13:51:02 [INFO]   1208 TRI-MUS-55   E=26571 S=0
2026-10-05 13:51:02 [INFO]   1209 TRI-MUS-56   E=53890 S=0
2026-10-05 13:51:02 [INFO]   1210 TRI-MUS-57   E=26974 S=0
2026-10-05 13:51:02 [INFO]   1040 PDA.3.11     E=0 S=0
2026-10-05 13:51:03 [INFO]   transactions 13:36:02 -> 13:51:02 : 17 lues en 1 page(s), 17 musee
2026-10-05 13:51:03 [INFO] Dialogue borne : 1.0 s
2026-10-05 13:51:03 [INFO] Visiteurs du 2026-10-05 : 164 (source compteur, compteur 164, transactions 164)
2026-10-05 13:56:02 [INFO] Site visites libres : Pas de visites libres aujourd'hui
2026-10-05 13:56:02 [INFO] Site visites libres : pas de collecte (pas_jour_public).
2026-10-05 13:56:02 [INFO] Borne 192.168.2.10:5205 - compteurs du musee (Area 511 VISITES MUSEE)
2026-10-05 13:56:02 [INFO]   511 VISITES MUSEE E=107443 S=0
2026-10-05 13:56:02 [INFO]   512 ENTREE MUSEE E=107443 S=0
2026-10-05 13:56:02 [INFO]   1208 TRI-MUS-55   E=26576 S=0
2026-10-05 13:56:02 [INFO]   1209 TRI-MUS-56   E=53891 S=0
2026-10-05 13:56:02 [INFO]   1210 TRI-MUS-57   E=26976 S=0
2026-10-05 13:56:02 [INFO]   1040 PDA.3.11     E=0 S=0
2026-10-05 13:56:03 [INFO]   transactions 13:41:02 -> 13:56:02 : 24 lues en 1 page(s), 24 musee
2026-10-05 13:56:03 [INFO] Dialogue borne : 0.8 s
2026-10-05 13:56:03 [INFO] Visiteurs du 2026-10-05 : 172 (source compteur, compteur 172, transactions 172)
2026-10-05 14:01:02 [INFO] Site visites libres : Pas de visites libres aujourd'hui
2026-10-05 14:01:02 [INFO] Site visites libres : pas de collecte (pas_jour_public).
2026-10-05 14:01:02 [INFO] Borne 192.168.2.10:5205 - compteurs du musee (Area 511 VISITES MUSEE)
2026-10-05 14:01:02 [INFO]   511 VISITES MUSEE E=107449 S=0
2026-10-05 14:01:02 [INFO]   512 ENTREE MUSEE E=107449 S=0
2026-10-05 14:01:02 [INFO]   1208 TRI-MUS-55   E=26579 S=0
2026-10-05 14:01:02 [INFO]   1209 TRI-MUS-56   E=53893 S=0
2026-10-05 14:01:02 [INFO]   1210 TRI-MUS-57   E=26977 S=0
2026-10-05 14:01:02 [INFO]   1040 PDA.3.11     E=0 S=0
2026-10-05 14:01:03 [INFO]   transactions 13:46:02 -> 14:01:02 : 28 lues en 1 page(s), 27 musee
2026-10-05 14:01:03 [INFO] Dialogue borne : 0.9 s
2026-10-05 14:01:03 [INFO] Visiteurs du 2026-10-05 : 178 (source compteur, compteur 178, transactions 178)
2026-10-05 14:06:02 [INFO] Site visites libres : Pas de visites libres aujourd'hui
2026-10-05 14:06:02 [INFO] Site visites libres : pas de collecte (pas_jour_public).
2026-10-05 14:06:02 [INFO] Borne 192.168.2.10:5205 - compteurs du musee (Area 511 VISITES MUSEE)
2026-10-05 14:06:02 [INFO]   511 VISITES MUSEE E=107449 S=0
2026-10-05 14:06:02 [INFO]   512 ENTREE MUSEE E=107449 S=0
2026-10-05 14:06:02 [INFO]   1208 TRI-MUS-55   E=26579 S=0
2026-10-05 14:06:02 [INFO]   1209 TRI-MUS-56   E=53893 S=0
2026-10-05 14:06:02 [INFO]   1210 TRI-MUS-57   E=26977 S=0
2026-10-05 14:06:02 [INFO]   1040 PDA.3.11     E=0 S=0
2026-10-05 14:06:03 [INFO]   transactions 13:51:02 -> 14:06:02 : 18 lues en 1 page(s), 16 musee
2026-10-05 14:06:03 [INFO] Dialogue borne : 0.9 s
2026-10-05 14:06:03 [INFO] Visiteurs du 2026-10-05 : 178 (source compteur, compteur 178, transactions 178)
2026-10-05 14:11:02 [INFO] Site visites libres : Pas de visites libres aujourd'hui
2026-10-05 14:11:02 [INFO] Site visites libres : pas de collecte (pas_jour_public).
2026-10-05 14:11:02 [INFO] Borne 192.168.2.10:5205 - compteurs du musee (Area 511 VISITES MUSEE)
2026-10-05 14:11:02 [INFO]   511 VISITES MUSEE E=107452 S=0
2026-10-05 14:11:02 [INFO]   512 ENTREE MUSEE E=107452 S=0
2026-10-05 14:11:02 [INFO]   1208 TRI-MUS-55   E=26580 S=0
2026-10-05 14:11:02 [INFO]   1209 TRI-MUS-56   E=53895 S=0
2026-10-05 14:11:02 [INFO]   1210 TRI-MUS-57   E=26977 S=0
2026-10-05 14:11:02 [INFO]   1040 PDA.3.11     E=0 S=0
2026-10-05 14:11:03 [INFO]   transactions 13:56:02 -> 14:11:02 : 18 lues en 1 page(s), 16 musee
2026-10-05 14:11:03 [INFO] Dialogue borne : 0.9 s
2026-10-05 14:11:03 [INFO] Visiteurs du 2026-10-05 : 181 (source compteur, compteur 181, transactions 181)
2026-10-05 14:16:02 [INFO] Site visites libres : Pas de visites libres aujourd'hui
2026-10-05 14:16:02 [INFO] Site visites libres : pas de collecte (pas_jour_public).
2026-10-05 14:16:02 [INFO] Borne 192.168.2.10:5205 - compteurs du musee (Area 511 VISITES MUSEE)
2026-10-05 14:16:02 [INFO]   511 VISITES MUSEE E=107456 S=0
2026-10-05 14:16:02 [INFO]   512 ENTREE MUSEE E=107456 S=0
2026-10-05 14:16:02 [INFO]   1208 TRI-MUS-55   E=26581 S=0
2026-10-05 14:16:02 [INFO]   1209 TRI-MUS-56   E=53897 S=0
2026-10-05 14:16:02 [INFO]   1210 TRI-MUS-57   E=26978 S=0
2026-10-05 14:16:02 [INFO]   1040 PDA.3.11     E=0 S=0
2026-10-05 14:16:03 [INFO]   transactions 14:01:02 -> 14:16:02 : 13 lues en 1 page(s), 12 musee
2026-10-05 14:16:03 [INFO] Dialogue borne : 0.9 s
2026-10-05 14:16:03 [INFO] Visiteurs du 2026-10-05 : 185 (source compteur, compteur 185, transactions 185)
2026-10-05 14:21:02 [INFO] Site visites libres : Pas de visites libres aujourd'hui
2026-10-05 14:21:02 [INFO] Site visites libres : pas de collecte (pas_jour_public).
2026-10-05 14:21:02 [INFO] Borne 192.168.2.10:5205 - compteurs du musee (Area 511 VISITES MUSEE)
2026-10-05 14:21:02 [INFO]   511 VISITES MUSEE E=107456 S=0
2026-10-05 14:21:02 [INFO]   512 ENTREE MUSEE E=107456 S=0
2026-10-05 14:21:02 [INFO]   1208 TRI-MUS-55   E=26581 S=0
2026-10-05 14:21:02 [INFO]   1209 TRI-MUS-56   E=53897 S=0
2026-10-05 14:21:02 [INFO]   1210 TRI-MUS-57   E=26978 S=0
2026-10-05 14:21:02 [INFO]   1040 PDA.3.11     E=0 S=0
2026-10-05 14:21:03 [INFO]   transactions 14:06:02 -> 14:21:02 : 12 lues en 1 page(s), 12 musee
2026-10-05 14:21:03 [INFO] Dialogue borne : 0.8 s
2026-10-05 14:21:03 [INFO] Visiteurs du 2026-10-05 : 185 (source compteur, compteur 185, transactions 185)
2026-10-05 14:26:02 [INFO] Site visites libres : Pas de visites libres aujourd'hui
2026-10-05 14:26:02 [INFO] Site visites libres : pas de collecte (pas_jour_public).
2026-10-05 14:26:02 [INFO] Borne 192.168.2.10:5205 - compteurs du musee (Area 511 VISITES MUSEE)
2026-10-05 14:26:02 [INFO]   511 VISITES MUSEE E=107458 S=0
2026-10-05 14:26:02 [INFO]   512 ENTREE MUSEE E=107458 S=0
2026-10-05 14:26:02 [INFO]   1208 TRI-MUS-55   E=26581 S=0
2026-10-05 14:26:02 [INFO]   1209 TRI-MUS-56   E=53899 S=0
2026-10-05 14:26:02 [INFO]   1210 TRI-MUS-57   E=26978 S=0
2026-10-05 14:26:02 [INFO]   1040 PDA.3.11     E=0 S=0
2026-10-05 14:26:03 [INFO]   transactions 14:11:02 -> 14:26:02 : 6 lues en 1 page(s), 6 musee
2026-10-05 14:26:03 [INFO] Dialogue borne : 0.8 s
2026-10-05 14:26:03 [INFO] Visiteurs du 2026-10-05 : 187 (source compteur, compteur 187, transactions 187)
2026-10-05 14:31:02 [INFO] Site visites libres : Pas de visites libres aujourd'hui
2026-10-05 14:31:02 [INFO] Site visites libres : pas de collecte (pas_jour_public).
2026-10-05 14:31:02 [INFO] Borne 192.168.2.10:5205 - compteurs du musee (Area 511 VISITES MUSEE)
2026-10-05 14:31:02 [INFO]   511 VISITES MUSEE E=107467 S=0
2026-10-05 14:31:02 [INFO]   512 ENTREE MUSEE E=107467 S=0
2026-10-05 14:31:02 [INFO]   1208 TRI-MUS-55   E=26585 S=0
2026-10-05 14:31:02 [INFO]   1209 TRI-MUS-56   E=53902 S=0
2026-10-05 14:31:02 [INFO]   1210 TRI-MUS-57   E=26980 S=0
2026-10-05 14:31:02 [INFO]   1040 PDA.3.11     E=0 S=0
2026-10-05 14:31:03 [INFO]   transactions 14:16:02 -> 14:31:02 : 12 lues en 1 page(s), 12 musee
2026-10-05 14:31:03 [INFO] Dialogue borne : 0.8 s
2026-10-05 14:31:03 [INFO] Visiteurs du 2026-10-05 : 196 (source compteur, compteur 196, transactions 196)
2026-10-05 14:36:02 [INFO] Site visites libres : Pas de visites libres aujourd'hui
2026-10-05 14:36:02 [INFO] Site visites libres : pas de collecte (pas_jour_public).
2026-10-05 14:36:02 [INFO] Borne 192.168.2.10:5205 - compteurs du musee (Area 511 VISITES MUSEE)
2026-10-05 14:36:02 [INFO]   511 VISITES MUSEE E=107469 S=0
2026-10-05 14:36:02 [INFO]   512 ENTREE MUSEE E=107469 S=0
2026-10-05 14:36:02 [INFO]   1208 TRI-MUS-55   E=26585 S=0
2026-10-05 14:36:02 [INFO]   1209 TRI-MUS-56   E=53903 S=0
2026-10-05 14:36:02 [INFO]   1210 TRI-MUS-57   E=26981 S=0
2026-10-05 14:36:02 [INFO]   1040 PDA.3.11     E=0 S=0
2026-10-05 14:36:03 [INFO]   transactions 14:21:02 -> 14:36:02 : 14 lues en 1 page(s), 14 musee
2026-10-05 14:36:03 [INFO] Dialogue borne : 1.0 s
2026-10-05 14:36:03 [INFO] Visiteurs du 2026-10-05 : 198 (source compteur, compteur 198, transactions 198)
2026-10-05 14:41:02 [INFO] Site visites libres : Pas de visites libres aujourd'hui
2026-10-05 14:41:02 [INFO] Site visites libres : pas de collecte (pas_jour_public).
2026-10-05 14:41:02 [INFO] Borne 192.168.2.10:5205 - compteurs du musee (Area 511 VISITES MUSEE)
2026-10-05 14:41:02 [INFO]   511 VISITES MUSEE E=107471 S=0
2026-10-05 14:41:02 [INFO]   512 ENTREE MUSEE E=107471 S=0
2026-10-05 14:41:02 [INFO]   1208 TRI-MUS-55   E=26585 S=0
2026-10-05 14:41:02 [INFO]   1209 TRI-MUS-56   E=53904 S=0
2026-10-05 14:41:02 [INFO]   1210 TRI-MUS-57   E=26982 S=0
2026-10-05 14:41:02 [INFO]   1040 PDA.3.11     E=0 S=0
2026-10-05 14:41:03 [INFO]   transactions 14:26:02 -> 14:41:02 : 14 lues en 1 page(s), 14 musee
2026-10-05 14:41:03 [INFO] Dialogue borne : 0.8 s
2026-10-05 14:41:03 [INFO] Visiteurs du 2026-10-05 : 200 (source compteur, compteur 200, transactions 200)
2026-10-05 14:46:02 [INFO] Site visites libres : Pas de visites libres aujourd'hui
2026-10-05 14:46:02 [INFO] Site visites libres : pas de collecte (pas_jour_public).
2026-10-05 14:46:02 [INFO] Borne 192.168.2.10:5205 - compteurs du musee (Area 511 VISITES MUSEE)
2026-10-05 14:46:02 [INFO]   511 VISITES MUSEE E=107472 S=0
2026-10-05 14:46:02 [INFO]   512 ENTREE MUSEE E=107472 S=0
2026-10-05 14:46:02 [INFO]   1208 TRI-MUS-55   E=26585 S=0
2026-10-05 14:46:02 [INFO]   1209 TRI-MUS-56   E=53905 S=0
2026-10-05 14:46:02 [INFO]   1210 TRI-MUS-57   E=26982 S=0
2026-10-05 14:46:02 [INFO]   1040 PDA.3.11     E=0 S=0
2026-10-05 14:46:03 [INFO]   transactions 14:31:02 -> 14:46:02 : 6 lues en 1 page(s), 5 musee
2026-10-05 14:46:03 [INFO] Dialogue borne : 0.8 s
2026-10-05 14:46:03 [INFO] Visiteurs du 2026-10-05 : 201 (source compteur, compteur 201, transactions 201)
2026-10-05 14:51:02 [INFO] Site visites libres : Pas de visites libres aujourd'hui
2026-10-05 14:51:02 [INFO] Site visites libres : pas de collecte (pas_jour_public).
2026-10-05 14:51:02 [INFO] Borne 192.168.2.10:5205 - compteurs du musee (Area 511 VISITES MUSEE)
2026-10-05 14:51:02 [INFO]   511 VISITES MUSEE E=107472 S=0
2026-10-05 14:51:02 [INFO]   512 ENTREE MUSEE E=107472 S=0
2026-10-05 14:51:02 [INFO]   1208 TRI-MUS-55   E=26585 S=0
2026-10-05 14:51:02 [INFO]   1209 TRI-MUS-56   E=53905 S=0
2026-10-05 14:51:02 [INFO]   1210 TRI-MUS-57   E=26982 S=0
2026-10-05 14:51:02 [INFO]   1040 PDA.3.11     E=0 S=0
2026-10-05 14:51:03 [INFO]   transactions 14:36:02 -> 14:51:02 : 4 lues en 1 page(s), 3 musee
2026-10-05 14:51:03 [INFO] Dialogue borne : 0.8 s
2026-10-05 14:51:03 [INFO] Visiteurs du 2026-10-05 : 201 (source compteur, compteur 201, transactions 201)
2026-10-05 14:56:02 [INFO] Site visites libres : Pas de visites libres aujourd'hui
2026-10-05 14:56:02 [INFO] Site visites libres : pas de collecte (pas_jour_public).
2026-10-05 14:56:02 [INFO] Borne 192.168.2.10:5205 - compteurs du musee (Area 511 VISITES MUSEE)
2026-10-05 14:56:02 [INFO]   511 VISITES MUSEE E=107474 S=0
2026-10-05 14:56:02 [INFO]   512 ENTREE MUSEE E=107474 S=0
2026-10-05 14:56:02 [INFO]   1208 TRI-MUS-55   E=26585 S=0
2026-10-05 14:56:02 [INFO]   1209 TRI-MUS-56   E=53906 S=0
2026-10-05 14:56:02 [INFO]   1210 TRI-MUS-57   E=26983 S=0
2026-10-05 14:56:02 [INFO]   1040 PDA.3.11     E=0 S=0
2026-10-05 14:56:03 [INFO]   transactions 14:41:02 -> 14:56:02 : 4 lues en 1 page(s), 3 musee
2026-10-05 14:56:03 [INFO] Dialogue borne : 0.9 s
2026-10-05 14:56:03 [INFO] Visiteurs du 2026-10-05 : 203 (source compteur, compteur 203, transactions 203)
2026-10-05 15:01:02 [INFO] Site visites libres : Pas de visites libres aujourd'hui
2026-10-05 15:01:02 [INFO] Site visites libres : pas de collecte (pas_jour_public).
2026-10-05 15:01:02 [INFO] Borne 192.168.2.10:5205 - compteurs du musee (Area 511 VISITES MUSEE)
2026-10-05 15:01:02 [INFO]   511 VISITES MUSEE E=107476 S=0
2026-10-05 15:01:02 [INFO]   512 ENTREE MUSEE E=107476 S=0
2026-10-05 15:01:02 [INFO]   1208 TRI-MUS-55   E=26585 S=0
2026-10-05 15:01:02 [INFO]   1209 TRI-MUS-56   E=53907 S=0
2026-10-05 15:01:02 [INFO]   1210 TRI-MUS-57   E=26984 S=0
2026-10-05 15:01:02 [INFO]   1040 PDA.3.11     E=0 S=0
2026-10-05 15:01:03 [INFO]   transactions 14:46:02 -> 15:01:02 : 4 lues en 1 page(s), 4 musee
2026-10-05 15:01:03 [INFO] Dialogue borne : 1.0 s
2026-10-05 15:01:03 [INFO] Visiteurs du 2026-10-05 : 205 (source compteur, compteur 205, transactions 205)
2026-10-05 15:06:02 [INFO] Site visites libres : Pas de visites libres aujourd'hui
2026-10-05 15:06:02 [INFO] Site visites libres : pas de collecte (pas_jour_public).
2026-10-05 15:06:02 [INFO] Borne 192.168.2.10:5205 - compteurs du musee (Area 511 VISITES MUSEE)
2026-10-05 15:06:02 [INFO]   511 VISITES MUSEE E=107480 S=0
2026-10-05 15:06:02 [INFO]   512 ENTREE MUSEE E=107480 S=0
2026-10-05 15:06:02 [INFO]   1208 TRI-MUS-55   E=26585 S=0
2026-10-05 15:06:02 [INFO]   1209 TRI-MUS-56   E=53909 S=0
2026-10-05 15:06:02 [INFO]   1210 TRI-MUS-57   E=26986 S=0
2026-10-05 15:06:02 [INFO]   1040 PDA.3.11     E=0 S=0
2026-10-05 15:06:03 [INFO]   transactions 14:51:02 -> 15:06:02 : 8 lues en 1 page(s), 8 musee
2026-10-05 15:06:03 [INFO] Dialogue borne : 0.9 s
2026-10-05 15:06:03 [INFO] Visiteurs du 2026-10-05 : 209 (source compteur, compteur 209, transactions 209)
2026-10-05 15:11:02 [INFO] Site visites libres : Pas de visites libres aujourd'hui
2026-10-05 15:11:02 [INFO] Site visites libres : pas de collecte (pas_jour_public).
2026-10-05 15:11:02 [INFO] Borne 192.168.2.10:5205 - compteurs du musee (Area 511 VISITES MUSEE)
2026-10-05 15:11:02 [INFO]   511 VISITES MUSEE E=107480 S=0
2026-10-05 15:11:02 [INFO]   512 ENTREE MUSEE E=107480 S=0
2026-10-05 15:11:02 [INFO]   1208 TRI-MUS-55   E=26585 S=0
2026-10-05 15:11:02 [INFO]   1209 TRI-MUS-56   E=53909 S=0
2026-10-05 15:11:02 [INFO]   1210 TRI-MUS-57   E=26986 S=0
2026-10-05 15:11:02 [INFO]   1040 PDA.3.11     E=0 S=0
2026-10-05 15:11:03 [INFO]   transactions 14:56:02 -> 15:11:02 : 6 lues en 1 page(s), 6 musee
2026-10-05 15:11:03 [INFO] Dialogue borne : 1.0 s
2026-10-05 15:11:03 [INFO] Visiteurs du 2026-10-05 : 209 (source compteur, compteur 209, transactions 209)
2026-10-05 15:16:02 [INFO] Site visites libres : Pas de visites libres aujourd'hui
2026-10-05 15:16:02 [INFO] Site visites libres : pas de collecte (pas_jour_public).
2026-10-05 15:16:02 [INFO] Borne 192.168.2.10:5205 - compteurs du musee (Area 511 VISITES MUSEE)
2026-10-05 15:16:02 [INFO]   511 VISITES MUSEE E=107484 S=0
2026-10-05 15:16:02 [INFO]   512 ENTREE MUSEE E=107484 S=0
2026-10-05 15:16:02 [INFO]   1208 TRI-MUS-55   E=26586 S=0
2026-10-05 15:16:02 [INFO]   1209 TRI-MUS-56   E=53911 S=0
2026-10-05 15:16:02 [INFO]   1210 TRI-MUS-57   E=26987 S=0
2026-10-05 15:16:02 [INFO]   1040 PDA.3.11     E=0 S=0
2026-10-05 15:16:03 [INFO]   transactions 15:01:02 -> 15:16:02 : 9 lues en 1 page(s), 9 musee
2026-10-05 15:16:03 [INFO] Dialogue borne : 0.8 s
2026-10-05 15:16:03 [INFO] Visiteurs du 2026-10-05 : 213 (source compteur, compteur 213, transactions 213)
2026-10-05 15:21:02 [INFO] Site visites libres : Pas de visites libres aujourd'hui
2026-10-05 15:21:02 [INFO] Site visites libres : pas de collecte (pas_jour_public).
2026-10-05 15:21:02 [INFO] Borne 192.168.2.10:5205 - compteurs du musee (Area 511 VISITES MUSEE)
2026-10-05 15:21:02 [INFO]   511 VISITES MUSEE E=107487 S=0
2026-10-05 15:21:02 [INFO]   512 ENTREE MUSEE E=107487 S=0
2026-10-05 15:21:02 [INFO]   1208 TRI-MUS-55   E=26587 S=0
2026-10-05 15:21:02 [INFO]   1209 TRI-MUS-56   E=53912 S=0
2026-10-05 15:21:02 [INFO]   1210 TRI-MUS-57   E=26988 S=0
2026-10-05 15:21:02 [INFO]   1040 PDA.3.11     E=0 S=0
2026-10-05 15:21:03 [INFO]   transactions 15:06:02 -> 15:21:02 : 10 lues en 1 page(s), 10 musee
2026-10-05 15:21:03 [INFO] Dialogue borne : 0.9 s
2026-10-05 15:21:03 [INFO] Visiteurs du 2026-10-05 : 216 (source compteur, compteur 216, transactions 216)
2026-10-05 15:26:02 [INFO] Site visites libres : Pas de visites libres aujourd'hui
2026-10-05 15:26:02 [INFO] Site visites libres : pas de collecte (pas_jour_public).
2026-10-05 15:26:02 [INFO] Borne 192.168.2.10:5205 - compteurs du musee (Area 511 VISITES MUSEE)
2026-10-05 15:26:02 [INFO]   511 VISITES MUSEE E=107487 S=0
2026-10-05 15:26:02 [INFO]   512 ENTREE MUSEE E=107487 S=0
2026-10-05 15:26:02 [INFO]   1208 TRI-MUS-55   E=26587 S=0
2026-10-05 15:26:02 [INFO]   1209 TRI-MUS-56   E=53912 S=0
2026-10-05 15:26:02 [INFO]   1210 TRI-MUS-57   E=26988 S=0
2026-10-05 15:26:02 [INFO]   1040 PDA.3.11     E=0 S=0
2026-10-05 15:26:03 [INFO]   transactions 15:11:02 -> 15:26:02 : 10 lues en 1 page(s), 10 musee
2026-10-05 15:26:03 [INFO] Dialogue borne : 0.9 s
2026-10-05 15:26:03 [INFO] Visiteurs du 2026-10-05 : 216 (source compteur, compteur 216, transactions 216)
2026-10-05 15:31:02 [INFO] Site visites libres : Pas de visites libres aujourd'hui
2026-10-05 15:31:02 [INFO] Site visites libres : pas de collecte (pas_jour_public).
2026-10-05 15:31:02 [INFO] Borne 192.168.2.10:5205 - compteurs du musee (Area 511 VISITES MUSEE)
2026-10-05 15:31:02 [INFO]   511 VISITES MUSEE E=107487 S=0
2026-10-05 15:31:02 [INFO]   512 ENTREE MUSEE E=107487 S=0
2026-10-05 15:31:02 [INFO]   1208 TRI-MUS-55   E=26587 S=0
2026-10-05 15:31:02 [INFO]   1209 TRI-MUS-56   E=53912 S=0
2026-10-05 15:31:02 [INFO]   1210 TRI-MUS-57   E=26988 S=0
2026-10-05 15:31:02 [INFO]   1040 PDA.3.11     E=0 S=0
2026-10-05 15:31:03 [INFO]   transactions 15:16:02 -> 15:31:02 : 5 lues en 1 page(s), 5 musee
2026-10-05 15:31:03 [INFO] Dialogue borne : 1.0 s
2026-10-05 15:31:03 [INFO] Visiteurs du 2026-10-05 : 216 (source compteur, compteur 216, transactions 216)
2026-10-05 15:36:02 [INFO] Site visites libres : Pas de visites libres aujourd'hui
2026-10-05 15:36:02 [INFO] Site visites libres : pas de collecte (pas_jour_public).
2026-10-05 15:36:02 [INFO] Borne 192.168.2.10:5205 - compteurs du musee (Area 511 VISITES MUSEE)
2026-10-05 15:36:02 [INFO]   511 VISITES MUSEE E=107492 S=0
2026-10-05 15:36:02 [INFO]   512 ENTREE MUSEE E=107492 S=0
2026-10-05 15:36:02 [INFO]   1208 TRI-MUS-55   E=26587 S=0
2026-10-05 15:36:02 [INFO]   1209 TRI-MUS-56   E=53916 S=0
2026-10-05 15:36:02 [INFO]   1210 TRI-MUS-57   E=26989 S=0
2026-10-05 15:36:02 [INFO]   1040 PDA.3.11     E=0 S=0
2026-10-05 15:36:03 [INFO]   transactions 15:21:02 -> 15:36:02 : 5 lues en 1 page(s), 5 musee
2026-10-05 15:36:03 [INFO] Dialogue borne : 1.0 s
2026-10-05 15:36:03 [INFO] Visiteurs du 2026-10-05 : 221 (source compteur, compteur 221, transactions 221)
2026-10-05 15:41:02 [INFO] Site visites libres : Pas de visites libres aujourd'hui
2026-10-05 15:41:02 [INFO] Site visites libres : pas de collecte (pas_jour_public).
2026-10-05 15:41:02 [INFO] Borne 192.168.2.10:5205 - compteurs du musee (Area 511 VISITES MUSEE)
2026-10-05 15:41:02 [INFO]   511 VISITES MUSEE E=107495 S=0
2026-10-05 15:41:02 [INFO]   512 ENTREE MUSEE E=107495 S=0
2026-10-05 15:41:02 [INFO]   1208 TRI-MUS-55   E=26587 S=0
2026-10-05 15:41:02 [INFO]   1209 TRI-MUS-56   E=53916 S=0
2026-10-05 15:41:02 [INFO]   1210 TRI-MUS-57   E=26992 S=0
2026-10-05 15:41:02 [INFO]   1040 PDA.3.11     E=0 S=0
2026-10-05 15:41:03 [INFO]   transactions 15:26:02 -> 15:41:02 : 8 lues en 1 page(s), 8 musee
2026-10-05 15:41:03 [INFO] Dialogue borne : 1.0 s
2026-10-05 15:41:03 [INFO] Visiteurs du 2026-10-05 : 224 (source compteur, compteur 224, transactions 224)
2026-10-05 15:46:02 [INFO] Site visites libres : Pas de visites libres aujourd'hui
2026-10-05 15:46:02 [INFO] Site visites libres : pas de collecte (pas_jour_public).
2026-10-05 15:46:02 [INFO] Borne 192.168.2.10:5205 - compteurs du musee (Area 511 VISITES MUSEE)
2026-10-05 15:46:02 [INFO]   511 VISITES MUSEE E=107503 S=0
2026-10-05 15:46:02 [INFO]   512 ENTREE MUSEE E=107503 S=0
2026-10-05 15:46:02 [INFO]   1208 TRI-MUS-55   E=26589 S=0
2026-10-05 15:46:02 [INFO]   1209 TRI-MUS-56   E=53918 S=0
2026-10-05 15:46:02 [INFO]   1210 TRI-MUS-57   E=26996 S=0
2026-10-05 15:46:02 [INFO]   1040 PDA.3.11     E=0 S=0
2026-10-05 15:46:03 [INFO]   transactions 15:31:02 -> 15:46:02 : 16 lues en 1 page(s), 16 musee
2026-10-05 15:46:03 [INFO] Dialogue borne : 0.8 s
2026-10-05 15:46:03 [INFO] Visiteurs du 2026-10-05 : 232 (source compteur, compteur 232, transactions 232)
2026-10-05 15:51:02 [INFO] Site visites libres : Pas de visites libres aujourd'hui
2026-10-05 15:51:02 [INFO] Site visites libres : pas de collecte (pas_jour_public).
2026-10-05 15:51:02 [INFO] Borne 192.168.2.10:5205 - compteurs du musee (Area 511 VISITES MUSEE)
2026-10-05 15:51:02 [INFO]   511 VISITES MUSEE E=107505 S=0
2026-10-05 15:51:02 [INFO]   512 ENTREE MUSEE E=107505 S=0
2026-10-05 15:51:02 [INFO]   1208 TRI-MUS-55   E=26589 S=0
2026-10-05 15:51:02 [INFO]   1209 TRI-MUS-56   E=53919 S=0
2026-10-05 15:51:02 [INFO]   1210 TRI-MUS-57   E=26997 S=0
2026-10-05 15:51:02 [INFO]   1040 PDA.3.11     E=0 S=0
2026-10-05 15:51:03 [INFO]   transactions 15:36:02 -> 15:51:02 : 13 lues en 1 page(s), 13 musee
2026-10-05 15:51:03 [INFO] Dialogue borne : 0.8 s
2026-10-05 15:51:03 [INFO] Visiteurs du 2026-10-05 : 234 (source compteur, compteur 234, transactions 234)
2026-10-05 15:56:02 [INFO] Site visites libres : Pas de visites libres aujourd'hui
2026-10-05 15:56:02 [INFO] Site visites libres : pas de collecte (pas_jour_public).
2026-10-05 15:56:02 [INFO] Borne 192.168.2.10:5205 - compteurs du musee (Area 511 VISITES MUSEE)
2026-10-05 15:56:02 [INFO]   511 VISITES MUSEE E=107505 S=0
2026-10-05 15:56:02 [INFO]   512 ENTREE MUSEE E=107505 S=0
2026-10-05 15:56:02 [INFO]   1208 TRI-MUS-55   E=26589 S=0
2026-10-05 15:56:02 [INFO]   1209 TRI-MUS-56   E=53919 S=0
2026-10-05 15:56:02 [INFO]   1210 TRI-MUS-57   E=26997 S=0
2026-10-05 15:56:02 [INFO]   1040 PDA.3.11     E=0 S=0
2026-10-05 15:56:03 [INFO]   transactions 15:41:02 -> 15:56:02 : 10 lues en 1 page(s), 10 musee
2026-10-05 15:56:03 [INFO] Dialogue borne : 0.8 s
2026-10-05 15:56:03 [INFO] Visiteurs du 2026-10-05 : 234 (source compteur, compteur 234, transactions 234)
2026-10-05 16:01:02 [INFO] Site visites libres : Pas de visites libres aujourd'hui
2026-10-05 16:01:02 [INFO] Site visites libres : pas de collecte (pas_jour_public).
2026-10-05 16:01:02 [INFO] Borne 192.168.2.10:5205 - compteurs du musee (Area 511 VISITES MUSEE)
2026-10-05 16:01:02 [INFO]   511 VISITES MUSEE E=107512 S=0
2026-10-05 16:01:02 [INFO]   512 ENTREE MUSEE E=107512 S=0
2026-10-05 16:01:02 [INFO]   1208 TRI-MUS-55   E=26590 S=0
2026-10-05 16:01:02 [INFO]   1209 TRI-MUS-56   E=53924 S=0
2026-10-05 16:01:02 [INFO]   1210 TRI-MUS-57   E=26998 S=0
2026-10-05 16:01:02 [INFO]   1040 PDA.3.11     E=0 S=0
2026-10-05 16:01:03 [INFO]   transactions 15:46:02 -> 16:01:02 : 8 lues en 1 page(s), 8 musee
2026-10-05 16:01:03 [INFO] Dialogue borne : 0.8 s
2026-10-05 16:01:03 [INFO] Visiteurs du 2026-10-05 : 241 (source compteur, compteur 241, transactions 240)
2026-10-05 16:06:02 [INFO] Site visites libres : Pas de visites libres aujourd'hui
2026-10-05 16:06:02 [INFO] Site visites libres : pas de collecte (pas_jour_public).
2026-10-05 16:06:02 [INFO] Borne 192.168.2.10:5205 - compteurs du musee (Area 511 VISITES MUSEE)
2026-10-05 16:06:02 [INFO]   511 VISITES MUSEE E=107512 S=0
2026-10-05 16:06:02 [INFO]   512 ENTREE MUSEE E=107512 S=0
2026-10-05 16:06:02 [INFO]   1208 TRI-MUS-55   E=26590 S=0
2026-10-05 16:06:02 [INFO]   1209 TRI-MUS-56   E=53924 S=0
2026-10-05 16:06:02 [INFO]   1210 TRI-MUS-57   E=26998 S=0
2026-10-05 16:06:02 [INFO]   1040 PDA.3.11     E=0 S=0
2026-10-05 16:06:03 [INFO]   transactions 15:51:02 -> 16:06:02 : 7 lues en 1 page(s), 7 musee
2026-10-05 16:06:03 [INFO] Dialogue borne : 1.1 s
2026-10-05 16:06:03 [INFO] Visiteurs du 2026-10-05 : 241 (source compteur, compteur 241, transactions 241)
2026-10-05 16:11:02 [INFO] Site visites libres : Pas de visites libres aujourd'hui
2026-10-05 16:11:02 [INFO] Site visites libres : pas de collecte (pas_jour_public).
2026-10-05 16:11:02 [INFO] Borne 192.168.2.10:5205 - compteurs du musee (Area 511 VISITES MUSEE)
2026-10-05 16:11:02 [INFO]   511 VISITES MUSEE E=107512 S=0
2026-10-05 16:11:02 [INFO]   512 ENTREE MUSEE E=107512 S=0
2026-10-05 16:11:02 [INFO]   1208 TRI-MUS-55   E=26590 S=0
2026-10-05 16:11:02 [INFO]   1209 TRI-MUS-56   E=53924 S=0
2026-10-05 16:11:02 [INFO]   1210 TRI-MUS-57   E=26998 S=0
2026-10-05 16:11:02 [INFO]   1040 PDA.3.11     E=0 S=0
2026-10-05 16:11:03 [INFO]   transactions 15:56:02 -> 16:11:02 : 7 lues en 1 page(s), 7 musee
2026-10-05 16:11:03 [INFO] Dialogue borne : 0.9 s
2026-10-05 16:11:03 [INFO] Visiteurs du 2026-10-05 : 241 (source compteur, compteur 241, transactions 241)
2026-10-05 16:16:02 [INFO] Site visites libres : Pas de visites libres aujourd'hui
2026-10-05 16:16:02 [INFO] Site visites libres : pas de collecte (pas_jour_public).
2026-10-05 16:16:02 [INFO] Borne 192.168.2.10:5205 - compteurs du musee (Area 511 VISITES MUSEE)
2026-10-05 16:16:02 [INFO]   511 VISITES MUSEE E=107512 S=0
2026-10-05 16:16:02 [INFO]   512 ENTREE MUSEE E=107512 S=0
2026-10-05 16:16:02 [INFO]   1208 TRI-MUS-55   E=26590 S=0
2026-10-05 16:16:02 [INFO]   1209 TRI-MUS-56   E=53924 S=0
2026-10-05 16:16:02 [INFO]   1210 TRI-MUS-57   E=26998 S=0
2026-10-05 16:16:02 [INFO]   1040 PDA.3.11     E=0 S=0
2026-10-05 16:16:03 [INFO]   transactions 16:01:02 -> 16:16:02 : 0 lues en 1 page(s), 0 musee
2026-10-05 16:16:03 [INFO] Dialogue borne : 0.9 s
2026-10-05 16:16:03 [INFO] Visiteurs du 2026-10-05 : 241 (source compteur, compteur 241, transactions 241)
2026-10-05 16:21:02 [INFO] Site visites libres : Pas de visites libres aujourd'hui
2026-10-05 16:21:02 [INFO] Site visites libres : pas de collecte (pas_jour_public).
2026-10-05 16:21:02 [INFO] Borne 192.168.2.10:5205 - compteurs du musee (Area 511 VISITES MUSEE)
2026-10-05 16:21:02 [INFO]   511 VISITES MUSEE E=107512 S=0
2026-10-05 16:21:02 [INFO]   512 ENTREE MUSEE E=107512 S=0
2026-10-05 16:21:02 [INFO]   1208 TRI-MUS-55   E=26590 S=0
2026-10-05 16:21:02 [INFO]   1209 TRI-MUS-56   E=53924 S=0
2026-10-05 16:21:02 [INFO]   1210 TRI-MUS-57   E=26998 S=0
2026-10-05 16:21:02 [INFO]   1040 PDA.3.11     E=0 S=0
2026-10-05 16:21:03 [INFO]   transactions 16:06:02 -> 16:21:02 : 0 lues en 1 page(s), 0 musee
2026-10-05 16:21:03 [INFO] Dialogue borne : 0.9 s
2026-10-05 16:21:03 [INFO] Visiteurs du 2026-10-05 : 241 (source compteur, compteur 241, transactions 241)
2026-10-05 16:26:02 [INFO] Site visites libres : Pas de visites libres aujourd'hui
2026-10-05 16:26:02 [INFO] Site visites libres : pas de collecte (pas_jour_public).
2026-10-05 16:26:02 [INFO] Borne 192.168.2.10:5205 - compteurs du musee (Area 511 VISITES MUSEE)
2026-10-05 16:26:02 [INFO]   511 VISITES MUSEE E=107515 S=0
2026-10-05 16:26:02 [INFO]   512 ENTREE MUSEE E=107515 S=0
2026-10-05 16:26:02 [INFO]   1208 TRI-MUS-55   E=26591 S=0
2026-10-05 16:26:02 [INFO]   1209 TRI-MUS-56   E=53924 S=0
2026-10-05 16:26:02 [INFO]   1210 TRI-MUS-57   E=27000 S=0
2026-10-05 16:26:02 [INFO]   1040 PDA.3.11     E=0 S=0
2026-10-05 16:26:03 [INFO]   transactions 16:11:02 -> 16:26:02 : 0 lues en 1 page(s), 0 musee
2026-10-05 16:26:03 [INFO] Dialogue borne : 0.9 s
2026-10-05 16:26:03 [INFO] Visiteurs du 2026-10-05 : 244 (source compteur, compteur 244, transactions 241)
2026-10-05 16:31:02 [INFO] Site visites libres : Pas de visites libres aujourd'hui
2026-10-05 16:31:02 [INFO] Site visites libres : pas de collecte (pas_jour_public).
2026-10-05 16:31:02 [INFO] Borne 192.168.2.10:5205 - compteurs du musee (Area 511 VISITES MUSEE)
2026-10-05 16:31:02 [INFO]   511 VISITES MUSEE E=107516 S=0
2026-10-05 16:31:02 [INFO]   512 ENTREE MUSEE E=107516 S=0
2026-10-05 16:31:02 [INFO]   1208 TRI-MUS-55   E=26591 S=0
2026-10-05 16:31:02 [INFO]   1209 TRI-MUS-56   E=53925 S=0
2026-10-05 16:31:02 [INFO]   1210 TRI-MUS-57   E=27000 S=0
2026-10-05 16:31:02 [INFO]   1040 PDA.3.11     E=0 S=0
2026-10-05 16:31:03 [INFO]   transactions 16:16:02 -> 16:31:02 : 4 lues en 1 page(s), 4 musee
2026-10-05 16:31:03 [INFO] Dialogue borne : 0.8 s
2026-10-05 16:31:03 [INFO] Visiteurs du 2026-10-05 : 245 (source compteur, compteur 245, transactions 245)
2026-10-05 16:36:02 [INFO] Site visites libres : Pas de visites libres aujourd'hui
2026-10-05 16:36:02 [INFO] Site visites libres : pas de collecte (pas_jour_public).
2026-10-05 16:36:02 [INFO] Borne 192.168.2.10:5205 - compteurs du musee (Area 511 VISITES MUSEE)
2026-10-05 16:36:02 [INFO]   511 VISITES MUSEE E=107516 S=0
2026-10-05 16:36:02 [INFO]   512 ENTREE MUSEE E=107516 S=0
2026-10-05 16:36:02 [INFO]   1208 TRI-MUS-55   E=26591 S=0
2026-10-05 16:36:02 [INFO]   1209 TRI-MUS-56   E=53925 S=0
2026-10-05 16:36:02 [INFO]   1210 TRI-MUS-57   E=27000 S=0
2026-10-05 16:36:02 [INFO]   1040 PDA.3.11     E=0 S=0
2026-10-05 16:36:03 [INFO]   transactions 16:21:02 -> 16:36:02 : 4 lues en 1 page(s), 4 musee
2026-10-05 16:36:03 [INFO] Dialogue borne : 0.8 s
2026-10-05 16:36:03 [INFO] Visiteurs du 2026-10-05 : 245 (source compteur, compteur 245, transactions 245)
2026-10-05 16:41:02 [INFO] Site visites libres : Pas de visites libres aujourd'hui
2026-10-05 16:41:02 [INFO] Site visites libres : pas de collecte (pas_jour_public).
2026-10-05 16:41:02 [INFO] Borne 192.168.2.10:5205 - compteurs du musee (Area 511 VISITES MUSEE)
2026-10-05 16:41:02 [INFO]   511 VISITES MUSEE E=107520 S=0
2026-10-05 16:41:02 [INFO]   512 ENTREE MUSEE E=107520 S=0
2026-10-05 16:41:02 [INFO]   1208 TRI-MUS-55   E=26592 S=0
2026-10-05 16:41:02 [INFO]   1209 TRI-MUS-56   E=53928 S=0
2026-10-05 16:41:02 [INFO]   1210 TRI-MUS-57   E=27000 S=0
2026-10-05 16:41:02 [INFO]   1040 PDA.3.11     E=0 S=0
2026-10-05 16:41:03 [INFO]   transactions 16:26:02 -> 16:41:02 : 5 lues en 1 page(s), 5 musee
2026-10-05 16:41:03 [INFO] Dialogue borne : 0.8 s
2026-10-05 16:41:03 [INFO] Visiteurs du 2026-10-05 : 249 (source compteur, compteur 249, transactions 249)
2026-10-05 16:46:02 [INFO] Site visites libres : Pas de visites libres aujourd'hui
2026-10-05 16:46:02 [INFO] Site visites libres : pas de collecte (pas_jour_public).
2026-10-05 16:46:02 [INFO] Borne 192.168.2.10:5205 - compteurs du musee (Area 511 VISITES MUSEE)
2026-10-05 16:46:02 [INFO]   511 VISITES MUSEE E=107520 S=0
2026-10-05 16:46:02 [INFO]   512 ENTREE MUSEE E=107520 S=0
2026-10-05 16:46:02 [INFO]   1208 TRI-MUS-55   E=26592 S=0
2026-10-05 16:46:02 [INFO]   1209 TRI-MUS-56   E=53928 S=0
2026-10-05 16:46:02 [INFO]   1210 TRI-MUS-57   E=27000 S=0
2026-10-05 16:46:02 [INFO]   1040 PDA.3.11     E=0 S=0
2026-10-05 16:46:03 [INFO]   transactions 16:31:02 -> 16:46:02 : 4 lues en 1 page(s), 4 musee
2026-10-05 16:46:03 [INFO] Dialogue borne : 1.0 s
2026-10-05 16:46:03 [INFO] Visiteurs du 2026-10-05 : 249 (source compteur, compteur 249, transactions 249)
2026-10-05 16:51:02 [INFO] Site visites libres : Pas de visites libres aujourd'hui
2026-10-05 16:51:02 [INFO] Site visites libres : pas de collecte (pas_jour_public).
2026-10-05 16:51:02 [INFO] Borne 192.168.2.10:5205 - compteurs du musee (Area 511 VISITES MUSEE)
2026-10-05 16:51:02 [INFO]   511 VISITES MUSEE E=107520 S=0
2026-10-05 16:51:02 [INFO]   512 ENTREE MUSEE E=107520 S=0
2026-10-05 16:51:02 [INFO]   1208 TRI-MUS-55   E=26592 S=0
2026-10-05 16:51:02 [INFO]   1209 TRI-MUS-56   E=53928 S=0
2026-10-05 16:51:02 [INFO]   1210 TRI-MUS-57   E=27000 S=0
2026-10-05 16:51:02 [INFO]   1040 PDA.3.11     E=0 S=0
2026-10-05 16:51:03 [INFO]   transactions 16:36:02 -> 16:51:02 : 4 lues en 1 page(s), 4 musee
2026-10-05 16:51:03 [INFO] Dialogue borne : 0.9 s
2026-10-05 16:51:03 [INFO] Visiteurs du 2026-10-05 : 249 (source compteur, compteur 249, transactions 249)
2026-10-05 16:56:02 [INFO] Site visites libres : Pas de visites libres aujourd'hui
2026-10-05 16:56:02 [INFO] Site visites libres : pas de collecte (pas_jour_public).
2026-10-05 16:56:02 [INFO] Borne 192.168.2.10:5205 - compteurs du musee (Area 511 VISITES MUSEE)
2026-10-05 16:56:02 [INFO]   511 VISITES MUSEE E=107520 S=0
2026-10-05 16:56:02 [INFO]   512 ENTREE MUSEE E=107520 S=0
2026-10-05 16:56:02 [INFO]   1208 TRI-MUS-55   E=26592 S=0
2026-10-05 16:56:02 [INFO]   1209 TRI-MUS-56   E=53928 S=0
2026-10-05 16:56:02 [INFO]   1210 TRI-MUS-57   E=27000 S=0
2026-10-05 16:56:02 [INFO]   1040 PDA.3.11     E=0 S=0
2026-10-05 16:56:03 [INFO]   transactions 16:41:02 -> 16:56:02 : 0 lues en 1 page(s), 0 musee
2026-10-05 16:56:03 [INFO] Dialogue borne : 1.0 s
2026-10-05 16:56:03 [INFO] Visiteurs du 2026-10-05 : 249 (source compteur, compteur 249, transactions 249)
2026-10-05 17:01:02 [INFO] Site visites libres : Pas de visites libres aujourd'hui
2026-10-05 17:01:02 [INFO] Site visites libres : pas de collecte (pas_jour_public).
2026-10-05 17:01:02 [INFO] Borne 192.168.2.10:5205 - compteurs du musee (Area 511 VISITES MUSEE)
2026-10-05 17:01:02 [INFO]   511 VISITES MUSEE E=107520 S=0
2026-10-05 17:01:02 [INFO]   512 ENTREE MUSEE E=107520 S=0
2026-10-05 17:01:02 [INFO]   1208 TRI-MUS-55   E=26592 S=0
2026-10-05 17:01:02 [INFO]   1209 TRI-MUS-56   E=53928 S=0
2026-10-05 17:01:02 [INFO]   1210 TRI-MUS-57   E=27000 S=0
2026-10-05 17:01:02 [INFO]   1040 PDA.3.11     E=0 S=0
2026-10-05 17:01:03 [INFO]   transactions 16:46:02 -> 17:01:02 : 0 lues en 1 page(s), 0 musee
2026-10-05 17:01:03 [INFO] Dialogue borne : 0.9 s
2026-10-05 17:01:03 [INFO] Visiteurs du 2026-10-05 : 249 (source compteur, compteur 249, transactions 249)
2026-10-05 17:06:02 [INFO] Site visites libres : Pas de visites libres aujourd'hui
2026-10-05 17:06:02 [INFO] Site visites libres : pas de collecte (pas_jour_public).
2026-10-05 17:06:02 [INFO] Borne 192.168.2.10:5205 - compteurs du musee (Area 511 VISITES MUSEE)
2026-10-05 17:06:02 [INFO]   511 VISITES MUSEE E=107520 S=0
2026-10-05 17:06:02 [INFO]   512 ENTREE MUSEE E=107520 S=0
2026-10-05 17:06:02 [INFO]   1208 TRI-MUS-55   E=26592 S=0
2026-10-05 17:06:02 [INFO]   1209 TRI-MUS-56   E=53928 S=0
2026-10-05 17:06:02 [INFO]   1210 TRI-MUS-57   E=27000 S=0
2026-10-05 17:06:02 [INFO]   1040 PDA.3.11     E=0 S=0
2026-10-05 17:06:03 [INFO]   transactions 16:51:02 -> 17:06:02 : 0 lues en 1 page(s), 0 musee
2026-10-05 17:06:03 [INFO] Dialogue borne : 1.0 s
2026-10-05 17:06:03 [INFO] Visiteurs du 2026-10-05 : 249 (source compteur, compteur 249, transactions 249)
2026-10-05 17:11:02 [INFO] Site visites libres : Pas de visites libres aujourd'hui
2026-10-05 17:11:02 [INFO] Site visites libres : pas de collecte (pas_jour_public).
2026-10-05 17:11:02 [INFO] Borne 192.168.2.10:5205 - compteurs du musee (Area 511 VISITES MUSEE)
2026-10-05 17:11:02 [INFO]   511 VISITES MUSEE E=107520 S=0
2026-10-05 17:11:02 [INFO]   512 ENTREE MUSEE E=107520 S=0
2026-10-05 17:11:02 [INFO]   1208 TRI-MUS-55   E=26592 S=0
2026-10-05 17:11:02 [INFO]   1209 TRI-MUS-56   E=53928 S=0
2026-10-05 17:11:02 [INFO]   1210 TRI-MUS-57   E=27000 S=0
2026-10-05 17:11:02 [INFO]   1040 PDA.3.11     E=0 S=0
2026-10-05 17:11:03 [INFO]   transactions 16:56:02 -> 17:11:02 : 0 lues en 1 page(s), 0 musee
2026-10-05 17:11:03 [INFO] Dialogue borne : 1.0 s
2026-10-05 17:11:03 [INFO] Visiteurs du 2026-10-05 : 249 (source compteur, compteur 249, transactions 249)
2026-10-05 17:16:02 [INFO] Site visites libres : Pas de visites libres aujourd'hui
2026-10-05 17:16:02 [INFO] Site visites libres : pas de collecte (pas_jour_public).
2026-10-05 17:16:02 [INFO] Borne 192.168.2.10:5205 - compteurs du musee (Area 511 VISITES MUSEE)
2026-10-05 17:16:02 [INFO]   511 VISITES MUSEE E=107520 S=0
2026-10-05 17:16:02 [INFO]   512 ENTREE MUSEE E=107520 S=0
2026-10-05 17:16:02 [INFO]   1208 TRI-MUS-55   E=26592 S=0
2026-10-05 17:16:02 [INFO]   1209 TRI-MUS-56   E=53928 S=0
2026-10-05 17:16:02 [INFO]   1210 TRI-MUS-57   E=27000 S=0
2026-10-05 17:16:02 [INFO]   1040 PDA.3.11     E=0 S=0
2026-10-05 17:16:03 [INFO]   transactions 17:01:02 -> 17:16:02 : 0 lues en 1 page(s), 0 musee
2026-10-05 17:16:03 [INFO] Dialogue borne : 0.9 s
2026-10-05 17:16:03 [INFO] Visiteurs du 2026-10-05 : 249 (source compteur, compteur 249, transactions 249)
2026-10-05 17:21:02 [INFO] Site visites libres : Pas de visites libres aujourd'hui
2026-10-05 17:21:02 [INFO] Site visites libres : pas de collecte (pas_jour_public).
2026-10-05 17:21:02 [INFO] Borne 192.168.2.10:5205 - compteurs du musee (Area 511 VISITES MUSEE)
2026-10-05 17:21:02 [INFO]   511 VISITES MUSEE E=107520 S=0
2026-10-05 17:21:02 [INFO]   512 ENTREE MUSEE E=107520 S=0
2026-10-05 17:21:02 [INFO]   1208 TRI-MUS-55   E=26592 S=0
2026-10-05 17:21:02 [INFO]   1209 TRI-MUS-56   E=53928 S=0
2026-10-05 17:21:02 [INFO]   1210 TRI-MUS-57   E=27000 S=0
2026-10-05 17:21:02 [INFO]   1040 PDA.3.11     E=0 S=0
2026-10-05 17:21:03 [INFO]   transactions 17:06:02 -> 17:21:02 : 0 lues en 1 page(s), 0 musee
2026-10-05 17:21:03 [INFO] Dialogue borne : 0.9 s
2026-10-05 17:21:03 [INFO] Visiteurs du 2026-10-05 : 249 (source compteur, compteur 249, transactions 249)
2026-10-05 17:26:02 [INFO] Site visites libres : Pas de visites libres aujourd'hui
2026-10-05 17:26:02 [INFO] Site visites libres : pas de collecte (pas_jour_public).
2026-10-05 17:26:02 [INFO] Borne 192.168.2.10:5205 - compteurs du musee (Area 511 VISITES MUSEE)
2026-10-05 17:26:02 [INFO]   511 VISITES MUSEE E=107520 S=0
2026-10-05 17:26:02 [INFO]   512 ENTREE MUSEE E=107520 S=0
2026-10-05 17:26:02 [INFO]   1208 TRI-MUS-55   E=26592 S=0
2026-10-05 17:26:02 [INFO]   1209 TRI-MUS-56   E=53928 S=0
2026-10-05 17:26:02 [INFO]   1210 TRI-MUS-57   E=27000 S=0
2026-10-05 17:26:02 [INFO]   1040 PDA.3.11     E=0 S=0
2026-10-05 17:26:03 [INFO]   transactions 17:11:02 -> 17:26:02 : 0 lues en 1 page(s), 0 musee
2026-10-05 17:26:03 [INFO] Dialogue borne : 0.8 s
2026-10-05 17:26:03 [INFO] Visiteurs du 2026-10-05 : 249 (source compteur, compteur 249, transactions 249)
2026-10-05 17:31:02 [INFO] Site visites libres : Pas de visites libres aujourd'hui
2026-10-05 17:31:02 [INFO] Site visites libres : pas de collecte (pas_jour_public).
2026-10-05 17:31:02 [INFO] Borne 192.168.2.10:5205 - compteurs du musee (Area 511 VISITES MUSEE)
2026-10-05 17:31:02 [INFO]   511 VISITES MUSEE E=107520 S=0
2026-10-05 17:31:02 [INFO]   512 ENTREE MUSEE E=107520 S=0
2026-10-05 17:31:02 [INFO]   1208 TRI-MUS-55   E=26592 S=0
2026-10-05 17:31:02 [INFO]   1209 TRI-MUS-56   E=53928 S=0
2026-10-05 17:31:02 [INFO]   1210 TRI-MUS-57   E=27000 S=0
2026-10-05 17:31:02 [INFO]   1040 PDA.3.11     E=0 S=0
2026-10-05 17:31:03 [INFO]   transactions 17:16:02 -> 17:31:02 : 0 lues en 1 page(s), 0 musee
2026-10-05 17:31:03 [INFO] Dialogue borne : 1.0 s
2026-10-05 17:31:03 [INFO] Visiteurs du 2026-10-05 : 249 (source compteur, compteur 249, transactions 249)
2026-10-05 17:36:02 [INFO] Site visites libres : Pas de visites libres aujourd'hui
2026-10-05 17:36:02 [INFO] Site visites libres : pas de collecte (pas_jour_public).
2026-10-05 17:36:02 [INFO] Borne 192.168.2.10:5205 - compteurs du musee (Area 511 VISITES MUSEE)
2026-10-05 17:36:02 [INFO]   511 VISITES MUSEE E=107520 S=0
2026-10-05 17:36:02 [INFO]   512 ENTREE MUSEE E=107520 S=0
2026-10-05 17:36:02 [INFO]   1208 TRI-MUS-55   E=26592 S=0
2026-10-05 17:36:02 [INFO]   1209 TRI-MUS-56   E=53928 S=0
2026-10-05 17:36:02 [INFO]   1210 TRI-MUS-57   E=27000 S=0
2026-10-05 17:36:02 [INFO]   1040 PDA.3.11     E=0 S=0
2026-10-05 17:36:03 [INFO]   transactions 17:21:02 -> 17:36:02 : 0 lues en 1 page(s), 0 musee
2026-10-05 17:36:03 [INFO] Dialogue borne : 0.8 s
2026-10-05 17:36:03 [INFO] Visiteurs du 2026-10-05 : 249 (source compteur, compteur 249, transactions 249)
2026-10-05 17:41:02 [INFO] Site visites libres : Pas de visites libres aujourd'hui
2026-10-05 17:41:02 [INFO] Site visites libres : pas de collecte (pas_jour_public).
2026-10-05 17:41:02 [INFO] Borne 192.168.2.10:5205 - compteurs du musee (Area 511 VISITES MUSEE)
2026-10-05 17:41:02 [INFO]   511 VISITES MUSEE E=107520 S=0
2026-10-05 17:41:02 [INFO]   512 ENTREE MUSEE E=107520 S=0
2026-10-05 17:41:02 [INFO]   1208 TRI-MUS-55   E=26592 S=0
2026-10-05 17:41:02 [INFO]   1209 TRI-MUS-56   E=53928 S=0
2026-10-05 17:41:02 [INFO]   1210 TRI-MUS-57   E=27000 S=0
2026-10-05 17:41:02 [INFO]   1040 PDA.3.11     E=0 S=0
2026-10-05 17:41:03 [INFO]   transactions 17:26:02 -> 17:41:02 : 0 lues en 1 page(s), 0 musee
2026-10-05 17:41:03 [INFO] Dialogue borne : 0.8 s
2026-10-05 17:41:03 [INFO] Visiteurs du 2026-10-05 : 249 (source compteur, compteur 249, transactions 249)
2026-10-05 17:46:02 [INFO] Site visites libres : Pas de visites libres aujourd'hui
2026-10-05 17:46:02 [INFO] Site visites libres : pas de collecte (pas_jour_public).
2026-10-05 17:46:02 [INFO] Borne 192.168.2.10:5205 - compteurs du musee (Area 511 VISITES MUSEE)
2026-10-05 17:46:02 [INFO]   511 VISITES MUSEE E=107520 S=0
2026-10-05 17:46:02 [INFO]   512 ENTREE MUSEE E=107520 S=0
2026-10-05 17:46:02 [INFO]   1208 TRI-MUS-55   E=26592 S=0
2026-10-05 17:46:02 [INFO]   1209 TRI-MUS-56   E=53928 S=0
2026-10-05 17:46:02 [INFO]   1210 TRI-MUS-57   E=27000 S=0
2026-10-05 17:46:02 [INFO]   1040 PDA.3.11     E=0 S=0
2026-10-05 17:46:03 [INFO]   transactions 17:31:02 -> 17:46:02 : 0 lues en 1 page(s), 0 musee
2026-10-05 17:46:03 [INFO] Dialogue borne : 0.8 s
2026-10-05 17:46:03 [INFO] Visiteurs du 2026-10-05 : 249 (source compteur, compteur 249, transactions 249)
2026-10-05 17:51:02 [INFO] Site visites libres : Pas de visites libres aujourd'hui
2026-10-05 17:51:02 [INFO] Site visites libres : pas de collecte (pas_jour_public).
2026-10-05 17:51:02 [INFO] Borne 192.168.2.10:5205 - compteurs du musee (Area 511 VISITES MUSEE)
2026-10-05 17:51:02 [INFO]   511 VISITES MUSEE E=107520 S=0
2026-10-05 17:51:02 [INFO]   512 ENTREE MUSEE E=107520 S=0
2026-10-05 17:51:02 [INFO]   1208 TRI-MUS-55   E=26592 S=0
2026-10-05 17:51:02 [INFO]   1209 TRI-MUS-56   E=53928 S=0
2026-10-05 17:51:02 [INFO]   1210 TRI-MUS-57   E=27000 S=0
2026-10-05 17:51:02 [INFO]   1040 PDA.3.11     E=0 S=0
2026-10-05 17:51:03 [INFO]   transactions 17:36:02 -> 17:51:02 : 0 lues en 1 page(s), 0 musee
2026-10-05 17:51:03 [INFO] Dialogue borne : 0.9 s
2026-10-05 17:51:03 [INFO] Visiteurs du 2026-10-05 : 249 (source compteur, compteur 249, transactions 249)
2026-10-05 17:56:02 [INFO] Site visites libres : Pas de visites libres aujourd'hui
2026-10-05 17:56:02 [INFO] Site visites libres : pas de collecte (pas_jour_public).
2026-10-05 17:56:02 [INFO] Borne 192.168.2.10:5205 - compteurs du musee (Area 511 VISITES MUSEE)
2026-10-05 17:56:02 [INFO]   511 VISITES MUSEE E=107520 S=0
2026-10-05 17:56:02 [INFO]   512 ENTREE MUSEE E=107520 S=0
2026-10-05 17:56:02 [INFO]   1208 TRI-MUS-55   E=26592 S=0
2026-10-05 17:56:02 [INFO]   1209 TRI-MUS-56   E=53928 S=0
2026-10-05 17:56:02 [INFO]   1210 TRI-MUS-57   E=27000 S=0
2026-10-05 17:56:02 [INFO]   1040 PDA.3.11     E=0 S=0
2026-10-05 17:56:03 [INFO]   transactions 17:41:02 -> 17:56:02 : 0 lues en 1 page(s), 0 musee
2026-10-05 17:56:03 [INFO] Dialogue borne : 0.8 s
2026-10-05 17:56:03 [INFO] Visiteurs du 2026-10-05 : 249 (source compteur, compteur 249, transactions 249)
2026-10-05 18:01:02 [INFO] Site visites libres : Pas de visites libres aujourd'hui
2026-10-05 18:01:02 [INFO] Site visites libres : pas de collecte (pas_jour_public).
2026-10-05 18:01:02 [INFO] Borne 192.168.2.10:5205 - compteurs du musee (Area 511 VISITES MUSEE)
2026-10-05 18:01:02 [INFO]   511 VISITES MUSEE E=107520 S=0
2026-10-05 18:01:02 [INFO]   512 ENTREE MUSEE E=107520 S=0
2026-10-05 18:01:02 [INFO]   1208 TRI-MUS-55   E=26592 S=0
2026-10-05 18:01:02 [INFO]   1209 TRI-MUS-56   E=53928 S=0
2026-10-05 18:01:02 [INFO]   1210 TRI-MUS-57   E=27000 S=0
2026-10-05 18:01:02 [INFO]   1040 PDA.3.11     E=0 S=0
2026-10-05 18:01:03 [INFO]   transactions 17:46:02 -> 18:01:02 : 0 lues en 1 page(s), 0 musee
2026-10-05 18:01:03 [INFO] Dialogue borne : 0.8 s
2026-10-05 18:01:03 [INFO] Visiteurs du 2026-10-05 : 249 (source compteur, compteur 249, transactions 249)
2026-10-05 18:06:02 [INFO] Site visites libres : Pas de visites libres aujourd'hui
2026-10-05 18:06:02 [INFO] Site visites libres : pas de collecte (pas_jour_public).
2026-10-05 18:06:02 [INFO] Borne 192.168.2.10:5205 - compteurs du musee (Area 511 VISITES MUSEE)
2026-10-05 18:06:02 [INFO]   511 VISITES MUSEE E=107520 S=0
2026-10-05 18:06:02 [INFO]   512 ENTREE MUSEE E=107520 S=0
2026-10-05 18:06:02 [INFO]   1208 TRI-MUS-55   E=26592 S=0
2026-10-05 18:06:02 [INFO]   1209 TRI-MUS-56   E=53928 S=0
2026-10-05 18:06:02 [INFO]   1210 TRI-MUS-57   E=27000 S=0
2026-10-05 18:06:02 [INFO]   1040 PDA.3.11     E=0 S=0
2026-10-05 18:06:03 [INFO]   transactions 17:51:02 -> 18:06:02 : 0 lues en 1 page(s), 0 musee
2026-10-05 18:06:03 [INFO] Dialogue borne : 1.0 s
2026-10-05 18:06:03 [INFO] Visiteurs du 2026-10-05 : 249 (source compteur, compteur 249, transactions 249)
2026-10-05 18:11:02 [INFO] Site visites libres : Pas de visites libres aujourd'hui
2026-10-05 18:11:02 [INFO] Site visites libres : pas de collecte (pas_jour_public).
2026-10-05 18:11:02 [INFO] Borne 192.168.2.10:5205 - compteurs du musee (Area 511 VISITES MUSEE)
2026-10-05 18:11:02 [INFO]   511 VISITES MUSEE E=107520 S=0
2026-10-05 18:11:02 [INFO]   512 ENTREE MUSEE E=107520 S=0
2026-10-05 18:11:02 [INFO]   1208 TRI-MUS-55   E=26592 S=0
2026-10-05 18:11:02 [INFO]   1209 TRI-MUS-56   E=53928 S=0
2026-10-05 18:11:02 [INFO]   1210 TRI-MUS-57   E=27000 S=0
2026-10-05 18:11:02 [INFO]   1040 PDA.3.11     E=0 S=0
2026-10-05 18:11:03 [INFO]   transactions 17:56:02 -> 18:11:02 : 0 lues en 1 page(s), 0 musee
2026-10-05 18:11:03 [INFO] Dialogue borne : 0.8 s
2026-10-05 18:11:03 [INFO] Visiteurs du 2026-10-05 : 249 (source compteur, compteur 249, transactions 249)
2026-10-05 18:16:02 [INFO] Site visites libres : Pas de visites libres aujourd'hui
2026-10-05 18:16:02 [INFO] Site visites libres : pas de collecte (pas_jour_public).
2026-10-05 18:16:02 [INFO] Borne 192.168.2.10:5205 - compteurs du musee (Area 511 VISITES MUSEE)
2026-10-05 18:16:02 [INFO]   511 VISITES MUSEE E=107520 S=0
2026-10-05 18:16:02 [INFO]   512 ENTREE MUSEE E=107520 S=0
2026-10-05 18:16:02 [INFO]   1208 TRI-MUS-55   E=26592 S=0
2026-10-05 18:16:02 [INFO]   1209 TRI-MUS-56   E=53928 S=0
2026-10-05 18:16:02 [INFO]   1210 TRI-MUS-57   E=27000 S=0
2026-10-05 18:16:02 [INFO]   1040 PDA.3.11     E=0 S=0
2026-10-05 18:16:03 [INFO]   transactions 18:01:02 -> 18:16:02 : 0 lues en 1 page(s), 0 musee
2026-10-05 18:16:03 [INFO] Dialogue borne : 0.8 s
2026-10-05 18:16:03 [INFO] Visiteurs du 2026-10-05 : 249 (source compteur, compteur 249, transactions 249)
2026-10-05 18:21:02 [INFO] Site visites libres : Pas de visites libres aujourd'hui
2026-10-05 18:21:02 [INFO] Site visites libres : pas de collecte (pas_jour_public).
2026-10-05 18:21:02 [INFO] Borne 192.168.2.10:5205 - compteurs du musee (Area 511 VISITES MUSEE)
2026-10-05 18:21:02 [INFO]   511 VISITES MUSEE E=107520 S=0
2026-10-05 18:21:02 [INFO]   512 ENTREE MUSEE E=107520 S=0
2026-10-05 18:21:02 [INFO]   1208 TRI-MUS-55   E=26592 S=0
2026-10-05 18:21:02 [INFO]   1209 TRI-MUS-56   E=53928 S=0
2026-10-05 18:21:02 [INFO]   1210 TRI-MUS-57   E=27000 S=0
2026-10-05 18:21:02 [INFO]   1040 PDA.3.11     E=0 S=0
2026-10-05 18:21:03 [INFO]   transactions 18:06:02 -> 18:21:02 : 0 lues en 1 page(s), 0 musee
2026-10-05 18:21:03 [INFO] Dialogue borne : 0.8 s
2026-10-05 18:21:03 [INFO] Visiteurs du 2026-10-05 : 249 (source compteur, compteur 249, transactions 249)
2026-10-05 18:26:02 [INFO] Site visites libres : Pas de visites libres aujourd'hui
2026-10-05 18:26:02 [INFO] Site visites libres : pas de collecte (pas_jour_public).
2026-10-05 18:26:02 [INFO] Borne 192.168.2.10:5205 - compteurs du musee (Area 511 VISITES MUSEE)
2026-10-05 18:26:02 [INFO]   511 VISITES MUSEE E=107520 S=0
2026-10-05 18:26:02 [INFO]   512 ENTREE MUSEE E=107520 S=0
2026-10-05 18:26:02 [INFO]   1208 TRI-MUS-55   E=26592 S=0
2026-10-05 18:26:02 [INFO]   1209 TRI-MUS-56   E=53928 S=0
2026-10-05 18:26:02 [INFO]   1210 TRI-MUS-57   E=27000 S=0
2026-10-05 18:26:02 [INFO]   1040 PDA.3.11     E=0 S=0
2026-10-05 18:26:03 [INFO]   transactions 18:11:02 -> 18:26:02 : 0 lues en 1 page(s), 0 musee
2026-10-05 18:26:03 [INFO] Dialogue borne : 0.9 s
2026-10-05 18:26:03 [INFO] Visiteurs du 2026-10-05 : 249 (source compteur, compteur 249, transactions 249)
2026-10-05 18:31:02 [INFO] Site visites libres : Pas de visites libres aujourd'hui
2026-10-05 18:31:02 [INFO] Site visites libres : pas de collecte (pas_jour_public).
2026-10-05 18:31:02 [INFO] Borne 192.168.2.10:5205 - compteurs du musee (Area 511 VISITES MUSEE)
2026-10-05 18:31:02 [INFO]   511 VISITES MUSEE E=107520 S=0
2026-10-05 18:31:02 [INFO]   512 ENTREE MUSEE E=107520 S=0
2026-10-05 18:31:02 [INFO]   1208 TRI-MUS-55   E=26592 S=0
2026-10-05 18:31:02 [INFO]   1209 TRI-MUS-56   E=53928 S=0
2026-10-05 18:31:02 [INFO]   1210 TRI-MUS-57   E=27000 S=0
2026-10-05 18:31:02 [INFO]   1040 PDA.3.11     E=0 S=0
2026-10-05 18:31:03 [INFO]   transactions 18:16:02 -> 18:31:02 : 0 lues en 1 page(s), 0 musee
2026-10-05 18:31:03 [INFO] Dialogue borne : 1.0 s
2026-10-05 18:31:03 [INFO] Visiteurs du 2026-10-05 : 249 (source compteur, compteur 249, transactions 249)
2026-10-05 18:36:02 [INFO] Site visites libres : Pas de visites libres aujourd'hui
2026-10-05 18:36:02 [INFO] Site visites libres : pas de collecte (pas_jour_public).
2026-10-05 18:36:02 [INFO] Borne 192.168.2.10:5205 - compteurs du musee (Area 511 VISITES MUSEE)
2026-10-05 18:36:02 [INFO]   511 VISITES MUSEE E=107520 S=0
2026-10-05 18:36:02 [INFO]   512 ENTREE MUSEE E=107520 S=0
2026-10-05 18:36:02 [INFO]   1208 TRI-MUS-55   E=26592 S=0
2026-10-05 18:36:02 [INFO]   1209 TRI-MUS-56   E=53928 S=0
2026-10-05 18:36:02 [INFO]   1210 TRI-MUS-57   E=27000 S=0
2026-10-05 18:36:02 [INFO]   1040 PDA.3.11     E=0 S=0
2026-10-05 18:36:03 [INFO]   transactions 18:21:02 -> 18:36:02 : 0 lues en 1 page(s), 0 musee
2026-10-05 18:36:03 [INFO] Dialogue borne : 0.8 s
2026-10-05 18:36:03 [INFO] Visiteurs du 2026-10-05 : 249 (source compteur, compteur 249, transactions 249)
2026-10-05 18:41:02 [INFO] Site visites libres : Pas de visites libres aujourd'hui
2026-10-05 18:41:02 [INFO] Site visites libres : pas de collecte (pas_jour_public).
2026-10-05 18:41:02 [INFO] Borne 192.168.2.10:5205 - compteurs du musee (Area 511 VISITES MUSEE)
2026-10-05 18:41:02 [INFO]   511 VISITES MUSEE E=107520 S=0
2026-10-05 18:41:02 [INFO]   512 ENTREE MUSEE E=107520 S=0
2026-10-05 18:41:02 [INFO]   1208 TRI-MUS-55   E=26592 S=0
2026-10-05 18:41:02 [INFO]   1209 TRI-MUS-56   E=53928 S=0
2026-10-05 18:41:02 [INFO]   1210 TRI-MUS-57   E=27000 S=0
2026-10-05 18:41:02 [INFO]   1040 PDA.3.11     E=0 S=0
2026-10-05 18:41:03 [INFO]   transactions 18:26:02 -> 18:41:02 : 0 lues en 1 page(s), 0 musee
2026-10-05 18:41:03 [INFO] Dialogue borne : 0.9 s
2026-10-05 18:41:03 [INFO] Visiteurs du 2026-10-05 : 249 (source compteur, compteur 249, transactions 249)
2026-10-05 18:46:02 [INFO] Site visites libres : Pas de visites libres aujourd'hui
2026-10-05 18:46:02 [INFO] Site visites libres : pas de collecte (pas_jour_public).
2026-10-05 18:46:02 [INFO] Borne 192.168.2.10:5205 - compteurs du musee (Area 511 VISITES MUSEE)
2026-10-05 18:46:02 [INFO]   511 VISITES MUSEE E=107520 S=0
2026-10-05 18:46:02 [INFO]   512 ENTREE MUSEE E=107520 S=0
2026-10-05 18:46:02 [INFO]   1208 TRI-MUS-55   E=26592 S=0
2026-10-05 18:46:02 [INFO]   1209 TRI-MUS-56   E=53928 S=0
2026-10-05 18:46:02 [INFO]   1210 TRI-MUS-57   E=27000 S=0
2026-10-05 18:46:02 [INFO]   1040 PDA.3.11     E=0 S=0
2026-10-05 18:46:03 [INFO]   transactions 18:31:02 -> 18:46:02 : 0 lues en 1 page(s), 0 musee
2026-10-05 18:46:03 [INFO] Dialogue borne : 0.9 s
2026-10-05 18:46:03 [INFO] Visiteurs du 2026-10-05 : 249 (source compteur, compteur 249, transactions 249)
2026-10-05 18:51:02 [INFO] Site visites libres : Pas de visites libres aujourd'hui
2026-10-05 18:51:02 [INFO] Site visites libres : pas de collecte (pas_jour_public).
2026-10-05 18:51:02 [INFO] Borne 192.168.2.10:5205 - compteurs du musee (Area 511 VISITES MUSEE)
2026-10-05 18:51:02 [INFO]   511 VISITES MUSEE E=107520 S=0
2026-10-05 18:51:02 [INFO]   512 ENTREE MUSEE E=107520 S=0
2026-10-05 18:51:02 [INFO]   1208 TRI-MUS-55   E=26592 S=0
2026-10-05 18:51:02 [INFO]   1209 TRI-MUS-56   E=53928 S=0
2026-10-05 18:51:02 [INFO]   1210 TRI-MUS-57   E=27000 S=0
2026-10-05 18:51:02 [INFO]   1040 PDA.3.11     E=0 S=0
2026-10-05 18:51:03 [INFO]   transactions 18:36:02 -> 18:51:02 : 0 lues en 1 page(s), 0 musee
2026-10-05 18:51:03 [INFO] Dialogue borne : 0.9 s
2026-10-05 18:51:03 [INFO] Visiteurs du 2026-10-05 : 249 (source compteur, compteur 249, transactions 249)
2026-10-05 18:56:02 [INFO] Site visites libres : Pas de visites libres aujourd'hui
2026-10-05 18:56:02 [INFO] Site visites libres : pas de collecte (pas_jour_public).
2026-10-05 18:56:02 [INFO] Borne 192.168.2.10:5205 - compteurs du musee (Area 511 VISITES MUSEE)
2026-10-05 18:56:02 [INFO]   511 VISITES MUSEE E=107520 S=0
2026-10-05 18:56:02 [INFO]   512 ENTREE MUSEE E=107520 S=0
2026-10-05 18:56:02 [INFO]   1208 TRI-MUS-55   E=26592 S=0
2026-10-05 18:56:02 [INFO]   1209 TRI-MUS-56   E=53928 S=0
2026-10-05 18:56:02 [INFO]   1210 TRI-MUS-57   E=27000 S=0
2026-10-05 18:56:02 [INFO]   1040 PDA.3.11     E=0 S=0
2026-10-05 18:56:03 [INFO]   transactions 18:41:02 -> 18:56:02 : 0 lues en 1 page(s), 0 musee
2026-10-05 18:56:03 [INFO] Dialogue borne : 0.9 s
2026-10-05 18:56:03 [INFO] Visiteurs du 2026-10-05 : 249 (source compteur, compteur 249, transactions 249)
2026-10-05 19:01:02 [INFO] Site visites libres : Pas de visites libres aujourd'hui
2026-10-05 19:01:02 [INFO] Site visites libres : pas de collecte (pas_jour_public).
2026-10-05 19:01:02 [INFO] Borne 192.168.2.10:5205 - compteurs du musee (Area 511 VISITES MUSEE)
2026-10-05 19:01:02 [INFO]   511 VISITES MUSEE E=107520 S=0
2026-10-05 19:01:02 [INFO]   512 ENTREE MUSEE E=107520 S=0
2026-10-05 19:01:02 [INFO]   1208 TRI-MUS-55   E=26592 S=0
2026-10-05 19:01:02 [INFO]   1209 TRI-MUS-56   E=53928 S=0
2026-10-05 19:01:02 [INFO]   1210 TRI-MUS-57   E=27000 S=0
2026-10-05 19:01:02 [INFO]   1040 PDA.3.11     E=0 S=0
2026-10-05 19:01:03 [INFO]   transactions 18:46:02 -> 19:01:02 : 0 lues en 1 page(s), 0 musee
2026-10-05 19:01:03 [INFO] Dialogue borne : 0.9 s
2026-10-05 19:01:03 [INFO] Visiteurs du 2026-10-05 : 249 (source compteur, compteur 249, transactions 249)
2026-10-05 19:06:02 [INFO] Site visites libres : Pas de visites libres aujourd'hui
2026-10-05 19:06:02 [INFO] Site visites libres : pas de collecte (pas_jour_public).
2026-10-05 19:06:02 [INFO] Borne 192.168.2.10:5205 - compteurs du musee (Area 511 VISITES MUSEE)
2026-10-05 19:06:02 [INFO]   511 VISITES MUSEE E=107520 S=0
2026-10-05 19:06:02 [INFO]   512 ENTREE MUSEE E=107520 S=0
2026-10-05 19:06:02 [INFO]   1208 TRI-MUS-55   E=26592 S=0
2026-10-05 19:06:02 [INFO]   1209 TRI-MUS-56   E=53928 S=0
2026-10-05 19:06:02 [INFO]   1210 TRI-MUS-57   E=27000 S=0
2026-10-05 19:06:02 [INFO]   1040 PDA.3.11     E=0 S=0
2026-10-05 19:06:03 [INFO]   transactions 18:51:02 -> 19:06:02 : 0 lues en 1 page(s), 0 musee
2026-10-05 19:06:03 [INFO] Dialogue borne : 0.9 s
2026-10-05 19:06:03 [INFO] Visiteurs du 2026-10-05 : 249 (source compteur, compteur 249, transactions 249)
2026-10-05 19:11:02 [INFO] Site visites libres : Pas de visites libres aujourd'hui
2026-10-05 19:11:02 [INFO] Site visites libres : pas de collecte (pas_jour_public).
2026-10-05 19:11:02 [INFO] Borne 192.168.2.10:5205 - compteurs du musee (Area 511 VISITES MUSEE)
2026-10-05 19:11:02 [INFO]   511 VISITES MUSEE E=107520 S=0
2026-10-05 19:11:02 [INFO]   512 ENTREE MUSEE E=107520 S=0
2026-10-05 19:11:02 [INFO]   1208 TRI-MUS-55   E=26592 S=0
2026-10-05 19:11:02 [INFO]   1209 TRI-MUS-56   E=53928 S=0
2026-10-05 19:11:02 [INFO]   1210 TRI-MUS-57   E=27000 S=0
2026-10-05 19:11:02 [INFO]   1040 PDA.3.11     E=0 S=0
2026-10-05 19:11:03 [INFO]   transactions 18:56:02 -> 19:11:02 : 0 lues en 1 page(s), 0 musee
2026-10-05 19:11:03 [INFO] Dialogue borne : 0.9 s
2026-10-05 19:11:03 [INFO] Visiteurs du 2026-10-05 : 249 (source compteur, compteur 249, transactions 249)
2026-10-05 19:16:02 [INFO] Site visites libres : Pas de visites libres aujourd'hui
2026-10-05 19:16:02 [INFO] Site visites libres : pas de collecte (pas_jour_public).
2026-10-05 19:16:02 [INFO] Borne 192.168.2.10:5205 - compteurs du musee (Area 511 VISITES MUSEE)
2026-10-05 19:16:02 [INFO]   511 VISITES MUSEE E=107520 S=0
2026-10-05 19:16:02 [INFO]   512 ENTREE MUSEE E=107520 S=0
2026-10-05 19:16:02 [INFO]   1208 TRI-MUS-55   E=26592 S=0
2026-10-05 19:16:02 [INFO]   1209 TRI-MUS-56   E=53928 S=0
2026-10-05 19:16:02 [INFO]   1210 TRI-MUS-57   E=27000 S=0
2026-10-05 19:16:02 [INFO]   1040 PDA.3.11     E=0 S=0
2026-10-05 19:16:03 [INFO]   transactions 19:01:02 -> 19:16:02 : 0 lues en 1 page(s), 0 musee
2026-10-05 19:16:03 [INFO] Dialogue borne : 1.0 s
2026-10-05 19:16:03 [INFO] Visiteurs du 2026-10-05 : 249 (source compteur, compteur 249, transactions 249)
2026-10-05 19:21:02 [INFO] Site visites libres : Pas de visites libres aujourd'hui
2026-10-05 19:21:02 [INFO] Site visites libres : pas de collecte (pas_jour_public).
2026-10-05 19:21:02 [INFO] Borne 192.168.2.10:5205 - compteurs du musee (Area 511 VISITES MUSEE)
2026-10-05 19:21:02 [INFO]   511 VISITES MUSEE E=107520 S=0
2026-10-05 19:21:02 [INFO]   512 ENTREE MUSEE E=107520 S=0
2026-10-05 19:21:02 [INFO]   1208 TRI-MUS-55   E=26592 S=0
2026-10-05 19:21:02 [INFO]   1209 TRI-MUS-56   E=53928 S=0
2026-10-05 19:21:02 [INFO]   1210 TRI-MUS-57   E=27000 S=0
2026-10-05 19:21:02 [INFO]   1040 PDA.3.11     E=0 S=0
2026-10-05 19:21:03 [INFO]   transactions 19:06:02 -> 19:21:02 : 0 lues en 1 page(s), 0 musee
2026-10-05 19:21:03 [INFO] Dialogue borne : 1.0 s
2026-10-05 19:21:03 [INFO] Visiteurs du 2026-10-05 : 249 (source compteur, compteur 249, transactions 249)
2026-10-05 19:26:02 [INFO] Site visites libres : Pas de visites libres aujourd'hui
2026-10-05 19:26:02 [INFO] Site visites libres : pas de collecte (pas_jour_public).
2026-10-05 19:26:02 [INFO] Borne 192.168.2.10:5205 - compteurs du musee (Area 511 VISITES MUSEE)
2026-10-05 19:26:02 [INFO]   511 VISITES MUSEE E=107520 S=0
2026-10-05 19:26:02 [INFO]   512 ENTREE MUSEE E=107520 S=0
2026-10-05 19:26:02 [INFO]   1208 TRI-MUS-55   E=26592 S=0
2026-10-05 19:26:02 [INFO]   1209 TRI-MUS-56   E=53928 S=0
2026-10-05 19:26:02 [INFO]   1210 TRI-MUS-57   E=27000 S=0
2026-10-05 19:26:02 [INFO]   1040 PDA.3.11     E=0 S=0
2026-10-05 19:26:03 [INFO]   transactions 19:11:02 -> 19:26:02 : 0 lues en 1 page(s), 0 musee
2026-10-05 19:26:03 [INFO] Dialogue borne : 0.8 s
2026-10-05 19:26:03 [INFO] Visiteurs du 2026-10-05 : 249 (source compteur, compteur 249, transactions 249)
2026-10-05 19:31:02 [INFO] Site visites libres : Pas de visites libres aujourd'hui
2026-10-05 19:31:02 [INFO] Site visites libres : pas de collecte (pas_jour_public).
2026-10-05 19:31:02 [INFO] Borne 192.168.2.10:5205 - compteurs du musee (Area 511 VISITES MUSEE)
2026-10-05 19:31:02 [INFO]   511 VISITES MUSEE E=107520 S=0
2026-10-05 19:31:02 [INFO]   512 ENTREE MUSEE E=107520 S=0
2026-10-05 19:31:02 [INFO]   1208 TRI-MUS-55   E=26592 S=0
2026-10-05 19:31:02 [INFO]   1209 TRI-MUS-56   E=53928 S=0
2026-10-05 19:31:02 [INFO]   1210 TRI-MUS-57   E=27000 S=0
2026-10-05 19:31:02 [INFO]   1040 PDA.3.11     E=0 S=0
2026-10-05 19:31:03 [INFO]   transactions 19:16:02 -> 19:31:02 : 0 lues en 1 page(s), 0 musee
2026-10-05 19:31:03 [INFO] Dialogue borne : 0.9 s
2026-10-05 19:31:03 [INFO] Visiteurs du 2026-10-05 : 249 (source compteur, compteur 249, transactions 249)
2026-10-05 19:36:02 [INFO] Site visites libres : Pas de visites libres aujourd'hui
2026-10-05 19:36:02 [INFO] Site visites libres : pas de collecte (pas_jour_public).
2026-10-05 19:36:02 [INFO] Borne 192.168.2.10:5205 - compteurs du musee (Area 511 VISITES MUSEE)
2026-10-05 19:36:02 [INFO]   511 VISITES MUSEE E=107520 S=0
2026-10-05 19:36:02 [INFO]   512 ENTREE MUSEE E=107520 S=0
2026-10-05 19:36:02 [INFO]   1208 TRI-MUS-55   E=26592 S=0
2026-10-05 19:36:02 [INFO]   1209 TRI-MUS-56   E=53928 S=0
2026-10-05 19:36:02 [INFO]   1210 TRI-MUS-57   E=27000 S=0
2026-10-05 19:36:02 [INFO]   1040 PDA.3.11     E=0 S=0
2026-10-05 19:36:03 [INFO]   transactions 19:21:02 -> 19:36:02 : 0 lues en 1 page(s), 0 musee
2026-10-05 19:36:03 [INFO] Dialogue borne : 0.9 s
2026-10-05 19:36:03 [INFO] Visiteurs du 2026-10-05 : 249 (source compteur, compteur 249, transactions 249)
2026-10-05 19:41:02 [INFO] Site visites libres : Pas de visites libres aujourd'hui
2026-10-05 19:41:02 [INFO] Site visites libres : pas de collecte (pas_jour_public).
2026-10-05 19:41:02 [INFO] Borne 192.168.2.10:5205 - compteurs du musee (Area 511 VISITES MUSEE)
2026-10-05 19:41:02 [INFO]   511 VISITES MUSEE E=107520 S=0
2026-10-05 19:41:02 [INFO]   512 ENTREE MUSEE E=107520 S=0
2026-10-05 19:41:02 [INFO]   1208 TRI-MUS-55   E=26592 S=0
2026-10-05 19:41:02 [INFO]   1209 TRI-MUS-56   E=53928 S=0
2026-10-05 19:41:02 [INFO]   1210 TRI-MUS-57   E=27000 S=0
2026-10-05 19:41:02 [INFO]   1040 PDA.3.11     E=0 S=0
2026-10-05 19:41:03 [INFO]   transactions 19:26:02 -> 19:41:02 : 0 lues en 1 page(s), 0 musee
2026-10-05 19:41:03 [INFO] Dialogue borne : 1.0 s
2026-10-05 19:41:03 [INFO] Visiteurs du 2026-10-05 : 249 (source compteur, compteur 249, transactions 249)
2026-10-05 19:46:02 [INFO] Site visites libres : Pas de visites libres aujourd'hui
2026-10-05 19:46:02 [INFO] Site visites libres : pas de collecte (pas_jour_public).
2026-10-05 19:46:02 [INFO] Borne 192.168.2.10:5205 - compteurs du musee (Area 511 VISITES MUSEE)
2026-10-05 19:46:02 [INFO]   511 VISITES MUSEE E=107520 S=0
2026-10-05 19:46:02 [INFO]   512 ENTREE MUSEE E=107520 S=0
2026-10-05 19:46:02 [INFO]   1208 TRI-MUS-55   E=26592 S=0
2026-10-05 19:46:02 [INFO]   1209 TRI-MUS-56   E=53928 S=0
2026-10-05 19:46:02 [INFO]   1210 TRI-MUS-57   E=27000 S=0
2026-10-05 19:46:02 [INFO]   1040 PDA.3.11     E=0 S=0
2026-10-05 19:46:03 [INFO]   transactions 19:31:02 -> 19:46:02 : 0 lues en 1 page(s), 0 musee
2026-10-05 19:46:03 [INFO] Dialogue borne : 0.9 s
2026-10-05 19:46:03 [INFO] Visiteurs du 2026-10-05 : 249 (source compteur, compteur 249, transactions 249)
2026-10-05 19:51:02 [INFO] Site visites libres : Pas de visites libres aujourd'hui
2026-10-05 19:51:02 [INFO] Site visites libres : pas de collecte (pas_jour_public).
2026-10-05 19:51:02 [INFO] Borne 192.168.2.10:5205 - compteurs du musee (Area 511 VISITES MUSEE)
2026-10-05 19:51:02 [INFO]   511 VISITES MUSEE E=107520 S=0
2026-10-05 19:51:02 [INFO]   512 ENTREE MUSEE E=107520 S=0
2026-10-05 19:51:02 [INFO]   1208 TRI-MUS-55   E=26592 S=0
2026-10-05 19:51:02 [INFO]   1209 TRI-MUS-56   E=53928 S=0
2026-10-05 19:51:02 [INFO]   1210 TRI-MUS-57   E=27000 S=0
2026-10-05 19:51:02 [INFO]   1040 PDA.3.11     E=0 S=0
2026-10-05 19:51:03 [INFO]   transactions 19:36:02 -> 19:51:02 : 0 lues en 1 page(s), 0 musee
2026-10-05 19:51:03 [INFO] Dialogue borne : 1.1 s
2026-10-05 19:51:03 [INFO] Visiteurs du 2026-10-05 : 249 (source compteur, compteur 249, transactions 249)
2026-10-05 19:56:02 [INFO] Site visites libres : Pas de visites libres aujourd'hui
2026-10-05 19:56:02 [INFO] Site visites libres : pas de collecte (pas_jour_public).
2026-10-05 19:56:02 [INFO] Borne 192.168.2.10:5205 - compteurs du musee (Area 511 VISITES MUSEE)
2026-10-05 19:56:02 [INFO]   511 VISITES MUSEE E=107520 S=0
2026-10-05 19:56:02 [INFO]   512 ENTREE MUSEE E=107520 S=0
2026-10-05 19:56:02 [INFO]   1208 TRI-MUS-55   E=26592 S=0
2026-10-05 19:56:02 [INFO]   1209 TRI-MUS-56   E=53928 S=0
2026-10-05 19:56:02 [INFO]   1210 TRI-MUS-57   E=27000 S=0
2026-10-05 19:56:02 [INFO]   1040 PDA.3.11     E=0 S=0
2026-10-05 19:56:03 [INFO]   transactions 19:41:02 -> 19:56:02 : 0 lues en 1 page(s), 0 musee
2026-10-05 19:56:03 [INFO] Dialogue borne : 1.0 s
2026-10-05 19:56:03 [INFO] Visiteurs du 2026-10-05 : 249 (source compteur, compteur 249, transactions 249)
2026-10-05 20:01:02 [INFO] Site visites libres : Pas de visites libres aujourd'hui
2026-10-05 20:01:02 [INFO] Site visites libres : pas de collecte (pas_jour_public).
2026-10-05 20:01:02 [INFO] Borne 192.168.2.10:5205 - compteurs du musee (Area 511 VISITES MUSEE)
2026-10-05 20:01:02 [INFO]   511 VISITES MUSEE E=107520 S=0
2026-10-05 20:01:02 [INFO]   512 ENTREE MUSEE E=107520 S=0
2026-10-05 20:01:02 [INFO]   1208 TRI-MUS-55   E=26592 S=0
2026-10-05 20:01:02 [INFO]   1209 TRI-MUS-56   E=53928 S=0
2026-10-05 20:01:02 [INFO]   1210 TRI-MUS-57   E=27000 S=0
2026-10-05 20:01:02 [INFO]   1040 PDA.3.11     E=0 S=0
2026-10-05 20:01:03 [INFO]   transactions 19:46:02 -> 20:01:02 : 0 lues en 1 page(s), 0 musee
2026-10-05 20:01:03 [INFO] Dialogue borne : 1.0 s
2026-10-05 20:01:03 [INFO] Visiteurs du 2026-10-05 : 249 (source compteur, compteur 249, transactions 249)
2026-10-05 20:06:02 [INFO] Site visites libres : Pas de visites libres aujourd'hui
2026-10-05 20:06:02 [INFO] Site visites libres : pas de collecte (pas_jour_public).
2026-10-05 20:06:02 [INFO] Borne 192.168.2.10:5205 - compteurs du musee (Area 511 VISITES MUSEE)
2026-10-05 20:06:02 [INFO]   511 VISITES MUSEE E=107520 S=0
2026-10-05 20:06:02 [INFO]   512 ENTREE MUSEE E=107520 S=0
2026-10-05 20:06:02 [INFO]   1208 TRI-MUS-55   E=26592 S=0
2026-10-05 20:06:02 [INFO]   1209 TRI-MUS-56   E=53928 S=0
2026-10-05 20:06:02 [INFO]   1210 TRI-MUS-57   E=27000 S=0
2026-10-05 20:06:02 [INFO]   1040 PDA.3.11     E=0 S=0
2026-10-05 20:06:03 [INFO]   transactions 19:51:02 -> 20:06:02 : 0 lues en 1 page(s), 0 musee
2026-10-05 20:06:03 [INFO] Dialogue borne : 0.9 s
2026-10-05 20:06:03 [INFO] Visiteurs du 2026-10-05 : 249 (source compteur, compteur 249, transactions 249)
2026-10-05 20:11:02 [INFO] Site visites libres : Pas de visites libres aujourd'hui
2026-10-05 20:11:02 [INFO] Site visites libres : pas de collecte (pas_jour_public).
2026-10-05 20:11:02 [INFO] Borne 192.168.2.10:5205 - compteurs du musee (Area 511 VISITES MUSEE)
2026-10-05 20:11:02 [INFO]   511 VISITES MUSEE E=107520 S=0
2026-10-05 20:11:02 [INFO]   512 ENTREE MUSEE E=107520 S=0
2026-10-05 20:11:02 [INFO]   1208 TRI-MUS-55   E=26592 S=0
2026-10-05 20:11:02 [INFO]   1209 TRI-MUS-56   E=53928 S=0
2026-10-05 20:11:02 [INFO]   1210 TRI-MUS-57   E=27000 S=0
2026-10-05 20:11:02 [INFO]   1040 PDA.3.11     E=0 S=0
2026-10-05 20:11:03 [INFO]   transactions 19:56:02 -> 20:11:02 : 0 lues en 1 page(s), 0 musee
2026-10-05 20:11:03 [INFO] Dialogue borne : 0.9 s
2026-10-05 20:11:03 [INFO] Visiteurs du 2026-10-05 : 249 (source compteur, compteur 249, transactions 249)
2026-10-05 20:16:02 [INFO] Site visites libres : Pas de visites libres aujourd'hui
2026-10-05 20:16:02 [INFO] Site visites libres : pas de collecte (pas_jour_public).
2026-10-05 20:16:02 [INFO] Borne 192.168.2.10:5205 - compteurs du musee (Area 511 VISITES MUSEE)
2026-10-05 20:16:02 [INFO]   511 VISITES MUSEE E=107520 S=0
2026-10-05 20:16:02 [INFO]   512 ENTREE MUSEE E=107520 S=0
2026-10-05 20:16:02 [INFO]   1208 TRI-MUS-55   E=26592 S=0
2026-10-05 20:16:02 [INFO]   1209 TRI-MUS-56   E=53928 S=0
2026-10-05 20:16:02 [INFO]   1210 TRI-MUS-57   E=27000 S=0
2026-10-05 20:16:02 [INFO]   1040 PDA.3.11     E=0 S=0
2026-10-05 20:16:03 [INFO]   transactions 20:01:02 -> 20:16:02 : 0 lues en 1 page(s), 0 musee
2026-10-05 20:16:03 [INFO] Dialogue borne : 1.0 s
2026-10-05 20:16:03 [INFO] Visiteurs du 2026-10-05 : 249 (source compteur, compteur 249, transactions 249)
2026-10-05 20:21:02 [INFO] Site visites libres : Pas de visites libres aujourd'hui
2026-10-05 20:21:02 [INFO] Site visites libres : pas de collecte (pas_jour_public).
2026-10-05 20:21:02 [INFO] Borne 192.168.2.10:5205 - compteurs du musee (Area 511 VISITES MUSEE)
2026-10-05 20:21:02 [INFO]   511 VISITES MUSEE E=107520 S=0
2026-10-05 20:21:02 [INFO]   512 ENTREE MUSEE E=107520 S=0
2026-10-05 20:21:02 [INFO]   1208 TRI-MUS-55   E=26592 S=0
2026-10-05 20:21:02 [INFO]   1209 TRI-MUS-56   E=53928 S=0
2026-10-05 20:21:02 [INFO]   1210 TRI-MUS-57   E=27000 S=0
2026-10-05 20:21:02 [INFO]   1040 PDA.3.11     E=0 S=0
2026-10-05 20:21:03 [INFO]   transactions 20:06:02 -> 20:21:02 : 0 lues en 1 page(s), 0 musee
2026-10-05 20:21:03 [INFO] Dialogue borne : 0.8 s
2026-10-05 20:21:03 [INFO] Visiteurs du 2026-10-05 : 249 (source compteur, compteur 249, transactions 249)
2026-10-05 20:26:02 [INFO] Site visites libres : Pas de visites libres aujourd'hui
2026-10-05 20:26:02 [INFO] Site visites libres : pas de collecte (pas_jour_public).
2026-10-05 20:26:02 [INFO] Borne 192.168.2.10:5205 - compteurs du musee (Area 511 VISITES MUSEE)
2026-10-05 20:26:02 [INFO]   511 VISITES MUSEE E=107520 S=0
2026-10-05 20:26:02 [INFO]   512 ENTREE MUSEE E=107520 S=0
2026-10-05 20:26:02 [INFO]   1208 TRI-MUS-55   E=26592 S=0
2026-10-05 20:26:02 [INFO]   1209 TRI-MUS-56   E=53928 S=0
2026-10-05 20:26:02 [INFO]   1210 TRI-MUS-57   E=27000 S=0
2026-10-05 20:26:02 [INFO]   1040 PDA.3.11     E=0 S=0
2026-10-05 20:26:03 [INFO]   transactions 20:11:02 -> 20:26:02 : 0 lues en 1 page(s), 0 musee
2026-10-05 20:26:03 [INFO] Dialogue borne : 1.1 s
2026-10-05 20:26:03 [INFO] Visiteurs du 2026-10-05 : 249 (source compteur, compteur 249, transactions 249)
2026-10-05 20:31:02 [INFO] Site visites libres : Pas de visites libres aujourd'hui
2026-10-05 20:31:02 [INFO] Site visites libres : pas de collecte (pas_jour_public).
2026-10-05 20:31:02 [INFO] Borne 192.168.2.10:5205 - compteurs du musee (Area 511 VISITES MUSEE)
2026-10-05 20:31:02 [INFO]   511 VISITES MUSEE E=107520 S=0
2026-10-05 20:31:02 [INFO]   512 ENTREE MUSEE E=107520 S=0
2026-10-05 20:31:02 [INFO]   1208 TRI-MUS-55   E=26592 S=0
2026-10-05 20:31:02 [INFO]   1209 TRI-MUS-56   E=53928 S=0
2026-10-05 20:31:02 [INFO]   1210 TRI-MUS-57   E=27000 S=0
2026-10-05 20:31:02 [INFO]   1040 PDA.3.11     E=0 S=0
2026-10-05 20:31:03 [INFO]   transactions 20:16:02 -> 20:31:02 : 0 lues en 1 page(s), 0 musee
2026-10-05 20:31:03 [INFO] Dialogue borne : 0.9 s
2026-10-05 20:31:03 [INFO] Visiteurs du 2026-10-05 : 249 (source compteur, compteur 249, transactions 249)
2026-10-05 20:36:02 [INFO] Site visites libres : Pas de visites libres aujourd'hui
2026-10-05 20:36:02 [INFO] Site visites libres : pas de collecte (pas_jour_public).
2026-10-05 20:36:02 [INFO] Borne 192.168.2.10:5205 - compteurs du musee (Area 511 VISITES MUSEE)
2026-10-05 20:36:02 [INFO]   511 VISITES MUSEE E=107520 S=0
2026-10-05 20:36:02 [INFO]   512 ENTREE MUSEE E=107520 S=0
2026-10-05 20:36:02 [INFO]   1208 TRI-MUS-55   E=26592 S=0
2026-10-05 20:36:02 [INFO]   1209 TRI-MUS-56   E=53928 S=0
2026-10-05 20:36:02 [INFO]   1210 TRI-MUS-57   E=27000 S=0
2026-10-05 20:36:02 [INFO]   1040 PDA.3.11     E=0 S=0
2026-10-05 20:36:03 [INFO]   transactions 20:21:02 -> 20:36:02 : 0 lues en 1 page(s), 0 musee
2026-10-05 20:36:03 [INFO] Dialogue borne : 0.9 s
2026-10-05 20:36:03 [INFO] Visiteurs du 2026-10-05 : 249 (source compteur, compteur 249, transactions 249)
2026-10-05 20:41:02 [INFO] Site visites libres : Pas de visites libres aujourd'hui
2026-10-05 20:41:02 [INFO] Site visites libres : pas de collecte (pas_jour_public).
2026-10-05 20:41:02 [INFO] Borne 192.168.2.10:5205 - compteurs du musee (Area 511 VISITES MUSEE)
2026-10-05 20:41:02 [INFO]   511 VISITES MUSEE E=107520 S=0
2026-10-05 20:41:02 [INFO]   512 ENTREE MUSEE E=107520 S=0
2026-10-05 20:41:02 [INFO]   1208 TRI-MUS-55   E=26592 S=0
2026-10-05 20:41:02 [INFO]   1209 TRI-MUS-56   E=53928 S=0
2026-10-05 20:41:02 [INFO]   1210 TRI-MUS-57   E=27000 S=0
2026-10-05 20:41:02 [INFO]   1040 PDA.3.11     E=0 S=0
2026-10-05 20:41:03 [INFO]   transactions 20:26:02 -> 20:41:02 : 0 lues en 1 page(s), 0 musee
2026-10-05 20:41:03 [INFO] Dialogue borne : 0.9 s
2026-10-05 20:41:03 [INFO] Visiteurs du 2026-10-05 : 249 (source compteur, compteur 249, transactions 249)
2026-10-05 20:46:02 [INFO] Site visites libres : Pas de visites libres aujourd'hui
2026-10-05 20:46:02 [INFO] Site visites libres : pas de collecte (pas_jour_public).
2026-10-05 20:46:02 [INFO] Borne 192.168.2.10:5205 - compteurs du musee (Area 511 VISITES MUSEE)
2026-10-05 20:46:02 [INFO]   511 VISITES MUSEE E=107520 S=0
2026-10-05 20:46:02 [INFO]   512 ENTREE MUSEE E=107520 S=0
2026-10-05 20:46:02 [INFO]   1208 TRI-MUS-55   E=26592 S=0
2026-10-05 20:46:02 [INFO]   1209 TRI-MUS-56   E=53928 S=0
2026-10-05 20:46:02 [INFO]   1210 TRI-MUS-57   E=27000 S=0
2026-10-05 20:46:02 [INFO]   1040 PDA.3.11     E=0 S=0
2026-10-05 20:46:03 [INFO]   transactions 20:31:02 -> 20:46:02 : 0 lues en 1 page(s), 0 musee
2026-10-05 20:46:03 [INFO] Dialogue borne : 0.8 s
2026-10-05 20:46:03 [INFO] Visiteurs du 2026-10-05 : 249 (source compteur, compteur 249, transactions 249)
2026-10-05 20:51:02 [INFO] Site visites libres : Pas de visites libres aujourd'hui
2026-10-05 20:51:02 [INFO] Site visites libres : pas de collecte (pas_jour_public).
2026-10-05 20:51:02 [INFO] Borne 192.168.2.10:5205 - compteurs du musee (Area 511 VISITES MUSEE)
2026-10-05 20:51:02 [INFO]   511 VISITES MUSEE E=107520 S=0
2026-10-05 20:51:02 [INFO]   512 ENTREE MUSEE E=107520 S=0
2026-10-05 20:51:02 [INFO]   1208 TRI-MUS-55   E=26592 S=0
2026-10-05 20:51:02 [INFO]   1209 TRI-MUS-56   E=53928 S=0
2026-10-05 20:51:02 [INFO]   1210 TRI-MUS-57   E=27000 S=0
2026-10-05 20:51:02 [INFO]   1040 PDA.3.11     E=0 S=0
2026-10-05 20:51:03 [INFO]   transactions 20:36:02 -> 20:51:02 : 0 lues en 1 page(s), 0 musee
2026-10-05 20:51:03 [INFO] Dialogue borne : 0.9 s
2026-10-05 20:51:03 [INFO] Visiteurs du 2026-10-05 : 249 (source compteur, compteur 249, transactions 249)
2026-10-05 20:56:02 [INFO] Site visites libres : Pas de visites libres aujourd'hui
2026-10-05 20:56:02 [INFO] Site visites libres : pas de collecte (pas_jour_public).
2026-10-05 20:56:02 [INFO] Borne 192.168.2.10:5205 - compteurs du musee (Area 511 VISITES MUSEE)
2026-10-05 20:56:02 [INFO]   511 VISITES MUSEE E=107520 S=0
2026-10-05 20:56:02 [INFO]   512 ENTREE MUSEE E=107520 S=0
2026-10-05 20:56:02 [INFO]   1208 TRI-MUS-55   E=26592 S=0
2026-10-05 20:56:02 [INFO]   1209 TRI-MUS-56   E=53928 S=0
2026-10-05 20:56:02 [INFO]   1210 TRI-MUS-57   E=27000 S=0
2026-10-05 20:56:02 [INFO]   1040 PDA.3.11     E=0 S=0
2026-10-05 20:56:03 [INFO]   transactions 20:41:02 -> 20:56:02 : 0 lues en 1 page(s), 0 musee
2026-10-05 20:56:03 [INFO] Dialogue borne : 1.0 s
2026-10-05 20:56:03 [INFO] Visiteurs du 2026-10-05 : 249 (source compteur, compteur 249, transactions 249)
2026-10-05 21:01:02 [INFO] Site visites libres : Pas de visites libres aujourd'hui
2026-10-05 21:01:02 [INFO] Site visites libres : pas de collecte (pas_jour_public).
2026-10-05 21:01:02 [INFO] Borne 192.168.2.10:5205 - compteurs du musee (Area 511 VISITES MUSEE)
2026-10-05 21:01:02 [INFO]   511 VISITES MUSEE E=107520 S=0
2026-10-05 21:01:02 [INFO]   512 ENTREE MUSEE E=107520 S=0
2026-10-05 21:01:02 [INFO]   1208 TRI-MUS-55   E=26592 S=0
2026-10-05 21:01:02 [INFO]   1209 TRI-MUS-56   E=53928 S=0
2026-10-05 21:01:02 [INFO]   1210 TRI-MUS-57   E=27000 S=0
2026-10-05 21:01:02 [INFO]   1040 PDA.3.11     E=0 S=0
2026-10-05 21:01:03 [INFO]   transactions 20:46:02 -> 21:01:02 : 0 lues en 1 page(s), 0 musee
2026-10-05 21:01:03 [INFO] Dialogue borne : 1.0 s
2026-10-05 21:01:03 [INFO] Visiteurs du 2026-10-05 : 249 (source compteur, compteur 249, transactions 249)
2026-10-05 21:06:02 [INFO] Site visites libres : Pas de visites libres aujourd'hui
2026-10-05 21:06:02 [INFO] Site visites libres : pas de collecte (pas_jour_public).
2026-10-05 21:06:02 [INFO] Borne 192.168.2.10:5205 - compteurs du musee (Area 511 VISITES MUSEE)
2026-10-05 21:06:02 [INFO]   511 VISITES MUSEE E=107520 S=0
2026-10-05 21:06:02 [INFO]   512 ENTREE MUSEE E=107520 S=0
2026-10-05 21:06:02 [INFO]   1208 TRI-MUS-55   E=26592 S=0
2026-10-05 21:06:02 [INFO]   1209 TRI-MUS-56   E=53928 S=0
2026-10-05 21:06:02 [INFO]   1210 TRI-MUS-57   E=27000 S=0
2026-10-05 21:06:02 [INFO]   1040 PDA.3.11     E=0 S=0
2026-10-05 21:06:03 [INFO]   transactions 20:51:02 -> 21:06:02 : 0 lues en 1 page(s), 0 musee
2026-10-05 21:06:03 [INFO] Dialogue borne : 0.9 s
2026-10-05 21:06:03 [INFO] Visiteurs du 2026-10-05 : 249 (source compteur, compteur 249, transactions 249)
2026-10-05 21:11:02 [INFO] Site visites libres : Pas de visites libres aujourd'hui
2026-10-05 21:11:02 [INFO] Site visites libres : pas de collecte (pas_jour_public).
2026-10-05 21:11:02 [INFO] Borne 192.168.2.10:5205 - compteurs du musee (Area 511 VISITES MUSEE)
2026-10-05 21:11:02 [INFO]   511 VISITES MUSEE E=107520 S=0
2026-10-05 21:11:02 [INFO]   512 ENTREE MUSEE E=107520 S=0
2026-10-05 21:11:02 [INFO]   1208 TRI-MUS-55   E=26592 S=0
2026-10-05 21:11:02 [INFO]   1209 TRI-MUS-56   E=53928 S=0
2026-10-05 21:11:02 [INFO]   1210 TRI-MUS-57   E=27000 S=0
2026-10-05 21:11:02 [INFO]   1040 PDA.3.11     E=0 S=0
2026-10-05 21:11:03 [INFO]   transactions 20:56:02 -> 21:11:02 : 0 lues en 1 page(s), 0 musee
2026-10-05 21:11:03 [INFO] Dialogue borne : 0.8 s
2026-10-05 21:11:03 [INFO] Visiteurs du 2026-10-05 : 249 (source compteur, compteur 249, transactions 249)
2026-10-05 21:16:02 [INFO] Site visites libres : Pas de visites libres aujourd'hui
2026-10-05 21:16:02 [INFO] Site visites libres : pas de collecte (pas_jour_public).
2026-10-05 21:16:02 [INFO] Borne 192.168.2.10:5205 - compteurs du musee (Area 511 VISITES MUSEE)
2026-10-05 21:16:02 [INFO]   511 VISITES MUSEE E=107520 S=0
2026-10-05 21:16:02 [INFO]   512 ENTREE MUSEE E=107520 S=0
2026-10-05 21:16:02 [INFO]   1208 TRI-MUS-55   E=26592 S=0
2026-10-05 21:16:02 [INFO]   1209 TRI-MUS-56   E=53928 S=0
2026-10-05 21:16:02 [INFO]   1210 TRI-MUS-57   E=27000 S=0
2026-10-05 21:16:02 [INFO]   1040 PDA.3.11     E=0 S=0
2026-10-05 21:16:03 [INFO]   transactions 21:01:02 -> 21:16:02 : 0 lues en 1 page(s), 0 musee
2026-10-05 21:16:03 [INFO] Dialogue borne : 1.0 s
2026-10-05 21:16:03 [INFO] Visiteurs du 2026-10-05 : 249 (source compteur, compteur 249, transactions 249)
2026-10-05 21:21:02 [INFO] Site visites libres : Pas de visites libres aujourd'hui
2026-10-05 21:21:02 [INFO] Site visites libres : pas de collecte (pas_jour_public).
2026-10-05 21:21:02 [INFO] Borne 192.168.2.10:5205 - compteurs du musee (Area 511 VISITES MUSEE)
2026-10-05 21:21:02 [INFO]   511 VISITES MUSEE E=107520 S=0
2026-10-05 21:21:02 [INFO]   512 ENTREE MUSEE E=107520 S=0
2026-10-05 21:21:02 [INFO]   1208 TRI-MUS-55   E=26592 S=0
2026-10-05 21:21:02 [INFO]   1209 TRI-MUS-56   E=53928 S=0
2026-10-05 21:21:02 [INFO]   1210 TRI-MUS-57   E=27000 S=0
2026-10-05 21:21:02 [INFO]   1040 PDA.3.11     E=0 S=0
2026-10-05 21:21:03 [INFO]   transactions 21:06:02 -> 21:21:02 : 0 lues en 1 page(s), 0 musee
2026-10-05 21:21:03 [INFO] Dialogue borne : 0.8 s
2026-10-05 21:21:03 [INFO] Visiteurs du 2026-10-05 : 249 (source compteur, compteur 249, transactions 249)
2026-10-05 21:26:02 [INFO] Site visites libres : Pas de visites libres aujourd'hui
2026-10-05 21:26:02 [INFO] Site visites libres : pas de collecte (pas_jour_public).
2026-10-05 21:26:02 [INFO] Borne 192.168.2.10:5205 - compteurs du musee (Area 511 VISITES MUSEE)
2026-10-05 21:26:02 [INFO]   511 VISITES MUSEE E=107520 S=0
2026-10-05 21:26:02 [INFO]   512 ENTREE MUSEE E=107520 S=0
2026-10-05 21:26:02 [INFO]   1208 TRI-MUS-55   E=26592 S=0
2026-10-05 21:26:02 [INFO]   1209 TRI-MUS-56   E=53928 S=0
2026-10-05 21:26:02 [INFO]   1210 TRI-MUS-57   E=27000 S=0
2026-10-05 21:26:02 [INFO]   1040 PDA.3.11     E=0 S=0
2026-10-05 21:26:03 [INFO]   transactions 21:11:02 -> 21:26:02 : 0 lues en 1 page(s), 0 musee
2026-10-05 21:26:03 [INFO] Dialogue borne : 0.9 s
2026-10-05 21:26:03 [INFO] Visiteurs du 2026-10-05 : 249 (source compteur, compteur 249, transactions 249)
2026-10-05 21:31:02 [INFO] Site visites libres : Pas de visites libres aujourd'hui
2026-10-05 21:31:02 [INFO] Site visites libres : pas de collecte (pas_jour_public).
2026-10-05 21:31:02 [INFO] Borne 192.168.2.10:5205 - compteurs du musee (Area 511 VISITES MUSEE)
2026-10-05 21:31:02 [INFO]   511 VISITES MUSEE E=107520 S=0
2026-10-05 21:31:02 [INFO]   512 ENTREE MUSEE E=107520 S=0
2026-10-05 21:31:02 [INFO]   1208 TRI-MUS-55   E=26592 S=0
2026-10-05 21:31:02 [INFO]   1209 TRI-MUS-56   E=53928 S=0
2026-10-05 21:31:02 [INFO]   1210 TRI-MUS-57   E=27000 S=0
2026-10-05 21:31:02 [INFO]   1040 PDA.3.11     E=0 S=0
2026-10-05 21:31:03 [INFO]   transactions 21:16:02 -> 21:31:02 : 0 lues en 1 page(s), 0 musee
2026-10-05 21:31:03 [INFO] Dialogue borne : 1.0 s
2026-10-05 21:31:03 [INFO] Visiteurs du 2026-10-05 : 249 (source compteur, compteur 249, transactions 249)
2026-10-05 21:36:02 [INFO] Site visites libres : Pas de visites libres aujourd'hui
2026-10-05 21:36:02 [INFO] Site visites libres : pas de collecte (pas_jour_public).
2026-10-05 21:36:02 [INFO] Borne 192.168.2.10:5205 - compteurs du musee (Area 511 VISITES MUSEE)
2026-10-05 21:36:02 [INFO]   511 VISITES MUSEE E=107520 S=0
2026-10-05 21:36:02 [INFO]   512 ENTREE MUSEE E=107520 S=0
2026-10-05 21:36:02 [INFO]   1208 TRI-MUS-55   E=26592 S=0
2026-10-05 21:36:02 [INFO]   1209 TRI-MUS-56   E=53928 S=0
2026-10-05 21:36:02 [INFO]   1210 TRI-MUS-57   E=27000 S=0
2026-10-05 21:36:02 [INFO]   1040 PDA.3.11     E=0 S=0
2026-10-05 21:36:03 [INFO]   transactions 21:21:02 -> 21:36:02 : 0 lues en 1 page(s), 0 musee
2026-10-05 21:36:03 [INFO] Dialogue borne : 0.9 s
2026-10-05 21:36:03 [INFO] Visiteurs du 2026-10-05 : 249 (source compteur, compteur 249, transactions 249)
2026-10-05 21:41:02 [INFO] Site visites libres : Pas de visites libres aujourd'hui
2026-10-05 21:41:02 [INFO] Site visites libres : pas de collecte (pas_jour_public).
2026-10-05 21:41:02 [INFO] Borne 192.168.2.10:5205 - compteurs du musee (Area 511 VISITES MUSEE)
2026-10-05 21:41:02 [INFO]   511 VISITES MUSEE E=107520 S=0
2026-10-05 21:41:02 [INFO]   512 ENTREE MUSEE E=107520 S=0
2026-10-05 21:41:02 [INFO]   1208 TRI-MUS-55   E=26592 S=0
2026-10-05 21:41:02 [INFO]   1209 TRI-MUS-56   E=53928 S=0
2026-10-05 21:41:02 [INFO]   1210 TRI-MUS-57   E=27000 S=0
2026-10-05 21:41:02 [INFO]   1040 PDA.3.11     E=0 S=0
2026-10-05 21:41:03 [INFO]   transactions 21:26:02 -> 21:41:02 : 0 lues en 1 page(s), 0 musee
2026-10-05 21:41:03 [INFO] Dialogue borne : 0.9 s
2026-10-05 21:41:03 [INFO] Visiteurs du 2026-10-05 : 249 (source compteur, compteur 249, transactions 249)
2026-10-05 21:46:02 [INFO] Site visites libres : Pas de visites libres aujourd'hui
2026-10-05 21:46:02 [INFO] Site visites libres : pas de collecte (pas_jour_public).
2026-10-05 21:46:02 [INFO] Borne 192.168.2.10:5205 - compteurs du musee (Area 511 VISITES MUSEE)
2026-10-05 21:46:02 [INFO]   511 VISITES MUSEE E=107520 S=0
2026-10-05 21:46:02 [INFO]   512 ENTREE MUSEE E=107520 S=0
2026-10-05 21:46:02 [INFO]   1208 TRI-MUS-55   E=26592 S=0
2026-10-05 21:46:02 [INFO]   1209 TRI-MUS-56   E=53928 S=0
2026-10-05 21:46:02 [INFO]   1210 TRI-MUS-57   E=27000 S=0
2026-10-05 21:46:02 [INFO]   1040 PDA.3.11     E=0 S=0
2026-10-05 21:46:03 [INFO]   transactions 21:31:02 -> 21:46:02 : 0 lues en 1 page(s), 0 musee
2026-10-05 21:46:03 [INFO] Dialogue borne : 0.9 s
2026-10-05 21:46:03 [INFO] Visiteurs du 2026-10-05 : 249 (source compteur, compteur 249, transactions 249)
2026-10-05 21:51:02 [INFO] Site visites libres : Pas de visites libres aujourd'hui
2026-10-05 21:51:02 [INFO] Site visites libres : pas de collecte (pas_jour_public).
2026-10-05 21:51:02 [INFO] Borne 192.168.2.10:5205 - compteurs du musee (Area 511 VISITES MUSEE)
2026-10-05 21:51:02 [INFO]   511 VISITES MUSEE E=107520 S=0
2026-10-05 21:51:02 [INFO]   512 ENTREE MUSEE E=107520 S=0
2026-10-05 21:51:02 [INFO]   1208 TRI-MUS-55   E=26592 S=0
2026-10-05 21:51:02 [INFO]   1209 TRI-MUS-56   E=53928 S=0
2026-10-05 21:51:02 [INFO]   1210 TRI-MUS-57   E=27000 S=0
2026-10-05 21:51:02 [INFO]   1040 PDA.3.11     E=0 S=0
2026-10-05 21:51:03 [INFO]   transactions 21:36:02 -> 21:51:02 : 0 lues en 1 page(s), 0 musee
2026-10-05 21:51:03 [INFO] Dialogue borne : 0.9 s
2026-10-05 21:51:03 [INFO] Visiteurs du 2026-10-05 : 249 (source compteur, compteur 249, transactions 249)
2026-10-05 21:56:02 [INFO] Site visites libres : Pas de visites libres aujourd'hui
2026-10-05 21:56:02 [INFO] Site visites libres : pas de collecte (pas_jour_public).
2026-10-05 21:56:02 [INFO] Borne 192.168.2.10:5205 - compteurs du musee (Area 511 VISITES MUSEE)
2026-10-05 21:56:02 [INFO]   511 VISITES MUSEE E=107520 S=0
2026-10-05 21:56:02 [INFO]   512 ENTREE MUSEE E=107520 S=0
2026-10-05 21:56:02 [INFO]   1208 TRI-MUS-55   E=26592 S=0
2026-10-05 21:56:02 [INFO]   1209 TRI-MUS-56   E=53928 S=0
2026-10-05 21:56:02 [INFO]   1210 TRI-MUS-57   E=27000 S=0
2026-10-05 21:56:02 [INFO]   1040 PDA.3.11     E=0 S=0
2026-10-05 21:56:03 [INFO]   transactions 21:41:02 -> 21:56:02 : 0 lues en 1 page(s), 0 musee
2026-10-05 21:56:03 [INFO] Dialogue borne : 0.9 s
2026-10-05 21:56:03 [INFO] Visiteurs du 2026-10-05 : 249 (source compteur, compteur 249, transactions 249)
2026-10-05 22:01:02 [INFO] Site visites libres : Pas de visites libres aujourd'hui
2026-10-05 22:01:02 [INFO] Site visites libres : pas de collecte (pas_jour_public).
2026-10-05 22:01:02 [INFO] Borne 192.168.2.10:5205 - compteurs du musee (Area 511 VISITES MUSEE)
2026-10-05 22:01:02 [INFO]   511 VISITES MUSEE E=107520 S=0
2026-10-05 22:01:02 [INFO]   512 ENTREE MUSEE E=107520 S=0
2026-10-05 22:01:02 [INFO]   1208 TRI-MUS-55   E=26592 S=0
2026-10-05 22:01:02 [INFO]   1209 TRI-MUS-56   E=53928 S=0
2026-10-05 22:01:02 [INFO]   1210 TRI-MUS-57   E=27000 S=0
2026-10-05 22:01:02 [INFO]   1040 PDA.3.11     E=0 S=0
2026-10-05 22:01:03 [INFO]   transactions 21:46:02 -> 22:01:02 : 0 lues en 1 page(s), 0 musee
2026-10-05 22:01:03 [INFO] Dialogue borne : 1.0 s
2026-10-05 22:01:03 [INFO] Visiteurs du 2026-10-05 : 249 (source compteur, compteur 249, transactions 249)
2026-10-05 22:06:02 [INFO] Site visites libres : Pas de visites libres aujourd'hui
2026-10-05 22:06:02 [INFO] Site visites libres : pas de collecte (pas_jour_public).
2026-10-05 22:06:02 [INFO] Borne 192.168.2.10:5205 - compteurs du musee (Area 511 VISITES MUSEE)
2026-10-05 22:06:02 [INFO]   511 VISITES MUSEE E=107520 S=0
2026-10-05 22:06:02 [INFO]   512 ENTREE MUSEE E=107520 S=0
2026-10-05 22:06:02 [INFO]   1208 TRI-MUS-55   E=26592 S=0
2026-10-05 22:06:02 [INFO]   1209 TRI-MUS-56   E=53928 S=0
2026-10-05 22:06:02 [INFO]   1210 TRI-MUS-57   E=27000 S=0
2026-10-05 22:06:02 [INFO]   1040 PDA.3.11     E=0 S=0
2026-10-05 22:06:03 [INFO]   transactions 21:51:02 -> 22:06:02 : 0 lues en 1 page(s), 0 musee
2026-10-05 22:06:03 [INFO] Dialogue borne : 0.9 s
2026-10-05 22:06:03 [INFO] Visiteurs du 2026-10-05 : 249 (source compteur, compteur 249, transactions 249)
2026-10-05 22:11:02 [INFO] Site visites libres : Pas de visites libres aujourd'hui
2026-10-05 22:11:02 [INFO] Site visites libres : pas de collecte (pas_jour_public).
2026-10-05 22:11:02 [INFO] Borne 192.168.2.10:5205 - compteurs du musee (Area 511 VISITES MUSEE)
2026-10-05 22:11:02 [INFO]   511 VISITES MUSEE E=107520 S=0
2026-10-05 22:11:02 [INFO]   512 ENTREE MUSEE E=107520 S=0
2026-10-05 22:11:02 [INFO]   1208 TRI-MUS-55   E=26592 S=0
2026-10-05 22:11:02 [INFO]   1209 TRI-MUS-56   E=53928 S=0
2026-10-05 22:11:02 [INFO]   1210 TRI-MUS-57   E=27000 S=0
2026-10-05 22:11:02 [INFO]   1040 PDA.3.11     E=0 S=0
2026-10-05 22:11:03 [INFO]   transactions 21:56:02 -> 22:11:02 : 0 lues en 1 page(s), 0 musee
2026-10-05 22:11:03 [INFO] Dialogue borne : 0.9 s
2026-10-05 22:11:03 [INFO] Visiteurs du 2026-10-05 : 249 (source compteur, compteur 249, transactions 249)
2026-10-05 22:16:02 [INFO] Site visites libres : Pas de visites libres aujourd'hui
2026-10-05 22:16:02 [INFO] Site visites libres : pas de collecte (pas_jour_public).
2026-10-05 22:16:02 [INFO] Borne 192.168.2.10:5205 - compteurs du musee (Area 511 VISITES MUSEE)
2026-10-05 22:16:02 [INFO]   511 VISITES MUSEE E=107520 S=0
2026-10-05 22:16:02 [INFO]   512 ENTREE MUSEE E=107520 S=0
2026-10-05 22:16:02 [INFO]   1208 TRI-MUS-55   E=26592 S=0
2026-10-05 22:16:02 [INFO]   1209 TRI-MUS-56   E=53928 S=0
2026-10-05 22:16:02 [INFO]   1210 TRI-MUS-57   E=27000 S=0
2026-10-05 22:16:02 [INFO]   1040 PDA.3.11     E=0 S=0
2026-10-05 22:16:03 [INFO]   transactions 22:01:02 -> 22:16:02 : 0 lues en 1 page(s), 0 musee
2026-10-05 22:16:03 [INFO] Dialogue borne : 0.9 s
2026-10-05 22:16:03 [INFO] Visiteurs du 2026-10-05 : 249 (source compteur, compteur 249, transactions 249)
2026-10-05 22:21:02 [INFO] Site visites libres : Pas de visites libres aujourd'hui
2026-10-05 22:21:02 [INFO] Site visites libres : pas de collecte (pas_jour_public).
2026-10-05 22:21:02 [INFO] Borne 192.168.2.10:5205 - compteurs du musee (Area 511 VISITES MUSEE)
2026-10-05 22:21:02 [INFO]   511 VISITES MUSEE E=107520 S=0
2026-10-05 22:21:02 [INFO]   512 ENTREE MUSEE E=107520 S=0
2026-10-05 22:21:02 [INFO]   1208 TRI-MUS-55   E=26592 S=0
2026-10-05 22:21:02 [INFO]   1209 TRI-MUS-56   E=53928 S=0
2026-10-05 22:21:02 [INFO]   1210 TRI-MUS-57   E=27000 S=0
2026-10-05 22:21:02 [INFO]   1040 PDA.3.11     E=0 S=0
2026-10-05 22:21:03 [INFO]   transactions 22:06:02 -> 22:21:02 : 0 lues en 1 page(s), 0 musee
2026-10-05 22:21:03 [INFO] Dialogue borne : 1.0 s
2026-10-05 22:21:03 [INFO] Visiteurs du 2026-10-05 : 249 (source compteur, compteur 249, transactions 249)
2026-10-05 22:26:02 [INFO] Site visites libres : Pas de visites libres aujourd'hui
2026-10-05 22:26:02 [INFO] Site visites libres : pas de collecte (pas_jour_public).
2026-10-05 22:26:02 [INFO] Borne 192.168.2.10:5205 - compteurs du musee (Area 511 VISITES MUSEE)
2026-10-05 22:26:02 [INFO]   511 VISITES MUSEE E=107520 S=0
2026-10-05 22:26:02 [INFO]   512 ENTREE MUSEE E=107520 S=0
2026-10-05 22:26:02 [INFO]   1208 TRI-MUS-55   E=26592 S=0
2026-10-05 22:26:02 [INFO]   1209 TRI-MUS-56   E=53928 S=0
2026-10-05 22:26:02 [INFO]   1210 TRI-MUS-57   E=27000 S=0
2026-10-05 22:26:02 [INFO]   1040 PDA.3.11     E=0 S=0
2026-10-05 22:26:03 [INFO]   transactions 22:11:02 -> 22:26:02 : 0 lues en 1 page(s), 0 musee
2026-10-05 22:26:03 [INFO] Dialogue borne : 0.9 s
2026-10-05 22:26:03 [INFO] Visiteurs du 2026-10-05 : 249 (source compteur, compteur 249, transactions 249)
2026-10-05 22:31:02 [INFO] Site visites libres : Pas de visites libres aujourd'hui
2026-10-05 22:31:02 [INFO] Site visites libres : pas de collecte (pas_jour_public).
2026-10-05 22:31:02 [INFO] Borne 192.168.2.10:5205 - compteurs du musee (Area 511 VISITES MUSEE)
2026-10-05 22:31:02 [INFO]   511 VISITES MUSEE E=107520 S=0
2026-10-05 22:31:02 [INFO]   512 ENTREE MUSEE E=107520 S=0
2026-10-05 22:31:02 [INFO]   1208 TRI-MUS-55   E=26592 S=0
2026-10-05 22:31:02 [INFO]   1209 TRI-MUS-56   E=53928 S=0
2026-10-05 22:31:02 [INFO]   1210 TRI-MUS-57   E=27000 S=0
2026-10-05 22:31:02 [INFO]   1040 PDA.3.11     E=0 S=0
2026-10-05 22:31:03 [INFO]   transactions 22:16:02 -> 22:31:02 : 0 lues en 1 page(s), 0 musee
2026-10-05 22:31:03 [INFO] Dialogue borne : 0.9 s
2026-10-05 22:31:03 [INFO] Visiteurs du 2026-10-05 : 249 (source compteur, compteur 249, transactions 249)
2026-10-05 22:36:02 [INFO] Site visites libres : Pas de visites libres aujourd'hui
2026-10-05 22:36:02 [INFO] Site visites libres : pas de collecte (pas_jour_public).
2026-10-05 22:36:02 [INFO] Borne 192.168.2.10:5205 - compteurs du musee (Area 511 VISITES MUSEE)
2026-10-05 22:36:02 [INFO]   511 VISITES MUSEE E=107520 S=0
2026-10-05 22:36:02 [INFO]   512 ENTREE MUSEE E=107520 S=0
2026-10-05 22:36:02 [INFO]   1208 TRI-MUS-55   E=26592 S=0
2026-10-05 22:36:02 [INFO]   1209 TRI-MUS-56   E=53928 S=0
2026-10-05 22:36:02 [INFO]   1210 TRI-MUS-57   E=27000 S=0
2026-10-05 22:36:02 [INFO]   1040 PDA.3.11     E=0 S=0
2026-10-05 22:36:05 [INFO]   transactions 22:21:02 -> 22:36:02 : 0 lues en 1 page(s), 0 musee
2026-10-05 22:36:05 [INFO] Dialogue borne : 2.7 s
2026-10-05 22:36:05 [INFO] Visiteurs du 2026-10-05 : 249 (source compteur, compteur 249, transactions 249)
2026-10-05 22:41:02 [INFO] Site visites libres : Pas de visites libres aujourd'hui
2026-10-05 22:41:02 [INFO] Site visites libres : pas de collecte (pas_jour_public).
2026-10-05 22:41:02 [INFO] Borne 192.168.2.10:5205 - compteurs du musee (Area 511 VISITES MUSEE)
2026-10-05 22:41:02 [INFO]   511 VISITES MUSEE E=107520 S=0
2026-10-05 22:41:02 [INFO]   512 ENTREE MUSEE E=107520 S=0
2026-10-05 22:41:02 [INFO]   1208 TRI-MUS-55   E=26592 S=0
2026-10-05 22:41:02 [INFO]   1209 TRI-MUS-56   E=53928 S=0
2026-10-05 22:41:02 [INFO]   1210 TRI-MUS-57   E=27000 S=0
2026-10-05 22:41:02 [INFO]   1040 PDA.3.11     E=0 S=0
2026-10-05 22:41:03 [INFO]   transactions 22:26:02 -> 22:41:02 : 0 lues en 1 page(s), 0 musee
2026-10-05 22:41:03 [INFO] Dialogue borne : 0.8 s
2026-10-05 22:41:03 [INFO] Visiteurs du 2026-10-05 : 249 (source compteur, compteur 249, transactions 249)
2026-10-05 22:46:02 [INFO] Site visites libres : Pas de visites libres aujourd'hui
2026-10-05 22:46:02 [INFO] Site visites libres : pas de collecte (pas_jour_public).
2026-10-05 22:46:02 [INFO] Borne 192.168.2.10:5205 - compteurs du musee (Area 511 VISITES MUSEE)
2026-10-05 22:46:02 [INFO]   511 VISITES MUSEE E=107520 S=0
2026-10-05 22:46:02 [INFO]   512 ENTREE MUSEE E=107520 S=0
2026-10-05 22:46:02 [INFO]   1208 TRI-MUS-55   E=26592 S=0
2026-10-05 22:46:02 [INFO]   1209 TRI-MUS-56   E=53928 S=0
2026-10-05 22:46:02 [INFO]   1210 TRI-MUS-57   E=27000 S=0
2026-10-05 22:46:02 [INFO]   1040 PDA.3.11     E=0 S=0
2026-10-05 22:46:03 [INFO]   transactions 22:31:02 -> 22:46:02 : 0 lues en 1 page(s), 0 musee
2026-10-05 22:46:03 [INFO] Dialogue borne : 0.9 s
2026-10-05 22:46:03 [INFO] Visiteurs du 2026-10-05 : 249 (source compteur, compteur 249, transactions 249)
2026-10-05 22:51:02 [INFO] Site visites libres : Pas de visites libres aujourd'hui
2026-10-05 22:51:02 [INFO] Site visites libres : pas de collecte (pas_jour_public).
2026-10-05 22:51:02 [INFO] Borne 192.168.2.10:5205 - compteurs du musee (Area 511 VISITES MUSEE)
2026-10-05 22:51:02 [INFO]   511 VISITES MUSEE E=107520 S=0
2026-10-05 22:51:02 [INFO]   512 ENTREE MUSEE E=107520 S=0
2026-10-05 22:51:02 [INFO]   1208 TRI-MUS-55   E=26592 S=0
2026-10-05 22:51:02 [INFO]   1209 TRI-MUS-56   E=53928 S=0
2026-10-05 22:51:02 [INFO]   1210 TRI-MUS-57   E=27000 S=0
2026-10-05 22:51:02 [INFO]   1040 PDA.3.11     E=0 S=0
2026-10-05 22:51:03 [INFO]   transactions 22:36:02 -> 22:51:02 : 0 lues en 1 page(s), 0 musee
2026-10-05 22:51:03 [INFO] Dialogue borne : 0.8 s
2026-10-05 22:51:03 [INFO] Visiteurs du 2026-10-05 : 249 (source compteur, compteur 249, transactions 249)
2026-10-05 22:56:02 [INFO] Site visites libres : Pas de visites libres aujourd'hui
2026-10-05 22:56:02 [INFO] Site visites libres : pas de collecte (pas_jour_public).
2026-10-05 22:56:02 [INFO] Borne 192.168.2.10:5205 - compteurs du musee (Area 511 VISITES MUSEE)
2026-10-05 22:56:02 [INFO]   511 VISITES MUSEE E=107520 S=0
2026-10-05 22:56:02 [INFO]   512 ENTREE MUSEE E=107520 S=0
2026-10-05 22:56:02 [INFO]   1208 TRI-MUS-55   E=26592 S=0
2026-10-05 22:56:02 [INFO]   1209 TRI-MUS-56   E=53928 S=0
2026-10-05 22:56:02 [INFO]   1210 TRI-MUS-57   E=27000 S=0
2026-10-05 22:56:02 [INFO]   1040 PDA.3.11     E=0 S=0
2026-10-05 22:56:03 [INFO]   transactions 22:41:02 -> 22:56:02 : 0 lues en 1 page(s), 0 musee
2026-10-05 22:56:03 [INFO] Dialogue borne : 0.8 s
2026-10-05 22:56:03 [INFO] Visiteurs du 2026-10-05 : 249 (source compteur, compteur 249, transactions 249)
2026-10-05 23:01:02 [INFO] Site visites libres : Pas de visites libres aujourd'hui
2026-10-05 23:01:02 [INFO] Site visites libres : pas de collecte (pas_jour_public).
2026-10-05 23:01:02 [INFO] Borne 192.168.2.10:5205 - compteurs du musee (Area 511 VISITES MUSEE)
2026-10-05 23:01:02 [INFO]   511 VISITES MUSEE E=107520 S=0
2026-10-05 23:01:02 [INFO]   512 ENTREE MUSEE E=107520 S=0
2026-10-05 23:01:02 [INFO]   1208 TRI-MUS-55   E=26592 S=0
2026-10-05 23:01:02 [INFO]   1209 TRI-MUS-56   E=53928 S=0
2026-10-05 23:01:02 [INFO]   1210 TRI-MUS-57   E=27000 S=0
2026-10-05 23:01:02 [INFO]   1040 PDA.3.11     E=0 S=0
2026-10-05 23:01:03 [INFO]   transactions 22:46:02 -> 23:01:02 : 0 lues en 1 page(s), 0 musee
2026-10-05 23:01:03 [INFO] Dialogue borne : 0.8 s
2026-10-05 23:01:03 [INFO] Visiteurs du 2026-10-05 : 249 (source compteur, compteur 249, transactions 249)
2026-10-05 23:06:02 [INFO] Site visites libres : Pas de visites libres aujourd'hui
2026-10-05 23:06:02 [INFO] Site visites libres : pas de collecte (pas_jour_public).
2026-10-05 23:06:02 [INFO] Borne 192.168.2.10:5205 - compteurs du musee (Area 511 VISITES MUSEE)
2026-10-05 23:06:02 [INFO]   511 VISITES MUSEE E=107520 S=0
2026-10-05 23:06:02 [INFO]   512 ENTREE MUSEE E=107520 S=0
2026-10-05 23:06:02 [INFO]   1208 TRI-MUS-55   E=26592 S=0
2026-10-05 23:06:02 [INFO]   1209 TRI-MUS-56   E=53928 S=0
2026-10-05 23:06:02 [INFO]   1210 TRI-MUS-57   E=27000 S=0
2026-10-05 23:06:02 [INFO]   1040 PDA.3.11     E=0 S=0
2026-10-05 23:06:03 [INFO]   transactions 22:51:02 -> 23:06:02 : 0 lues en 1 page(s), 0 musee
2026-10-05 23:06:03 [INFO] Dialogue borne : 0.8 s
2026-10-05 23:06:03 [INFO] Visiteurs du 2026-10-05 : 249 (source compteur, compteur 249, transactions 249)
2026-10-05 23:11:02 [INFO] Site visites libres : Pas de visites libres aujourd'hui
2026-10-05 23:11:02 [INFO] Site visites libres : pas de collecte (pas_jour_public).
2026-10-05 23:11:02 [INFO] Borne 192.168.2.10:5205 - compteurs du musee (Area 511 VISITES MUSEE)
2026-10-05 23:11:02 [INFO]   511 VISITES MUSEE E=107520 S=0
2026-10-05 23:11:02 [INFO]   512 ENTREE MUSEE E=107520 S=0
2026-10-05 23:11:02 [INFO]   1208 TRI-MUS-55   E=26592 S=0
2026-10-05 23:11:02 [INFO]   1209 TRI-MUS-56   E=53928 S=0
2026-10-05 23:11:02 [INFO]   1210 TRI-MUS-57   E=27000 S=0
2026-10-05 23:11:02 [INFO]   1040 PDA.3.11     E=0 S=0
2026-10-05 23:11:03 [INFO]   transactions 22:56:02 -> 23:11:02 : 0 lues en 1 page(s), 0 musee
2026-10-05 23:11:03 [INFO] Dialogue borne : 0.8 s
2026-10-05 23:11:03 [INFO] Visiteurs du 2026-10-05 : 249 (source compteur, compteur 249, transactions 249)
2026-10-05 23:16:02 [INFO] Site visites libres : Pas de visites libres aujourd'hui
2026-10-05 23:16:02 [INFO] Site visites libres : pas de collecte (pas_jour_public).
2026-10-05 23:16:02 [INFO] Borne 192.168.2.10:5205 - compteurs du musee (Area 511 VISITES MUSEE)
2026-10-05 23:16:02 [INFO]   511 VISITES MUSEE E=107520 S=0
2026-10-05 23:16:02 [INFO]   512 ENTREE MUSEE E=107520 S=0
2026-10-05 23:16:02 [INFO]   1208 TRI-MUS-55   E=26592 S=0
2026-10-05 23:16:02 [INFO]   1209 TRI-MUS-56   E=53928 S=0
2026-10-05 23:16:02 [INFO]   1210 TRI-MUS-57   E=27000 S=0
2026-10-05 23:16:02 [INFO]   1040 PDA.3.11     E=0 S=0
2026-10-05 23:16:03 [INFO]   transactions 23:01:02 -> 23:16:02 : 0 lues en 1 page(s), 0 musee
2026-10-05 23:16:03 [INFO] Dialogue borne : 0.9 s
2026-10-05 23:16:03 [INFO] Visiteurs du 2026-10-05 : 249 (source compteur, compteur 249, transactions 249)
2026-10-05 23:21:02 [INFO] Site visites libres : Pas de visites libres aujourd'hui
2026-10-05 23:21:02 [INFO] Site visites libres : pas de collecte (pas_jour_public).
2026-10-05 23:21:02 [INFO] Borne 192.168.2.10:5205 - compteurs du musee (Area 511 VISITES MUSEE)
2026-10-05 23:21:02 [INFO]   511 VISITES MUSEE E=107520 S=0
2026-10-05 23:21:02 [INFO]   512 ENTREE MUSEE E=107520 S=0
2026-10-05 23:21:02 [INFO]   1208 TRI-MUS-55   E=26592 S=0
2026-10-05 23:21:02 [INFO]   1209 TRI-MUS-56   E=53928 S=0
2026-10-05 23:21:02 [INFO]   1210 TRI-MUS-57   E=27000 S=0
2026-10-05 23:21:02 [INFO]   1040 PDA.3.11     E=0 S=0
2026-10-05 23:21:03 [INFO]   transactions 23:06:02 -> 23:21:02 : 0 lues en 1 page(s), 0 musee
2026-10-05 23:21:03 [INFO] Dialogue borne : 0.8 s
2026-10-05 23:21:03 [INFO] Visiteurs du 2026-10-05 : 249 (source compteur, compteur 249, transactions 249)
2026-10-05 23:26:02 [INFO] Site visites libres : Pas de visites libres aujourd'hui
2026-10-05 23:26:02 [INFO] Site visites libres : pas de collecte (pas_jour_public).
2026-10-05 23:26:02 [INFO] Borne 192.168.2.10:5205 - compteurs du musee (Area 511 VISITES MUSEE)
2026-10-05 23:26:02 [INFO]   511 VISITES MUSEE E=107520 S=0
2026-10-05 23:26:02 [INFO]   512 ENTREE MUSEE E=107520 S=0
2026-10-05 23:26:02 [INFO]   1208 TRI-MUS-55   E=26592 S=0
2026-10-05 23:26:02 [INFO]   1209 TRI-MUS-56   E=53928 S=0
2026-10-05 23:26:02 [INFO]   1210 TRI-MUS-57   E=27000 S=0
2026-10-05 23:26:02 [INFO]   1040 PDA.3.11     E=0 S=0
2026-10-05 23:26:03 [INFO]   transactions 23:11:02 -> 23:26:02 : 0 lues en 1 page(s), 0 musee
2026-10-05 23:26:03 [INFO] Dialogue borne : 0.9 s
2026-10-05 23:26:03 [INFO] Visiteurs du 2026-10-05 : 249 (source compteur, compteur 249, transactions 249)
2026-10-05 23:31:02 [INFO] Site visites libres : Pas de visites libres aujourd'hui
2026-10-05 23:31:02 [INFO] Site visites libres : pas de collecte (pas_jour_public).
2026-10-05 23:31:02 [INFO] Borne 192.168.2.10:5205 - compteurs du musee (Area 511 VISITES MUSEE)
2026-10-05 23:31:02 [INFO]   511 VISITES MUSEE E=107520 S=0
2026-10-05 23:31:02 [INFO]   512 ENTREE MUSEE E=107520 S=0
2026-10-05 23:31:02 [INFO]   1208 TRI-MUS-55   E=26592 S=0
2026-10-05 23:31:02 [INFO]   1209 TRI-MUS-56   E=53928 S=0
2026-10-05 23:31:02 [INFO]   1210 TRI-MUS-57   E=27000 S=0
2026-10-05 23:31:02 [INFO]   1040 PDA.3.11     E=0 S=0
2026-10-05 23:31:03 [INFO]   transactions 23:16:02 -> 23:31:02 : 0 lues en 1 page(s), 0 musee
2026-10-05 23:31:03 [INFO] Dialogue borne : 0.9 s
2026-10-05 23:31:03 [INFO] Visiteurs du 2026-10-05 : 249 (source compteur, compteur 249, transactions 249)
2026-10-05 23:36:02 [INFO] Site visites libres : Pas de visites libres aujourd'hui
2026-10-05 23:36:02 [INFO] Site visites libres : pas de collecte (pas_jour_public).
2026-10-05 23:36:02 [INFO] Borne 192.168.2.10:5205 - compteurs du musee (Area 511 VISITES MUSEE)
2026-10-05 23:36:02 [INFO]   511 VISITES MUSEE E=107520 S=0
2026-10-05 23:36:02 [INFO]   512 ENTREE MUSEE E=107520 S=0
2026-10-05 23:36:02 [INFO]   1208 TRI-MUS-55   E=26592 S=0
2026-10-05 23:36:02 [INFO]   1209 TRI-MUS-56   E=53928 S=0
2026-10-05 23:36:02 [INFO]   1210 TRI-MUS-57   E=27000 S=0
2026-10-05 23:36:02 [INFO]   1040 PDA.3.11     E=0 S=0
2026-10-05 23:36:03 [INFO]   transactions 23:21:02 -> 23:36:02 : 0 lues en 1 page(s), 0 musee
2026-10-05 23:36:03 [INFO] Dialogue borne : 0.9 s
2026-10-05 23:36:03 [INFO] Visiteurs du 2026-10-05 : 249 (source compteur, compteur 249, transactions 249)
2026-10-05 23:41:02 [INFO] Site visites libres : Pas de visites libres aujourd'hui
2026-10-05 23:41:02 [INFO] Site visites libres : pas de collecte (pas_jour_public).
2026-10-05 23:41:02 [INFO] Borne 192.168.2.10:5205 - compteurs du musee (Area 511 VISITES MUSEE)
2026-10-05 23:41:02 [INFO]   511 VISITES MUSEE E=107520 S=0
2026-10-05 23:41:02 [INFO]   512 ENTREE MUSEE E=107520 S=0
2026-10-05 23:41:02 [INFO]   1208 TRI-MUS-55   E=26592 S=0
2026-10-05 23:41:02 [INFO]   1209 TRI-MUS-56   E=53928 S=0
2026-10-05 23:41:02 [INFO]   1210 TRI-MUS-57   E=27000 S=0
2026-10-05 23:41:02 [INFO]   1040 PDA.3.11     E=0 S=0
2026-10-05 23:41:03 [INFO]   transactions 23:26:02 -> 23:41:02 : 0 lues en 1 page(s), 0 musee
2026-10-05 23:41:03 [INFO] Dialogue borne : 0.9 s
2026-10-05 23:41:03 [INFO] Visiteurs du 2026-10-05 : 249 (source compteur, compteur 249, transactions 249)
2026-10-05 23:46:02 [INFO] Site visites libres : Pas de visites libres aujourd'hui
2026-10-05 23:46:02 [INFO] Site visites libres : pas de collecte (pas_jour_public).
2026-10-05 23:46:02 [INFO] Borne 192.168.2.10:5205 - compteurs du musee (Area 511 VISITES MUSEE)
2026-10-05 23:46:02 [INFO]   511 VISITES MUSEE E=107520 S=0
2026-10-05 23:46:02 [INFO]   512 ENTREE MUSEE E=107520 S=0
2026-10-05 23:46:02 [INFO]   1208 TRI-MUS-55   E=26592 S=0
2026-10-05 23:46:02 [INFO]   1209 TRI-MUS-56   E=53928 S=0
2026-10-05 23:46:02 [INFO]   1210 TRI-MUS-57   E=27000 S=0
2026-10-05 23:46:02 [INFO]   1040 PDA.3.11     E=0 S=0
2026-10-05 23:46:03 [INFO]   transactions 23:31:02 -> 23:46:02 : 0 lues en 1 page(s), 0 musee
2026-10-05 23:46:03 [INFO] Dialogue borne : 0.9 s
2026-10-05 23:46:03 [INFO] Visiteurs du 2026-10-05 : 249 (source compteur, compteur 249, transactions 249)
