2026-10-04 00:01:02 [INFO] Site visites libres : Visites libres a partir de 10h00 (fenetre 09:30-19:30)
2026-10-04 00:01:02 [INFO] Borne 192.168.2.10:5205 - compteurs du musee (Area 511 VISITES MUSEE)
2026-10-04 00:01:02 [INFO]   511 VISITES MUSEE E=106762 S=0
2026-10-04 00:01:02 [INFO]   512 ENTREE MUSEE E=106762 S=0
2026-10-04 00:01:02 [INFO]   1208 TRI-MUS-55   E=26384 S=0
2026-10-04 00:01:02 [INFO]   1209 TRI-MUS-56   E=53638 S=0
2026-10-04 00:01:02 [INFO]   1210 TRI-MUS-57   E=26740 S=0
2026-10-04 00:01:02 [INFO]   1040 PDA.3.11     E=0 S=0
2026-10-04 00:01:02 [INFO] Compteurs du site (visites libres)
2026-10-04 00:01:02 [INFO]   749 TRI-NORV-27  E=603 S=31130
2026-10-04 00:01:02 [INFO]   750 TRI-NORV-28  E=30400 S=143
2026-10-04 00:01:02 [INFO]   751 TRI-NORV-PMR-29 E=2893 S=131
2026-10-04 00:01:03 [INFO]   transactions 00:00:00 -> 00:01:02 : 0 lues en 1 page(s), 0 musee, 0 site
2026-10-04 00:01:03 [INFO] Dialogue borne : 1.5 s
2026-10-04 00:01:03 [INFO] Visiteurs du 2026-10-04 : 0 (source compteur, compteur 0, transactions 0)
2026-10-04 00:01:03 [INFO] Site visites libres du 2026-10-04 : entrees 0, sorties 0, presents 0 (pic None, source compteur)
2026-10-04 00:06:02 [INFO] Site visites libres : Visites libres a partir de 10h00 (fenetre 09:30-19:30)
2026-10-04 00:06:02 [INFO] Borne 192.168.2.10:5205 - compteurs du musee (Area 511 VISITES MUSEE)
2026-10-04 00:06:02 [INFO]   511 VISITES MUSEE E=106762 S=0
2026-10-04 00:06:02 [INFO]   512 ENTREE MUSEE E=106762 S=0
2026-10-04 00:06:02 [INFO]   1208 TRI-MUS-55   E=26384 S=0
2026-10-04 00:06:02 [INFO]   1209 TRI-MUS-56   E=53638 S=0
2026-10-04 00:06:02 [INFO]   1210 TRI-MUS-57   E=26740 S=0
2026-10-04 00:06:02 [INFO]   1040 PDA.3.11     E=0 S=0
2026-10-04 00:06:02 [INFO] Compteurs du site (visites libres)
2026-10-04 00:06:02 [INFO]   749 TRI-NORV-27  E=603 S=31130
2026-10-04 00:06:02 [INFO]   750 TRI-NORV-28  E=30400 S=143
2026-10-04 00:06:02 [INFO]   751 TRI-NORV-PMR-29 E=2893 S=131
2026-10-04 00:06:03 [INFO]   transactions 00:00:00 -> 00:06:02 : 0 lues en 1 page(s), 0 musee, 0 site
2026-10-04 00:06:03 [INFO] Dialogue borne : 1.0 s
2026-10-04 00:06:03 [INFO] Visiteurs du 2026-10-04 : 0 (source compteur, compteur 0, transactions 0)
2026-10-04 00:06:03 [INFO] Site visites libres du 2026-10-04 : entrees 0, sorties 0, presents 0 (pic None, source compteur)
2026-10-04 00:11:02 [INFO] Site visites libres : Visites libres a partir de 10h00 (fenetre 09:30-19:30)
2026-10-04 00:11:02 [INFO] Borne 192.168.2.10:5205 - compteurs du musee (Area 511 VISITES MUSEE)
2026-10-04 00:11:02 [INFO]   511 VISITES MUSEE E=106762 S=0
2026-10-04 00:11:02 [INFO]   512 ENTREE MUSEE E=106762 S=0
2026-10-04 00:11:02 [INFO]   1208 TRI-MUS-55   E=26384 S=0
2026-10-04 00:11:02 [INFO]   1209 TRI-MUS-56   E=53638 S=0
2026-10-04 00:11:02 [INFO]   1210 TRI-MUS-57   E=26740 S=0
2026-10-04 00:11:02 [INFO]   1040 PDA.3.11     E=0 S=0
2026-10-04 00:11:02 [INFO] Compteurs du site (visites libres)
2026-10-04 00:11:02 [INFO]   749 TRI-NORV-27  E=603 S=31130
2026-10-04 00:11:02 [INFO]   750 TRI-NORV-28  E=30400 S=143
2026-10-04 00:11:02 [INFO]   751 TRI-NORV-PMR-29 E=2893 S=131
2026-10-04 00:11:03 [INFO]   transactions 00:00:00 -> 00:11:02 : 0 lues en 1 page(s), 0 musee, 0 site
2026-10-04 00:11:03 [INFO] Dialogue borne : 0.9 s
2026-10-04 00:11:03 [INFO] Visiteurs du 2026-10-04 : 0 (source compteur, compteur 0, transactions 0)
2026-10-04 00:11:03 [INFO] Site visites libres du 2026-10-04 : entrees 0, sorties 0, presents 0 (pic None, source compteur)
2026-10-04 00:16:02 [INFO] Site visites libres : Visites libres a partir de 10h00 (fenetre 09:30-19:30)
2026-10-04 00:16:02 [INFO] Borne 192.168.2.10:5205 - compteurs du musee (Area 511 VISITES MUSEE)
2026-10-04 00:16:02 [INFO]   511 VISITES MUSEE E=106762 S=0
2026-10-04 00:16:02 [INFO]   512 ENTREE MUSEE E=106762 S=0
2026-10-04 00:16:02 [INFO]   1208 TRI-MUS-55   E=26384 S=0
2026-10-04 00:16:02 [INFO]   1209 TRI-MUS-56   E=53638 S=0
2026-10-04 00:16:02 [INFO]   1210 TRI-MUS-57   E=26740 S=0
2026-10-04 00:16:02 [INFO]   1040 PDA.3.11     E=0 S=0
2026-10-04 00:16:02 [INFO] Compteurs du site (visites libres)
2026-10-04 00:16:02 [INFO]   749 TRI-NORV-27  E=603 S=31130
2026-10-04 00:16:02 [INFO]   750 TRI-NORV-28  E=30400 S=143
2026-10-04 00:16:02 [INFO]   751 TRI-NORV-PMR-29 E=2893 S=131
2026-10-04 00:16:03 [INFO]   transactions 00:01:02 -> 00:16:02 : 0 lues en 1 page(s), 0 musee, 0 site
2026-10-04 00:16:03 [INFO] Dialogue borne : 1.1 s
2026-10-04 00:16:03 [INFO] Visiteurs du 2026-10-04 : 0 (source compteur, compteur 0, transactions 0)
2026-10-04 00:16:03 [INFO] Site visites libres du 2026-10-04 : entrees 0, sorties 0, presents 0 (pic None, source compteur)
2026-10-04 00:21:02 [INFO] Site visites libres : Visites libres a partir de 10h00 (fenetre 09:30-19:30)
2026-10-04 00:21:02 [INFO] Borne 192.168.2.10:5205 - compteurs du musee (Area 511 VISITES MUSEE)
2026-10-04 00:21:02 [INFO]   511 VISITES MUSEE E=106762 S=0
2026-10-04 00:21:02 [INFO]   512 ENTREE MUSEE E=106762 S=0
2026-10-04 00:21:02 [INFO]   1208 TRI-MUS-55   E=26384 S=0
2026-10-04 00:21:02 [INFO]   1209 TRI-MUS-56   E=53638 S=0
2026-10-04 00:21:02 [INFO]   1210 TRI-MUS-57   E=26740 S=0
2026-10-04 00:21:02 [INFO]   1040 PDA.3.11     E=0 S=0
2026-10-04 00:21:02 [INFO] Compteurs du site (visites libres)
2026-10-04 00:21:02 [INFO]   749 TRI-NORV-27  E=603 S=31130
2026-10-04 00:21:02 [INFO]   750 TRI-NORV-28  E=30400 S=143
2026-10-04 00:21:02 [INFO]   751 TRI-NORV-PMR-29 E=2893 S=131
2026-10-04 00:21:03 [INFO]   transactions 00:06:02 -> 00:21:02 : 0 lues en 1 page(s), 0 musee, 0 site
2026-10-04 00:21:03 [INFO] Dialogue borne : 1.1 s
2026-10-04 00:21:03 [INFO] Visiteurs du 2026-10-04 : 0 (source compteur, compteur 0, transactions 0)
2026-10-04 00:21:03 [INFO] Site visites libres du 2026-10-04 : entrees 0, sorties 0, presents 0 (pic None, source compteur)
2026-10-04 00:26:02 [INFO] Site visites libres : Visites libres a partir de 10h00 (fenetre 09:30-19:30)
2026-10-04 00:26:02 [INFO] Borne 192.168.2.10:5205 - compteurs du musee (Area 511 VISITES MUSEE)
2026-10-04 00:26:02 [INFO]   511 VISITES MUSEE E=106762 S=0
2026-10-04 00:26:02 [INFO]   512 ENTREE MUSEE E=106762 S=0
2026-10-04 00:26:02 [INFO]   1208 TRI-MUS-55   E=26384 S=0
2026-10-04 00:26:02 [INFO]   1209 TRI-MUS-56   E=53638 S=0
2026-10-04 00:26:02 [INFO]   1210 TRI-MUS-57   E=26740 S=0
2026-10-04 00:26:02 [INFO]   1040 PDA.3.11     E=0 S=0
2026-10-04 00:26:02 [INFO] Compteurs du site (visites libres)
2026-10-04 00:26:02 [INFO]   749 TRI-NORV-27  E=603 S=31130
2026-10-04 00:26:02 [INFO]   750 TRI-NORV-28  E=30400 S=143
2026-10-04 00:26:02 [INFO]   751 TRI-NORV-PMR-29 E=2893 S=131
2026-10-04 00:26:02 [INFO]   transactions 00:11:02 -> 00:26:02 : 0 lues en 1 page(s), 0 musee, 0 site
2026-10-04 00:26:02 [INFO] Dialogue borne : 0.9 s
2026-10-04 00:26:02 [INFO] Visiteurs du 2026-10-04 : 0 (source compteur, compteur 0, transactions 0)
2026-10-04 00:26:02 [INFO] Site visites libres du 2026-10-04 : entrees 0, sorties 0, presents 0 (pic None, source compteur)
2026-10-04 00:31:02 [INFO] Site visites libres : Visites libres a partir de 10h00 (fenetre 09:30-19:30)
2026-10-04 00:31:02 [INFO] Borne 192.168.2.10:5205 - compteurs du musee (Area 511 VISITES MUSEE)
2026-10-04 00:31:02 [INFO]   511 VISITES MUSEE E=106762 S=0
2026-10-04 00:31:02 [INFO]   512 ENTREE MUSEE E=106762 S=0
2026-10-04 00:31:02 [INFO]   1208 TRI-MUS-55   E=26384 S=0
2026-10-04 00:31:02 [INFO]   1209 TRI-MUS-56   E=53638 S=0
2026-10-04 00:31:02 [INFO]   1210 TRI-MUS-57   E=26740 S=0
2026-10-04 00:31:02 [INFO]   1040 PDA.3.11     E=0 S=0
2026-10-04 00:31:02 [INFO] Compteurs du site (visites libres)
2026-10-04 00:31:02 [INFO]   749 TRI-NORV-27  E=603 S=31130
2026-10-04 00:31:02 [INFO]   750 TRI-NORV-28  E=30400 S=143
2026-10-04 00:31:02 [INFO]   751 TRI-NORV-PMR-29 E=2893 S=131
2026-10-04 00:31:03 [INFO]   transactions 00:16:02 -> 00:31:02 : 0 lues en 1 page(s), 0 musee, 0 site
2026-10-04 00:31:03 [INFO] Dialogue borne : 0.9 s
2026-10-04 00:31:03 [INFO] Visiteurs du 2026-10-04 : 0 (source compteur, compteur 0, transactions 0)
2026-10-04 00:31:03 [INFO] Site visites libres du 2026-10-04 : entrees 0, sorties 0, presents 0 (pic None, source compteur)
2026-10-04 00:36:02 [INFO] Site visites libres : Visites libres a partir de 10h00 (fenetre 09:30-19:30)
2026-10-04 00:36:02 [INFO] Borne 192.168.2.10:5205 - compteurs du musee (Area 511 VISITES MUSEE)
2026-10-04 00:36:02 [INFO]   511 VISITES MUSEE E=106762 S=0
2026-10-04 00:36:02 [INFO]   512 ENTREE MUSEE E=106762 S=0
2026-10-04 00:36:02 [INFO]   1208 TRI-MUS-55   E=26384 S=0
2026-10-04 00:36:02 [INFO]   1209 TRI-MUS-56   E=53638 S=0
2026-10-04 00:36:02 [INFO]   1210 TRI-MUS-57   E=26740 S=0
2026-10-04 00:36:02 [INFO]   1040 PDA.3.11     E=0 S=0
2026-10-04 00:36:02 [INFO] Compteurs du site (visites libres)
2026-10-04 00:36:02 [INFO]   749 TRI-NORV-27  E=603 S=31130
2026-10-04 00:36:02 [INFO]   750 TRI-NORV-28  E=30400 S=143
2026-10-04 00:36:02 [INFO]   751 TRI-NORV-PMR-29 E=2893 S=131
2026-10-04 00:36:03 [INFO]   transactions 00:21:02 -> 00:36:02 : 0 lues en 1 page(s), 0 musee, 0 site
2026-10-04 00:36:03 [INFO] Dialogue borne : 1.0 s
2026-10-04 00:36:03 [INFO] Visiteurs du 2026-10-04 : 0 (source compteur, compteur 0, transactions 0)
2026-10-04 00:36:03 [INFO] Site visites libres du 2026-10-04 : entrees 0, sorties 0, presents 0 (pic None, source compteur)
2026-10-04 00:41:02 [INFO] Site visites libres : Visites libres a partir de 10h00 (fenetre 09:30-19:30)
2026-10-04 00:41:02 [INFO] Borne 192.168.2.10:5205 - compteurs du musee (Area 511 VISITES MUSEE)
2026-10-04 00:41:02 [INFO]   511 VISITES MUSEE E=106762 S=0
2026-10-04 00:41:02 [INFO]   512 ENTREE MUSEE E=106762 S=0
2026-10-04 00:41:02 [INFO]   1208 TRI-MUS-55   E=26384 S=0
2026-10-04 00:41:02 [INFO]   1209 TRI-MUS-56   E=53638 S=0
2026-10-04 00:41:02 [INFO]   1210 TRI-MUS-57   E=26740 S=0
2026-10-04 00:41:02 [INFO]   1040 PDA.3.11     E=0 S=0
2026-10-04 00:41:02 [INFO] Compteurs du site (visites libres)
2026-10-04 00:41:02 [INFO]   749 TRI-NORV-27  E=603 S=31130
2026-10-04 00:41:02 [INFO]   750 TRI-NORV-28  E=30400 S=143
2026-10-04 00:41:02 [INFO]   751 TRI-NORV-PMR-29 E=2893 S=131
2026-10-04 00:41:03 [INFO]   transactions 00:26:02 -> 00:41:02 : 0 lues en 1 page(s), 0 musee, 0 site
2026-10-04 00:41:03 [INFO] Dialogue borne : 1.1 s
2026-10-04 00:41:03 [INFO] Visiteurs du 2026-10-04 : 0 (source compteur, compteur 0, transactions 0)
2026-10-04 00:41:03 [INFO] Site visites libres du 2026-10-04 : entrees 0, sorties 0, presents 0 (pic None, source compteur)
2026-10-04 00:46:02 [INFO] Site visites libres : Visites libres a partir de 10h00 (fenetre 09:30-19:30)
2026-10-04 00:46:02 [INFO] Borne 192.168.2.10:5205 - compteurs du musee (Area 511 VISITES MUSEE)
2026-10-04 00:46:02 [INFO]   511 VISITES MUSEE E=106762 S=0
2026-10-04 00:46:02 [INFO]   512 ENTREE MUSEE E=106762 S=0
2026-10-04 00:46:02 [INFO]   1208 TRI-MUS-55   E=26384 S=0
2026-10-04 00:46:02 [INFO]   1209 TRI-MUS-56   E=53638 S=0
2026-10-04 00:46:02 [INFO]   1210 TRI-MUS-57   E=26740 S=0
2026-10-04 00:46:02 [INFO]   1040 PDA.3.11     E=0 S=0
2026-10-04 00:46:02 [INFO] Compteurs du site (visites libres)
2026-10-04 00:46:02 [INFO]   749 TRI-NORV-27  E=603 S=31130
2026-10-04 00:46:02 [INFO]   750 TRI-NORV-28  E=30400 S=143
2026-10-04 00:46:02 [INFO]   751 TRI-NORV-PMR-29 E=2893 S=131
2026-10-04 00:46:02 [INFO]   transactions 00:31:02 -> 00:46:02 : 0 lues en 1 page(s), 0 musee, 0 site
2026-10-04 00:46:02 [INFO] Dialogue borne : 0.9 s
2026-10-04 00:46:02 [INFO] Visiteurs du 2026-10-04 : 0 (source compteur, compteur 0, transactions 0)
2026-10-04 00:46:03 [INFO] Site visites libres du 2026-10-04 : entrees 0, sorties 0, presents 0 (pic None, source compteur)
2026-10-04 00:51:02 [INFO] Site visites libres : Visites libres a partir de 10h00 (fenetre 09:30-19:30)
2026-10-04 00:51:02 [INFO] Borne 192.168.2.10:5205 - compteurs du musee (Area 511 VISITES MUSEE)
2026-10-04 00:51:02 [INFO]   511 VISITES MUSEE E=106762 S=0
2026-10-04 00:51:02 [INFO]   512 ENTREE MUSEE E=106762 S=0
2026-10-04 00:51:02 [INFO]   1208 TRI-MUS-55   E=26384 S=0
2026-10-04 00:51:02 [INFO]   1209 TRI-MUS-56   E=53638 S=0
2026-10-04 00:51:02 [INFO]   1210 TRI-MUS-57   E=26740 S=0
2026-10-04 00:51:02 [INFO]   1040 PDA.3.11     E=0 S=0
2026-10-04 00:51:02 [INFO] Compteurs du site (visites libres)
2026-10-04 00:51:02 [INFO]   749 TRI-NORV-27  E=603 S=31130
2026-10-04 00:51:02 [INFO]   750 TRI-NORV-28  E=30400 S=143
2026-10-04 00:51:02 [INFO]   751 TRI-NORV-PMR-29 E=2893 S=131
2026-10-04 00:51:02 [INFO]   transactions 00:36:02 -> 00:51:02 : 0 lues en 1 page(s), 0 musee, 0 site
2026-10-04 00:51:02 [INFO] Dialogue borne : 0.9 s
2026-10-04 00:51:02 [INFO] Visiteurs du 2026-10-04 : 0 (source compteur, compteur 0, transactions 0)
2026-10-04 00:51:03 [INFO] Site visites libres du 2026-10-04 : entrees 0, sorties 0, presents 0 (pic None, source compteur)
2026-10-04 00:56:02 [INFO] Site visites libres : Visites libres a partir de 10h00 (fenetre 09:30-19:30)
2026-10-04 00:56:02 [INFO] Borne 192.168.2.10:5205 - compteurs du musee (Area 511 VISITES MUSEE)
2026-10-04 00:56:02 [INFO]   511 VISITES MUSEE E=106762 S=0
2026-10-04 00:56:02 [INFO]   512 ENTREE MUSEE E=106762 S=0
2026-10-04 00:56:02 [INFO]   1208 TRI-MUS-55   E=26384 S=0
2026-10-04 00:56:02 [INFO]   1209 TRI-MUS-56   E=53638 S=0
2026-10-04 00:56:02 [INFO]   1210 TRI-MUS-57   E=26740 S=0
2026-10-04 00:56:02 [INFO]   1040 PDA.3.11     E=0 S=0
2026-10-04 00:56:02 [INFO] Compteurs du site (visites libres)
2026-10-04 00:56:02 [INFO]   749 TRI-NORV-27  E=603 S=31130
2026-10-04 00:56:02 [INFO]   750 TRI-NORV-28  E=30400 S=143
2026-10-04 00:56:02 [INFO]   751 TRI-NORV-PMR-29 E=2893 S=131
2026-10-04 00:56:03 [INFO]   transactions 00:41:02 -> 00:56:02 : 0 lues en 1 page(s), 0 musee, 0 site
2026-10-04 00:56:03 [INFO] Dialogue borne : 0.9 s
2026-10-04 00:56:03 [INFO] Visiteurs du 2026-10-04 : 0 (source compteur, compteur 0, transactions 0)
2026-10-04 00:56:03 [INFO] Site visites libres du 2026-10-04 : entrees 0, sorties 0, presents 0 (pic None, source compteur)
2026-10-04 01:01:02 [INFO] Site visites libres : Visites libres a partir de 10h00 (fenetre 09:30-19:30)
2026-10-04 01:01:02 [INFO] Borne 192.168.2.10:5205 - compteurs du musee (Area 511 VISITES MUSEE)
2026-10-04 01:01:02 [INFO]   511 VISITES MUSEE E=106762 S=0
2026-10-04 01:01:02 [INFO]   512 ENTREE MUSEE E=106762 S=0
2026-10-04 01:01:02 [INFO]   1208 TRI-MUS-55   E=26384 S=0
2026-10-04 01:01:02 [INFO]   1209 TRI-MUS-56   E=53638 S=0
2026-10-04 01:01:02 [INFO]   1210 TRI-MUS-57   E=26740 S=0
2026-10-04 01:01:02 [INFO]   1040 PDA.3.11     E=0 S=0
2026-10-04 01:01:02 [INFO] Compteurs du site (visites libres)
2026-10-04 01:01:02 [INFO]   749 TRI-NORV-27  E=603 S=31130
2026-10-04 01:01:02 [INFO]   750 TRI-NORV-28  E=30400 S=143
2026-10-04 01:01:02 [INFO]   751 TRI-NORV-PMR-29 E=2893 S=131
2026-10-04 01:01:03 [INFO]   transactions 00:46:02 -> 01:01:02 : 0 lues en 1 page(s), 0 musee, 0 site
2026-10-04 01:01:03 [INFO] Dialogue borne : 1.0 s
2026-10-04 01:01:03 [INFO] Visiteurs du 2026-10-04 : 0 (source compteur, compteur 0, transactions 0)
2026-10-04 01:01:03 [INFO] Site visites libres du 2026-10-04 : entrees 0, sorties 0, presents 0 (pic None, source compteur)
2026-10-04 01:06:02 [INFO] Site visites libres : Visites libres a partir de 10h00 (fenetre 09:30-19:30)
2026-10-04 01:06:02 [INFO] Borne 192.168.2.10:5205 - compteurs du musee (Area 511 VISITES MUSEE)
2026-10-04 01:06:02 [INFO]   511 VISITES MUSEE E=106762 S=0
2026-10-04 01:06:02 [INFO]   512 ENTREE MUSEE E=106762 S=0
2026-10-04 01:06:02 [INFO]   1208 TRI-MUS-55   E=26384 S=0
2026-10-04 01:06:02 [INFO]   1209 TRI-MUS-56   E=53638 S=0
2026-10-04 01:06:02 [INFO]   1210 TRI-MUS-57   E=26740 S=0
2026-10-04 01:06:02 [INFO]   1040 PDA.3.11     E=0 S=0
2026-10-04 01:06:02 [INFO] Compteurs du site (visites libres)
2026-10-04 01:06:02 [INFO]   749 TRI-NORV-27  E=603 S=31130
2026-10-04 01:06:02 [INFO]   750 TRI-NORV-28  E=30400 S=143
2026-10-04 01:06:02 [INFO]   751 TRI-NORV-PMR-29 E=2893 S=131
2026-10-04 01:06:03 [INFO]   transactions 00:51:02 -> 01:06:02 : 0 lues en 1 page(s), 0 musee, 0 site
2026-10-04 01:06:03 [INFO] Dialogue borne : 0.9 s
2026-10-04 01:06:03 [INFO] Visiteurs du 2026-10-04 : 0 (source compteur, compteur 0, transactions 0)
2026-10-04 01:06:03 [INFO] Site visites libres du 2026-10-04 : entrees 0, sorties 0, presents 0 (pic None, source compteur)
2026-10-04 01:11:02 [INFO] Site visites libres : Visites libres a partir de 10h00 (fenetre 09:30-19:30)
2026-10-04 01:11:02 [INFO] Borne 192.168.2.10:5205 - compteurs du musee (Area 511 VISITES MUSEE)
2026-10-04 01:11:02 [INFO]   511 VISITES MUSEE E=106762 S=0
2026-10-04 01:11:02 [INFO]   512 ENTREE MUSEE E=106762 S=0
2026-10-04 01:11:02 [INFO]   1208 TRI-MUS-55   E=26384 S=0
2026-10-04 01:11:02 [INFO]   1209 TRI-MUS-56   E=53638 S=0
2026-10-04 01:11:02 [INFO]   1210 TRI-MUS-57   E=26740 S=0
2026-10-04 01:11:02 [INFO]   1040 PDA.3.11     E=0 S=0
2026-10-04 01:11:02 [INFO] Compteurs du site (visites libres)
2026-10-04 01:11:02 [INFO]   749 TRI-NORV-27  E=603 S=31130
2026-10-04 01:11:02 [INFO]   750 TRI-NORV-28  E=30400 S=143
2026-10-04 01:11:02 [INFO]   751 TRI-NORV-PMR-29 E=2893 S=131
2026-10-04 01:11:03 [INFO]   transactions 00:56:02 -> 01:11:02 : 0 lues en 1 page(s), 0 musee, 0 site
2026-10-04 01:11:03 [INFO] Dialogue borne : 1.0 s
2026-10-04 01:11:03 [INFO] Visiteurs du 2026-10-04 : 0 (source compteur, compteur 0, transactions 0)
2026-10-04 01:11:03 [INFO] Site visites libres du 2026-10-04 : entrees 0, sorties 0, presents 0 (pic None, source compteur)
2026-10-04 01:16:02 [INFO] Site visites libres : Visites libres a partir de 10h00 (fenetre 09:30-19:30)
2026-10-04 01:16:02 [INFO] Borne 192.168.2.10:5205 - compteurs du musee (Area 511 VISITES MUSEE)
2026-10-04 01:16:02 [INFO]   511 VISITES MUSEE E=106762 S=0
2026-10-04 01:16:02 [INFO]   512 ENTREE MUSEE E=106762 S=0
2026-10-04 01:16:02 [INFO]   1208 TRI-MUS-55   E=26384 S=0
2026-10-04 01:16:02 [INFO]   1209 TRI-MUS-56   E=53638 S=0
2026-10-04 01:16:02 [INFO]   1210 TRI-MUS-57   E=26740 S=0
2026-10-04 01:16:02 [INFO]   1040 PDA.3.11     E=0 S=0
2026-10-04 01:16:02 [INFO] Compteurs du site (visites libres)
2026-10-04 01:16:02 [INFO]   749 TRI-NORV-27  E=603 S=31130
2026-10-04 01:16:02 [INFO]   750 TRI-NORV-28  E=30400 S=143
2026-10-04 01:16:02 [INFO]   751 TRI-NORV-PMR-29 E=2893 S=131
2026-10-04 01:16:03 [INFO]   transactions 01:01:02 -> 01:16:02 : 0 lues en 1 page(s), 0 musee, 0 site
2026-10-04 01:16:03 [INFO] Dialogue borne : 1.0 s
2026-10-04 01:16:03 [INFO] Visiteurs du 2026-10-04 : 0 (source compteur, compteur 0, transactions 0)
2026-10-04 01:16:03 [INFO] Site visites libres du 2026-10-04 : entrees 0, sorties 0, presents 0 (pic None, source compteur)
2026-10-04 01:21:02 [INFO] Site visites libres : Visites libres a partir de 10h00 (fenetre 09:30-19:30)
2026-10-04 01:21:02 [INFO] Borne 192.168.2.10:5205 - compteurs du musee (Area 511 VISITES MUSEE)
2026-10-04 01:21:02 [INFO]   511 VISITES MUSEE E=106762 S=0
2026-10-04 01:21:02 [INFO]   512 ENTREE MUSEE E=106762 S=0
2026-10-04 01:21:02 [INFO]   1208 TRI-MUS-55   E=26384 S=0
2026-10-04 01:21:02 [INFO]   1209 TRI-MUS-56   E=53638 S=0
2026-10-04 01:21:02 [INFO]   1210 TRI-MUS-57   E=26740 S=0
2026-10-04 01:21:02 [INFO]   1040 PDA.3.11     E=0 S=0
2026-10-04 01:21:02 [INFO] Compteurs du site (visites libres)
2026-10-04 01:21:02 [INFO]   749 TRI-NORV-27  E=603 S=31130
2026-10-04 01:21:02 [INFO]   750 TRI-NORV-28  E=30400 S=143
2026-10-04 01:21:02 [INFO]   751 TRI-NORV-PMR-29 E=2893 S=131
2026-10-04 01:21:03 [INFO]   transactions 01:06:02 -> 01:21:02 : 0 lues en 1 page(s), 0 musee, 0 site
2026-10-04 01:21:03 [INFO] Dialogue borne : 0.8 s
2026-10-04 01:21:03 [INFO] Visiteurs du 2026-10-04 : 0 (source compteur, compteur 0, transactions 0)
2026-10-04 01:21:03 [INFO] Site visites libres du 2026-10-04 : entrees 0, sorties 0, presents 0 (pic None, source compteur)
2026-10-04 01:26:02 [INFO] Site visites libres : Visites libres a partir de 10h00 (fenetre 09:30-19:30)
2026-10-04 01:26:02 [INFO] Borne 192.168.2.10:5205 - compteurs du musee (Area 511 VISITES MUSEE)
2026-10-04 01:26:02 [INFO]   511 VISITES MUSEE E=106762 S=0
2026-10-04 01:26:02 [INFO]   512 ENTREE MUSEE E=106762 S=0
2026-10-04 01:26:02 [INFO]   1208 TRI-MUS-55   E=26384 S=0
2026-10-04 01:26:02 [INFO]   1209 TRI-MUS-56   E=53638 S=0
2026-10-04 01:26:02 [INFO]   1210 TRI-MUS-57   E=26740 S=0
2026-10-04 01:26:02 [INFO]   1040 PDA.3.11     E=0 S=0
2026-10-04 01:26:02 [INFO] Compteurs du site (visites libres)
2026-10-04 01:26:02 [INFO]   749 TRI-NORV-27  E=603 S=31130
2026-10-04 01:26:02 [INFO]   750 TRI-NORV-28  E=30400 S=143
2026-10-04 01:26:02 [INFO]   751 TRI-NORV-PMR-29 E=2893 S=131
2026-10-04 01:26:03 [INFO]   transactions 01:11:02 -> 01:26:02 : 0 lues en 1 page(s), 0 musee, 0 site
2026-10-04 01:26:03 [INFO] Dialogue borne : 0.9 s
2026-10-04 01:26:03 [INFO] Visiteurs du 2026-10-04 : 0 (source compteur, compteur 0, transactions 0)
2026-10-04 01:26:03 [INFO] Site visites libres du 2026-10-04 : entrees 0, sorties 0, presents 0 (pic None, source compteur)
2026-10-04 01:31:02 [INFO] Site visites libres : Visites libres a partir de 10h00 (fenetre 09:30-19:30)
2026-10-04 01:31:02 [INFO] Borne 192.168.2.10:5205 - compteurs du musee (Area 511 VISITES MUSEE)
2026-10-04 01:31:02 [INFO]   511 VISITES MUSEE E=106762 S=0
2026-10-04 01:31:02 [INFO]   512 ENTREE MUSEE E=106762 S=0
2026-10-04 01:31:02 [INFO]   1208 TRI-MUS-55   E=26384 S=0
2026-10-04 01:31:02 [INFO]   1209 TRI-MUS-56   E=53638 S=0
2026-10-04 01:31:02 [INFO]   1210 TRI-MUS-57   E=26740 S=0
2026-10-04 01:31:02 [INFO]   1040 PDA.3.11     E=0 S=0
2026-10-04 01:31:02 [INFO] Compteurs du site (visites libres)
2026-10-04 01:31:02 [INFO]   749 TRI-NORV-27  E=603 S=31130
2026-10-04 01:31:02 [INFO]   750 TRI-NORV-28  E=30400 S=143
2026-10-04 01:31:02 [INFO]   751 TRI-NORV-PMR-29 E=2893 S=131
2026-10-04 01:31:03 [INFO]   transactions 01:16:02 -> 01:31:02 : 0 lues en 1 page(s), 0 musee, 0 site
2026-10-04 01:31:03 [INFO] Dialogue borne : 1.0 s
2026-10-04 01:31:03 [INFO] Visiteurs du 2026-10-04 : 0 (source compteur, compteur 0, transactions 0)
2026-10-04 01:31:03 [INFO] Site visites libres du 2026-10-04 : entrees 0, sorties 0, presents 0 (pic None, source compteur)
2026-10-04 01:36:02 [INFO] Site visites libres : Visites libres a partir de 10h00 (fenetre 09:30-19:30)
2026-10-04 01:36:02 [INFO] Borne 192.168.2.10:5205 - compteurs du musee (Area 511 VISITES MUSEE)
2026-10-04 01:36:02 [INFO]   511 VISITES MUSEE E=106762 S=0
2026-10-04 01:36:02 [INFO]   512 ENTREE MUSEE E=106762 S=0
2026-10-04 01:36:02 [INFO]   1208 TRI-MUS-55   E=26384 S=0
2026-10-04 01:36:02 [INFO]   1209 TRI-MUS-56   E=53638 S=0
2026-10-04 01:36:02 [INFO]   1210 TRI-MUS-57   E=26740 S=0
2026-10-04 01:36:02 [INFO]   1040 PDA.3.11     E=0 S=0
2026-10-04 01:36:02 [INFO] Compteurs du site (visites libres)
2026-10-04 01:36:02 [INFO]   749 TRI-NORV-27  E=603 S=31130
2026-10-04 01:36:02 [INFO]   750 TRI-NORV-28  E=30400 S=143
2026-10-04 01:36:02 [INFO]   751 TRI-NORV-PMR-29 E=2893 S=131
2026-10-04 01:36:03 [INFO]   transactions 01:21:02 -> 01:36:02 : 0 lues en 1 page(s), 0 musee, 0 site
2026-10-04 01:36:03 [INFO] Dialogue borne : 1.0 s
2026-10-04 01:36:03 [INFO] Visiteurs du 2026-10-04 : 0 (source compteur, compteur 0, transactions 0)
2026-10-04 01:36:03 [INFO] Site visites libres du 2026-10-04 : entrees 0, sorties 0, presents 0 (pic None, source compteur)
2026-10-04 01:41:02 [INFO] Site visites libres : Visites libres a partir de 10h00 (fenetre 09:30-19:30)
2026-10-04 01:41:02 [INFO] Borne 192.168.2.10:5205 - compteurs du musee (Area 511 VISITES MUSEE)
2026-10-04 01:41:02 [INFO]   511 VISITES MUSEE E=106762 S=0
2026-10-04 01:41:02 [INFO]   512 ENTREE MUSEE E=106762 S=0
2026-10-04 01:41:02 [INFO]   1208 TRI-MUS-55   E=26384 S=0
2026-10-04 01:41:02 [INFO]   1209 TRI-MUS-56   E=53638 S=0
2026-10-04 01:41:02 [INFO]   1210 TRI-MUS-57   E=26740 S=0
2026-10-04 01:41:02 [INFO]   1040 PDA.3.11     E=0 S=0
2026-10-04 01:41:02 [INFO] Compteurs du site (visites libres)
2026-10-04 01:41:02 [INFO]   749 TRI-NORV-27  E=603 S=31130
2026-10-04 01:41:02 [INFO]   750 TRI-NORV-28  E=30400 S=143
2026-10-04 01:41:02 [INFO]   751 TRI-NORV-PMR-29 E=2893 S=131
2026-10-04 01:41:03 [INFO]   transactions 01:26:02 -> 01:41:02 : 0 lues en 1 page(s), 0 musee, 0 site
2026-10-04 01:41:03 [INFO] Dialogue borne : 0.9 s
2026-10-04 01:41:03 [INFO] Visiteurs du 2026-10-04 : 0 (source compteur, compteur 0, transactions 0)
2026-10-04 01:41:03 [INFO] Site visites libres du 2026-10-04 : entrees 0, sorties 0, presents 0 (pic None, source compteur)
2026-10-04 01:46:02 [INFO] Site visites libres : Visites libres a partir de 10h00 (fenetre 09:30-19:30)
2026-10-04 01:46:02 [INFO] Borne 192.168.2.10:5205 - compteurs du musee (Area 511 VISITES MUSEE)
2026-10-04 01:46:02 [INFO]   511 VISITES MUSEE E=106762 S=0
2026-10-04 01:46:02 [INFO]   512 ENTREE MUSEE E=106762 S=0
2026-10-04 01:46:02 [INFO]   1208 TRI-MUS-55   E=26384 S=0
2026-10-04 01:46:02 [INFO]   1209 TRI-MUS-56   E=53638 S=0
2026-10-04 01:46:02 [INFO]   1210 TRI-MUS-57   E=26740 S=0
2026-10-04 01:46:02 [INFO]   1040 PDA.3.11     E=0 S=0
2026-10-04 01:46:02 [INFO] Compteurs du site (visites libres)
2026-10-04 01:46:02 [INFO]   749 TRI-NORV-27  E=603 S=31130
2026-10-04 01:46:02 [INFO]   750 TRI-NORV-28  E=30400 S=143
2026-10-04 01:46:02 [INFO]   751 TRI-NORV-PMR-29 E=2893 S=131
2026-10-04 01:46:03 [INFO]   transactions 01:31:02 -> 01:46:02 : 0 lues en 1 page(s), 0 musee, 0 site
2026-10-04 01:46:03 [INFO] Dialogue borne : 1.0 s
2026-10-04 01:46:03 [INFO] Visiteurs du 2026-10-04 : 0 (source compteur, compteur 0, transactions 0)
2026-10-04 01:46:03 [INFO] Site visites libres du 2026-10-04 : entrees 0, sorties 0, presents 0 (pic None, source compteur)
2026-10-04 01:51:02 [INFO] Site visites libres : Visites libres a partir de 10h00 (fenetre 09:30-19:30)
2026-10-04 01:51:02 [INFO] Borne 192.168.2.10:5205 - compteurs du musee (Area 511 VISITES MUSEE)
2026-10-04 01:51:02 [INFO]   511 VISITES MUSEE E=106762 S=0
2026-10-04 01:51:02 [INFO]   512 ENTREE MUSEE E=106762 S=0
2026-10-04 01:51:02 [INFO]   1208 TRI-MUS-55   E=26384 S=0
2026-10-04 01:51:02 [INFO]   1209 TRI-MUS-56   E=53638 S=0
2026-10-04 01:51:02 [INFO]   1210 TRI-MUS-57   E=26740 S=0
2026-10-04 01:51:02 [INFO]   1040 PDA.3.11     E=0 S=0
2026-10-04 01:51:02 [INFO] Compteurs du site (visites libres)
2026-10-04 01:51:02 [INFO]   749 TRI-NORV-27  E=603 S=31130
2026-10-04 01:51:02 [INFO]   750 TRI-NORV-28  E=30400 S=143
2026-10-04 01:51:02 [INFO]   751 TRI-NORV-PMR-29 E=2893 S=131
2026-10-04 01:51:03 [INFO]   transactions 01:36:02 -> 01:51:02 : 0 lues en 1 page(s), 0 musee, 0 site
2026-10-04 01:51:03 [INFO] Dialogue borne : 1.0 s
2026-10-04 01:51:03 [INFO] Visiteurs du 2026-10-04 : 0 (source compteur, compteur 0, transactions 0)
2026-10-04 01:51:03 [INFO] Site visites libres du 2026-10-04 : entrees 0, sorties 0, presents 0 (pic None, source compteur)
2026-10-04 01:56:02 [INFO] Site visites libres : Visites libres a partir de 10h00 (fenetre 09:30-19:30)
2026-10-04 01:56:02 [INFO] Borne 192.168.2.10:5205 - compteurs du musee (Area 511 VISITES MUSEE)
2026-10-04 01:56:02 [INFO]   511 VISITES MUSEE E=106762 S=0
2026-10-04 01:56:02 [INFO]   512 ENTREE MUSEE E=106762 S=0
2026-10-04 01:56:02 [INFO]   1208 TRI-MUS-55   E=26384 S=0
2026-10-04 01:56:02 [INFO]   1209 TRI-MUS-56   E=53638 S=0
2026-10-04 01:56:02 [INFO]   1210 TRI-MUS-57   E=26740 S=0
2026-10-04 01:56:02 [INFO]   1040 PDA.3.11     E=0 S=0
2026-10-04 01:56:02 [INFO] Compteurs du site (visites libres)
2026-10-04 01:56:02 [INFO]   749 TRI-NORV-27  E=603 S=31130
2026-10-04 01:56:02 [INFO]   750 TRI-NORV-28  E=30400 S=143
2026-10-04 01:56:02 [INFO]   751 TRI-NORV-PMR-29 E=2893 S=131
2026-10-04 01:56:03 [INFO]   transactions 01:41:02 -> 01:56:02 : 0 lues en 1 page(s), 0 musee, 0 site
2026-10-04 01:56:03 [INFO] Dialogue borne : 1.1 s
2026-10-04 01:56:03 [INFO] Visiteurs du 2026-10-04 : 0 (source compteur, compteur 0, transactions 0)
2026-10-04 01:56:03 [INFO] Site visites libres du 2026-10-04 : entrees 0, sorties 0, presents 0 (pic None, source compteur)
2026-10-04 02:01:02 [INFO] Site visites libres : Visites libres a partir de 10h00 (fenetre 09:30-19:30)
2026-10-04 02:01:02 [INFO] Borne 192.168.2.10:5205 - compteurs du musee (Area 511 VISITES MUSEE)
2026-10-04 02:01:02 [INFO]   511 VISITES MUSEE E=106762 S=0
2026-10-04 02:01:02 [INFO]   512 ENTREE MUSEE E=106762 S=0
2026-10-04 02:01:02 [INFO]   1208 TRI-MUS-55   E=26384 S=0
2026-10-04 02:01:02 [INFO]   1209 TRI-MUS-56   E=53638 S=0
2026-10-04 02:01:02 [INFO]   1210 TRI-MUS-57   E=26740 S=0
2026-10-04 02:01:02 [INFO]   1040 PDA.3.11     E=0 S=0
2026-10-04 02:01:02 [INFO] Compteurs du site (visites libres)
2026-10-04 02:01:02 [INFO]   749 TRI-NORV-27  E=603 S=31130
2026-10-04 02:01:02 [INFO]   750 TRI-NORV-28  E=30400 S=143
2026-10-04 02:01:02 [INFO]   751 TRI-NORV-PMR-29 E=2893 S=131
2026-10-04 02:01:03 [INFO]   transactions 01:46:02 -> 02:01:02 : 0 lues en 1 page(s), 0 musee, 0 site
2026-10-04 02:01:03 [INFO] Dialogue borne : 0.9 s
2026-10-04 02:01:03 [INFO] Visiteurs du 2026-10-04 : 0 (source compteur, compteur 0, transactions 0)
2026-10-04 02:01:03 [INFO] Site visites libres du 2026-10-04 : entrees 0, sorties 0, presents 0 (pic None, source compteur)
2026-10-04 02:06:02 [INFO] Site visites libres : Visites libres a partir de 10h00 (fenetre 09:30-19:30)
2026-10-04 02:06:02 [INFO] Borne 192.168.2.10:5205 - compteurs du musee (Area 511 VISITES MUSEE)
2026-10-04 02:06:02 [INFO]   511 VISITES MUSEE E=106762 S=0
2026-10-04 02:06:02 [INFO]   512 ENTREE MUSEE E=106762 S=0
2026-10-04 02:06:02 [INFO]   1208 TRI-MUS-55   E=26384 S=0
2026-10-04 02:06:02 [INFO]   1209 TRI-MUS-56   E=53638 S=0
2026-10-04 02:06:02 [INFO]   1210 TRI-MUS-57   E=26740 S=0
2026-10-04 02:06:02 [INFO]   1040 PDA.3.11     E=0 S=0
2026-10-04 02:06:02 [INFO] Compteurs du site (visites libres)
2026-10-04 02:06:02 [INFO]   749 TRI-NORV-27  E=603 S=31130
2026-10-04 02:06:02 [INFO]   750 TRI-NORV-28  E=30400 S=143
2026-10-04 02:06:02 [INFO]   751 TRI-NORV-PMR-29 E=2893 S=131
2026-10-04 02:06:03 [INFO]   transactions 01:51:02 -> 02:06:02 : 0 lues en 1 page(s), 0 musee, 0 site
2026-10-04 02:06:03 [INFO] Dialogue borne : 1.0 s
2026-10-04 02:06:03 [INFO] Visiteurs du 2026-10-04 : 0 (source compteur, compteur 0, transactions 0)
2026-10-04 02:06:03 [INFO] Site visites libres du 2026-10-04 : entrees 0, sorties 0, presents 0 (pic None, source compteur)
2026-10-04 02:11:02 [INFO] Site visites libres : Visites libres a partir de 10h00 (fenetre 09:30-19:30)
2026-10-04 02:11:02 [INFO] Borne 192.168.2.10:5205 - compteurs du musee (Area 511 VISITES MUSEE)
2026-10-04 02:11:02 [INFO]   511 VISITES MUSEE E=106762 S=0
2026-10-04 02:11:02 [INFO]   512 ENTREE MUSEE E=106762 S=0
2026-10-04 02:11:02 [INFO]   1208 TRI-MUS-55   E=26384 S=0
2026-10-04 02:11:02 [INFO]   1209 TRI-MUS-56   E=53638 S=0
2026-10-04 02:11:02 [INFO]   1210 TRI-MUS-57   E=26740 S=0
2026-10-04 02:11:02 [INFO]   1040 PDA.3.11     E=0 S=0
2026-10-04 02:11:02 [INFO] Compteurs du site (visites libres)
2026-10-04 02:11:02 [INFO]   749 TRI-NORV-27  E=603 S=31130
2026-10-04 02:11:02 [INFO]   750 TRI-NORV-28  E=30400 S=143
2026-10-04 02:11:02 [INFO]   751 TRI-NORV-PMR-29 E=2893 S=131
2026-10-04 02:11:03 [INFO]   transactions 01:56:02 -> 02:11:02 : 0 lues en 1 page(s), 0 musee, 0 site
2026-10-04 02:11:03 [INFO] Dialogue borne : 1.1 s
2026-10-04 02:11:03 [INFO] Visiteurs du 2026-10-04 : 0 (source compteur, compteur 0, transactions 0)
2026-10-04 02:11:03 [INFO] Site visites libres du 2026-10-04 : entrees 0, sorties 0, presents 0 (pic None, source compteur)
2026-10-04 02:16:02 [INFO] Site visites libres : Visites libres a partir de 10h00 (fenetre 09:30-19:30)
2026-10-04 02:16:02 [INFO] Borne 192.168.2.10:5205 - compteurs du musee (Area 511 VISITES MUSEE)
2026-10-04 02:16:02 [INFO]   511 VISITES MUSEE E=106762 S=0
2026-10-04 02:16:02 [INFO]   512 ENTREE MUSEE E=106762 S=0
2026-10-04 02:16:02 [INFO]   1208 TRI-MUS-55   E=26384 S=0
2026-10-04 02:16:02 [INFO]   1209 TRI-MUS-56   E=53638 S=0
2026-10-04 02:16:02 [INFO]   1210 TRI-MUS-57   E=26740 S=0
2026-10-04 02:16:02 [INFO]   1040 PDA.3.11     E=0 S=0
2026-10-04 02:16:02 [INFO] Compteurs du site (visites libres)
2026-10-04 02:16:02 [INFO]   749 TRI-NORV-27  E=603 S=31130
2026-10-04 02:16:02 [INFO]   750 TRI-NORV-28  E=30400 S=143
2026-10-04 02:16:02 [INFO]   751 TRI-NORV-PMR-29 E=2893 S=131
2026-10-04 02:16:03 [INFO]   transactions 02:01:02 -> 02:16:02 : 0 lues en 1 page(s), 0 musee, 0 site
2026-10-04 02:16:03 [INFO] Dialogue borne : 0.9 s
2026-10-04 02:16:03 [INFO] Visiteurs du 2026-10-04 : 0 (source compteur, compteur 0, transactions 0)
2026-10-04 02:16:03 [INFO] Site visites libres du 2026-10-04 : entrees 0, sorties 0, presents 0 (pic None, source compteur)
2026-10-04 02:21:02 [INFO] Site visites libres : Visites libres a partir de 10h00 (fenetre 09:30-19:30)
2026-10-04 02:21:02 [INFO] Borne 192.168.2.10:5205 - compteurs du musee (Area 511 VISITES MUSEE)
2026-10-04 02:21:02 [INFO]   511 VISITES MUSEE E=106762 S=0
2026-10-04 02:21:02 [INFO]   512 ENTREE MUSEE E=106762 S=0
2026-10-04 02:21:02 [INFO]   1208 TRI-MUS-55   E=26384 S=0
2026-10-04 02:21:02 [INFO]   1209 TRI-MUS-56   E=53638 S=0
2026-10-04 02:21:02 [INFO]   1210 TRI-MUS-57   E=26740 S=0
2026-10-04 02:21:02 [INFO]   1040 PDA.3.11     E=0 S=0
2026-10-04 02:21:02 [INFO] Compteurs du site (visites libres)
2026-10-04 02:21:02 [INFO]   749 TRI-NORV-27  E=603 S=31130
2026-10-04 02:21:02 [INFO]   750 TRI-NORV-28  E=30400 S=143
2026-10-04 02:21:02 [INFO]   751 TRI-NORV-PMR-29 E=2893 S=131
2026-10-04 02:21:03 [INFO]   transactions 02:06:02 -> 02:21:02 : 0 lues en 1 page(s), 0 musee, 0 site
2026-10-04 02:21:03 [INFO] Dialogue borne : 0.9 s
2026-10-04 02:21:03 [INFO] Visiteurs du 2026-10-04 : 0 (source compteur, compteur 0, transactions 0)
2026-10-04 02:21:03 [INFO] Site visites libres du 2026-10-04 : entrees 0, sorties 0, presents 0 (pic None, source compteur)
2026-10-04 02:26:02 [INFO] Site visites libres : Visites libres a partir de 10h00 (fenetre 09:30-19:30)
2026-10-04 02:26:02 [INFO] Borne 192.168.2.10:5205 - compteurs du musee (Area 511 VISITES MUSEE)
2026-10-04 02:26:02 [INFO]   511 VISITES MUSEE E=106762 S=0
2026-10-04 02:26:02 [INFO]   512 ENTREE MUSEE E=106762 S=0
2026-10-04 02:26:02 [INFO]   1208 TRI-MUS-55   E=26384 S=0
2026-10-04 02:26:02 [INFO]   1209 TRI-MUS-56   E=53638 S=0
2026-10-04 02:26:02 [INFO]   1210 TRI-MUS-57   E=26740 S=0
2026-10-04 02:26:02 [INFO]   1040 PDA.3.11     E=0 S=0
2026-10-04 02:26:02 [INFO] Compteurs du site (visites libres)
2026-10-04 02:26:02 [INFO]   749 TRI-NORV-27  E=603 S=31130
2026-10-04 02:26:02 [INFO]   750 TRI-NORV-28  E=30400 S=143
2026-10-04 02:26:02 [INFO]   751 TRI-NORV-PMR-29 E=2893 S=131
2026-10-04 02:26:03 [INFO]   transactions 02:11:02 -> 02:26:02 : 0 lues en 1 page(s), 0 musee, 0 site
2026-10-04 02:26:03 [INFO] Dialogue borne : 1.0 s
2026-10-04 02:26:03 [INFO] Visiteurs du 2026-10-04 : 0 (source compteur, compteur 0, transactions 0)
2026-10-04 02:26:03 [INFO] Site visites libres du 2026-10-04 : entrees 0, sorties 0, presents 0 (pic None, source compteur)
2026-10-04 02:31:02 [INFO] Site visites libres : Visites libres a partir de 10h00 (fenetre 09:30-19:30)
2026-10-04 02:31:02 [INFO] Borne 192.168.2.10:5205 - compteurs du musee (Area 511 VISITES MUSEE)
2026-10-04 02:31:02 [INFO]   511 VISITES MUSEE E=106762 S=0
2026-10-04 02:31:02 [INFO]   512 ENTREE MUSEE E=106762 S=0
2026-10-04 02:31:02 [INFO]   1208 TRI-MUS-55   E=26384 S=0
2026-10-04 02:31:02 [INFO]   1209 TRI-MUS-56   E=53638 S=0
2026-10-04 02:31:02 [INFO]   1210 TRI-MUS-57   E=26740 S=0
2026-10-04 02:31:02 [INFO]   1040 PDA.3.11     E=0 S=0
2026-10-04 02:31:02 [INFO] Compteurs du site (visites libres)
2026-10-04 02:31:02 [INFO]   749 TRI-NORV-27  E=603 S=31130
2026-10-04 02:31:02 [INFO]   750 TRI-NORV-28  E=30400 S=143
2026-10-04 02:31:02 [INFO]   751 TRI-NORV-PMR-29 E=2893 S=131
2026-10-04 02:31:03 [INFO]   transactions 02:16:02 -> 02:31:02 : 0 lues en 1 page(s), 0 musee, 0 site
2026-10-04 02:31:03 [INFO] Dialogue borne : 0.9 s
2026-10-04 02:31:03 [INFO] Visiteurs du 2026-10-04 : 0 (source compteur, compteur 0, transactions 0)
2026-10-04 02:31:03 [INFO] Site visites libres du 2026-10-04 : entrees 0, sorties 0, presents 0 (pic None, source compteur)
2026-10-04 02:36:02 [INFO] Site visites libres : Visites libres a partir de 10h00 (fenetre 09:30-19:30)
2026-10-04 02:36:02 [INFO] Borne 192.168.2.10:5205 - compteurs du musee (Area 511 VISITES MUSEE)
2026-10-04 02:36:02 [INFO]   511 VISITES MUSEE E=106762 S=0
2026-10-04 02:36:02 [INFO]   512 ENTREE MUSEE E=106762 S=0
2026-10-04 02:36:02 [INFO]   1208 TRI-MUS-55   E=26384 S=0
2026-10-04 02:36:02 [INFO]   1209 TRI-MUS-56   E=53638 S=0
2026-10-04 02:36:02 [INFO]   1210 TRI-MUS-57   E=26740 S=0
2026-10-04 02:36:02 [INFO]   1040 PDA.3.11     E=0 S=0
2026-10-04 02:36:02 [INFO] Compteurs du site (visites libres)
2026-10-04 02:36:02 [INFO]   749 TRI-NORV-27  E=603 S=31130
2026-10-04 02:36:02 [INFO]   750 TRI-NORV-28  E=30400 S=143
2026-10-04 02:36:02 [INFO]   751 TRI-NORV-PMR-29 E=2893 S=131
2026-10-04 02:36:03 [INFO]   transactions 02:21:02 -> 02:36:02 : 0 lues en 1 page(s), 0 musee, 0 site
2026-10-04 02:36:03 [INFO] Dialogue borne : 0.9 s
2026-10-04 02:36:03 [INFO] Visiteurs du 2026-10-04 : 0 (source compteur, compteur 0, transactions 0)
2026-10-04 02:36:03 [INFO] Site visites libres du 2026-10-04 : entrees 0, sorties 0, presents 0 (pic None, source compteur)
2026-10-04 02:41:02 [INFO] Site visites libres : Visites libres a partir de 10h00 (fenetre 09:30-19:30)
2026-10-04 02:41:05 [INFO] Borne 192.168.2.10:5205 - compteurs du musee (Area 511 VISITES MUSEE)
2026-10-04 02:41:06 [INFO]   511 VISITES MUSEE E=106762 S=0
2026-10-04 02:41:06 [INFO]   512 ENTREE MUSEE E=106762 S=0
2026-10-04 02:41:06 [INFO]   1208 TRI-MUS-55   E=26384 S=0
2026-10-04 02:41:06 [INFO]   1209 TRI-MUS-56   E=53638 S=0
2026-10-04 02:41:06 [INFO]   1210 TRI-MUS-57   E=26740 S=0
2026-10-04 02:41:06 [INFO]   1040 PDA.3.11     E=0 S=0
2026-10-04 02:41:06 [INFO] Compteurs du site (visites libres)
2026-10-04 02:41:06 [INFO]   749 TRI-NORV-27  E=603 S=31130
2026-10-04 02:41:06 [INFO]   750 TRI-NORV-28  E=30400 S=143
2026-10-04 02:41:06 [INFO]   751 TRI-NORV-PMR-29 E=2893 S=131
2026-10-04 02:41:07 [INFO]   transactions 02:26:02 -> 02:41:02 : 0 lues en 1 page(s), 0 musee, 0 site
2026-10-04 02:41:07 [INFO] Dialogue borne : 4.8 s
2026-10-04 02:41:07 [INFO] Visiteurs du 2026-10-04 : 0 (source compteur, compteur 0, transactions 0)
2026-10-04 02:41:07 [INFO] Site visites libres du 2026-10-04 : entrees 0, sorties 0, presents 0 (pic None, source compteur)
2026-10-04 02:46:02 [INFO] Site visites libres : Visites libres a partir de 10h00 (fenetre 09:30-19:30)
2026-10-04 02:46:02 [INFO] Borne 192.168.2.10:5205 - compteurs du musee (Area 511 VISITES MUSEE)
2026-10-04 02:46:02 [INFO]   511 VISITES MUSEE E=106762 S=0
2026-10-04 02:46:02 [INFO]   512 ENTREE MUSEE E=106762 S=0
2026-10-04 02:46:02 [INFO]   1208 TRI-MUS-55   E=26384 S=0
2026-10-04 02:46:02 [INFO]   1209 TRI-MUS-56   E=53638 S=0
2026-10-04 02:46:02 [INFO]   1210 TRI-MUS-57   E=26740 S=0
2026-10-04 02:46:02 [INFO]   1040 PDA.3.11     E=0 S=0
2026-10-04 02:46:02 [INFO] Compteurs du site (visites libres)
2026-10-04 02:46:02 [INFO]   749 TRI-NORV-27  E=603 S=31130
2026-10-04 02:46:02 [INFO]   750 TRI-NORV-28  E=30400 S=143
2026-10-04 02:46:02 [INFO]   751 TRI-NORV-PMR-29 E=2893 S=131
2026-10-04 02:46:03 [INFO]   transactions 02:31:02 -> 02:46:02 : 0 lues en 1 page(s), 0 musee, 0 site
2026-10-04 02:46:03 [INFO] Dialogue borne : 1.0 s
2026-10-04 02:46:03 [INFO] Visiteurs du 2026-10-04 : 0 (source compteur, compteur 0, transactions 0)
2026-10-04 02:46:03 [INFO] Site visites libres du 2026-10-04 : entrees 0, sorties 0, presents 0 (pic None, source compteur)
2026-10-04 02:51:02 [INFO] Site visites libres : Visites libres a partir de 10h00 (fenetre 09:30-19:30)
2026-10-04 02:51:02 [INFO] Borne 192.168.2.10:5205 - compteurs du musee (Area 511 VISITES MUSEE)
2026-10-04 02:51:02 [INFO]   511 VISITES MUSEE E=106762 S=0
2026-10-04 02:51:02 [INFO]   512 ENTREE MUSEE E=106762 S=0
2026-10-04 02:51:02 [INFO]   1208 TRI-MUS-55   E=26384 S=0
2026-10-04 02:51:02 [INFO]   1209 TRI-MUS-56   E=53638 S=0
2026-10-04 02:51:02 [INFO]   1210 TRI-MUS-57   E=26740 S=0
2026-10-04 02:51:02 [INFO]   1040 PDA.3.11     E=0 S=0
2026-10-04 02:51:02 [INFO] Compteurs du site (visites libres)
2026-10-04 02:51:02 [INFO]   749 TRI-NORV-27  E=603 S=31130
2026-10-04 02:51:02 [INFO]   750 TRI-NORV-28  E=30400 S=143
2026-10-04 02:51:02 [INFO]   751 TRI-NORV-PMR-29 E=2893 S=131
2026-10-04 02:51:03 [INFO]   transactions 02:36:02 -> 02:51:02 : 0 lues en 1 page(s), 0 musee, 0 site
2026-10-04 02:51:03 [INFO] Dialogue borne : 1.0 s
2026-10-04 02:51:03 [INFO] Visiteurs du 2026-10-04 : 0 (source compteur, compteur 0, transactions 0)
2026-10-04 02:51:03 [INFO] Site visites libres du 2026-10-04 : entrees 0, sorties 0, presents 0 (pic None, source compteur)
2026-10-04 02:56:02 [INFO] Site visites libres : Visites libres a partir de 10h00 (fenetre 09:30-19:30)
2026-10-04 02:56:02 [INFO] Borne 192.168.2.10:5205 - compteurs du musee (Area 511 VISITES MUSEE)
2026-10-04 02:56:02 [INFO]   511 VISITES MUSEE E=106762 S=0
2026-10-04 02:56:02 [INFO]   512 ENTREE MUSEE E=106762 S=0
2026-10-04 02:56:02 [INFO]   1208 TRI-MUS-55   E=26384 S=0
2026-10-04 02:56:02 [INFO]   1209 TRI-MUS-56   E=53638 S=0
2026-10-04 02:56:02 [INFO]   1210 TRI-MUS-57   E=26740 S=0
2026-10-04 02:56:02 [INFO]   1040 PDA.3.11     E=0 S=0
2026-10-04 02:56:02 [INFO] Compteurs du site (visites libres)
2026-10-04 02:56:02 [INFO]   749 TRI-NORV-27  E=603 S=31130
2026-10-04 02:56:02 [INFO]   750 TRI-NORV-28  E=30400 S=143
2026-10-04 02:56:02 [INFO]   751 TRI-NORV-PMR-29 E=2893 S=131
2026-10-04 02:56:03 [INFO]   transactions 02:41:02 -> 02:56:02 : 0 lues en 1 page(s), 0 musee, 0 site
2026-10-04 02:56:03 [INFO] Dialogue borne : 1.0 s
2026-10-04 02:56:03 [INFO] Visiteurs du 2026-10-04 : 0 (source compteur, compteur 0, transactions 0)
2026-10-04 02:56:03 [INFO] Site visites libres du 2026-10-04 : entrees 0, sorties 0, presents 0 (pic None, source compteur)
2026-10-04 03:01:02 [INFO] Site visites libres : Visites libres a partir de 10h00 (fenetre 09:30-19:30)
2026-10-04 03:01:02 [INFO] Borne 192.168.2.10:5205 - compteurs du musee (Area 511 VISITES MUSEE)
2026-10-04 03:01:02 [INFO]   511 VISITES MUSEE E=106762 S=0
2026-10-04 03:01:02 [INFO]   512 ENTREE MUSEE E=106762 S=0
2026-10-04 03:01:02 [INFO]   1208 TRI-MUS-55   E=26384 S=0
2026-10-04 03:01:02 [INFO]   1209 TRI-MUS-56   E=53638 S=0
2026-10-04 03:01:02 [INFO]   1210 TRI-MUS-57   E=26740 S=0
2026-10-04 03:01:02 [INFO]   1040 PDA.3.11     E=0 S=0
2026-10-04 03:01:02 [INFO] Compteurs du site (visites libres)
2026-10-04 03:01:02 [INFO]   749 TRI-NORV-27  E=603 S=31130
2026-10-04 03:01:02 [INFO]   750 TRI-NORV-28  E=30400 S=143
2026-10-04 03:01:02 [INFO]   751 TRI-NORV-PMR-29 E=2893 S=131
2026-10-04 03:01:03 [INFO]   transactions 02:46:02 -> 03:01:02 : 0 lues en 1 page(s), 0 musee, 0 site
2026-10-04 03:01:03 [INFO] Dialogue borne : 0.9 s
2026-10-04 03:01:03 [INFO] Visiteurs du 2026-10-04 : 0 (source compteur, compteur 0, transactions 0)
2026-10-04 03:01:03 [INFO] Site visites libres du 2026-10-04 : entrees 0, sorties 0, presents 0 (pic None, source compteur)
2026-10-04 03:06:02 [INFO] Site visites libres : Visites libres a partir de 10h00 (fenetre 09:30-19:30)
2026-10-04 03:06:02 [INFO] Borne 192.168.2.10:5205 - compteurs du musee (Area 511 VISITES MUSEE)
2026-10-04 03:06:02 [INFO]   511 VISITES MUSEE E=106762 S=0
2026-10-04 03:06:02 [INFO]   512 ENTREE MUSEE E=106762 S=0
2026-10-04 03:06:02 [INFO]   1208 TRI-MUS-55   E=26384 S=0
2026-10-04 03:06:02 [INFO]   1209 TRI-MUS-56   E=53638 S=0
2026-10-04 03:06:02 [INFO]   1210 TRI-MUS-57   E=26740 S=0
2026-10-04 03:06:02 [INFO]   1040 PDA.3.11     E=0 S=0
2026-10-04 03:06:02 [INFO] Compteurs du site (visites libres)
2026-10-04 03:06:02 [INFO]   749 TRI-NORV-27  E=603 S=31130
2026-10-04 03:06:02 [INFO]   750 TRI-NORV-28  E=30400 S=143
2026-10-04 03:06:02 [INFO]   751 TRI-NORV-PMR-29 E=2893 S=131
2026-10-04 03:06:03 [INFO]   transactions 02:51:02 -> 03:06:02 : 0 lues en 1 page(s), 0 musee, 0 site
2026-10-04 03:06:03 [INFO] Dialogue borne : 1.0 s
2026-10-04 03:06:03 [INFO] Visiteurs du 2026-10-04 : 0 (source compteur, compteur 0, transactions 0)
2026-10-04 03:06:03 [INFO] Site visites libres du 2026-10-04 : entrees 0, sorties 0, presents 0 (pic None, source compteur)
2026-10-04 03:11:02 [INFO] Site visites libres : Visites libres a partir de 10h00 (fenetre 09:30-19:30)
2026-10-04 03:11:02 [INFO] Borne 192.168.2.10:5205 - compteurs du musee (Area 511 VISITES MUSEE)
2026-10-04 03:11:02 [INFO]   511 VISITES MUSEE E=106762 S=0
2026-10-04 03:11:02 [INFO]   512 ENTREE MUSEE E=106762 S=0
2026-10-04 03:11:02 [INFO]   1208 TRI-MUS-55   E=26384 S=0
2026-10-04 03:11:02 [INFO]   1209 TRI-MUS-56   E=53638 S=0
2026-10-04 03:11:02 [INFO]   1210 TRI-MUS-57   E=26740 S=0
2026-10-04 03:11:02 [INFO]   1040 PDA.3.11     E=0 S=0
2026-10-04 03:11:02 [INFO] Compteurs du site (visites libres)
2026-10-04 03:11:02 [INFO]   749 TRI-NORV-27  E=603 S=31130
2026-10-04 03:11:02 [INFO]   750 TRI-NORV-28  E=30400 S=143
2026-10-04 03:11:02 [INFO]   751 TRI-NORV-PMR-29 E=2893 S=131
2026-10-04 03:11:03 [INFO]   transactions 02:56:02 -> 03:11:02 : 0 lues en 1 page(s), 0 musee, 0 site
2026-10-04 03:11:03 [INFO] Dialogue borne : 1.0 s
2026-10-04 03:11:03 [INFO] Visiteurs du 2026-10-04 : 0 (source compteur, compteur 0, transactions 0)
2026-10-04 03:11:03 [INFO] Site visites libres du 2026-10-04 : entrees 0, sorties 0, presents 0 (pic None, source compteur)
2026-10-04 03:16:02 [INFO] Site visites libres : Visites libres a partir de 10h00 (fenetre 09:30-19:30)
2026-10-04 03:16:02 [INFO] Borne 192.168.2.10:5205 - compteurs du musee (Area 511 VISITES MUSEE)
2026-10-04 03:16:02 [INFO]   511 VISITES MUSEE E=106762 S=0
2026-10-04 03:16:02 [INFO]   512 ENTREE MUSEE E=106762 S=0
2026-10-04 03:16:02 [INFO]   1208 TRI-MUS-55   E=26384 S=0
2026-10-04 03:16:02 [INFO]   1209 TRI-MUS-56   E=53638 S=0
2026-10-04 03:16:02 [INFO]   1210 TRI-MUS-57   E=26740 S=0
2026-10-04 03:16:02 [INFO]   1040 PDA.3.11     E=0 S=0
2026-10-04 03:16:02 [INFO] Compteurs du site (visites libres)
2026-10-04 03:16:02 [INFO]   749 TRI-NORV-27  E=603 S=31130
2026-10-04 03:16:02 [INFO]   750 TRI-NORV-28  E=30400 S=143
2026-10-04 03:16:02 [INFO]   751 TRI-NORV-PMR-29 E=2893 S=131
2026-10-04 03:16:02 [INFO]   transactions 03:01:02 -> 03:16:02 : 0 lues en 1 page(s), 0 musee, 0 site
2026-10-04 03:16:02 [INFO] Dialogue borne : 0.9 s
2026-10-04 03:16:03 [INFO] Visiteurs du 2026-10-04 : 0 (source compteur, compteur 0, transactions 0)
2026-10-04 03:16:03 [INFO] Site visites libres du 2026-10-04 : entrees 0, sorties 0, presents 0 (pic None, source compteur)
2026-10-04 03:21:02 [INFO] Site visites libres : Visites libres a partir de 10h00 (fenetre 09:30-19:30)
2026-10-04 03:21:02 [INFO] Borne 192.168.2.10:5205 - compteurs du musee (Area 511 VISITES MUSEE)
2026-10-04 03:21:02 [INFO]   511 VISITES MUSEE E=106762 S=0
2026-10-04 03:21:02 [INFO]   512 ENTREE MUSEE E=106762 S=0
2026-10-04 03:21:02 [INFO]   1208 TRI-MUS-55   E=26384 S=0
2026-10-04 03:21:02 [INFO]   1209 TRI-MUS-56   E=53638 S=0
2026-10-04 03:21:02 [INFO]   1210 TRI-MUS-57   E=26740 S=0
2026-10-04 03:21:02 [INFO]   1040 PDA.3.11     E=0 S=0
2026-10-04 03:21:02 [INFO] Compteurs du site (visites libres)
2026-10-04 03:21:02 [INFO]   749 TRI-NORV-27  E=603 S=31130
2026-10-04 03:21:02 [INFO]   750 TRI-NORV-28  E=30400 S=143
2026-10-04 03:21:02 [INFO]   751 TRI-NORV-PMR-29 E=2893 S=131
2026-10-04 03:21:03 [INFO]   transactions 03:06:02 -> 03:21:02 : 0 lues en 1 page(s), 0 musee, 0 site
2026-10-04 03:21:03 [INFO] Dialogue borne : 0.9 s
2026-10-04 03:21:03 [INFO] Visiteurs du 2026-10-04 : 0 (source compteur, compteur 0, transactions 0)
2026-10-04 03:21:03 [INFO] Site visites libres du 2026-10-04 : entrees 0, sorties 0, presents 0 (pic None, source compteur)
2026-10-04 03:26:02 [INFO] Site visites libres : Visites libres a partir de 10h00 (fenetre 09:30-19:30)
2026-10-04 03:26:02 [INFO] Borne 192.168.2.10:5205 - compteurs du musee (Area 511 VISITES MUSEE)
2026-10-04 03:26:02 [INFO]   511 VISITES MUSEE E=106762 S=0
2026-10-04 03:26:02 [INFO]   512 ENTREE MUSEE E=106762 S=0
2026-10-04 03:26:02 [INFO]   1208 TRI-MUS-55   E=26384 S=0
2026-10-04 03:26:02 [INFO]   1209 TRI-MUS-56   E=53638 S=0
2026-10-04 03:26:02 [INFO]   1210 TRI-MUS-57   E=26740 S=0
2026-10-04 03:26:02 [INFO]   1040 PDA.3.11     E=0 S=0
2026-10-04 03:26:02 [INFO] Compteurs du site (visites libres)
2026-10-04 03:26:02 [INFO]   749 TRI-NORV-27  E=603 S=31130
2026-10-04 03:26:02 [INFO]   750 TRI-NORV-28  E=30400 S=143
2026-10-04 03:26:02 [INFO]   751 TRI-NORV-PMR-29 E=2893 S=131
2026-10-04 03:26:03 [INFO]   transactions 03:11:02 -> 03:26:02 : 0 lues en 1 page(s), 0 musee, 0 site
2026-10-04 03:26:03 [INFO] Dialogue borne : 0.9 s
2026-10-04 03:26:03 [INFO] Visiteurs du 2026-10-04 : 0 (source compteur, compteur 0, transactions 0)
2026-10-04 03:26:03 [INFO] Site visites libres du 2026-10-04 : entrees 0, sorties 0, presents 0 (pic None, source compteur)
2026-10-04 03:31:02 [INFO] Site visites libres : Visites libres a partir de 10h00 (fenetre 09:30-19:30)
2026-10-04 03:31:02 [INFO] Borne 192.168.2.10:5205 - compteurs du musee (Area 511 VISITES MUSEE)
2026-10-04 03:31:02 [INFO]   511 VISITES MUSEE E=106762 S=0
2026-10-04 03:31:02 [INFO]   512 ENTREE MUSEE E=106762 S=0
2026-10-04 03:31:02 [INFO]   1208 TRI-MUS-55   E=26384 S=0
2026-10-04 03:31:02 [INFO]   1209 TRI-MUS-56   E=53638 S=0
2026-10-04 03:31:02 [INFO]   1210 TRI-MUS-57   E=26740 S=0
2026-10-04 03:31:02 [INFO]   1040 PDA.3.11     E=0 S=0
2026-10-04 03:31:02 [INFO] Compteurs du site (visites libres)
2026-10-04 03:31:02 [INFO]   749 TRI-NORV-27  E=603 S=31130
2026-10-04 03:31:02 [INFO]   750 TRI-NORV-28  E=30400 S=143
2026-10-04 03:31:02 [INFO]   751 TRI-NORV-PMR-29 E=2893 S=131
2026-10-04 03:31:03 [INFO]   transactions 03:16:02 -> 03:31:02 : 0 lues en 1 page(s), 0 musee, 0 site
2026-10-04 03:31:03 [INFO] Dialogue borne : 1.1 s
2026-10-04 03:31:03 [INFO] Visiteurs du 2026-10-04 : 0 (source compteur, compteur 0, transactions 0)
2026-10-04 03:31:03 [INFO] Site visites libres du 2026-10-04 : entrees 0, sorties 0, presents 0 (pic None, source compteur)
2026-10-04 03:36:02 [INFO] Site visites libres : Visites libres a partir de 10h00 (fenetre 09:30-19:30)
2026-10-04 03:36:02 [INFO] Borne 192.168.2.10:5205 - compteurs du musee (Area 511 VISITES MUSEE)
2026-10-04 03:36:02 [INFO]   511 VISITES MUSEE E=106762 S=0
2026-10-04 03:36:02 [INFO]   512 ENTREE MUSEE E=106762 S=0
2026-10-04 03:36:02 [INFO]   1208 TRI-MUS-55   E=26384 S=0
2026-10-04 03:36:02 [INFO]   1209 TRI-MUS-56   E=53638 S=0
2026-10-04 03:36:02 [INFO]   1210 TRI-MUS-57   E=26740 S=0
2026-10-04 03:36:02 [INFO]   1040 PDA.3.11     E=0 S=0
2026-10-04 03:36:02 [INFO] Compteurs du site (visites libres)
2026-10-04 03:36:02 [INFO]   749 TRI-NORV-27  E=603 S=31130
2026-10-04 03:36:02 [INFO]   750 TRI-NORV-28  E=30400 S=143
2026-10-04 03:36:02 [INFO]   751 TRI-NORV-PMR-29 E=2893 S=131
2026-10-04 03:36:03 [INFO]   transactions 03:21:02 -> 03:36:02 : 0 lues en 1 page(s), 0 musee, 0 site
2026-10-04 03:36:03 [INFO] Dialogue borne : 1.0 s
2026-10-04 03:36:03 [INFO] Visiteurs du 2026-10-04 : 0 (source compteur, compteur 0, transactions 0)
2026-10-04 03:36:03 [INFO] Site visites libres du 2026-10-04 : entrees 0, sorties 0, presents 0 (pic None, source compteur)
2026-10-04 03:41:02 [INFO] Site visites libres : Visites libres a partir de 10h00 (fenetre 09:30-19:30)
2026-10-04 03:41:02 [INFO] Borne 192.168.2.10:5205 - compteurs du musee (Area 511 VISITES MUSEE)
2026-10-04 03:41:02 [INFO]   511 VISITES MUSEE E=106762 S=0
2026-10-04 03:41:02 [INFO]   512 ENTREE MUSEE E=106762 S=0
2026-10-04 03:41:02 [INFO]   1208 TRI-MUS-55   E=26384 S=0
2026-10-04 03:41:02 [INFO]   1209 TRI-MUS-56   E=53638 S=0
2026-10-04 03:41:02 [INFO]   1210 TRI-MUS-57   E=26740 S=0
2026-10-04 03:41:02 [INFO]   1040 PDA.3.11     E=0 S=0
2026-10-04 03:41:02 [INFO] Compteurs du site (visites libres)
2026-10-04 03:41:02 [INFO]   749 TRI-NORV-27  E=603 S=31130
2026-10-04 03:41:02 [INFO]   750 TRI-NORV-28  E=30400 S=143
2026-10-04 03:41:02 [INFO]   751 TRI-NORV-PMR-29 E=2893 S=131
2026-10-04 03:41:03 [INFO]   transactions 03:26:02 -> 03:41:02 : 0 lues en 1 page(s), 0 musee, 0 site
2026-10-04 03:41:03 [INFO] Dialogue borne : 0.9 s
2026-10-04 03:41:03 [INFO] Visiteurs du 2026-10-04 : 0 (source compteur, compteur 0, transactions 0)
2026-10-04 03:41:03 [INFO] Site visites libres du 2026-10-04 : entrees 0, sorties 0, presents 0 (pic None, source compteur)
2026-10-04 03:46:02 [INFO] Site visites libres : Visites libres a partir de 10h00 (fenetre 09:30-19:30)
2026-10-04 03:46:02 [INFO] Borne 192.168.2.10:5205 - compteurs du musee (Area 511 VISITES MUSEE)
2026-10-04 03:46:02 [INFO]   511 VISITES MUSEE E=106762 S=0
2026-10-04 03:46:02 [INFO]   512 ENTREE MUSEE E=106762 S=0
2026-10-04 03:46:02 [INFO]   1208 TRI-MUS-55   E=26384 S=0
2026-10-04 03:46:02 [INFO]   1209 TRI-MUS-56   E=53638 S=0
2026-10-04 03:46:02 [INFO]   1210 TRI-MUS-57   E=26740 S=0
2026-10-04 03:46:02 [INFO]   1040 PDA.3.11     E=0 S=0
2026-10-04 03:46:02 [INFO] Compteurs du site (visites libres)
2026-10-04 03:46:02 [INFO]   749 TRI-NORV-27  E=603 S=31130
2026-10-04 03:46:02 [INFO]   750 TRI-NORV-28  E=30400 S=143
2026-10-04 03:46:02 [INFO]   751 TRI-NORV-PMR-29 E=2893 S=131
2026-10-04 03:46:02 [INFO]   transactions 03:31:02 -> 03:46:02 : 0 lues en 1 page(s), 0 musee, 0 site
2026-10-04 03:46:02 [INFO] Dialogue borne : 0.9 s
2026-10-04 03:46:03 [INFO] Visiteurs du 2026-10-04 : 0 (source compteur, compteur 0, transactions 0)
2026-10-04 03:46:03 [INFO] Site visites libres du 2026-10-04 : entrees 0, sorties 0, presents 0 (pic None, source compteur)
2026-10-04 03:51:02 [INFO] Site visites libres : Visites libres a partir de 10h00 (fenetre 09:30-19:30)
2026-10-04 03:51:02 [INFO] Borne 192.168.2.10:5205 - compteurs du musee (Area 511 VISITES MUSEE)
2026-10-04 03:51:02 [INFO]   511 VISITES MUSEE E=106762 S=0
2026-10-04 03:51:02 [INFO]   512 ENTREE MUSEE E=106762 S=0
2026-10-04 03:51:02 [INFO]   1208 TRI-MUS-55   E=26384 S=0
2026-10-04 03:51:02 [INFO]   1209 TRI-MUS-56   E=53638 S=0
2026-10-04 03:51:02 [INFO]   1210 TRI-MUS-57   E=26740 S=0
2026-10-04 03:51:02 [INFO]   1040 PDA.3.11     E=0 S=0
2026-10-04 03:51:02 [INFO] Compteurs du site (visites libres)
2026-10-04 03:51:02 [INFO]   749 TRI-NORV-27  E=603 S=31130
2026-10-04 03:51:02 [INFO]   750 TRI-NORV-28  E=30400 S=143
2026-10-04 03:51:02 [INFO]   751 TRI-NORV-PMR-29 E=2893 S=131
2026-10-04 03:51:03 [INFO]   transactions 03:36:02 -> 03:51:02 : 0 lues en 1 page(s), 0 musee, 0 site
2026-10-04 03:51:03 [INFO] Dialogue borne : 0.9 s
2026-10-04 03:51:03 [INFO] Visiteurs du 2026-10-04 : 0 (source compteur, compteur 0, transactions 0)
2026-10-04 03:51:03 [INFO] Site visites libres du 2026-10-04 : entrees 0, sorties 0, presents 0 (pic None, source compteur)
2026-10-04 03:56:02 [INFO] Site visites libres : Visites libres a partir de 10h00 (fenetre 09:30-19:30)
2026-10-04 03:56:02 [INFO] Borne 192.168.2.10:5205 - compteurs du musee (Area 511 VISITES MUSEE)
2026-10-04 03:56:02 [INFO]   511 VISITES MUSEE E=106762 S=0
2026-10-04 03:56:02 [INFO]   512 ENTREE MUSEE E=106762 S=0
2026-10-04 03:56:02 [INFO]   1208 TRI-MUS-55   E=26384 S=0
2026-10-04 03:56:02 [INFO]   1209 TRI-MUS-56   E=53638 S=0
2026-10-04 03:56:02 [INFO]   1210 TRI-MUS-57   E=26740 S=0
2026-10-04 03:56:02 [INFO]   1040 PDA.3.11     E=0 S=0
2026-10-04 03:56:02 [INFO] Compteurs du site (visites libres)
2026-10-04 03:56:02 [INFO]   749 TRI-NORV-27  E=603 S=31130
2026-10-04 03:56:02 [INFO]   750 TRI-NORV-28  E=30400 S=143
2026-10-04 03:56:02 [INFO]   751 TRI-NORV-PMR-29 E=2893 S=131
2026-10-04 03:56:03 [INFO]   transactions 03:41:02 -> 03:56:02 : 0 lues en 1 page(s), 0 musee, 0 site
2026-10-04 03:56:03 [INFO] Dialogue borne : 1.0 s
2026-10-04 03:56:03 [INFO] Visiteurs du 2026-10-04 : 0 (source compteur, compteur 0, transactions 0)
2026-10-04 03:56:03 [INFO] Site visites libres du 2026-10-04 : entrees 0, sorties 0, presents 0 (pic None, source compteur)
2026-10-04 04:01:02 [INFO] Site visites libres : Visites libres a partir de 10h00 (fenetre 09:30-19:30)
2026-10-04 04:01:02 [INFO] Borne 192.168.2.10:5205 - compteurs du musee (Area 511 VISITES MUSEE)
2026-10-04 04:01:02 [INFO]   511 VISITES MUSEE E=106762 S=0
2026-10-04 04:01:02 [INFO]   512 ENTREE MUSEE E=106762 S=0
2026-10-04 04:01:03 [INFO]   1208 TRI-MUS-55   E=26384 S=0
2026-10-04 04:01:03 [INFO]   1209 TRI-MUS-56   E=53638 S=0
2026-10-04 04:01:03 [INFO]   1210 TRI-MUS-57   E=26740 S=0
2026-10-04 04:01:03 [INFO]   1040 PDA.3.11     E=0 S=0
2026-10-04 04:01:03 [INFO] Compteurs du site (visites libres)
2026-10-04 04:01:03 [INFO]   749 TRI-NORV-27  E=603 S=31130
2026-10-04 04:01:03 [INFO]   750 TRI-NORV-28  E=30400 S=143
2026-10-04 04:01:03 [INFO]   751 TRI-NORV-PMR-29 E=2893 S=131
2026-10-04 04:01:04 [INFO]   transactions 03:46:02 -> 04:01:02 : 0 lues en 1 page(s), 0 musee, 0 site
2026-10-04 04:01:04 [INFO] Dialogue borne : 2.3 s
2026-10-04 04:01:04 [INFO] Visiteurs du 2026-10-04 : 0 (source compteur, compteur 0, transactions 0)
2026-10-04 04:01:04 [INFO] Site visites libres du 2026-10-04 : entrees 0, sorties 0, presents 0 (pic None, source compteur)
2026-10-04 04:06:02 [INFO] Site visites libres : Visites libres a partir de 10h00 (fenetre 09:30-19:30)
2026-10-04 04:06:02 [INFO] Borne 192.168.2.10:5205 - compteurs du musee (Area 511 VISITES MUSEE)
2026-10-04 04:06:02 [INFO]   511 VISITES MUSEE E=106762 S=0
2026-10-04 04:06:02 [INFO]   512 ENTREE MUSEE E=106762 S=0
2026-10-04 04:06:02 [INFO]   1208 TRI-MUS-55   E=26384 S=0
2026-10-04 04:06:02 [INFO]   1209 TRI-MUS-56   E=53638 S=0
2026-10-04 04:06:02 [INFO]   1210 TRI-MUS-57   E=26740 S=0
2026-10-04 04:06:02 [INFO]   1040 PDA.3.11     E=0 S=0
2026-10-04 04:06:02 [INFO] Compteurs du site (visites libres)
2026-10-04 04:06:03 [INFO]   749 TRI-NORV-27  E=603 S=31130
2026-10-04 04:06:03 [INFO]   750 TRI-NORV-28  E=30400 S=143
2026-10-04 04:06:03 [INFO]   751 TRI-NORV-PMR-29 E=2893 S=131
2026-10-04 04:06:04 [INFO]   transactions 03:51:02 -> 04:06:02 : 0 lues en 1 page(s), 0 musee, 0 site
2026-10-04 04:06:04 [INFO] Dialogue borne : 1.9 s
2026-10-04 04:06:04 [INFO] Visiteurs du 2026-10-04 : 0 (source compteur, compteur 0, transactions 0)
2026-10-04 04:06:04 [INFO] Site visites libres du 2026-10-04 : entrees 0, sorties 0, presents 0 (pic None, source compteur)
2026-10-04 04:11:02 [INFO] Site visites libres : Visites libres a partir de 10h00 (fenetre 09:30-19:30)
2026-10-04 04:11:02 [INFO] Borne 192.168.2.10:5205 - compteurs du musee (Area 511 VISITES MUSEE)
2026-10-04 04:11:02 [INFO]   511 VISITES MUSEE E=106762 S=0
2026-10-04 04:11:02 [INFO]   512 ENTREE MUSEE E=106762 S=0
2026-10-04 04:11:02 [INFO]   1208 TRI-MUS-55   E=26384 S=0
2026-10-04 04:11:02 [INFO]   1209 TRI-MUS-56   E=53638 S=0
2026-10-04 04:11:02 [INFO]   1210 TRI-MUS-57   E=26740 S=0
2026-10-04 04:11:02 [INFO]   1040 PDA.3.11     E=0 S=0
2026-10-04 04:11:02 [INFO] Compteurs du site (visites libres)
2026-10-04 04:11:02 [INFO]   749 TRI-NORV-27  E=603 S=31130
2026-10-04 04:11:02 [INFO]   750 TRI-NORV-28  E=30400 S=143
2026-10-04 04:11:02 [INFO]   751 TRI-NORV-PMR-29 E=2893 S=131
2026-10-04 04:11:03 [INFO]   transactions 03:56:02 -> 04:11:02 : 0 lues en 1 page(s), 0 musee, 0 site
2026-10-04 04:11:03 [INFO] Dialogue borne : 0.9 s
2026-10-04 04:11:03 [INFO] Visiteurs du 2026-10-04 : 0 (source compteur, compteur 0, transactions 0)
2026-10-04 04:11:03 [INFO] Site visites libres du 2026-10-04 : entrees 0, sorties 0, presents 0 (pic None, source compteur)
2026-10-04 04:16:02 [INFO] Site visites libres : Visites libres a partir de 10h00 (fenetre 09:30-19:30)
2026-10-04 04:16:02 [INFO] Borne 192.168.2.10:5205 - compteurs du musee (Area 511 VISITES MUSEE)
2026-10-04 04:16:02 [INFO]   511 VISITES MUSEE E=106762 S=0
2026-10-04 04:16:02 [INFO]   512 ENTREE MUSEE E=106762 S=0
2026-10-04 04:16:02 [INFO]   1208 TRI-MUS-55   E=26384 S=0
2026-10-04 04:16:02 [INFO]   1209 TRI-MUS-56   E=53638 S=0
2026-10-04 04:16:02 [INFO]   1210 TRI-MUS-57   E=26740 S=0
2026-10-04 04:16:02 [INFO]   1040 PDA.3.11     E=0 S=0
2026-10-04 04:16:02 [INFO] Compteurs du site (visites libres)
2026-10-04 04:16:02 [INFO]   749 TRI-NORV-27  E=603 S=31130
2026-10-04 04:16:02 [INFO]   750 TRI-NORV-28  E=30400 S=143
2026-10-04 04:16:02 [INFO]   751 TRI-NORV-PMR-29 E=2893 S=131
2026-10-04 04:16:03 [INFO]   transactions 04:01:02 -> 04:16:02 : 0 lues en 1 page(s), 0 musee, 0 site
2026-10-04 04:16:03 [INFO] Dialogue borne : 1.1 s
2026-10-04 04:16:03 [INFO] Visiteurs du 2026-10-04 : 0 (source compteur, compteur 0, transactions 0)
2026-10-04 04:16:03 [INFO] Site visites libres du 2026-10-04 : entrees 0, sorties 0, presents 0 (pic None, source compteur)
2026-10-04 04:21:02 [INFO] Site visites libres : Visites libres a partir de 10h00 (fenetre 09:30-19:30)
2026-10-04 04:21:02 [INFO] Borne 192.168.2.10:5205 - compteurs du musee (Area 511 VISITES MUSEE)
2026-10-04 04:21:02 [INFO]   511 VISITES MUSEE E=106762 S=0
2026-10-04 04:21:02 [INFO]   512 ENTREE MUSEE E=106762 S=0
2026-10-04 04:21:02 [INFO]   1208 TRI-MUS-55   E=26384 S=0
2026-10-04 04:21:02 [INFO]   1209 TRI-MUS-56   E=53638 S=0
2026-10-04 04:21:02 [INFO]   1210 TRI-MUS-57   E=26740 S=0
2026-10-04 04:21:02 [INFO]   1040 PDA.3.11     E=0 S=0
2026-10-04 04:21:02 [INFO] Compteurs du site (visites libres)
2026-10-04 04:21:02 [INFO]   749 TRI-NORV-27  E=603 S=31130
2026-10-04 04:21:02 [INFO]   750 TRI-NORV-28  E=30400 S=143
2026-10-04 04:21:02 [INFO]   751 TRI-NORV-PMR-29 E=2893 S=131
2026-10-04 04:21:03 [INFO]   transactions 04:06:02 -> 04:21:02 : 0 lues en 1 page(s), 0 musee, 0 site
2026-10-04 04:21:03 [INFO] Dialogue borne : 1.1 s
2026-10-04 04:21:03 [INFO] Visiteurs du 2026-10-04 : 0 (source compteur, compteur 0, transactions 0)
2026-10-04 04:21:03 [INFO] Site visites libres du 2026-10-04 : entrees 0, sorties 0, presents 0 (pic None, source compteur)
2026-10-04 04:26:02 [INFO] Site visites libres : Visites libres a partir de 10h00 (fenetre 09:30-19:30)
2026-10-04 04:26:02 [INFO] Borne 192.168.2.10:5205 - compteurs du musee (Area 511 VISITES MUSEE)
2026-10-04 04:26:02 [INFO]   511 VISITES MUSEE E=106762 S=0
2026-10-04 04:26:02 [INFO]   512 ENTREE MUSEE E=106762 S=0
2026-10-04 04:26:02 [INFO]   1208 TRI-MUS-55   E=26384 S=0
2026-10-04 04:26:02 [INFO]   1209 TRI-MUS-56   E=53638 S=0
2026-10-04 04:26:02 [INFO]   1210 TRI-MUS-57   E=26740 S=0
2026-10-04 04:26:02 [INFO]   1040 PDA.3.11     E=0 S=0
2026-10-04 04:26:02 [INFO] Compteurs du site (visites libres)
2026-10-04 04:26:02 [INFO]   749 TRI-NORV-27  E=603 S=31130
2026-10-04 04:26:02 [INFO]   750 TRI-NORV-28  E=30400 S=143
2026-10-04 04:26:02 [INFO]   751 TRI-NORV-PMR-29 E=2893 S=131
2026-10-04 04:26:03 [INFO]   transactions 04:11:02 -> 04:26:02 : 0 lues en 1 page(s), 0 musee, 0 site
2026-10-04 04:26:03 [INFO] Dialogue borne : 1.0 s
2026-10-04 04:26:03 [INFO] Visiteurs du 2026-10-04 : 0 (source compteur, compteur 0, transactions 0)
2026-10-04 04:26:03 [INFO] Site visites libres du 2026-10-04 : entrees 0, sorties 0, presents 0 (pic None, source compteur)
2026-10-04 04:31:02 [INFO] Site visites libres : Visites libres a partir de 10h00 (fenetre 09:30-19:30)
2026-10-04 04:31:02 [INFO] Borne 192.168.2.10:5205 - compteurs du musee (Area 511 VISITES MUSEE)
2026-10-04 04:31:02 [INFO]   511 VISITES MUSEE E=106762 S=0
2026-10-04 04:31:02 [INFO]   512 ENTREE MUSEE E=106762 S=0
2026-10-04 04:31:02 [INFO]   1208 TRI-MUS-55   E=26384 S=0
2026-10-04 04:31:02 [INFO]   1209 TRI-MUS-56   E=53638 S=0
2026-10-04 04:31:02 [INFO]   1210 TRI-MUS-57   E=26740 S=0
2026-10-04 04:31:02 [INFO]   1040 PDA.3.11     E=0 S=0
2026-10-04 04:31:02 [INFO] Compteurs du site (visites libres)
2026-10-04 04:31:02 [INFO]   749 TRI-NORV-27  E=603 S=31130
2026-10-04 04:31:02 [INFO]   750 TRI-NORV-28  E=30400 S=143
2026-10-04 04:31:02 [INFO]   751 TRI-NORV-PMR-29 E=2893 S=131
2026-10-04 04:31:03 [INFO]   transactions 04:16:02 -> 04:31:02 : 0 lues en 1 page(s), 0 musee, 0 site
2026-10-04 04:31:03 [INFO] Dialogue borne : 1.0 s
2026-10-04 04:31:03 [INFO] Visiteurs du 2026-10-04 : 0 (source compteur, compteur 0, transactions 0)
2026-10-04 04:31:03 [INFO] Site visites libres du 2026-10-04 : entrees 0, sorties 0, presents 0 (pic None, source compteur)
2026-10-04 04:36:02 [INFO] Site visites libres : Visites libres a partir de 10h00 (fenetre 09:30-19:30)
2026-10-04 04:36:02 [INFO] Borne 192.168.2.10:5205 - compteurs du musee (Area 511 VISITES MUSEE)
2026-10-04 04:36:02 [INFO]   511 VISITES MUSEE E=106762 S=0
2026-10-04 04:36:02 [INFO]   512 ENTREE MUSEE E=106762 S=0
2026-10-04 04:36:02 [INFO]   1208 TRI-MUS-55   E=26384 S=0
2026-10-04 04:36:02 [INFO]   1209 TRI-MUS-56   E=53638 S=0
2026-10-04 04:36:02 [INFO]   1210 TRI-MUS-57   E=26740 S=0
2026-10-04 04:36:02 [INFO]   1040 PDA.3.11     E=0 S=0
2026-10-04 04:36:02 [INFO] Compteurs du site (visites libres)
2026-10-04 04:36:02 [INFO]   749 TRI-NORV-27  E=603 S=31130
2026-10-04 04:36:02 [INFO]   750 TRI-NORV-28  E=30400 S=143
2026-10-04 04:36:02 [INFO]   751 TRI-NORV-PMR-29 E=2893 S=131
2026-10-04 04:36:03 [INFO]   transactions 04:21:02 -> 04:36:02 : 0 lues en 1 page(s), 0 musee, 0 site
2026-10-04 04:36:03 [INFO] Dialogue borne : 1.0 s
2026-10-04 04:36:03 [INFO] Visiteurs du 2026-10-04 : 0 (source compteur, compteur 0, transactions 0)
2026-10-04 04:36:03 [INFO] Site visites libres du 2026-10-04 : entrees 0, sorties 0, presents 0 (pic None, source compteur)
2026-10-04 04:41:02 [INFO] Site visites libres : Visites libres a partir de 10h00 (fenetre 09:30-19:30)
2026-10-04 04:41:02 [INFO] Borne 192.168.2.10:5205 - compteurs du musee (Area 511 VISITES MUSEE)
2026-10-04 04:41:02 [INFO]   511 VISITES MUSEE E=106762 S=0
2026-10-04 04:41:02 [INFO]   512 ENTREE MUSEE E=106762 S=0
2026-10-04 04:41:02 [INFO]   1208 TRI-MUS-55   E=26384 S=0
2026-10-04 04:41:02 [INFO]   1209 TRI-MUS-56   E=53638 S=0
2026-10-04 04:41:02 [INFO]   1210 TRI-MUS-57   E=26740 S=0
2026-10-04 04:41:02 [INFO]   1040 PDA.3.11     E=0 S=0
2026-10-04 04:41:02 [INFO] Compteurs du site (visites libres)
2026-10-04 04:41:02 [INFO]   749 TRI-NORV-27  E=603 S=31130
2026-10-04 04:41:02 [INFO]   750 TRI-NORV-28  E=30400 S=143
2026-10-04 04:41:02 [INFO]   751 TRI-NORV-PMR-29 E=2893 S=131
2026-10-04 04:41:03 [INFO]   transactions 04:26:02 -> 04:41:02 : 0 lues en 1 page(s), 0 musee, 0 site
2026-10-04 04:41:03 [INFO] Dialogue borne : 1.1 s
2026-10-04 04:41:03 [INFO] Visiteurs du 2026-10-04 : 0 (source compteur, compteur 0, transactions 0)
2026-10-04 04:41:03 [INFO] Site visites libres du 2026-10-04 : entrees 0, sorties 0, presents 0 (pic None, source compteur)
2026-10-04 04:46:02 [INFO] Site visites libres : Visites libres a partir de 10h00 (fenetre 09:30-19:30)
2026-10-04 04:46:02 [INFO] Borne 192.168.2.10:5205 - compteurs du musee (Area 511 VISITES MUSEE)
2026-10-04 04:46:02 [INFO]   511 VISITES MUSEE E=106762 S=0
2026-10-04 04:46:02 [INFO]   512 ENTREE MUSEE E=106762 S=0
2026-10-04 04:46:02 [INFO]   1208 TRI-MUS-55   E=26384 S=0
2026-10-04 04:46:02 [INFO]   1209 TRI-MUS-56   E=53638 S=0
2026-10-04 04:46:02 [INFO]   1210 TRI-MUS-57   E=26740 S=0
2026-10-04 04:46:02 [INFO]   1040 PDA.3.11     E=0 S=0
2026-10-04 04:46:02 [INFO] Compteurs du site (visites libres)
2026-10-04 04:46:02 [INFO]   749 TRI-NORV-27  E=603 S=31130
2026-10-04 04:46:02 [INFO]   750 TRI-NORV-28  E=30400 S=143
2026-10-04 04:46:02 [INFO]   751 TRI-NORV-PMR-29 E=2893 S=131
2026-10-04 04:46:03 [INFO]   transactions 04:31:02 -> 04:46:02 : 0 lues en 1 page(s), 0 musee, 0 site
2026-10-04 04:46:03 [INFO] Dialogue borne : 0.9 s
2026-10-04 04:46:03 [INFO] Visiteurs du 2026-10-04 : 0 (source compteur, compteur 0, transactions 0)
2026-10-04 04:46:03 [INFO] Site visites libres du 2026-10-04 : entrees 0, sorties 0, presents 0 (pic None, source compteur)
2026-10-04 04:51:02 [INFO] Site visites libres : Visites libres a partir de 10h00 (fenetre 09:30-19:30)
2026-10-04 04:51:02 [INFO] Borne 192.168.2.10:5205 - compteurs du musee (Area 511 VISITES MUSEE)
2026-10-04 04:51:02 [INFO]   511 VISITES MUSEE E=106762 S=0
2026-10-04 04:51:02 [INFO]   512 ENTREE MUSEE E=106762 S=0
2026-10-04 04:51:02 [INFO]   1208 TRI-MUS-55   E=26384 S=0
2026-10-04 04:51:02 [INFO]   1209 TRI-MUS-56   E=53638 S=0
2026-10-04 04:51:02 [INFO]   1210 TRI-MUS-57   E=26740 S=0
2026-10-04 04:51:02 [INFO]   1040 PDA.3.11     E=0 S=0
2026-10-04 04:51:02 [INFO] Compteurs du site (visites libres)
2026-10-04 04:51:02 [INFO]   749 TRI-NORV-27  E=603 S=31130
2026-10-04 04:51:02 [INFO]   750 TRI-NORV-28  E=30400 S=143
2026-10-04 04:51:02 [INFO]   751 TRI-NORV-PMR-29 E=2893 S=131
2026-10-04 04:51:03 [INFO]   transactions 04:36:02 -> 04:51:02 : 0 lues en 1 page(s), 0 musee, 0 site
2026-10-04 04:51:03 [INFO] Dialogue borne : 0.9 s
2026-10-04 04:51:03 [INFO] Visiteurs du 2026-10-04 : 0 (source compteur, compteur 0, transactions 0)
2026-10-04 04:51:03 [INFO] Site visites libres du 2026-10-04 : entrees 0, sorties 0, presents 0 (pic None, source compteur)
2026-10-04 04:56:02 [INFO] Site visites libres : Visites libres a partir de 10h00 (fenetre 09:30-19:30)
2026-10-04 04:56:02 [INFO] Borne 192.168.2.10:5205 - compteurs du musee (Area 511 VISITES MUSEE)
2026-10-04 04:56:02 [INFO]   511 VISITES MUSEE E=106762 S=0
2026-10-04 04:56:02 [INFO]   512 ENTREE MUSEE E=106762 S=0
2026-10-04 04:56:02 [INFO]   1208 TRI-MUS-55   E=26384 S=0
2026-10-04 04:56:02 [INFO]   1209 TRI-MUS-56   E=53638 S=0
2026-10-04 04:56:02 [INFO]   1210 TRI-MUS-57   E=26740 S=0
2026-10-04 04:56:02 [INFO]   1040 PDA.3.11     E=0 S=0
2026-10-04 04:56:02 [INFO] Compteurs du site (visites libres)
2026-10-04 04:56:02 [INFO]   749 TRI-NORV-27  E=603 S=31130
2026-10-04 04:56:02 [INFO]   750 TRI-NORV-28  E=30400 S=143
2026-10-04 04:56:02 [INFO]   751 TRI-NORV-PMR-29 E=2893 S=131
2026-10-04 04:56:03 [INFO]   transactions 04:41:02 -> 04:56:02 : 0 lues en 1 page(s), 0 musee, 0 site
2026-10-04 04:56:03 [INFO] Dialogue borne : 1.0 s
2026-10-04 04:56:03 [INFO] Visiteurs du 2026-10-04 : 0 (source compteur, compteur 0, transactions 0)
2026-10-04 04:56:03 [INFO] Site visites libres du 2026-10-04 : entrees 0, sorties 0, presents 0 (pic None, source compteur)
2026-10-04 05:01:02 [INFO] Site visites libres : Visites libres a partir de 10h00 (fenetre 09:30-19:30)
2026-10-04 05:01:02 [INFO] Borne 192.168.2.10:5205 - compteurs du musee (Area 511 VISITES MUSEE)
2026-10-04 05:01:02 [INFO]   511 VISITES MUSEE E=106762 S=0
2026-10-04 05:01:02 [INFO]   512 ENTREE MUSEE E=106762 S=0
2026-10-04 05:01:02 [INFO]   1208 TRI-MUS-55   E=26384 S=0
2026-10-04 05:01:02 [INFO]   1209 TRI-MUS-56   E=53638 S=0
2026-10-04 05:01:02 [INFO]   1210 TRI-MUS-57   E=26740 S=0
2026-10-04 05:01:02 [INFO]   1040 PDA.3.11     E=0 S=0
2026-10-04 05:01:02 [INFO] Compteurs du site (visites libres)
2026-10-04 05:01:02 [INFO]   749 TRI-NORV-27  E=603 S=31130
2026-10-04 05:01:02 [INFO]   750 TRI-NORV-28  E=30400 S=143
2026-10-04 05:01:02 [INFO]   751 TRI-NORV-PMR-29 E=2893 S=131
2026-10-04 05:01:03 [INFO]   transactions 04:46:02 -> 05:01:02 : 0 lues en 1 page(s), 0 musee, 0 site
2026-10-04 05:01:03 [INFO] Dialogue borne : 1.1 s
2026-10-04 05:01:03 [INFO] Visiteurs du 2026-10-04 : 0 (source compteur, compteur 0, transactions 0)
2026-10-04 05:01:03 [INFO] Site visites libres du 2026-10-04 : entrees 0, sorties 0, presents 0 (pic None, source compteur)
2026-10-04 05:06:02 [INFO] Site visites libres : Visites libres a partir de 10h00 (fenetre 09:30-19:30)
2026-10-04 05:06:02 [INFO] Borne 192.168.2.10:5205 - compteurs du musee (Area 511 VISITES MUSEE)
2026-10-04 05:06:02 [INFO]   511 VISITES MUSEE E=106762 S=0
2026-10-04 05:06:02 [INFO]   512 ENTREE MUSEE E=106762 S=0
2026-10-04 05:06:02 [INFO]   1208 TRI-MUS-55   E=26384 S=0
2026-10-04 05:06:02 [INFO]   1209 TRI-MUS-56   E=53638 S=0
2026-10-04 05:06:02 [INFO]   1210 TRI-MUS-57   E=26740 S=0
2026-10-04 05:06:02 [INFO]   1040 PDA.3.11     E=0 S=0
2026-10-04 05:06:02 [INFO] Compteurs du site (visites libres)
2026-10-04 05:06:02 [INFO]   749 TRI-NORV-27  E=603 S=31130
2026-10-04 05:06:02 [INFO]   750 TRI-NORV-28  E=30400 S=143
2026-10-04 05:06:02 [INFO]   751 TRI-NORV-PMR-29 E=2893 S=131
2026-10-04 05:06:03 [INFO]   transactions 04:51:02 -> 05:06:02 : 0 lues en 1 page(s), 0 musee, 0 site
2026-10-04 05:06:03 [INFO] Dialogue borne : 1.1 s
2026-10-04 05:06:03 [INFO] Visiteurs du 2026-10-04 : 0 (source compteur, compteur 0, transactions 0)
2026-10-04 05:06:03 [INFO] Site visites libres du 2026-10-04 : entrees 0, sorties 0, presents 0 (pic None, source compteur)
2026-10-04 05:11:02 [INFO] Site visites libres : Visites libres a partir de 10h00 (fenetre 09:30-19:30)
2026-10-04 05:11:02 [INFO] Borne 192.168.2.10:5205 - compteurs du musee (Area 511 VISITES MUSEE)
2026-10-04 05:11:02 [INFO]   511 VISITES MUSEE E=106762 S=0
2026-10-04 05:11:02 [INFO]   512 ENTREE MUSEE E=106762 S=0
2026-10-04 05:11:02 [INFO]   1208 TRI-MUS-55   E=26384 S=0
2026-10-04 05:11:02 [INFO]   1209 TRI-MUS-56   E=53638 S=0
2026-10-04 05:11:02 [INFO]   1210 TRI-MUS-57   E=26740 S=0
2026-10-04 05:11:02 [INFO]   1040 PDA.3.11     E=0 S=0
2026-10-04 05:11:02 [INFO] Compteurs du site (visites libres)
2026-10-04 05:11:02 [INFO]   749 TRI-NORV-27  E=603 S=31130
2026-10-04 05:11:02 [INFO]   750 TRI-NORV-28  E=30400 S=143
2026-10-04 05:11:02 [INFO]   751 TRI-NORV-PMR-29 E=2893 S=131
2026-10-04 05:11:03 [INFO]   transactions 04:56:02 -> 05:11:02 : 0 lues en 1 page(s), 0 musee, 0 site
2026-10-04 05:11:03 [INFO] Dialogue borne : 1.0 s
2026-10-04 05:11:03 [INFO] Visiteurs du 2026-10-04 : 0 (source compteur, compteur 0, transactions 0)
2026-10-04 05:11:03 [INFO] Site visites libres du 2026-10-04 : entrees 0, sorties 0, presents 0 (pic None, source compteur)
2026-10-04 05:16:02 [INFO] Site visites libres : Visites libres a partir de 10h00 (fenetre 09:30-19:30)
2026-10-04 05:16:02 [INFO] Borne 192.168.2.10:5205 - compteurs du musee (Area 511 VISITES MUSEE)
2026-10-04 05:16:02 [INFO]   511 VISITES MUSEE E=106762 S=0
2026-10-04 05:16:02 [INFO]   512 ENTREE MUSEE E=106762 S=0
2026-10-04 05:16:02 [INFO]   1208 TRI-MUS-55   E=26384 S=0
2026-10-04 05:16:02 [INFO]   1209 TRI-MUS-56   E=53638 S=0
2026-10-04 05:16:02 [INFO]   1210 TRI-MUS-57   E=26740 S=0
2026-10-04 05:16:02 [INFO]   1040 PDA.3.11     E=0 S=0
2026-10-04 05:16:02 [INFO] Compteurs du site (visites libres)
2026-10-04 05:16:02 [INFO]   749 TRI-NORV-27  E=603 S=31130
2026-10-04 05:16:02 [INFO]   750 TRI-NORV-28  E=30400 S=143
2026-10-04 05:16:02 [INFO]   751 TRI-NORV-PMR-29 E=2893 S=131
2026-10-04 05:16:03 [INFO]   transactions 05:01:02 -> 05:16:02 : 0 lues en 1 page(s), 0 musee, 0 site
2026-10-04 05:16:03 [INFO] Dialogue borne : 0.9 s
2026-10-04 05:16:03 [INFO] Visiteurs du 2026-10-04 : 0 (source compteur, compteur 0, transactions 0)
2026-10-04 05:16:03 [INFO] Site visites libres du 2026-10-04 : entrees 0, sorties 0, presents 0 (pic None, source compteur)
2026-10-04 05:21:02 [INFO] Site visites libres : Visites libres a partir de 10h00 (fenetre 09:30-19:30)
2026-10-04 05:21:02 [INFO] Borne 192.168.2.10:5205 - compteurs du musee (Area 511 VISITES MUSEE)
2026-10-04 05:21:02 [INFO]   511 VISITES MUSEE E=106762 S=0
2026-10-04 05:21:02 [INFO]   512 ENTREE MUSEE E=106762 S=0
2026-10-04 05:21:02 [INFO]   1208 TRI-MUS-55   E=26384 S=0
2026-10-04 05:21:02 [INFO]   1209 TRI-MUS-56   E=53638 S=0
2026-10-04 05:21:02 [INFO]   1210 TRI-MUS-57   E=26740 S=0
2026-10-04 05:21:02 [INFO]   1040 PDA.3.11     E=0 S=0
2026-10-04 05:21:02 [INFO] Compteurs du site (visites libres)
2026-10-04 05:21:02 [INFO]   749 TRI-NORV-27  E=603 S=31130
2026-10-04 05:21:02 [INFO]   750 TRI-NORV-28  E=30400 S=143
2026-10-04 05:21:02 [INFO]   751 TRI-NORV-PMR-29 E=2893 S=131
2026-10-04 05:21:03 [INFO]   transactions 05:06:02 -> 05:21:02 : 0 lues en 1 page(s), 0 musee, 0 site
2026-10-04 05:21:03 [INFO] Dialogue borne : 1.0 s
2026-10-04 05:21:03 [INFO] Visiteurs du 2026-10-04 : 0 (source compteur, compteur 0, transactions 0)
2026-10-04 05:21:03 [INFO] Site visites libres du 2026-10-04 : entrees 0, sorties 0, presents 0 (pic None, source compteur)
2026-10-04 05:26:02 [INFO] Site visites libres : Visites libres a partir de 10h00 (fenetre 09:30-19:30)
2026-10-04 05:26:02 [INFO] Borne 192.168.2.10:5205 - compteurs du musee (Area 511 VISITES MUSEE)
2026-10-04 05:26:02 [INFO]   511 VISITES MUSEE E=106762 S=0
2026-10-04 05:26:02 [INFO]   512 ENTREE MUSEE E=106762 S=0
2026-10-04 05:26:02 [INFO]   1208 TRI-MUS-55   E=26384 S=0
2026-10-04 05:26:02 [INFO]   1209 TRI-MUS-56   E=53638 S=0
2026-10-04 05:26:02 [INFO]   1210 TRI-MUS-57   E=26740 S=0
2026-10-04 05:26:02 [INFO]   1040 PDA.3.11     E=0 S=0
2026-10-04 05:26:02 [INFO] Compteurs du site (visites libres)
2026-10-04 05:26:02 [INFO]   749 TRI-NORV-27  E=603 S=31130
2026-10-04 05:26:02 [INFO]   750 TRI-NORV-28  E=30400 S=143
2026-10-04 05:26:02 [INFO]   751 TRI-NORV-PMR-29 E=2893 S=131
2026-10-04 05:26:03 [INFO]   transactions 05:11:02 -> 05:26:02 : 0 lues en 1 page(s), 0 musee, 0 site
2026-10-04 05:26:03 [INFO] Dialogue borne : 1.0 s
2026-10-04 05:26:03 [INFO] Visiteurs du 2026-10-04 : 0 (source compteur, compteur 0, transactions 0)
2026-10-04 05:26:03 [INFO] Site visites libres du 2026-10-04 : entrees 0, sorties 0, presents 0 (pic None, source compteur)
2026-10-04 05:31:02 [INFO] Site visites libres : Visites libres a partir de 10h00 (fenetre 09:30-19:30)
2026-10-04 05:31:02 [INFO] Borne 192.168.2.10:5205 - compteurs du musee (Area 511 VISITES MUSEE)
2026-10-04 05:31:02 [INFO]   511 VISITES MUSEE E=106762 S=0
2026-10-04 05:31:02 [INFO]   512 ENTREE MUSEE E=106762 S=0
2026-10-04 05:31:02 [INFO]   1208 TRI-MUS-55   E=26384 S=0
2026-10-04 05:31:02 [INFO]   1209 TRI-MUS-56   E=53638 S=0
2026-10-04 05:31:02 [INFO]   1210 TRI-MUS-57   E=26740 S=0
2026-10-04 05:31:02 [INFO]   1040 PDA.3.11     E=0 S=0
2026-10-04 05:31:02 [INFO] Compteurs du site (visites libres)
2026-10-04 05:31:02 [INFO]   749 TRI-NORV-27  E=603 S=31130
2026-10-04 05:31:02 [INFO]   750 TRI-NORV-28  E=30400 S=143
2026-10-04 05:31:02 [INFO]   751 TRI-NORV-PMR-29 E=2893 S=131
2026-10-04 05:31:03 [INFO]   transactions 05:16:02 -> 05:31:02 : 0 lues en 1 page(s), 0 musee, 0 site
2026-10-04 05:31:03 [INFO] Dialogue borne : 1.1 s
2026-10-04 05:31:03 [INFO] Visiteurs du 2026-10-04 : 0 (source compteur, compteur 0, transactions 0)
2026-10-04 05:31:03 [INFO] Site visites libres du 2026-10-04 : entrees 0, sorties 0, presents 0 (pic None, source compteur)
2026-10-04 05:36:02 [INFO] Site visites libres : Visites libres a partir de 10h00 (fenetre 09:30-19:30)
2026-10-04 05:36:02 [INFO] Borne 192.168.2.10:5205 - compteurs du musee (Area 511 VISITES MUSEE)
2026-10-04 05:36:02 [INFO]   511 VISITES MUSEE E=106762 S=0
2026-10-04 05:36:02 [INFO]   512 ENTREE MUSEE E=106762 S=0
2026-10-04 05:36:02 [INFO]   1208 TRI-MUS-55   E=26384 S=0
2026-10-04 05:36:02 [INFO]   1209 TRI-MUS-56   E=53638 S=0
2026-10-04 05:36:02 [INFO]   1210 TRI-MUS-57   E=26740 S=0
2026-10-04 05:36:02 [INFO]   1040 PDA.3.11     E=0 S=0
2026-10-04 05:36:02 [INFO] Compteurs du site (visites libres)
2026-10-04 05:36:02 [INFO]   749 TRI-NORV-27  E=603 S=31130
2026-10-04 05:36:02 [INFO]   750 TRI-NORV-28  E=30400 S=143
2026-10-04 05:36:02 [INFO]   751 TRI-NORV-PMR-29 E=2893 S=131
2026-10-04 05:36:03 [INFO]   transactions 05:21:02 -> 05:36:02 : 0 lues en 1 page(s), 0 musee, 0 site
2026-10-04 05:36:03 [INFO] Dialogue borne : 1.0 s
2026-10-04 05:36:03 [INFO] Visiteurs du 2026-10-04 : 0 (source compteur, compteur 0, transactions 0)
2026-10-04 05:36:03 [INFO] Site visites libres du 2026-10-04 : entrees 0, sorties 0, presents 0 (pic None, source compteur)
2026-10-04 05:41:02 [INFO] Site visites libres : Visites libres a partir de 10h00 (fenetre 09:30-19:30)
2026-10-04 05:41:02 [INFO] Borne 192.168.2.10:5205 - compteurs du musee (Area 511 VISITES MUSEE)
2026-10-04 05:41:02 [INFO]   511 VISITES MUSEE E=106762 S=0
2026-10-04 05:41:02 [INFO]   512 ENTREE MUSEE E=106762 S=0
2026-10-04 05:41:02 [INFO]   1208 TRI-MUS-55   E=26384 S=0
2026-10-04 05:41:02 [INFO]   1209 TRI-MUS-56   E=53638 S=0
2026-10-04 05:41:02 [INFO]   1210 TRI-MUS-57   E=26740 S=0
2026-10-04 05:41:02 [INFO]   1040 PDA.3.11     E=0 S=0
2026-10-04 05:41:02 [INFO] Compteurs du site (visites libres)
2026-10-04 05:41:02 [INFO]   749 TRI-NORV-27  E=603 S=31130
2026-10-04 05:41:02 [INFO]   750 TRI-NORV-28  E=30400 S=143
2026-10-04 05:41:02 [INFO]   751 TRI-NORV-PMR-29 E=2893 S=131
2026-10-04 05:41:03 [INFO]   transactions 05:26:02 -> 05:41:02 : 0 lues en 1 page(s), 0 musee, 0 site
2026-10-04 05:41:03 [INFO] Dialogue borne : 0.9 s
2026-10-04 05:41:03 [INFO] Visiteurs du 2026-10-04 : 0 (source compteur, compteur 0, transactions 0)
2026-10-04 05:41:03 [INFO] Site visites libres du 2026-10-04 : entrees 0, sorties 0, presents 0 (pic None, source compteur)
2026-10-04 05:46:02 [INFO] Site visites libres : Visites libres a partir de 10h00 (fenetre 09:30-19:30)
2026-10-04 05:46:02 [INFO] Borne 192.168.2.10:5205 - compteurs du musee (Area 511 VISITES MUSEE)
2026-10-04 05:46:02 [INFO]   511 VISITES MUSEE E=106762 S=0
2026-10-04 05:46:02 [INFO]   512 ENTREE MUSEE E=106762 S=0
2026-10-04 05:46:02 [INFO]   1208 TRI-MUS-55   E=26384 S=0
2026-10-04 05:46:02 [INFO]   1209 TRI-MUS-56   E=53638 S=0
2026-10-04 05:46:02 [INFO]   1210 TRI-MUS-57   E=26740 S=0
2026-10-04 05:46:02 [INFO]   1040 PDA.3.11     E=0 S=0
2026-10-04 05:46:02 [INFO] Compteurs du site (visites libres)
2026-10-04 05:46:02 [INFO]   749 TRI-NORV-27  E=603 S=31130
2026-10-04 05:46:02 [INFO]   750 TRI-NORV-28  E=30400 S=143
2026-10-04 05:46:02 [INFO]   751 TRI-NORV-PMR-29 E=2893 S=131
2026-10-04 05:46:03 [INFO]   transactions 05:31:02 -> 05:46:02 : 0 lues en 1 page(s), 0 musee, 0 site
2026-10-04 05:46:03 [INFO] Dialogue borne : 1.0 s
2026-10-04 05:46:03 [INFO] Visiteurs du 2026-10-04 : 0 (source compteur, compteur 0, transactions 0)
2026-10-04 05:46:03 [INFO] Site visites libres du 2026-10-04 : entrees 0, sorties 0, presents 0 (pic None, source compteur)
2026-10-04 05:51:02 [INFO] Site visites libres : Visites libres a partir de 10h00 (fenetre 09:30-19:30)
2026-10-04 05:51:02 [INFO] Borne 192.168.2.10:5205 - compteurs du musee (Area 511 VISITES MUSEE)
2026-10-04 05:51:02 [INFO]   511 VISITES MUSEE E=106762 S=0
2026-10-04 05:51:02 [INFO]   512 ENTREE MUSEE E=106762 S=0
2026-10-04 05:51:02 [INFO]   1208 TRI-MUS-55   E=26384 S=0
2026-10-04 05:51:02 [INFO]   1209 TRI-MUS-56   E=53638 S=0
2026-10-04 05:51:02 [INFO]   1210 TRI-MUS-57   E=26740 S=0
2026-10-04 05:51:02 [INFO]   1040 PDA.3.11     E=0 S=0
2026-10-04 05:51:02 [INFO] Compteurs du site (visites libres)
2026-10-04 05:51:02 [INFO]   749 TRI-NORV-27  E=603 S=31130
2026-10-04 05:51:02 [INFO]   750 TRI-NORV-28  E=30400 S=143
2026-10-04 05:51:02 [INFO]   751 TRI-NORV-PMR-29 E=2893 S=131
2026-10-04 05:51:03 [INFO]   transactions 05:36:02 -> 05:51:02 : 0 lues en 1 page(s), 0 musee, 0 site
2026-10-04 05:51:03 [INFO] Dialogue borne : 1.0 s
2026-10-04 05:51:03 [INFO] Visiteurs du 2026-10-04 : 0 (source compteur, compteur 0, transactions 0)
2026-10-04 05:51:03 [INFO] Site visites libres du 2026-10-04 : entrees 0, sorties 0, presents 0 (pic None, source compteur)
2026-10-04 05:56:03 [INFO] Site visites libres : Visites libres a partir de 10h00 (fenetre 09:30-19:30)
2026-10-04 05:56:03 [INFO] Borne 192.168.2.10:5205 - compteurs du musee (Area 511 VISITES MUSEE)
2026-10-04 05:56:03 [INFO]   511 VISITES MUSEE E=106762 S=0
2026-10-04 05:56:03 [INFO]   512 ENTREE MUSEE E=106762 S=0
2026-10-04 05:56:03 [INFO]   1208 TRI-MUS-55   E=26384 S=0
2026-10-04 05:56:03 [INFO]   1209 TRI-MUS-56   E=53638 S=0
2026-10-04 05:56:04 [INFO]   1210 TRI-MUS-57   E=26740 S=0
2026-10-04 05:56:04 [INFO]   1040 PDA.3.11     E=0 S=0
2026-10-04 05:56:04 [INFO] Compteurs du site (visites libres)
2026-10-04 05:56:04 [INFO]   749 TRI-NORV-27  E=603 S=31130
2026-10-04 05:56:04 [INFO]   750 TRI-NORV-28  E=30400 S=143
2026-10-04 05:56:04 [INFO]   751 TRI-NORV-PMR-29 E=2893 S=131
2026-10-04 05:56:04 [INFO]   transactions 05:41:02 -> 05:56:03 : 0 lues en 1 page(s), 0 musee, 0 site
2026-10-04 05:56:04 [INFO] Dialogue borne : 1.1 s
2026-10-04 05:56:04 [INFO] Visiteurs du 2026-10-04 : 0 (source compteur, compteur 0, transactions 0)
2026-10-04 05:56:04 [INFO] Site visites libres du 2026-10-04 : entrees 0, sorties 0, presents 0 (pic None, source compteur)
2026-10-04 06:01:02 [INFO] Site visites libres : Visites libres a partir de 10h00 (fenetre 09:30-19:30)
2026-10-04 06:01:02 [INFO] Borne 192.168.2.10:5205 - compteurs du musee (Area 511 VISITES MUSEE)
2026-10-04 06:01:02 [INFO]   511 VISITES MUSEE E=106762 S=0
2026-10-04 06:01:02 [INFO]   512 ENTREE MUSEE E=106762 S=0
2026-10-04 06:01:02 [INFO]   1208 TRI-MUS-55   E=26384 S=0
2026-10-04 06:01:02 [INFO]   1209 TRI-MUS-56   E=53638 S=0
2026-10-04 06:01:02 [INFO]   1210 TRI-MUS-57   E=26740 S=0
2026-10-04 06:01:02 [INFO]   1040 PDA.3.11     E=0 S=0
2026-10-04 06:01:02 [INFO] Compteurs du site (visites libres)
2026-10-04 06:01:02 [INFO]   749 TRI-NORV-27  E=603 S=31130
2026-10-04 06:01:02 [INFO]   750 TRI-NORV-28  E=30400 S=143
2026-10-04 06:01:02 [INFO]   751 TRI-NORV-PMR-29 E=2893 S=131
2026-10-04 06:01:03 [INFO]   transactions 05:46:03 -> 06:01:02 : 0 lues en 1 page(s), 0 musee, 0 site
2026-10-04 06:01:03 [INFO] Dialogue borne : 0.9 s
2026-10-04 06:01:03 [INFO] Visiteurs du 2026-10-04 : 0 (source compteur, compteur 0, transactions 0)
2026-10-04 06:01:03 [INFO] Site visites libres du 2026-10-04 : entrees 0, sorties 0, presents 0 (pic None, source compteur)
2026-10-04 06:06:02 [INFO] Site visites libres : Visites libres a partir de 10h00 (fenetre 09:30-19:30)
2026-10-04 06:06:02 [INFO] Borne 192.168.2.10:5205 - compteurs du musee (Area 511 VISITES MUSEE)
2026-10-04 06:06:02 [INFO]   511 VISITES MUSEE E=106762 S=0
2026-10-04 06:06:02 [INFO]   512 ENTREE MUSEE E=106762 S=0
2026-10-04 06:06:02 [INFO]   1208 TRI-MUS-55   E=26384 S=0
2026-10-04 06:06:02 [INFO]   1209 TRI-MUS-56   E=53638 S=0
2026-10-04 06:06:02 [INFO]   1210 TRI-MUS-57   E=26740 S=0
2026-10-04 06:06:02 [INFO]   1040 PDA.3.11     E=0 S=0
2026-10-04 06:06:02 [INFO] Compteurs du site (visites libres)
2026-10-04 06:06:02 [INFO]   749 TRI-NORV-27  E=603 S=31130
2026-10-04 06:06:02 [INFO]   750 TRI-NORV-28  E=30400 S=143
2026-10-04 06:06:02 [INFO]   751 TRI-NORV-PMR-29 E=2893 S=131
2026-10-04 06:06:03 [INFO]   transactions 05:51:02 -> 06:06:02 : 0 lues en 1 page(s), 0 musee, 0 site
2026-10-04 06:06:03 [INFO] Dialogue borne : 1.0 s
2026-10-04 06:06:03 [INFO] Visiteurs du 2026-10-04 : 0 (source compteur, compteur 0, transactions 0)
2026-10-04 06:06:03 [INFO] Site visites libres du 2026-10-04 : entrees 0, sorties 0, presents 0 (pic None, source compteur)
2026-10-04 06:11:02 [INFO] Site visites libres : Visites libres a partir de 10h00 (fenetre 09:30-19:30)
2026-10-04 06:11:02 [INFO] Borne 192.168.2.10:5205 - compteurs du musee (Area 511 VISITES MUSEE)
2026-10-04 06:11:02 [INFO]   511 VISITES MUSEE E=106762 S=0
2026-10-04 06:11:02 [INFO]   512 ENTREE MUSEE E=106762 S=0
2026-10-04 06:11:02 [INFO]   1208 TRI-MUS-55   E=26384 S=0
2026-10-04 06:11:02 [INFO]   1209 TRI-MUS-56   E=53638 S=0
2026-10-04 06:11:02 [INFO]   1210 TRI-MUS-57   E=26740 S=0
2026-10-04 06:11:02 [INFO]   1040 PDA.3.11     E=0 S=0
2026-10-04 06:11:02 [INFO] Compteurs du site (visites libres)
2026-10-04 06:11:02 [INFO]   749 TRI-NORV-27  E=603 S=31130
2026-10-04 06:11:02 [INFO]   750 TRI-NORV-28  E=30400 S=143
2026-10-04 06:11:02 [INFO]   751 TRI-NORV-PMR-29 E=2893 S=131
2026-10-04 06:11:03 [INFO]   transactions 05:56:02 -> 06:11:02 : 0 lues en 1 page(s), 0 musee, 0 site
2026-10-04 06:11:03 [INFO] Dialogue borne : 0.9 s
2026-10-04 06:11:03 [INFO] Visiteurs du 2026-10-04 : 0 (source compteur, compteur 0, transactions 0)
2026-10-04 06:11:03 [INFO] Site visites libres du 2026-10-04 : entrees 0, sorties 0, presents 0 (pic None, source compteur)
2026-10-04 06:16:02 [INFO] Site visites libres : Visites libres a partir de 10h00 (fenetre 09:30-19:30)
2026-10-04 06:16:02 [INFO] Borne 192.168.2.10:5205 - compteurs du musee (Area 511 VISITES MUSEE)
2026-10-04 06:16:02 [INFO]   511 VISITES MUSEE E=106762 S=0
2026-10-04 06:16:02 [INFO]   512 ENTREE MUSEE E=106762 S=0
2026-10-04 06:16:02 [INFO]   1208 TRI-MUS-55   E=26384 S=0
2026-10-04 06:16:02 [INFO]   1209 TRI-MUS-56   E=53638 S=0
2026-10-04 06:16:02 [INFO]   1210 TRI-MUS-57   E=26740 S=0
2026-10-04 06:16:02 [INFO]   1040 PDA.3.11     E=0 S=0
2026-10-04 06:16:02 [INFO] Compteurs du site (visites libres)
2026-10-04 06:16:02 [INFO]   749 TRI-NORV-27  E=603 S=31130
2026-10-04 06:16:02 [INFO]   750 TRI-NORV-28  E=30400 S=143
2026-10-04 06:16:02 [INFO]   751 TRI-NORV-PMR-29 E=2893 S=131
2026-10-04 06:16:03 [INFO]   transactions 06:01:02 -> 06:16:02 : 0 lues en 1 page(s), 0 musee, 0 site
2026-10-04 06:16:03 [INFO] Dialogue borne : 0.9 s
2026-10-04 06:16:03 [INFO] Visiteurs du 2026-10-04 : 0 (source compteur, compteur 0, transactions 0)
2026-10-04 06:16:03 [INFO] Site visites libres du 2026-10-04 : entrees 0, sorties 0, presents 0 (pic None, source compteur)
2026-10-04 06:21:02 [INFO] Site visites libres : Visites libres a partir de 10h00 (fenetre 09:30-19:30)
2026-10-04 06:21:02 [INFO] Borne 192.168.2.10:5205 - compteurs du musee (Area 511 VISITES MUSEE)
2026-10-04 06:21:02 [INFO]   511 VISITES MUSEE E=106762 S=0
2026-10-04 06:21:02 [INFO]   512 ENTREE MUSEE E=106762 S=0
2026-10-04 06:21:02 [INFO]   1208 TRI-MUS-55   E=26384 S=0
2026-10-04 06:21:02 [INFO]   1209 TRI-MUS-56   E=53638 S=0
2026-10-04 06:21:02 [INFO]   1210 TRI-MUS-57   E=26740 S=0
2026-10-04 06:21:02 [INFO]   1040 PDA.3.11     E=0 S=0
2026-10-04 06:21:02 [INFO] Compteurs du site (visites libres)
2026-10-04 06:21:02 [INFO]   749 TRI-NORV-27  E=603 S=31130
2026-10-04 06:21:02 [INFO]   750 TRI-NORV-28  E=30400 S=143
2026-10-04 06:21:02 [INFO]   751 TRI-NORV-PMR-29 E=2893 S=131
2026-10-04 06:21:03 [INFO]   transactions 06:06:02 -> 06:21:02 : 0 lues en 1 page(s), 0 musee, 0 site
2026-10-04 06:21:03 [INFO] Dialogue borne : 1.1 s
2026-10-04 06:21:03 [INFO] Visiteurs du 2026-10-04 : 0 (source compteur, compteur 0, transactions 0)
2026-10-04 06:21:03 [INFO] Site visites libres du 2026-10-04 : entrees 0, sorties 0, presents 0 (pic None, source compteur)
2026-10-04 06:26:02 [INFO] Site visites libres : Visites libres a partir de 10h00 (fenetre 09:30-19:30)
2026-10-04 06:26:02 [INFO] Borne 192.168.2.10:5205 - compteurs du musee (Area 511 VISITES MUSEE)
2026-10-04 06:26:02 [INFO]   511 VISITES MUSEE E=106762 S=0
2026-10-04 06:26:02 [INFO]   512 ENTREE MUSEE E=106762 S=0
2026-10-04 06:26:02 [INFO]   1208 TRI-MUS-55   E=26384 S=0
2026-10-04 06:26:02 [INFO]   1209 TRI-MUS-56   E=53638 S=0
2026-10-04 06:26:02 [INFO]   1210 TRI-MUS-57   E=26740 S=0
2026-10-04 06:26:02 [INFO]   1040 PDA.3.11     E=0 S=0
2026-10-04 06:26:02 [INFO] Compteurs du site (visites libres)
2026-10-04 06:26:02 [INFO]   749 TRI-NORV-27  E=603 S=31130
2026-10-04 06:26:02 [INFO]   750 TRI-NORV-28  E=30400 S=143
2026-10-04 06:26:02 [INFO]   751 TRI-NORV-PMR-29 E=2893 S=131
2026-10-04 06:26:02 [INFO]   transactions 06:11:02 -> 06:26:02 : 0 lues en 1 page(s), 0 musee, 0 site
2026-10-04 06:26:02 [INFO] Dialogue borne : 0.9 s
2026-10-04 06:26:03 [INFO] Visiteurs du 2026-10-04 : 0 (source compteur, compteur 0, transactions 0)
2026-10-04 06:26:03 [INFO] Site visites libres du 2026-10-04 : entrees 0, sorties 0, presents 0 (pic None, source compteur)
2026-10-04 06:31:02 [INFO] Site visites libres : Visites libres a partir de 10h00 (fenetre 09:30-19:30)
2026-10-04 06:31:02 [INFO] Borne 192.168.2.10:5205 - compteurs du musee (Area 511 VISITES MUSEE)
2026-10-04 06:31:02 [INFO]   511 VISITES MUSEE E=106762 S=0
2026-10-04 06:31:02 [INFO]   512 ENTREE MUSEE E=106762 S=0
2026-10-04 06:31:02 [INFO]   1208 TRI-MUS-55   E=26384 S=0
2026-10-04 06:31:02 [INFO]   1209 TRI-MUS-56   E=53638 S=0
2026-10-04 06:31:02 [INFO]   1210 TRI-MUS-57   E=26740 S=0
2026-10-04 06:31:02 [INFO]   1040 PDA.3.11     E=0 S=0
2026-10-04 06:31:02 [INFO] Compteurs du site (visites libres)
2026-10-04 06:31:02 [INFO]   749 TRI-NORV-27  E=603 S=31130
2026-10-04 06:31:02 [INFO]   750 TRI-NORV-28  E=30400 S=143
2026-10-04 06:31:02 [INFO]   751 TRI-NORV-PMR-29 E=2893 S=131
2026-10-04 06:31:03 [INFO]   transactions 06:16:02 -> 06:31:02 : 0 lues en 1 page(s), 0 musee, 0 site
2026-10-04 06:31:03 [INFO] Dialogue borne : 0.9 s
2026-10-04 06:31:03 [INFO] Visiteurs du 2026-10-04 : 0 (source compteur, compteur 0, transactions 0)
2026-10-04 06:31:03 [INFO] Site visites libres du 2026-10-04 : entrees 0, sorties 0, presents 0 (pic None, source compteur)
2026-10-04 06:36:02 [INFO] Site visites libres : Visites libres a partir de 10h00 (fenetre 09:30-19:30)
2026-10-04 06:36:02 [INFO] Borne 192.168.2.10:5205 - compteurs du musee (Area 511 VISITES MUSEE)
2026-10-04 06:36:02 [INFO]   511 VISITES MUSEE E=106762 S=0
2026-10-04 06:36:02 [INFO]   512 ENTREE MUSEE E=106762 S=0
2026-10-04 06:36:02 [INFO]   1208 TRI-MUS-55   E=26384 S=0
2026-10-04 06:36:02 [INFO]   1209 TRI-MUS-56   E=53638 S=0
2026-10-04 06:36:02 [INFO]   1210 TRI-MUS-57   E=26740 S=0
2026-10-04 06:36:02 [INFO]   1040 PDA.3.11     E=0 S=0
2026-10-04 06:36:02 [INFO] Compteurs du site (visites libres)
2026-10-04 06:36:02 [INFO]   749 TRI-NORV-27  E=603 S=31130
2026-10-04 06:36:02 [INFO]   750 TRI-NORV-28  E=30400 S=143
2026-10-04 06:36:02 [INFO]   751 TRI-NORV-PMR-29 E=2893 S=131
2026-10-04 06:36:03 [INFO]   transactions 06:21:02 -> 06:36:02 : 0 lues en 1 page(s), 0 musee, 0 site
2026-10-04 06:36:03 [INFO] Dialogue borne : 1.0 s
2026-10-04 06:36:03 [INFO] Visiteurs du 2026-10-04 : 0 (source compteur, compteur 0, transactions 0)
2026-10-04 06:36:03 [INFO] Site visites libres du 2026-10-04 : entrees 0, sorties 0, presents 0 (pic None, source compteur)
2026-10-04 06:41:02 [INFO] Site visites libres : Visites libres a partir de 10h00 (fenetre 09:30-19:30)
2026-10-04 06:41:02 [INFO] Borne 192.168.2.10:5205 - compteurs du musee (Area 511 VISITES MUSEE)
2026-10-04 06:41:02 [INFO]   511 VISITES MUSEE E=106762 S=0
2026-10-04 06:41:02 [INFO]   512 ENTREE MUSEE E=106762 S=0
2026-10-04 06:41:02 [INFO]   1208 TRI-MUS-55   E=26384 S=0
2026-10-04 06:41:02 [INFO]   1209 TRI-MUS-56   E=53638 S=0
2026-10-04 06:41:02 [INFO]   1210 TRI-MUS-57   E=26740 S=0
2026-10-04 06:41:02 [INFO]   1040 PDA.3.11     E=0 S=0
2026-10-04 06:41:02 [INFO] Compteurs du site (visites libres)
2026-10-04 06:41:02 [INFO]   749 TRI-NORV-27  E=603 S=31130
2026-10-04 06:41:02 [INFO]   750 TRI-NORV-28  E=30400 S=143
2026-10-04 06:41:02 [INFO]   751 TRI-NORV-PMR-29 E=2893 S=131
2026-10-04 06:41:03 [INFO]   transactions 06:26:02 -> 06:41:02 : 0 lues en 1 page(s), 0 musee, 0 site
2026-10-04 06:41:03 [INFO] Dialogue borne : 0.9 s
2026-10-04 06:41:03 [INFO] Visiteurs du 2026-10-04 : 0 (source compteur, compteur 0, transactions 0)
2026-10-04 06:41:03 [INFO] Site visites libres du 2026-10-04 : entrees 0, sorties 0, presents 0 (pic None, source compteur)
2026-10-04 06:46:02 [INFO] Site visites libres : Visites libres a partir de 10h00 (fenetre 09:30-19:30)
2026-10-04 06:46:02 [INFO] Borne 192.168.2.10:5205 - compteurs du musee (Area 511 VISITES MUSEE)
2026-10-04 06:46:02 [INFO]   511 VISITES MUSEE E=106762 S=0
2026-10-04 06:46:02 [INFO]   512 ENTREE MUSEE E=106762 S=0
2026-10-04 06:46:02 [INFO]   1208 TRI-MUS-55   E=26384 S=0
2026-10-04 06:46:02 [INFO]   1209 TRI-MUS-56   E=53638 S=0
2026-10-04 06:46:02 [INFO]   1210 TRI-MUS-57   E=26740 S=0
2026-10-04 06:46:02 [INFO]   1040 PDA.3.11     E=0 S=0
2026-10-04 06:46:02 [INFO] Compteurs du site (visites libres)
2026-10-04 06:46:02 [INFO]   749 TRI-NORV-27  E=603 S=31130
2026-10-04 06:46:02 [INFO]   750 TRI-NORV-28  E=30400 S=143
2026-10-04 06:46:02 [INFO]   751 TRI-NORV-PMR-29 E=2893 S=131
2026-10-04 06:46:03 [INFO]   transactions 06:31:02 -> 06:46:02 : 0 lues en 1 page(s), 0 musee, 0 site
2026-10-04 06:46:03 [INFO] Dialogue borne : 1.0 s
2026-10-04 06:46:03 [INFO] Visiteurs du 2026-10-04 : 0 (source compteur, compteur 0, transactions 0)
2026-10-04 06:46:03 [INFO] Site visites libres du 2026-10-04 : entrees 0, sorties 0, presents 0 (pic None, source compteur)
2026-10-04 06:51:02 [INFO] Site visites libres : Visites libres a partir de 10h00 (fenetre 09:30-19:30)
2026-10-04 06:51:02 [INFO] Borne 192.168.2.10:5205 - compteurs du musee (Area 511 VISITES MUSEE)
2026-10-04 06:51:02 [INFO]   511 VISITES MUSEE E=106762 S=0
2026-10-04 06:51:02 [INFO]   512 ENTREE MUSEE E=106762 S=0
2026-10-04 06:51:02 [INFO]   1208 TRI-MUS-55   E=26384 S=0
2026-10-04 06:51:02 [INFO]   1209 TRI-MUS-56   E=53638 S=0
2026-10-04 06:51:02 [INFO]   1210 TRI-MUS-57   E=26740 S=0
2026-10-04 06:51:02 [INFO]   1040 PDA.3.11     E=0 S=0
2026-10-04 06:51:02 [INFO] Compteurs du site (visites libres)
2026-10-04 06:51:02 [INFO]   749 TRI-NORV-27  E=603 S=31130
2026-10-04 06:51:02 [INFO]   750 TRI-NORV-28  E=30400 S=143
2026-10-04 06:51:02 [INFO]   751 TRI-NORV-PMR-29 E=2893 S=131
2026-10-04 06:51:03 [INFO]   transactions 06:36:02 -> 06:51:02 : 0 lues en 1 page(s), 0 musee, 0 site
2026-10-04 06:51:03 [INFO] Dialogue borne : 1.0 s
2026-10-04 06:51:03 [INFO] Visiteurs du 2026-10-04 : 0 (source compteur, compteur 0, transactions 0)
2026-10-04 06:51:03 [INFO] Site visites libres du 2026-10-04 : entrees 0, sorties 0, presents 0 (pic None, source compteur)
2026-10-04 06:56:02 [INFO] Site visites libres : Visites libres a partir de 10h00 (fenetre 09:30-19:30)
2026-10-04 06:56:02 [INFO] Borne 192.168.2.10:5205 - compteurs du musee (Area 511 VISITES MUSEE)
2026-10-04 06:56:02 [INFO]   511 VISITES MUSEE E=106762 S=0
2026-10-04 06:56:02 [INFO]   512 ENTREE MUSEE E=106762 S=0
2026-10-04 06:56:02 [INFO]   1208 TRI-MUS-55   E=26384 S=0
2026-10-04 06:56:02 [INFO]   1209 TRI-MUS-56   E=53638 S=0
2026-10-04 06:56:02 [INFO]   1210 TRI-MUS-57   E=26740 S=0
2026-10-04 06:56:02 [INFO]   1040 PDA.3.11     E=0 S=0
2026-10-04 06:56:02 [INFO] Compteurs du site (visites libres)
2026-10-04 06:56:02 [INFO]   749 TRI-NORV-27  E=603 S=31130
2026-10-04 06:56:02 [INFO]   750 TRI-NORV-28  E=30400 S=143
2026-10-04 06:56:02 [INFO]   751 TRI-NORV-PMR-29 E=2893 S=131
2026-10-04 06:56:03 [INFO]   transactions 06:41:02 -> 06:56:02 : 0 lues en 1 page(s), 0 musee, 0 site
2026-10-04 06:56:03 [INFO] Dialogue borne : 1.1 s
2026-10-04 06:56:03 [INFO] Visiteurs du 2026-10-04 : 0 (source compteur, compteur 0, transactions 0)
2026-10-04 06:56:03 [INFO] Site visites libres du 2026-10-04 : entrees 0, sorties 0, presents 0 (pic None, source compteur)
2026-10-04 07:01:02 [INFO] Site visites libres : Visites libres a partir de 10h00 (fenetre 09:30-19:30)
2026-10-04 07:01:02 [INFO] Borne 192.168.2.10:5205 - compteurs du musee (Area 511 VISITES MUSEE)
2026-10-04 07:01:02 [INFO]   511 VISITES MUSEE E=106762 S=0
2026-10-04 07:01:02 [INFO]   512 ENTREE MUSEE E=106762 S=0
2026-10-04 07:01:02 [INFO]   1208 TRI-MUS-55   E=26384 S=0
2026-10-04 07:01:02 [INFO]   1209 TRI-MUS-56   E=53638 S=0
2026-10-04 07:01:02 [INFO]   1210 TRI-MUS-57   E=26740 S=0
2026-10-04 07:01:02 [INFO]   1040 PDA.3.11     E=0 S=0
2026-10-04 07:01:02 [INFO] Compteurs du site (visites libres)
2026-10-04 07:01:02 [INFO]   749 TRI-NORV-27  E=603 S=31130
2026-10-04 07:01:02 [INFO]   750 TRI-NORV-28  E=30400 S=143
2026-10-04 07:01:02 [INFO]   751 TRI-NORV-PMR-29 E=2893 S=131
2026-10-04 07:01:03 [INFO]   transactions 06:46:02 -> 07:01:02 : 0 lues en 1 page(s), 0 musee, 0 site
2026-10-04 07:01:03 [INFO] Dialogue borne : 0.9 s
2026-10-04 07:01:03 [INFO] Visiteurs du 2026-10-04 : 0 (source compteur, compteur 0, transactions 0)
2026-10-04 07:01:03 [INFO] Site visites libres du 2026-10-04 : entrees 0, sorties 0, presents 0 (pic None, source compteur)
2026-10-04 07:06:02 [INFO] Site visites libres : Visites libres a partir de 10h00 (fenetre 09:30-19:30)
2026-10-04 07:06:02 [INFO] Borne 192.168.2.10:5205 - compteurs du musee (Area 511 VISITES MUSEE)
2026-10-04 07:06:02 [INFO]   511 VISITES MUSEE E=106762 S=0
2026-10-04 07:06:02 [INFO]   512 ENTREE MUSEE E=106762 S=0
2026-10-04 07:06:02 [INFO]   1208 TRI-MUS-55   E=26384 S=0
2026-10-04 07:06:02 [INFO]   1209 TRI-MUS-56   E=53638 S=0
2026-10-04 07:06:02 [INFO]   1210 TRI-MUS-57   E=26740 S=0
2026-10-04 07:06:02 [INFO]   1040 PDA.3.11     E=0 S=0
2026-10-04 07:06:02 [INFO] Compteurs du site (visites libres)
2026-10-04 07:06:02 [INFO]   749 TRI-NORV-27  E=603 S=31130
2026-10-04 07:06:02 [INFO]   750 TRI-NORV-28  E=30400 S=143
2026-10-04 07:06:02 [INFO]   751 TRI-NORV-PMR-29 E=2893 S=131
2026-10-04 07:06:03 [INFO]   transactions 06:51:02 -> 07:06:02 : 0 lues en 1 page(s), 0 musee, 0 site
2026-10-04 07:06:03 [INFO] Dialogue borne : 1.0 s
2026-10-04 07:06:03 [INFO] Visiteurs du 2026-10-04 : 0 (source compteur, compteur 0, transactions 0)
2026-10-04 07:06:03 [INFO] Site visites libres du 2026-10-04 : entrees 0, sorties 0, presents 0 (pic None, source compteur)
2026-10-04 07:11:02 [INFO] Site visites libres : Visites libres a partir de 10h00 (fenetre 09:30-19:30)
2026-10-04 07:11:02 [INFO] Borne 192.168.2.10:5205 - compteurs du musee (Area 511 VISITES MUSEE)
2026-10-04 07:11:02 [INFO]   511 VISITES MUSEE E=106762 S=0
2026-10-04 07:11:02 [INFO]   512 ENTREE MUSEE E=106762 S=0
2026-10-04 07:11:02 [INFO]   1208 TRI-MUS-55   E=26384 S=0
2026-10-04 07:11:02 [INFO]   1209 TRI-MUS-56   E=53638 S=0
2026-10-04 07:11:02 [INFO]   1210 TRI-MUS-57   E=26740 S=0
2026-10-04 07:11:02 [INFO]   1040 PDA.3.11     E=0 S=0
2026-10-04 07:11:02 [INFO] Compteurs du site (visites libres)
2026-10-04 07:11:02 [INFO]   749 TRI-NORV-27  E=603 S=31130
2026-10-04 07:11:02 [INFO]   750 TRI-NORV-28  E=30400 S=143
2026-10-04 07:11:02 [INFO]   751 TRI-NORV-PMR-29 E=2893 S=131
2026-10-04 07:11:03 [INFO]   transactions 06:56:02 -> 07:11:02 : 0 lues en 1 page(s), 0 musee, 0 site
2026-10-04 07:11:03 [INFO] Dialogue borne : 0.9 s
2026-10-04 07:11:03 [INFO] Visiteurs du 2026-10-04 : 0 (source compteur, compteur 0, transactions 0)
2026-10-04 07:11:03 [INFO] Site visites libres du 2026-10-04 : entrees 0, sorties 0, presents 0 (pic None, source compteur)
2026-10-04 07:16:02 [INFO] Site visites libres : Visites libres a partir de 10h00 (fenetre 09:30-19:30)
2026-10-04 07:16:02 [INFO] Borne 192.168.2.10:5205 - compteurs du musee (Area 511 VISITES MUSEE)
2026-10-04 07:16:02 [INFO]   511 VISITES MUSEE E=106762 S=0
2026-10-04 07:16:02 [INFO]   512 ENTREE MUSEE E=106762 S=0
2026-10-04 07:16:02 [INFO]   1208 TRI-MUS-55   E=26384 S=0
2026-10-04 07:16:02 [INFO]   1209 TRI-MUS-56   E=53638 S=0
2026-10-04 07:16:02 [INFO]   1210 TRI-MUS-57   E=26740 S=0
2026-10-04 07:16:02 [INFO]   1040 PDA.3.11     E=0 S=0
2026-10-04 07:16:02 [INFO] Compteurs du site (visites libres)
2026-10-04 07:16:02 [INFO]   749 TRI-NORV-27  E=603 S=31130
2026-10-04 07:16:02 [INFO]   750 TRI-NORV-28  E=30400 S=143
2026-10-04 07:16:02 [INFO]   751 TRI-NORV-PMR-29 E=2893 S=131
2026-10-04 07:16:03 [INFO]   transactions 07:01:02 -> 07:16:02 : 0 lues en 1 page(s), 0 musee, 0 site
2026-10-04 07:16:03 [INFO] Dialogue borne : 0.9 s
2026-10-04 07:16:03 [INFO] Visiteurs du 2026-10-04 : 0 (source compteur, compteur 0, transactions 0)
2026-10-04 07:16:03 [INFO] Site visites libres du 2026-10-04 : entrees 0, sorties 0, presents 0 (pic None, source compteur)
2026-10-04 07:21:02 [INFO] Site visites libres : Visites libres a partir de 10h00 (fenetre 09:30-19:30)
2026-10-04 07:21:02 [INFO] Borne 192.168.2.10:5205 - compteurs du musee (Area 511 VISITES MUSEE)
2026-10-04 07:21:02 [INFO]   511 VISITES MUSEE E=106762 S=0
2026-10-04 07:21:02 [INFO]   512 ENTREE MUSEE E=106762 S=0
2026-10-04 07:21:02 [INFO]   1208 TRI-MUS-55   E=26384 S=0
2026-10-04 07:21:02 [INFO]   1209 TRI-MUS-56   E=53638 S=0
2026-10-04 07:21:02 [INFO]   1210 TRI-MUS-57   E=26740 S=0
2026-10-04 07:21:02 [INFO]   1040 PDA.3.11     E=0 S=0
2026-10-04 07:21:02 [INFO] Compteurs du site (visites libres)
2026-10-04 07:21:02 [INFO]   749 TRI-NORV-27  E=603 S=31130
2026-10-04 07:21:02 [INFO]   750 TRI-NORV-28  E=30400 S=143
2026-10-04 07:21:02 [INFO]   751 TRI-NORV-PMR-29 E=2893 S=131
2026-10-04 07:21:03 [INFO]   transactions 07:06:02 -> 07:21:02 : 0 lues en 1 page(s), 0 musee, 0 site
2026-10-04 07:21:03 [INFO] Dialogue borne : 1.0 s
2026-10-04 07:21:03 [INFO] Visiteurs du 2026-10-04 : 0 (source compteur, compteur 0, transactions 0)
2026-10-04 07:21:03 [INFO] Site visites libres du 2026-10-04 : entrees 0, sorties 0, presents 0 (pic None, source compteur)
2026-10-04 07:26:02 [INFO] Site visites libres : Visites libres a partir de 10h00 (fenetre 09:30-19:30)
2026-10-04 07:26:02 [INFO] Borne 192.168.2.10:5205 - compteurs du musee (Area 511 VISITES MUSEE)
2026-10-04 07:26:02 [INFO]   511 VISITES MUSEE E=106762 S=0
2026-10-04 07:26:02 [INFO]   512 ENTREE MUSEE E=106762 S=0
2026-10-04 07:26:02 [INFO]   1208 TRI-MUS-55   E=26384 S=0
2026-10-04 07:26:02 [INFO]   1209 TRI-MUS-56   E=53638 S=0
2026-10-04 07:26:02 [INFO]   1210 TRI-MUS-57   E=26740 S=0
2026-10-04 07:26:02 [INFO]   1040 PDA.3.11     E=0 S=0
2026-10-04 07:26:02 [INFO] Compteurs du site (visites libres)
2026-10-04 07:26:02 [INFO]   749 TRI-NORV-27  E=603 S=31130
2026-10-04 07:26:02 [INFO]   750 TRI-NORV-28  E=30400 S=143
2026-10-04 07:26:02 [INFO]   751 TRI-NORV-PMR-29 E=2893 S=131
2026-10-04 07:26:03 [INFO]   transactions 07:11:02 -> 07:26:02 : 0 lues en 1 page(s), 0 musee, 0 site
2026-10-04 07:26:03 [INFO] Dialogue borne : 1.1 s
2026-10-04 07:26:03 [INFO] Visiteurs du 2026-10-04 : 0 (source compteur, compteur 0, transactions 0)
2026-10-04 07:26:03 [INFO] Site visites libres du 2026-10-04 : entrees 0, sorties 0, presents 0 (pic None, source compteur)
2026-10-04 07:31:02 [INFO] Site visites libres : Visites libres a partir de 10h00 (fenetre 09:30-19:30)
2026-10-04 07:31:02 [INFO] Borne 192.168.2.10:5205 - compteurs du musee (Area 511 VISITES MUSEE)
2026-10-04 07:31:02 [INFO]   511 VISITES MUSEE E=106762 S=0
2026-10-04 07:31:02 [INFO]   512 ENTREE MUSEE E=106762 S=0
2026-10-04 07:31:02 [INFO]   1208 TRI-MUS-55   E=26384 S=0
2026-10-04 07:31:02 [INFO]   1209 TRI-MUS-56   E=53638 S=0
2026-10-04 07:31:02 [INFO]   1210 TRI-MUS-57   E=26740 S=0
2026-10-04 07:31:02 [INFO]   1040 PDA.3.11     E=0 S=0
2026-10-04 07:31:02 [INFO] Compteurs du site (visites libres)
2026-10-04 07:31:02 [INFO]   749 TRI-NORV-27  E=603 S=31130
2026-10-04 07:31:02 [INFO]   750 TRI-NORV-28  E=30400 S=143
2026-10-04 07:31:02 [INFO]   751 TRI-NORV-PMR-29 E=2893 S=131
2026-10-04 07:31:03 [INFO]   transactions 07:16:02 -> 07:31:02 : 0 lues en 1 page(s), 0 musee, 0 site
2026-10-04 07:31:03 [INFO] Dialogue borne : 0.9 s
2026-10-04 07:31:03 [INFO] Visiteurs du 2026-10-04 : 0 (source compteur, compteur 0, transactions 0)
2026-10-04 07:31:03 [INFO] Site visites libres du 2026-10-04 : entrees 0, sorties 0, presents 0 (pic None, source compteur)
2026-10-04 07:36:02 [INFO] Site visites libres : Visites libres a partir de 10h00 (fenetre 09:30-19:30)
2026-10-04 07:36:02 [INFO] Borne 192.168.2.10:5205 - compteurs du musee (Area 511 VISITES MUSEE)
2026-10-04 07:36:02 [INFO]   511 VISITES MUSEE E=106762 S=0
2026-10-04 07:36:02 [INFO]   512 ENTREE MUSEE E=106762 S=0
2026-10-04 07:36:02 [INFO]   1208 TRI-MUS-55   E=26384 S=0
2026-10-04 07:36:02 [INFO]   1209 TRI-MUS-56   E=53638 S=0
2026-10-04 07:36:02 [INFO]   1210 TRI-MUS-57   E=26740 S=0
2026-10-04 07:36:02 [INFO]   1040 PDA.3.11     E=0 S=0
2026-10-04 07:36:02 [INFO] Compteurs du site (visites libres)
2026-10-04 07:36:02 [INFO]   749 TRI-NORV-27  E=603 S=31130
2026-10-04 07:36:02 [INFO]   750 TRI-NORV-28  E=30400 S=143
2026-10-04 07:36:02 [INFO]   751 TRI-NORV-PMR-29 E=2893 S=131
2026-10-04 07:36:03 [INFO]   transactions 07:21:02 -> 07:36:02 : 0 lues en 1 page(s), 0 musee, 0 site
2026-10-04 07:36:03 [INFO] Dialogue borne : 1.0 s
2026-10-04 07:36:03 [INFO] Visiteurs du 2026-10-04 : 0 (source compteur, compteur 0, transactions 0)
2026-10-04 07:36:03 [INFO] Site visites libres du 2026-10-04 : entrees 0, sorties 0, presents 0 (pic None, source compteur)
2026-10-04 07:41:02 [INFO] Site visites libres : Visites libres a partir de 10h00 (fenetre 09:30-19:30)
2026-10-04 07:41:02 [INFO] Borne 192.168.2.10:5205 - compteurs du musee (Area 511 VISITES MUSEE)
2026-10-04 07:41:02 [INFO]   511 VISITES MUSEE E=106762 S=0
2026-10-04 07:41:02 [INFO]   512 ENTREE MUSEE E=106762 S=0
2026-10-04 07:41:02 [INFO]   1208 TRI-MUS-55   E=26384 S=0
2026-10-04 07:41:02 [INFO]   1209 TRI-MUS-56   E=53638 S=0
2026-10-04 07:41:02 [INFO]   1210 TRI-MUS-57   E=26740 S=0
2026-10-04 07:41:02 [INFO]   1040 PDA.3.11     E=0 S=0
2026-10-04 07:41:02 [INFO] Compteurs du site (visites libres)
2026-10-04 07:41:02 [INFO]   749 TRI-NORV-27  E=603 S=31130
2026-10-04 07:41:02 [INFO]   750 TRI-NORV-28  E=30400 S=143
2026-10-04 07:41:02 [INFO]   751 TRI-NORV-PMR-29 E=2893 S=131
2026-10-04 07:41:03 [INFO]   transactions 07:26:02 -> 07:41:02 : 0 lues en 1 page(s), 0 musee, 0 site
2026-10-04 07:41:03 [INFO] Dialogue borne : 1.0 s
2026-10-04 07:41:03 [INFO] Visiteurs du 2026-10-04 : 0 (source compteur, compteur 0, transactions 0)
2026-10-04 07:41:03 [INFO] Site visites libres du 2026-10-04 : entrees 0, sorties 0, presents 0 (pic None, source compteur)
2026-10-04 07:46:02 [INFO] Site visites libres : Visites libres a partir de 10h00 (fenetre 09:30-19:30)
2026-10-04 07:46:02 [INFO] Borne 192.168.2.10:5205 - compteurs du musee (Area 511 VISITES MUSEE)
2026-10-04 07:46:02 [INFO]   511 VISITES MUSEE E=106762 S=0
2026-10-04 07:46:02 [INFO]   512 ENTREE MUSEE E=106762 S=0
2026-10-04 07:46:02 [INFO]   1208 TRI-MUS-55   E=26384 S=0
2026-10-04 07:46:02 [INFO]   1209 TRI-MUS-56   E=53638 S=0
2026-10-04 07:46:02 [INFO]   1210 TRI-MUS-57   E=26740 S=0
2026-10-04 07:46:02 [INFO]   1040 PDA.3.11     E=0 S=0
2026-10-04 07:46:02 [INFO] Compteurs du site (visites libres)
2026-10-04 07:46:02 [INFO]   749 TRI-NORV-27  E=603 S=31130
2026-10-04 07:46:02 [INFO]   750 TRI-NORV-28  E=30400 S=143
2026-10-04 07:46:02 [INFO]   751 TRI-NORV-PMR-29 E=2893 S=131
2026-10-04 07:46:03 [INFO]   transactions 07:31:02 -> 07:46:02 : 0 lues en 1 page(s), 0 musee, 0 site
2026-10-04 07:46:03 [INFO] Dialogue borne : 1.1 s
2026-10-04 07:46:03 [INFO] Visiteurs du 2026-10-04 : 0 (source compteur, compteur 0, transactions 0)
2026-10-04 07:46:03 [INFO] Site visites libres du 2026-10-04 : entrees 0, sorties 0, presents 0 (pic None, source compteur)
2026-10-04 07:51:02 [INFO] Site visites libres : Visites libres a partir de 10h00 (fenetre 09:30-19:30)
2026-10-04 07:51:02 [INFO] Borne 192.168.2.10:5205 - compteurs du musee (Area 511 VISITES MUSEE)
2026-10-04 07:51:02 [INFO]   511 VISITES MUSEE E=106762 S=0
2026-10-04 07:51:02 [INFO]   512 ENTREE MUSEE E=106762 S=0
2026-10-04 07:51:02 [INFO]   1208 TRI-MUS-55   E=26384 S=0
2026-10-04 07:51:02 [INFO]   1209 TRI-MUS-56   E=53638 S=0
2026-10-04 07:51:02 [INFO]   1210 TRI-MUS-57   E=26740 S=0
2026-10-04 07:51:02 [INFO]   1040 PDA.3.11     E=0 S=0
2026-10-04 07:51:02 [INFO] Compteurs du site (visites libres)
2026-10-04 07:51:02 [INFO]   749 TRI-NORV-27  E=603 S=31130
2026-10-04 07:51:02 [INFO]   750 TRI-NORV-28  E=30400 S=143
2026-10-04 07:51:02 [INFO]   751 TRI-NORV-PMR-29 E=2893 S=131
2026-10-04 07:51:02 [INFO]   transactions 07:36:02 -> 07:51:02 : 0 lues en 1 page(s), 0 musee, 0 site
2026-10-04 07:51:02 [INFO] Dialogue borne : 0.9 s
2026-10-04 07:51:03 [INFO] Visiteurs du 2026-10-04 : 0 (source compteur, compteur 0, transactions 0)
2026-10-04 07:51:03 [INFO] Site visites libres du 2026-10-04 : entrees 0, sorties 0, presents 0 (pic None, source compteur)
2026-10-04 07:56:02 [INFO] Site visites libres : Visites libres a partir de 10h00 (fenetre 09:30-19:30)
2026-10-04 07:56:02 [INFO] Borne 192.168.2.10:5205 - compteurs du musee (Area 511 VISITES MUSEE)
2026-10-04 07:56:02 [INFO]   511 VISITES MUSEE E=106762 S=0
2026-10-04 07:56:02 [INFO]   512 ENTREE MUSEE E=106762 S=0
2026-10-04 07:56:02 [INFO]   1208 TRI-MUS-55   E=26384 S=0
2026-10-04 07:56:02 [INFO]   1209 TRI-MUS-56   E=53638 S=0
2026-10-04 07:56:02 [INFO]   1210 TRI-MUS-57   E=26740 S=0
2026-10-04 07:56:02 [INFO]   1040 PDA.3.11     E=0 S=0
2026-10-04 07:56:02 [INFO] Compteurs du site (visites libres)
2026-10-04 07:56:02 [INFO]   749 TRI-NORV-27  E=603 S=31130
2026-10-04 07:56:02 [INFO]   750 TRI-NORV-28  E=30400 S=143
2026-10-04 07:56:02 [INFO]   751 TRI-NORV-PMR-29 E=2893 S=131
2026-10-04 07:56:03 [INFO]   transactions 07:41:02 -> 07:56:02 : 0 lues en 1 page(s), 0 musee, 0 site
2026-10-04 07:56:03 [INFO] Dialogue borne : 0.9 s
2026-10-04 07:56:03 [INFO] Visiteurs du 2026-10-04 : 0 (source compteur, compteur 0, transactions 0)
2026-10-04 07:56:03 [INFO] Site visites libres du 2026-10-04 : entrees 0, sorties 0, presents 0 (pic None, source compteur)
2026-10-04 08:01:03 [INFO] Site visites libres : Visites libres a partir de 10h00 (fenetre 09:30-19:30)
2026-10-04 08:01:03 [INFO] Borne 192.168.2.10:5205 - compteurs du musee (Area 511 VISITES MUSEE)
2026-10-04 08:01:04 [INFO]   511 VISITES MUSEE E=106762 S=0
2026-10-04 08:01:04 [INFO]   512 ENTREE MUSEE E=106762 S=0
2026-10-04 08:01:04 [INFO]   1208 TRI-MUS-55   E=26384 S=0
2026-10-04 08:01:04 [INFO]   1209 TRI-MUS-56   E=53638 S=0
2026-10-04 08:01:04 [INFO]   1210 TRI-MUS-57   E=26740 S=0
2026-10-04 08:01:04 [INFO]   1040 PDA.3.11     E=0 S=0
2026-10-04 08:01:04 [INFO] Compteurs du site (visites libres)
2026-10-04 08:01:04 [INFO]   749 TRI-NORV-27  E=603 S=31130
2026-10-04 08:01:04 [INFO]   750 TRI-NORV-28  E=30400 S=143
2026-10-04 08:01:04 [INFO]   751 TRI-NORV-PMR-29 E=2893 S=131
2026-10-04 08:01:04 [INFO]   transactions 07:46:02 -> 08:01:03 : 0 lues en 1 page(s), 0 musee, 0 site
2026-10-04 08:01:04 [INFO] Dialogue borne : 1.1 s
2026-10-04 08:01:04 [INFO] Visiteurs du 2026-10-04 : 0 (source compteur, compteur 0, transactions 0)
2026-10-04 08:01:04 [INFO] Site visites libres du 2026-10-04 : entrees 0, sorties 0, presents 0 (pic None, source compteur)
2026-10-04 08:06:02 [INFO] Site visites libres : Visites libres a partir de 10h00 (fenetre 09:30-19:30)
2026-10-04 08:06:02 [INFO] Borne 192.168.2.10:5205 - compteurs du musee (Area 511 VISITES MUSEE)
2026-10-04 08:06:02 [INFO]   511 VISITES MUSEE E=106762 S=0
2026-10-04 08:06:02 [INFO]   512 ENTREE MUSEE E=106762 S=0
2026-10-04 08:06:02 [INFO]   1208 TRI-MUS-55   E=26384 S=0
2026-10-04 08:06:02 [INFO]   1209 TRI-MUS-56   E=53638 S=0
2026-10-04 08:06:02 [INFO]   1210 TRI-MUS-57   E=26740 S=0
2026-10-04 08:06:02 [INFO]   1040 PDA.3.11     E=0 S=0
2026-10-04 08:06:02 [INFO] Compteurs du site (visites libres)
2026-10-04 08:06:02 [INFO]   749 TRI-NORV-27  E=603 S=31130
2026-10-04 08:06:02 [INFO]   750 TRI-NORV-28  E=30400 S=143
2026-10-04 08:06:02 [INFO]   751 TRI-NORV-PMR-29 E=2893 S=131
2026-10-04 08:06:03 [INFO]   transactions 07:51:03 -> 08:06:02 : 0 lues en 1 page(s), 0 musee, 0 site
2026-10-04 08:06:03 [INFO] Dialogue borne : 1.1 s
2026-10-04 08:06:03 [INFO] Visiteurs du 2026-10-04 : 0 (source compteur, compteur 0, transactions 0)
2026-10-04 08:06:03 [INFO] Site visites libres du 2026-10-04 : entrees 0, sorties 0, presents 0 (pic None, source compteur)
2026-10-04 08:11:02 [INFO] Site visites libres : Visites libres a partir de 10h00 (fenetre 09:30-19:30)
2026-10-04 08:11:02 [INFO] Borne 192.168.2.10:5205 - compteurs du musee (Area 511 VISITES MUSEE)
2026-10-04 08:11:02 [INFO]   511 VISITES MUSEE E=106762 S=0
2026-10-04 08:11:02 [INFO]   512 ENTREE MUSEE E=106762 S=0
2026-10-04 08:11:02 [INFO]   1208 TRI-MUS-55   E=26384 S=0
2026-10-04 08:11:02 [INFO]   1209 TRI-MUS-56   E=53638 S=0
2026-10-04 08:11:02 [INFO]   1210 TRI-MUS-57   E=26740 S=0
2026-10-04 08:11:02 [INFO]   1040 PDA.3.11     E=0 S=0
2026-10-04 08:11:02 [INFO] Compteurs du site (visites libres)
2026-10-04 08:11:02 [INFO]   749 TRI-NORV-27  E=603 S=31130
2026-10-04 08:11:02 [INFO]   750 TRI-NORV-28  E=30400 S=143
2026-10-04 08:11:02 [INFO]   751 TRI-NORV-PMR-29 E=2893 S=131
2026-10-04 08:11:03 [INFO]   transactions 07:56:02 -> 08:11:02 : 0 lues en 1 page(s), 0 musee, 0 site
2026-10-04 08:11:03 [INFO] Dialogue borne : 1.0 s
2026-10-04 08:11:03 [INFO] Visiteurs du 2026-10-04 : 0 (source compteur, compteur 0, transactions 0)
2026-10-04 08:11:03 [INFO] Site visites libres du 2026-10-04 : entrees 0, sorties 0, presents 0 (pic None, source compteur)
2026-10-04 08:16:02 [INFO] Site visites libres : Visites libres a partir de 10h00 (fenetre 09:30-19:30)
2026-10-04 08:16:02 [INFO] Borne 192.168.2.10:5205 - compteurs du musee (Area 511 VISITES MUSEE)
2026-10-04 08:16:02 [INFO]   511 VISITES MUSEE E=106762 S=0
2026-10-04 08:16:02 [INFO]   512 ENTREE MUSEE E=106762 S=0
2026-10-04 08:16:02 [INFO]   1208 TRI-MUS-55   E=26384 S=0
2026-10-04 08:16:02 [INFO]   1209 TRI-MUS-56   E=53638 S=0
2026-10-04 08:16:02 [INFO]   1210 TRI-MUS-57   E=26740 S=0
2026-10-04 08:16:02 [INFO]   1040 PDA.3.11     E=0 S=0
2026-10-04 08:16:02 [INFO] Compteurs du site (visites libres)
2026-10-04 08:16:02 [INFO]   749 TRI-NORV-27  E=603 S=31130
2026-10-04 08:16:02 [INFO]   750 TRI-NORV-28  E=30400 S=143
2026-10-04 08:16:02 [INFO]   751 TRI-NORV-PMR-29 E=2893 S=131
2026-10-04 08:16:03 [INFO]   transactions 08:01:02 -> 08:16:02 : 0 lues en 1 page(s), 0 musee, 0 site
2026-10-04 08:16:03 [INFO] Dialogue borne : 1.1 s
2026-10-04 08:16:03 [INFO] Visiteurs du 2026-10-04 : 0 (source compteur, compteur 0, transactions 0)
2026-10-04 08:16:03 [INFO] Site visites libres du 2026-10-04 : entrees 0, sorties 0, presents 0 (pic None, source compteur)
2026-10-04 08:21:02 [INFO] Site visites libres : Visites libres a partir de 10h00 (fenetre 09:30-19:30)
2026-10-04 08:21:02 [INFO] Borne 192.168.2.10:5205 - compteurs du musee (Area 511 VISITES MUSEE)
2026-10-04 08:21:02 [INFO]   511 VISITES MUSEE E=106762 S=0
2026-10-04 08:21:02 [INFO]   512 ENTREE MUSEE E=106762 S=0
2026-10-04 08:21:02 [INFO]   1208 TRI-MUS-55   E=26384 S=0
2026-10-04 08:21:02 [INFO]   1209 TRI-MUS-56   E=53638 S=0
2026-10-04 08:21:02 [INFO]   1210 TRI-MUS-57   E=26740 S=0
2026-10-04 08:21:02 [INFO]   1040 PDA.3.11     E=0 S=0
2026-10-04 08:21:02 [INFO] Compteurs du site (visites libres)
2026-10-04 08:21:02 [INFO]   749 TRI-NORV-27  E=603 S=31130
2026-10-04 08:21:02 [INFO]   750 TRI-NORV-28  E=30400 S=143
2026-10-04 08:21:02 [INFO]   751 TRI-NORV-PMR-29 E=2893 S=131
2026-10-04 08:21:02 [INFO]   transactions 08:06:02 -> 08:21:02 : 0 lues en 1 page(s), 0 musee, 0 site
2026-10-04 08:21:02 [INFO] Dialogue borne : 0.9 s
2026-10-04 08:21:03 [INFO] Visiteurs du 2026-10-04 : 0 (source compteur, compteur 0, transactions 0)
2026-10-04 08:21:03 [INFO] Site visites libres du 2026-10-04 : entrees 0, sorties 0, presents 0 (pic None, source compteur)
2026-10-04 08:26:02 [INFO] Site visites libres : Visites libres a partir de 10h00 (fenetre 09:30-19:30)
2026-10-04 08:26:02 [INFO] Borne 192.168.2.10:5205 - compteurs du musee (Area 511 VISITES MUSEE)
2026-10-04 08:26:02 [INFO]   511 VISITES MUSEE E=106762 S=0
2026-10-04 08:26:02 [INFO]   512 ENTREE MUSEE E=106762 S=0
2026-10-04 08:26:02 [INFO]   1208 TRI-MUS-55   E=26384 S=0
2026-10-04 08:26:02 [INFO]   1209 TRI-MUS-56   E=53638 S=0
2026-10-04 08:26:02 [INFO]   1210 TRI-MUS-57   E=26740 S=0
2026-10-04 08:26:02 [INFO]   1040 PDA.3.11     E=0 S=0
2026-10-04 08:26:02 [INFO] Compteurs du site (visites libres)
2026-10-04 08:26:02 [INFO]   749 TRI-NORV-27  E=603 S=31130
2026-10-04 08:26:02 [INFO]   750 TRI-NORV-28  E=30400 S=143
2026-10-04 08:26:02 [INFO]   751 TRI-NORV-PMR-29 E=2893 S=131
2026-10-04 08:26:03 [INFO]   transactions 08:11:02 -> 08:26:02 : 0 lues en 1 page(s), 0 musee, 0 site
2026-10-04 08:26:03 [INFO] Dialogue borne : 0.9 s
2026-10-04 08:26:03 [INFO] Visiteurs du 2026-10-04 : 0 (source compteur, compteur 0, transactions 0)
2026-10-04 08:26:03 [INFO] Site visites libres du 2026-10-04 : entrees 0, sorties 0, presents 0 (pic None, source compteur)
2026-10-04 08:31:02 [INFO] Site visites libres : Visites libres a partir de 10h00 (fenetre 09:30-19:30)
2026-10-04 08:31:02 [INFO] Borne 192.168.2.10:5205 - compteurs du musee (Area 511 VISITES MUSEE)
2026-10-04 08:31:02 [INFO]   511 VISITES MUSEE E=106762 S=0
2026-10-04 08:31:02 [INFO]   512 ENTREE MUSEE E=106762 S=0
2026-10-04 08:31:02 [INFO]   1208 TRI-MUS-55   E=26384 S=0
2026-10-04 08:31:02 [INFO]   1209 TRI-MUS-56   E=53638 S=0
2026-10-04 08:31:02 [INFO]   1210 TRI-MUS-57   E=26740 S=0
2026-10-04 08:31:02 [INFO]   1040 PDA.3.11     E=0 S=0
2026-10-04 08:31:02 [INFO] Compteurs du site (visites libres)
2026-10-04 08:31:02 [INFO]   749 TRI-NORV-27  E=603 S=31130
2026-10-04 08:31:02 [INFO]   750 TRI-NORV-28  E=30400 S=143
2026-10-04 08:31:02 [INFO]   751 TRI-NORV-PMR-29 E=2893 S=131
2026-10-04 08:31:03 [INFO]   transactions 08:16:02 -> 08:31:02 : 0 lues en 1 page(s), 0 musee, 0 site
2026-10-04 08:31:03 [INFO] Dialogue borne : 1.1 s
2026-10-04 08:31:03 [INFO] Visiteurs du 2026-10-04 : 0 (source compteur, compteur 0, transactions 0)
2026-10-04 08:31:03 [INFO] Site visites libres du 2026-10-04 : entrees 0, sorties 0, presents 0 (pic None, source compteur)
2026-10-04 08:36:02 [INFO] Site visites libres : Visites libres a partir de 10h00 (fenetre 09:30-19:30)
2026-10-04 08:36:02 [INFO] Borne 192.168.2.10:5205 - compteurs du musee (Area 511 VISITES MUSEE)
2026-10-04 08:36:02 [INFO]   511 VISITES MUSEE E=106762 S=0
2026-10-04 08:36:02 [INFO]   512 ENTREE MUSEE E=106762 S=0
2026-10-04 08:36:02 [INFO]   1208 TRI-MUS-55   E=26384 S=0
2026-10-04 08:36:02 [INFO]   1209 TRI-MUS-56   E=53638 S=0
2026-10-04 08:36:02 [INFO]   1210 TRI-MUS-57   E=26740 S=0
2026-10-04 08:36:02 [INFO]   1040 PDA.3.11     E=0 S=0
2026-10-04 08:36:02 [INFO] Compteurs du site (visites libres)
2026-10-04 08:36:02 [INFO]   749 TRI-NORV-27  E=603 S=31130
2026-10-04 08:36:02 [INFO]   750 TRI-NORV-28  E=30400 S=143
2026-10-04 08:36:02 [INFO]   751 TRI-NORV-PMR-29 E=2893 S=131
2026-10-04 08:36:03 [INFO]   transactions 08:21:02 -> 08:36:02 : 0 lues en 1 page(s), 0 musee, 0 site
2026-10-04 08:36:03 [INFO] Dialogue borne : 0.9 s
2026-10-04 08:36:03 [INFO] Visiteurs du 2026-10-04 : 0 (source compteur, compteur 0, transactions 0)
2026-10-04 08:36:03 [INFO] Site visites libres du 2026-10-04 : entrees 0, sorties 0, presents 0 (pic None, source compteur)
2026-10-04 08:41:02 [INFO] Site visites libres : Visites libres a partir de 10h00 (fenetre 09:30-19:30)
2026-10-04 08:41:02 [INFO] Borne 192.168.2.10:5205 - compteurs du musee (Area 511 VISITES MUSEE)
2026-10-04 08:41:02 [INFO]   511 VISITES MUSEE E=106762 S=0
2026-10-04 08:41:02 [INFO]   512 ENTREE MUSEE E=106762 S=0
2026-10-04 08:41:02 [INFO]   1208 TRI-MUS-55   E=26384 S=0
2026-10-04 08:41:02 [INFO]   1209 TRI-MUS-56   E=53638 S=0
2026-10-04 08:41:02 [INFO]   1210 TRI-MUS-57   E=26740 S=0
2026-10-04 08:41:02 [INFO]   1040 PDA.3.11     E=0 S=0
2026-10-04 08:41:02 [INFO] Compteurs du site (visites libres)
2026-10-04 08:41:02 [INFO]   749 TRI-NORV-27  E=603 S=31130
2026-10-04 08:41:02 [INFO]   750 TRI-NORV-28  E=30400 S=143
2026-10-04 08:41:02 [INFO]   751 TRI-NORV-PMR-29 E=2893 S=131
2026-10-04 08:41:03 [INFO]   transactions 08:26:02 -> 08:41:02 : 0 lues en 1 page(s), 0 musee, 0 site
2026-10-04 08:41:03 [INFO] Dialogue borne : 0.9 s
2026-10-04 08:41:03 [INFO] Visiteurs du 2026-10-04 : 0 (source compteur, compteur 0, transactions 0)
2026-10-04 08:41:03 [INFO] Site visites libres du 2026-10-04 : entrees 0, sorties 0, presents 0 (pic None, source compteur)
2026-10-04 08:46:02 [INFO] Site visites libres : Visites libres a partir de 10h00 (fenetre 09:30-19:30)
2026-10-04 08:46:02 [INFO] Borne 192.168.2.10:5205 - compteurs du musee (Area 511 VISITES MUSEE)
2026-10-04 08:46:02 [INFO]   511 VISITES MUSEE E=106762 S=0
2026-10-04 08:46:02 [INFO]   512 ENTREE MUSEE E=106762 S=0
2026-10-04 08:46:02 [INFO]   1208 TRI-MUS-55   E=26384 S=0
2026-10-04 08:46:02 [INFO]   1209 TRI-MUS-56   E=53638 S=0
2026-10-04 08:46:02 [INFO]   1210 TRI-MUS-57   E=26740 S=0
2026-10-04 08:46:02 [INFO]   1040 PDA.3.11     E=0 S=0
2026-10-04 08:46:02 [INFO] Compteurs du site (visites libres)
2026-10-04 08:46:02 [INFO]   749 TRI-NORV-27  E=603 S=31130
2026-10-04 08:46:02 [INFO]   750 TRI-NORV-28  E=30400 S=143
2026-10-04 08:46:02 [INFO]   751 TRI-NORV-PMR-29 E=2893 S=131
2026-10-04 08:46:03 [INFO]   transactions 08:31:02 -> 08:46:02 : 0 lues en 1 page(s), 0 musee, 0 site
2026-10-04 08:46:03 [INFO] Dialogue borne : 1.0 s
2026-10-04 08:46:03 [INFO] Visiteurs du 2026-10-04 : 0 (source compteur, compteur 0, transactions 0)
2026-10-04 08:46:03 [INFO] Site visites libres du 2026-10-04 : entrees 0, sorties 0, presents 0 (pic None, source compteur)
2026-10-04 08:51:02 [INFO] Site visites libres : Visites libres a partir de 10h00 (fenetre 09:30-19:30)
2026-10-04 08:51:02 [INFO] Borne 192.168.2.10:5205 - compteurs du musee (Area 511 VISITES MUSEE)
2026-10-04 08:51:02 [INFO]   511 VISITES MUSEE E=106762 S=0
2026-10-04 08:51:02 [INFO]   512 ENTREE MUSEE E=106762 S=0
2026-10-04 08:51:02 [INFO]   1208 TRI-MUS-55   E=26384 S=0
2026-10-04 08:51:02 [INFO]   1209 TRI-MUS-56   E=53638 S=0
2026-10-04 08:51:02 [INFO]   1210 TRI-MUS-57   E=26740 S=0
2026-10-04 08:51:02 [INFO]   1040 PDA.3.11     E=0 S=0
2026-10-04 08:51:02 [INFO] Compteurs du site (visites libres)
2026-10-04 08:51:02 [INFO]   749 TRI-NORV-27  E=603 S=31130
2026-10-04 08:51:02 [INFO]   750 TRI-NORV-28  E=30400 S=143
2026-10-04 08:51:02 [INFO]   751 TRI-NORV-PMR-29 E=2893 S=131
2026-10-04 08:51:03 [INFO]   transactions 08:36:02 -> 08:51:02 : 0 lues en 1 page(s), 0 musee, 0 site
2026-10-04 08:51:03 [INFO] Dialogue borne : 0.9 s
2026-10-04 08:51:03 [INFO] Visiteurs du 2026-10-04 : 0 (source compteur, compteur 0, transactions 0)
2026-10-04 08:51:03 [INFO] Site visites libres du 2026-10-04 : entrees 0, sorties 0, presents 0 (pic None, source compteur)
2026-10-04 08:56:02 [INFO] Site visites libres : Visites libres a partir de 10h00 (fenetre 09:30-19:30)
2026-10-04 08:56:02 [INFO] Borne 192.168.2.10:5205 - compteurs du musee (Area 511 VISITES MUSEE)
2026-10-04 08:56:02 [INFO]   511 VISITES MUSEE E=106762 S=0
2026-10-04 08:56:02 [INFO]   512 ENTREE MUSEE E=106762 S=0
2026-10-04 08:56:02 [INFO]   1208 TRI-MUS-55   E=26384 S=0
2026-10-04 08:56:02 [INFO]   1209 TRI-MUS-56   E=53638 S=0
2026-10-04 08:56:02 [INFO]   1210 TRI-MUS-57   E=26740 S=0
2026-10-04 08:56:02 [INFO]   1040 PDA.3.11     E=0 S=0
2026-10-04 08:56:02 [INFO] Compteurs du site (visites libres)
2026-10-04 08:56:02 [INFO]   749 TRI-NORV-27  E=603 S=31130
2026-10-04 08:56:02 [INFO]   750 TRI-NORV-28  E=30400 S=143
2026-10-04 08:56:02 [INFO]   751 TRI-NORV-PMR-29 E=2893 S=131
2026-10-04 08:56:03 [INFO]   transactions 08:41:02 -> 08:56:02 : 0 lues en 1 page(s), 0 musee, 0 site
2026-10-04 08:56:03 [INFO] Dialogue borne : 0.9 s
2026-10-04 08:56:03 [INFO] Visiteurs du 2026-10-04 : 0 (source compteur, compteur 0, transactions 0)
2026-10-04 08:56:03 [INFO] Site visites libres du 2026-10-04 : entrees 0, sorties 0, presents 0 (pic None, source compteur)
2026-10-04 09:01:02 [INFO] Site visites libres : Visites libres a partir de 10h00 (fenetre 09:30-19:30)
2026-10-04 09:01:02 [INFO] Borne 192.168.2.10:5205 - compteurs du musee (Area 511 VISITES MUSEE)
2026-10-04 09:01:02 [INFO]   511 VISITES MUSEE E=106762 S=0
2026-10-04 09:01:02 [INFO]   512 ENTREE MUSEE E=106762 S=0
2026-10-04 09:01:02 [INFO]   1208 TRI-MUS-55   E=26384 S=0
2026-10-04 09:01:02 [INFO]   1209 TRI-MUS-56   E=53638 S=0
2026-10-04 09:01:02 [INFO]   1210 TRI-MUS-57   E=26740 S=0
2026-10-04 09:01:02 [INFO]   1040 PDA.3.11     E=0 S=0
2026-10-04 09:01:02 [INFO] Compteurs du site (visites libres)
2026-10-04 09:01:02 [INFO]   749 TRI-NORV-27  E=603 S=31130
2026-10-04 09:01:02 [INFO]   750 TRI-NORV-28  E=30400 S=143
2026-10-04 09:01:02 [INFO]   751 TRI-NORV-PMR-29 E=2893 S=131
2026-10-04 09:01:03 [INFO]   transactions 08:46:02 -> 09:01:02 : 0 lues en 1 page(s), 0 musee, 0 site
2026-10-04 09:01:03 [INFO] Dialogue borne : 1.0 s
2026-10-04 09:01:03 [INFO] Visiteurs du 2026-10-04 : 0 (source compteur, compteur 0, transactions 0)
2026-10-04 09:01:03 [INFO] Site visites libres du 2026-10-04 : entrees 0, sorties 0, presents 0 (pic None, source compteur)
2026-10-04 09:06:02 [INFO] Site visites libres : Visites libres a partir de 10h00 (fenetre 09:30-19:30)
2026-10-04 09:06:02 [INFO] Borne 192.168.2.10:5205 - compteurs du musee (Area 511 VISITES MUSEE)
2026-10-04 09:06:02 [INFO]   511 VISITES MUSEE E=106762 S=0
2026-10-04 09:06:02 [INFO]   512 ENTREE MUSEE E=106762 S=0
2026-10-04 09:06:02 [INFO]   1208 TRI-MUS-55   E=26384 S=0
2026-10-04 09:06:02 [INFO]   1209 TRI-MUS-56   E=53638 S=0
2026-10-04 09:06:02 [INFO]   1210 TRI-MUS-57   E=26740 S=0
2026-10-04 09:06:02 [INFO]   1040 PDA.3.11     E=0 S=0
2026-10-04 09:06:02 [INFO] Compteurs du site (visites libres)
2026-10-04 09:06:02 [INFO]   749 TRI-NORV-27  E=603 S=31130
2026-10-04 09:06:02 [INFO]   750 TRI-NORV-28  E=30400 S=143
2026-10-04 09:06:02 [INFO]   751 TRI-NORV-PMR-29 E=2893 S=131
2026-10-04 09:06:03 [INFO]   transactions 08:51:02 -> 09:06:02 : 0 lues en 1 page(s), 0 musee, 0 site
2026-10-04 09:06:03 [INFO] Dialogue borne : 0.9 s
2026-10-04 09:06:03 [INFO] Visiteurs du 2026-10-04 : 0 (source compteur, compteur 0, transactions 0)
2026-10-04 09:06:03 [INFO] Site visites libres du 2026-10-04 : entrees 0, sorties 0, presents 0 (pic None, source compteur)
2026-10-04 09:11:02 [INFO] Site visites libres : Visites libres a partir de 10h00 (fenetre 09:30-19:30)
2026-10-04 09:11:02 [INFO] Borne 192.168.2.10:5205 - compteurs du musee (Area 511 VISITES MUSEE)
2026-10-04 09:11:02 [INFO]   511 VISITES MUSEE E=106762 S=0
2026-10-04 09:11:02 [INFO]   512 ENTREE MUSEE E=106762 S=0
2026-10-04 09:11:02 [INFO]   1208 TRI-MUS-55   E=26384 S=0
2026-10-04 09:11:02 [INFO]   1209 TRI-MUS-56   E=53638 S=0
2026-10-04 09:11:02 [INFO]   1210 TRI-MUS-57   E=26740 S=0
2026-10-04 09:11:02 [INFO]   1040 PDA.3.11     E=0 S=0
2026-10-04 09:11:02 [INFO] Compteurs du site (visites libres)
2026-10-04 09:11:02 [INFO]   749 TRI-NORV-27  E=603 S=31130
2026-10-04 09:11:02 [INFO]   750 TRI-NORV-28  E=30400 S=143
2026-10-04 09:11:02 [INFO]   751 TRI-NORV-PMR-29 E=2893 S=131
2026-10-04 09:11:03 [INFO]   transactions 08:56:02 -> 09:11:02 : 0 lues en 1 page(s), 0 musee, 0 site
2026-10-04 09:11:03 [INFO] Dialogue borne : 1.0 s
2026-10-04 09:11:03 [INFO] Visiteurs du 2026-10-04 : 0 (source compteur, compteur 0, transactions 0)
2026-10-04 09:11:03 [INFO] Site visites libres du 2026-10-04 : entrees 0, sorties 0, presents 0 (pic None, source compteur)
2026-10-04 09:16:02 [INFO] Site visites libres : Visites libres a partir de 10h00 (fenetre 09:30-19:30)
2026-10-04 09:16:02 [INFO] Borne 192.168.2.10:5205 - compteurs du musee (Area 511 VISITES MUSEE)
2026-10-04 09:16:02 [INFO]   511 VISITES MUSEE E=106762 S=0
2026-10-04 09:16:02 [INFO]   512 ENTREE MUSEE E=106762 S=0
2026-10-04 09:16:02 [INFO]   1208 TRI-MUS-55   E=26384 S=0
2026-10-04 09:16:02 [INFO]   1209 TRI-MUS-56   E=53638 S=0
2026-10-04 09:16:02 [INFO]   1210 TRI-MUS-57   E=26740 S=0
2026-10-04 09:16:02 [INFO]   1040 PDA.3.11     E=0 S=0
2026-10-04 09:16:02 [INFO] Compteurs du site (visites libres)
2026-10-04 09:16:02 [INFO]   749 TRI-NORV-27  E=603 S=31130
2026-10-04 09:16:02 [INFO]   750 TRI-NORV-28  E=30400 S=143
2026-10-04 09:16:02 [INFO]   751 TRI-NORV-PMR-29 E=2893 S=131
2026-10-04 09:16:03 [INFO]   transactions 09:01:02 -> 09:16:02 : 0 lues en 1 page(s), 0 musee, 0 site
2026-10-04 09:16:03 [INFO] Dialogue borne : 1.1 s
2026-10-04 09:16:03 [INFO] Visiteurs du 2026-10-04 : 0 (source compteur, compteur 0, transactions 0)
2026-10-04 09:16:03 [INFO] Site visites libres du 2026-10-04 : entrees 0, sorties 0, presents 0 (pic None, source compteur)
2026-10-04 09:21:02 [INFO] Site visites libres : Visites libres a partir de 10h00 (fenetre 09:30-19:30)
2026-10-04 09:21:02 [INFO] Borne 192.168.2.10:5205 - compteurs du musee (Area 511 VISITES MUSEE)
2026-10-04 09:21:02 [INFO]   511 VISITES MUSEE E=106762 S=0
2026-10-04 09:21:02 [INFO]   512 ENTREE MUSEE E=106762 S=0
2026-10-04 09:21:02 [INFO]   1208 TRI-MUS-55   E=26384 S=0
2026-10-04 09:21:02 [INFO]   1209 TRI-MUS-56   E=53638 S=0
2026-10-04 09:21:02 [INFO]   1210 TRI-MUS-57   E=26740 S=0
2026-10-04 09:21:02 [INFO]   1040 PDA.3.11     E=0 S=0
2026-10-04 09:21:02 [INFO] Compteurs du site (visites libres)
2026-10-04 09:21:02 [INFO]   749 TRI-NORV-27  E=603 S=31130
2026-10-04 09:21:02 [INFO]   750 TRI-NORV-28  E=30400 S=143
2026-10-04 09:21:02 [INFO]   751 TRI-NORV-PMR-29 E=2893 S=131
2026-10-04 09:21:03 [INFO]   transactions 09:06:02 -> 09:21:02 : 0 lues en 1 page(s), 0 musee, 0 site
2026-10-04 09:21:03 [INFO] Dialogue borne : 0.9 s
2026-10-04 09:21:03 [INFO] Visiteurs du 2026-10-04 : 0 (source compteur, compteur 0, transactions 0)
2026-10-04 09:21:03 [INFO] Site visites libres du 2026-10-04 : entrees 0, sorties 0, presents 0 (pic None, source compteur)
2026-10-04 09:26:02 [INFO] Site visites libres : Visites libres a partir de 10h00 (fenetre 09:30-19:30)
2026-10-04 09:26:02 [INFO] Borne 192.168.2.10:5205 - compteurs du musee (Area 511 VISITES MUSEE)
2026-10-04 09:26:02 [INFO]   511 VISITES MUSEE E=106762 S=0
2026-10-04 09:26:02 [INFO]   512 ENTREE MUSEE E=106762 S=0
2026-10-04 09:26:02 [INFO]   1208 TRI-MUS-55   E=26384 S=0
2026-10-04 09:26:02 [INFO]   1209 TRI-MUS-56   E=53638 S=0
2026-10-04 09:26:02 [INFO]   1210 TRI-MUS-57   E=26740 S=0
2026-10-04 09:26:02 [INFO]   1040 PDA.3.11     E=0 S=0
2026-10-04 09:26:02 [INFO] Compteurs du site (visites libres)
2026-10-04 09:26:02 [INFO]   749 TRI-NORV-27  E=603 S=31130
2026-10-04 09:26:02 [INFO]   750 TRI-NORV-28  E=30400 S=143
2026-10-04 09:26:02 [INFO]   751 TRI-NORV-PMR-29 E=2893 S=131
2026-10-04 09:26:03 [INFO]   transactions 09:11:02 -> 09:26:02 : 0 lues en 1 page(s), 0 musee, 0 site
2026-10-04 09:26:03 [INFO] Dialogue borne : 1.0 s
2026-10-04 09:26:03 [INFO] Visiteurs du 2026-10-04 : 0 (source compteur, compteur 0, transactions 0)
2026-10-04 09:26:03 [INFO] Site visites libres du 2026-10-04 : entrees 0, sorties 0, presents 0 (pic None, source compteur)
2026-10-04 09:31:02 [INFO] Site visites libres : Visites libres 10h00 - 19h00 (fenetre 09:30-19:30)
2026-10-04 09:31:02 [INFO] Borne 192.168.2.10:5205 - compteurs du musee (Area 511 VISITES MUSEE)
2026-10-04 09:31:02 [INFO]   511 VISITES MUSEE E=106762 S=0
2026-10-04 09:31:02 [INFO]   512 ENTREE MUSEE E=106762 S=0
2026-10-04 09:31:02 [INFO]   1208 TRI-MUS-55   E=26384 S=0
2026-10-04 09:31:02 [INFO]   1209 TRI-MUS-56   E=53638 S=0
2026-10-04 09:31:02 [INFO]   1210 TRI-MUS-57   E=26740 S=0
2026-10-04 09:31:02 [INFO]   1040 PDA.3.11     E=0 S=0
2026-10-04 09:31:02 [INFO] Compteurs du site (visites libres)
2026-10-04 09:31:02 [INFO]   749 TRI-NORV-27  E=603 S=31130
2026-10-04 09:31:02 [INFO]   750 TRI-NORV-28  E=30400 S=143
2026-10-04 09:31:02 [INFO]   751 TRI-NORV-PMR-29 E=2893 S=131
2026-10-04 09:31:03 [INFO]   transactions 09:16:02 -> 09:31:02 : 0 lues en 1 page(s), 0 musee, 0 site
2026-10-04 09:31:03 [INFO] Dialogue borne : 1.1 s
2026-10-04 09:31:03 [INFO] Visiteurs du 2026-10-04 : 0 (source compteur, compteur 0, transactions 0)
2026-10-04 09:31:03 [INFO] Site visites libres du 2026-10-04 : entrees 0, sorties 0, presents 0 (pic None, source compteur)
2026-10-04 09:36:02 [INFO] Site visites libres : Visites libres 10h00 - 19h00 (fenetre 09:30-19:30)
2026-10-04 09:36:02 [INFO] Borne 192.168.2.10:5205 - compteurs du musee (Area 511 VISITES MUSEE)
2026-10-04 09:36:02 [INFO]   511 VISITES MUSEE E=106762 S=0
2026-10-04 09:36:02 [INFO]   512 ENTREE MUSEE E=106762 S=0
2026-10-04 09:36:02 [INFO]   1208 TRI-MUS-55   E=26384 S=0
2026-10-04 09:36:02 [INFO]   1209 TRI-MUS-56   E=53638 S=0
2026-10-04 09:36:02 [INFO]   1210 TRI-MUS-57   E=26740 S=0
2026-10-04 09:36:02 [INFO]   1040 PDA.3.11     E=0 S=0
2026-10-04 09:36:02 [INFO] Compteurs du site (visites libres)
2026-10-04 09:36:02 [INFO]   749 TRI-NORV-27  E=603 S=31130
2026-10-04 09:36:02 [INFO]   750 TRI-NORV-28  E=30400 S=143
2026-10-04 09:36:02 [INFO]   751 TRI-NORV-PMR-29 E=2893 S=131
2026-10-04 09:36:03 [INFO]   transactions 09:21:02 -> 09:36:02 : 0 lues en 1 page(s), 0 musee, 0 site
2026-10-04 09:36:03 [INFO] Dialogue borne : 0.9 s
2026-10-04 09:36:03 [INFO] Visiteurs du 2026-10-04 : 0 (source compteur, compteur 0, transactions 0)
2026-10-04 09:36:03 [INFO] Site visites libres du 2026-10-04 : entrees 0, sorties 0, presents 0 (pic None, source compteur)
2026-10-04 09:41:02 [INFO] Site visites libres : Visites libres 10h00 - 19h00 (fenetre 09:30-19:30)
2026-10-04 09:41:02 [INFO] Borne 192.168.2.10:5205 - compteurs du musee (Area 511 VISITES MUSEE)
2026-10-04 09:41:02 [INFO]   511 VISITES MUSEE E=106762 S=0
2026-10-04 09:41:02 [INFO]   512 ENTREE MUSEE E=106762 S=0
2026-10-04 09:41:02 [INFO]   1208 TRI-MUS-55   E=26384 S=0
2026-10-04 09:41:02 [INFO]   1209 TRI-MUS-56   E=53638 S=0
2026-10-04 09:41:02 [INFO]   1210 TRI-MUS-57   E=26740 S=0
2026-10-04 09:41:02 [INFO]   1040 PDA.3.11     E=0 S=0
2026-10-04 09:41:02 [INFO] Compteurs du site (visites libres)
2026-10-04 09:41:02 [INFO]   749 TRI-NORV-27  E=603 S=31130
2026-10-04 09:41:02 [INFO]   750 TRI-NORV-28  E=30400 S=143
2026-10-04 09:41:02 [INFO]   751 TRI-NORV-PMR-29 E=2893 S=131
2026-10-04 09:41:03 [INFO]   transactions 09:26:02 -> 09:41:02 : 0 lues en 1 page(s), 0 musee, 0 site
2026-10-04 09:41:03 [INFO] Dialogue borne : 0.9 s
2026-10-04 09:41:03 [INFO] Visiteurs du 2026-10-04 : 0 (source compteur, compteur 0, transactions 0)
2026-10-04 09:41:03 [INFO] Site visites libres du 2026-10-04 : entrees 0, sorties 0, presents 0 (pic None, source compteur)
2026-10-04 09:46:02 [INFO] Site visites libres : Visites libres 10h00 - 19h00 (fenetre 09:30-19:30)
2026-10-04 09:46:02 [INFO] Borne 192.168.2.10:5205 - compteurs du musee (Area 511 VISITES MUSEE)
2026-10-04 09:46:02 [INFO]   511 VISITES MUSEE E=106762 S=0
2026-10-04 09:46:02 [INFO]   512 ENTREE MUSEE E=106762 S=0
2026-10-04 09:46:02 [INFO]   1208 TRI-MUS-55   E=26384 S=0
2026-10-04 09:46:02 [INFO]   1209 TRI-MUS-56   E=53638 S=0
2026-10-04 09:46:02 [INFO]   1210 TRI-MUS-57   E=26740 S=0
2026-10-04 09:46:02 [INFO]   1040 PDA.3.11     E=0 S=0
2026-10-04 09:46:02 [INFO] Compteurs du site (visites libres)
2026-10-04 09:46:02 [INFO]   749 TRI-NORV-27  E=603 S=31130
2026-10-04 09:46:02 [INFO]   750 TRI-NORV-28  E=30400 S=143
2026-10-04 09:46:02 [INFO]   751 TRI-NORV-PMR-29 E=2893 S=131
2026-10-04 09:46:03 [INFO]   transactions 09:31:02 -> 09:46:02 : 0 lues en 1 page(s), 0 musee, 0 site
2026-10-04 09:46:03 [INFO] Dialogue borne : 1.0 s
2026-10-04 09:46:03 [INFO] Visiteurs du 2026-10-04 : 0 (source compteur, compteur 0, transactions 0)
2026-10-04 09:46:03 [INFO] Site visites libres du 2026-10-04 : entrees 0, sorties 0, presents 0 (pic None, source compteur)
2026-10-04 09:51:02 [INFO] Site visites libres : Visites libres 10h00 - 19h00 (fenetre 09:30-19:30)
2026-10-04 09:51:02 [INFO] Borne 192.168.2.10:5205 - compteurs du musee (Area 511 VISITES MUSEE)
2026-10-04 09:51:02 [INFO]   511 VISITES MUSEE E=106762 S=0
2026-10-04 09:51:02 [INFO]   512 ENTREE MUSEE E=106762 S=0
2026-10-04 09:51:02 [INFO]   1208 TRI-MUS-55   E=26384 S=0
2026-10-04 09:51:02 [INFO]   1209 TRI-MUS-56   E=53638 S=0
2026-10-04 09:51:02 [INFO]   1210 TRI-MUS-57   E=26740 S=0
2026-10-04 09:51:02 [INFO]   1040 PDA.3.11     E=0 S=0
2026-10-04 09:51:02 [INFO] Compteurs du site (visites libres)
2026-10-04 09:51:02 [INFO]   749 TRI-NORV-27  E=603 S=31130
2026-10-04 09:51:02 [INFO]   750 TRI-NORV-28  E=30400 S=143
2026-10-04 09:51:02 [INFO]   751 TRI-NORV-PMR-29 E=2893 S=131
2026-10-04 09:51:03 [INFO]   transactions 09:36:02 -> 09:51:02 : 0 lues en 1 page(s), 0 musee, 0 site
2026-10-04 09:51:03 [INFO] Dialogue borne : 1.0 s
2026-10-04 09:51:03 [INFO] Visiteurs du 2026-10-04 : 0 (source compteur, compteur 0, transactions 0)
2026-10-04 09:51:03 [INFO] Site visites libres du 2026-10-04 : entrees 0, sorties 0, presents 0 (pic None, source compteur)
2026-10-04 09:56:02 [INFO] Site visites libres : Visites libres 10h00 - 19h00 (fenetre 09:30-19:30)
2026-10-04 09:56:02 [INFO] Borne 192.168.2.10:5205 - compteurs du musee (Area 511 VISITES MUSEE)
2026-10-04 09:56:02 [INFO]   511 VISITES MUSEE E=106762 S=0
2026-10-04 09:56:02 [INFO]   512 ENTREE MUSEE E=106762 S=0
2026-10-04 09:56:02 [INFO]   1208 TRI-MUS-55   E=26384 S=0
2026-10-04 09:56:02 [INFO]   1209 TRI-MUS-56   E=53638 S=0
2026-10-04 09:56:02 [INFO]   1210 TRI-MUS-57   E=26740 S=0
2026-10-04 09:56:02 [INFO]   1040 PDA.3.11     E=0 S=0
2026-10-04 09:56:02 [INFO] Compteurs du site (visites libres)
2026-10-04 09:56:02 [INFO]   749 TRI-NORV-27  E=603 S=31130
2026-10-04 09:56:02 [INFO]   750 TRI-NORV-28  E=30400 S=143
2026-10-04 09:56:02 [INFO]   751 TRI-NORV-PMR-29 E=2893 S=131
2026-10-04 09:56:03 [INFO]   transactions 09:41:02 -> 09:56:02 : 0 lues en 1 page(s), 0 musee, 0 site
2026-10-04 09:56:03 [INFO] Dialogue borne : 0.9 s
2026-10-04 09:56:03 [INFO] Visiteurs du 2026-10-04 : 0 (source compteur, compteur 0, transactions 0)
2026-10-04 09:56:03 [INFO] Site visites libres du 2026-10-04 : entrees 0, sorties 0, presents 0 (pic None, source compteur)
2026-10-04 10:01:02 [INFO] Site visites libres : Visites libres 10h00 - 19h00 (fenetre 09:30-19:30)
2026-10-04 10:01:02 [INFO] Borne 192.168.2.10:5205 - compteurs du musee (Area 511 VISITES MUSEE)
2026-10-04 10:01:02 [INFO]   511 VISITES MUSEE E=106762 S=0
2026-10-04 10:01:02 [INFO]   512 ENTREE MUSEE E=106762 S=0
2026-10-04 10:01:02 [INFO]   1208 TRI-MUS-55   E=26384 S=0
2026-10-04 10:01:02 [INFO]   1209 TRI-MUS-56   E=53638 S=0
2026-10-04 10:01:02 [INFO]   1210 TRI-MUS-57   E=26740 S=0
2026-10-04 10:01:02 [INFO]   1040 PDA.3.11     E=0 S=0
2026-10-04 10:01:02 [INFO] Compteurs du site (visites libres)
2026-10-04 10:01:02 [INFO]   749 TRI-NORV-27  E=603 S=31130
2026-10-04 10:01:02 [INFO]   750 TRI-NORV-28  E=30400 S=143
2026-10-04 10:01:02 [INFO]   751 TRI-NORV-PMR-29 E=2893 S=131
2026-10-04 10:01:03 [INFO]   transactions 09:46:02 -> 10:01:02 : 0 lues en 1 page(s), 0 musee, 0 site
2026-10-04 10:01:03 [INFO] Dialogue borne : 1.0 s
2026-10-04 10:01:03 [INFO] Visiteurs du 2026-10-04 : 0 (source compteur, compteur 0, transactions 0)
2026-10-04 10:01:03 [INFO] Site visites libres du 2026-10-04 : entrees 0, sorties 0, presents 0 (pic None, source compteur)
2026-10-04 10:06:02 [INFO] Site visites libres : Visites libres 10h00 - 19h00 (fenetre 09:30-19:30)
2026-10-04 10:06:02 [INFO] Borne 192.168.2.10:5205 - compteurs du musee (Area 511 VISITES MUSEE)
2026-10-04 10:06:02 [INFO]   511 VISITES MUSEE E=106768 S=0
2026-10-04 10:06:02 [INFO]   512 ENTREE MUSEE E=106768 S=0
2026-10-04 10:06:02 [INFO]   1208 TRI-MUS-55   E=26384 S=0
2026-10-04 10:06:02 [INFO]   1209 TRI-MUS-56   E=53639 S=0
2026-10-04 10:06:02 [INFO]   1210 TRI-MUS-57   E=26745 S=0
2026-10-04 10:06:02 [INFO]   1040 PDA.3.11     E=0 S=0
2026-10-04 10:06:02 [INFO] Compteurs du site (visites libres)
2026-10-04 10:06:02 [INFO]   749 TRI-NORV-27  E=603 S=31130
2026-10-04 10:06:02 [INFO]   750 TRI-NORV-28  E=30400 S=143
2026-10-04 10:06:02 [INFO]   751 TRI-NORV-PMR-29 E=2893 S=131
2026-10-04 10:06:03 [INFO]   transactions 09:51:02 -> 10:06:02 : 6 lues en 1 page(s), 6 musee, 0 site
2026-10-04 10:06:03 [INFO] Dialogue borne : 0.9 s
2026-10-04 10:06:03 [INFO] Visiteurs du 2026-10-04 : 6 (source compteur, compteur 6, transactions 6)
2026-10-04 10:06:03 [INFO] Site visites libres du 2026-10-04 : entrees 0, sorties 0, presents 0 (pic None, source compteur)
2026-10-04 10:11:02 [INFO] Site visites libres : Visites libres 10h00 - 19h00 (fenetre 09:30-19:30)
2026-10-04 10:11:02 [INFO] Borne 192.168.2.10:5205 - compteurs du musee (Area 511 VISITES MUSEE)
2026-10-04 10:11:02 [INFO]   511 VISITES MUSEE E=106784 S=0
2026-10-04 10:11:02 [INFO]   512 ENTREE MUSEE E=106784 S=0
2026-10-04 10:11:02 [INFO]   1208 TRI-MUS-55   E=26391 S=0
2026-10-04 10:11:02 [INFO]   1209 TRI-MUS-56   E=53641 S=0
2026-10-04 10:11:02 [INFO]   1210 TRI-MUS-57   E=26752 S=0
2026-10-04 10:11:02 [INFO]   1040 PDA.3.11     E=0 S=0
2026-10-04 10:11:02 [INFO] Compteurs du site (visites libres)
2026-10-04 10:11:02 [INFO]   749 TRI-NORV-27  E=603 S=31130
2026-10-04 10:11:02 [INFO]   750 TRI-NORV-28  E=30403 S=143
2026-10-04 10:11:02 [INFO]   751 TRI-NORV-PMR-29 E=2893 S=131
2026-10-04 10:11:03 [INFO]   transactions 09:56:02 -> 10:11:02 : 22 lues en 1 page(s), 19 musee, 3 site
2026-10-04 10:11:03 [INFO] Dialogue borne : 1.1 s
2026-10-04 10:11:03 [INFO] Visiteurs du 2026-10-04 : 22 (source compteur, compteur 22, transactions 19)
2026-10-04 10:11:03 [INFO] Site visites libres du 2026-10-04 : entrees 3, sorties 0, presents 3 (pic {'n': 3, 'heure': '10:11'}, source compteur)
2026-10-04 10:16:02 [INFO] Site visites libres : Visites libres 10h00 - 19h00 (fenetre 09:30-19:30)
2026-10-04 10:16:02 [INFO] Borne 192.168.2.10:5205 - compteurs du musee (Area 511 VISITES MUSEE)
2026-10-04 10:16:02 [INFO]   511 VISITES MUSEE E=106790 S=0
2026-10-04 10:16:02 [INFO]   512 ENTREE MUSEE E=106790 S=0
2026-10-04 10:16:02 [INFO]   1208 TRI-MUS-55   E=26394 S=0
2026-10-04 10:16:02 [INFO]   1209 TRI-MUS-56   E=53643 S=0
2026-10-04 10:16:02 [INFO]   1210 TRI-MUS-57   E=26753 S=0
2026-10-04 10:16:02 [INFO]   1040 PDA.3.11     E=0 S=0
2026-10-04 10:16:02 [INFO] Compteurs du site (visites libres)
2026-10-04 10:16:02 [INFO]   749 TRI-NORV-27  E=603 S=31130
2026-10-04 10:16:02 [INFO]   750 TRI-NORV-28  E=30406 S=143
2026-10-04 10:16:02 [INFO]   751 TRI-NORV-PMR-29 E=2893 S=131
2026-10-04 10:16:03 [INFO]   transactions 10:01:02 -> 10:16:02 : 34 lues en 1 page(s), 28 musee, 6 site
2026-10-04 10:16:03 [INFO] Dialogue borne : 1.1 s
2026-10-04 10:16:03 [INFO] Visiteurs du 2026-10-04 : 28 (source compteur, compteur 28, transactions 28)
2026-10-04 10:16:03 [INFO] Site visites libres du 2026-10-04 : entrees 6, sorties 0, presents 6 (pic {'n': 6, 'heure': '10:16'}, source compteur)
2026-10-04 10:21:02 [INFO] Site visites libres : Visites libres 10h00 - 19h00 (fenetre 09:30-19:30)
2026-10-04 10:21:02 [INFO] Borne 192.168.2.10:5205 - compteurs du musee (Area 511 VISITES MUSEE)
2026-10-04 10:21:02 [INFO]   511 VISITES MUSEE E=106802 S=0
2026-10-04 10:21:02 [INFO]   512 ENTREE MUSEE E=106802 S=0
2026-10-04 10:21:02 [INFO]   1208 TRI-MUS-55   E=26398 S=0
2026-10-04 10:21:02 [INFO]   1209 TRI-MUS-56   E=53650 S=0
2026-10-04 10:21:02 [INFO]   1210 TRI-MUS-57   E=26754 S=0
2026-10-04 10:21:02 [INFO]   1040 PDA.3.11     E=0 S=0
2026-10-04 10:21:02 [INFO] Compteurs du site (visites libres)
2026-10-04 10:21:02 [INFO]   749 TRI-NORV-27  E=603 S=31130
2026-10-04 10:21:02 [INFO]   750 TRI-NORV-28  E=30424 S=143
2026-10-04 10:21:02 [INFO]   751 TRI-NORV-PMR-29 E=2893 S=131
2026-10-04 10:21:03 [INFO]   transactions 10:06:02 -> 10:21:02 : 58 lues en 1 page(s), 34 musee, 24 site
2026-10-04 10:21:03 [INFO] Dialogue borne : 1.0 s
2026-10-04 10:21:03 [INFO] Visiteurs du 2026-10-04 : 40 (source compteur, compteur 40, transactions 40)
2026-10-04 10:21:03 [INFO] Site visites libres du 2026-10-04 : entrees 24, sorties 0, presents 24 (pic {'n': 24, 'heure': '10:21'}, source compteur)
2026-10-04 10:26:02 [INFO] Site visites libres : Visites libres 10h00 - 19h00 (fenetre 09:30-19:30)
2026-10-04 10:26:02 [INFO] Borne 192.168.2.10:5205 - compteurs du musee (Area 511 VISITES MUSEE)
2026-10-04 10:26:02 [INFO]   511 VISITES MUSEE E=106813 S=0
2026-10-04 10:26:02 [INFO]   512 ENTREE MUSEE E=106813 S=0
2026-10-04 10:26:02 [INFO]   1208 TRI-MUS-55   E=26400 S=0
2026-10-04 10:26:02 [INFO]   1209 TRI-MUS-56   E=53654 S=0
2026-10-04 10:26:02 [INFO]   1210 TRI-MUS-57   E=26759 S=0
2026-10-04 10:26:02 [INFO]   1040 PDA.3.11     E=0 S=0
2026-10-04 10:26:02 [INFO] Compteurs du site (visites libres)
2026-10-04 10:26:02 [INFO]   749 TRI-NORV-27  E=603 S=31130
2026-10-04 10:26:02 [INFO]   750 TRI-NORV-28  E=30424 S=143
2026-10-04 10:26:02 [INFO]   751 TRI-NORV-PMR-29 E=2893 S=131
2026-10-04 10:26:03 [INFO]   transactions 10:11:02 -> 10:26:02 : 50 lues en 1 page(s), 29 musee, 21 site
2026-10-04 10:26:03 [INFO] Dialogue borne : 1.0 s
2026-10-04 10:26:03 [INFO] Visiteurs du 2026-10-04 : 51 (source compteur, compteur 51, transactions 51)
2026-10-04 10:26:03 [INFO] Site visites libres du 2026-10-04 : entrees 24, sorties 0, presents 24 (pic {'n': 24, 'heure': '10:21'}, source compteur)
2026-10-04 10:31:02 [INFO] Site visites libres : Visites libres 10h00 - 19h00 (fenetre 09:30-19:30)
2026-10-04 10:31:02 [INFO] Borne 192.168.2.10:5205 - compteurs du musee (Area 511 VISITES MUSEE)
2026-10-04 10:31:02 [INFO]   511 VISITES MUSEE E=106815 S=0
2026-10-04 10:31:02 [INFO]   512 ENTREE MUSEE E=106815 S=0
2026-10-04 10:31:02 [INFO]   1208 TRI-MUS-55   E=26400 S=0
2026-10-04 10:31:02 [INFO]   1209 TRI-MUS-56   E=53656 S=0
2026-10-04 10:31:02 [INFO]   1210 TRI-MUS-57   E=26759 S=0
2026-10-04 10:31:02 [INFO]   1040 PDA.3.11     E=0 S=0
2026-10-04 10:31:02 [INFO] Compteurs du site (visites libres)
2026-10-04 10:31:02 [INFO]   749 TRI-NORV-27  E=603 S=31131
2026-10-04 10:31:02 [INFO]   750 TRI-NORV-28  E=30432 S=143
2026-10-04 10:31:02 [INFO]   751 TRI-NORV-PMR-29 E=2893 S=131
2026-10-04 10:31:03 [INFO]   transactions 10:16:02 -> 10:31:02 : 53 lues en 1 page(s), 25 musee, 28 site
2026-10-04 10:31:03 [INFO] Dialogue borne : 1.1 s
2026-10-04 10:31:03 [INFO] Visiteurs du 2026-10-04 : 53 (source compteur, compteur 53, transactions 53)
2026-10-04 10:31:03 [INFO] Site visites libres du 2026-10-04 : entrees 32, sorties 1, presents 31 (pic {'n': 31, 'heure': '10:31'}, source compteur)
2026-10-04 10:36:02 [INFO] Site visites libres : Visites libres 10h00 - 19h00 (fenetre 09:30-19:30)
2026-10-04 10:36:02 [INFO] Borne 192.168.2.10:5205 - compteurs du musee (Area 511 VISITES MUSEE)
2026-10-04 10:36:02 [INFO]   511 VISITES MUSEE E=106815 S=0
2026-10-04 10:36:02 [INFO]   512 ENTREE MUSEE E=106815 S=0
2026-10-04 10:36:02 [INFO]   1208 TRI-MUS-55   E=26400 S=0
2026-10-04 10:36:02 [INFO]   1209 TRI-MUS-56   E=53656 S=0
2026-10-04 10:36:02 [INFO]   1210 TRI-MUS-57   E=26759 S=0
2026-10-04 10:36:02 [INFO]   1040 PDA.3.11     E=0 S=0
2026-10-04 10:36:02 [INFO] Compteurs du site (visites libres)
2026-10-04 10:36:02 [INFO]   749 TRI-NORV-27  E=603 S=31131
2026-10-04 10:36:02 [INFO]   750 TRI-NORV-28  E=30447 S=143
2026-10-04 10:36:02 [INFO]   751 TRI-NORV-PMR-29 E=2893 S=131
2026-10-04 10:36:03 [INFO]   transactions 10:21:02 -> 10:36:02 : 38 lues en 1 page(s), 13 musee, 25 site
2026-10-04 10:36:03 [INFO] Dialogue borne : 1.1 s
2026-10-04 10:36:03 [INFO] Visiteurs du 2026-10-04 : 53 (source compteur, compteur 53, transactions 53)
2026-10-04 10:36:03 [INFO] Site visites libres du 2026-10-04 : entrees 47, sorties 1, presents 46 (pic {'n': 46, 'heure': '10:36'}, source compteur)
2026-10-04 10:41:02 [INFO] Site visites libres : Visites libres 10h00 - 19h00 (fenetre 09:30-19:30)
2026-10-04 10:41:02 [INFO] Borne 192.168.2.10:5205 - compteurs du musee (Area 511 VISITES MUSEE)
2026-10-04 10:41:02 [INFO]   511 VISITES MUSEE E=106817 S=0
2026-10-04 10:41:02 [INFO]   512 ENTREE MUSEE E=106817 S=0
2026-10-04 10:41:02 [INFO]   1208 TRI-MUS-55   E=26401 S=0
2026-10-04 10:41:02 [INFO]   1209 TRI-MUS-56   E=53657 S=0
2026-10-04 10:41:02 [INFO]   1210 TRI-MUS-57   E=26759 S=0
2026-10-04 10:41:02 [INFO]   1040 PDA.3.11     E=0 S=0
2026-10-04 10:41:02 [INFO] Compteurs du site (visites libres)
2026-10-04 10:41:02 [INFO]   749 TRI-NORV-27  E=603 S=31131
2026-10-04 10:41:02 [INFO]   750 TRI-NORV-28  E=30451 S=143
2026-10-04 10:41:02 [INFO]   751 TRI-NORV-PMR-29 E=2893 S=131
2026-10-04 10:41:03 [INFO]   transactions 10:26:02 -> 10:41:02 : 33 lues en 1 page(s), 4 musee, 29 site
2026-10-04 10:41:03 [INFO] Dialogue borne : 1.0 s
2026-10-04 10:41:03 [INFO] Visiteurs du 2026-10-04 : 55 (source compteur, compteur 55, transactions 55)
2026-10-04 10:41:03 [INFO] Site visites libres du 2026-10-04 : entrees 51, sorties 1, presents 50 (pic {'n': 50, 'heure': '10:41'}, source compteur)
2026-10-04 10:46:02 [INFO] Site visites libres : Visites libres 10h00 - 19h00 (fenetre 09:30-19:30)
2026-10-04 10:46:02 [INFO] Borne 192.168.2.10:5205 - compteurs du musee (Area 511 VISITES MUSEE)
2026-10-04 10:46:02 [INFO]   511 VISITES MUSEE E=106820 S=0
2026-10-04 10:46:02 [INFO]   512 ENTREE MUSEE E=106820 S=0
2026-10-04 10:46:02 [INFO]   1208 TRI-MUS-55   E=26401 S=0
2026-10-04 10:46:02 [INFO]   1209 TRI-MUS-56   E=53657 S=0
2026-10-04 10:46:02 [INFO]   1210 TRI-MUS-57   E=26762 S=0
2026-10-04 10:46:02 [INFO]   1040 PDA.3.11     E=0 S=0
2026-10-04 10:46:02 [INFO] Compteurs du site (visites libres)
2026-10-04 10:46:02 [INFO]   749 TRI-NORV-27  E=603 S=31133
2026-10-04 10:46:02 [INFO]   750 TRI-NORV-28  E=30455 S=143
2026-10-04 10:46:02 [INFO]   751 TRI-NORV-PMR-29 E=2893 S=131
2026-10-04 10:46:03 [INFO]   transactions 10:31:02 -> 10:46:02 : 30 lues en 1 page(s), 5 musee, 25 site
2026-10-04 10:46:03 [INFO] Dialogue borne : 1.0 s
2026-10-04 10:46:03 [INFO] Visiteurs du 2026-10-04 : 58 (source compteur, compteur 58, transactions 58)
2026-10-04 10:46:03 [INFO] Site visites libres du 2026-10-04 : entrees 55, sorties 3, presents 52 (pic {'n': 52, 'heure': '10:46'}, source compteur)
2026-10-04 10:51:02 [INFO] Site visites libres : Visites libres 10h00 - 19h00 (fenetre 09:30-19:30)
2026-10-04 10:51:02 [INFO] Borne 192.168.2.10:5205 - compteurs du musee (Area 511 VISITES MUSEE)
2026-10-04 10:51:02 [INFO]   511 VISITES MUSEE E=106830 S=0
2026-10-04 10:51:02 [INFO]   512 ENTREE MUSEE E=106830 S=0
2026-10-04 10:51:02 [INFO]   1208 TRI-MUS-55   E=26403 S=0
2026-10-04 10:51:02 [INFO]   1209 TRI-MUS-56   E=53660 S=0
2026-10-04 10:51:02 [INFO]   1210 TRI-MUS-57   E=26767 S=0
2026-10-04 10:51:02 [INFO]   1040 PDA.3.11     E=0 S=0
2026-10-04 10:51:02 [INFO] Compteurs du site (visites libres)
2026-10-04 10:51:02 [INFO]   749 TRI-NORV-27  E=603 S=31133
2026-10-04 10:51:02 [INFO]   750 TRI-NORV-28  E=30470 S=143
2026-10-04 10:51:02 [INFO]   751 TRI-NORV-PMR-29 E=2893 S=131
2026-10-04 10:51:03 [INFO]   transactions 10:36:02 -> 10:51:02 : 39 lues en 1 page(s), 15 musee, 24 site
2026-10-04 10:51:03 [INFO] Dialogue borne : 1.0 s
2026-10-04 10:51:03 [INFO] Visiteurs du 2026-10-04 : 68 (source compteur, compteur 68, transactions 68)
2026-10-04 10:51:03 [INFO] Site visites libres du 2026-10-04 : entrees 70, sorties 3, presents 67 (pic {'n': 67, 'heure': '10:51'}, source compteur)
2026-10-04 10:56:02 [INFO] Site visites libres : Visites libres 10h00 - 19h00 (fenetre 09:30-19:30)
2026-10-04 10:56:02 [INFO] Borne 192.168.2.10:5205 - compteurs du musee (Area 511 VISITES MUSEE)
2026-10-04 10:56:02 [INFO]   511 VISITES MUSEE E=106837 S=0
2026-10-04 10:56:02 [INFO]   512 ENTREE MUSEE E=106837 S=0
2026-10-04 10:56:02 [INFO]   1208 TRI-MUS-55   E=26405 S=0
2026-10-04 10:56:02 [INFO]   1209 TRI-MUS-56   E=53661 S=0
2026-10-04 10:56:02 [INFO]   1210 TRI-MUS-57   E=26771 S=0
2026-10-04 10:56:02 [INFO]   1040 PDA.3.11     E=0 S=0
2026-10-04 10:56:02 [INFO] Compteurs du site (visites libres)
2026-10-04 10:56:02 [INFO]   749 TRI-NORV-27  E=603 S=31133
2026-10-04 10:56:02 [INFO]   750 TRI-NORV-28  E=30474 S=143
2026-10-04 10:56:02 [INFO]   751 TRI-NORV-PMR-29 E=2893 S=131
2026-10-04 10:56:03 [INFO]   transactions 10:41:02 -> 10:56:02 : 42 lues en 1 page(s), 17 musee, 25 site
2026-10-04 10:56:03 [INFO] Dialogue borne : 1.1 s
2026-10-04 10:56:03 [INFO] Visiteurs du 2026-10-04 : 75 (source compteur, compteur 75, transactions 72)
2026-10-04 10:56:03 [INFO] Site visites libres du 2026-10-04 : entrees 74, sorties 3, presents 71 (pic {'n': 71, 'heure': '10:56'}, source compteur)
2026-10-04 11:01:02 [INFO] Site visites libres : Visites libres 10h00 - 19h00 (fenetre 09:30-19:30)
2026-10-04 11:01:02 [INFO] Borne 192.168.2.10:5205 - compteurs du musee (Area 511 VISITES MUSEE)
2026-10-04 11:01:02 [INFO]   511 VISITES MUSEE E=106844 S=0
2026-10-04 11:01:02 [INFO]   512 ENTREE MUSEE E=106844 S=0
2026-10-04 11:01:02 [INFO]   1208 TRI-MUS-55   E=26409 S=0
2026-10-04 11:01:02 [INFO]   1209 TRI-MUS-56   E=53662 S=0
2026-10-04 11:01:02 [INFO]   1210 TRI-MUS-57   E=26773 S=0
2026-10-04 11:01:02 [INFO]   1040 PDA.3.11     E=0 S=0
2026-10-04 11:01:02 [INFO] Compteurs du site (visites libres)
2026-10-04 11:01:02 [INFO]   749 TRI-NORV-27  E=603 S=31135
2026-10-04 11:01:02 [INFO]   750 TRI-NORV-28  E=30482 S=143
2026-10-04 11:01:02 [INFO]   751 TRI-NORV-PMR-29 E=2893 S=131
2026-10-04 11:01:03 [INFO]   transactions 10:46:02 -> 11:01:02 : 51 lues en 1 page(s), 25 musee, 26 site
2026-10-04 11:01:03 [INFO] Dialogue borne : 1.0 s
2026-10-04 11:01:03 [INFO] Visiteurs du 2026-10-04 : 82 (source compteur, compteur 82, transactions 82)
2026-10-04 11:01:03 [INFO] Site visites libres du 2026-10-04 : entrees 82, sorties 5, presents 77 (pic {'n': 77, 'heure': '11:01'}, source compteur)
2026-10-04 11:06:02 [INFO] Site visites libres : Visites libres 10h00 - 19h00 (fenetre 09:30-19:30)
2026-10-04 11:06:02 [INFO] Borne 192.168.2.10:5205 - compteurs du musee (Area 511 VISITES MUSEE)
2026-10-04 11:06:02 [INFO]   511 VISITES MUSEE E=106861 S=0
2026-10-04 11:06:02 [INFO]   512 ENTREE MUSEE E=106861 S=0
2026-10-04 11:06:02 [INFO]   1208 TRI-MUS-55   E=26413 S=0
2026-10-04 11:06:02 [INFO]   1209 TRI-MUS-56   E=53669 S=0
2026-10-04 11:06:02 [INFO]   1210 TRI-MUS-57   E=26779 S=0
2026-10-04 11:06:02 [INFO]   1040 PDA.3.11     E=0 S=0
2026-10-04 11:06:02 [INFO] Compteurs du site (visites libres)
2026-10-04 11:06:02 [INFO]   749 TRI-NORV-27  E=603 S=31137
2026-10-04 11:06:02 [INFO]   750 TRI-NORV-28  E=30485 S=143
2026-10-04 11:06:02 [INFO]   751 TRI-NORV-PMR-29 E=2893 S=131
2026-10-04 11:06:03 [INFO]   transactions 10:51:02 -> 11:06:02 : 49 lues en 1 page(s), 31 musee, 18 site
2026-10-04 11:06:03 [INFO] Dialogue borne : 1.0 s
2026-10-04 11:06:03 [INFO] Visiteurs du 2026-10-04 : 99 (source compteur, compteur 99, transactions 96)
2026-10-04 11:06:03 [INFO] Site visites libres du 2026-10-04 : entrees 85, sorties 7, presents 78 (pic {'n': 78, 'heure': '11:06'}, source compteur)
2026-10-04 11:11:02 [INFO] Site visites libres : Visites libres 10h00 - 19h00 (fenetre 09:30-19:30)
2026-10-04 11:11:02 [INFO] Borne 192.168.2.10:5205 - compteurs du musee (Area 511 VISITES MUSEE)
2026-10-04 11:11:02 [INFO]   511 VISITES MUSEE E=106866 S=0
2026-10-04 11:11:02 [INFO]   512 ENTREE MUSEE E=106866 S=0
2026-10-04 11:11:02 [INFO]   1208 TRI-MUS-55   E=26416 S=0
2026-10-04 11:11:02 [INFO]   1209 TRI-MUS-56   E=53670 S=0
2026-10-04 11:11:02 [INFO]   1210 TRI-MUS-57   E=26780 S=0
2026-10-04 11:11:02 [INFO]   1040 PDA.3.11     E=0 S=0
2026-10-04 11:11:02 [INFO] Compteurs du site (visites libres)
2026-10-04 11:11:02 [INFO]   749 TRI-NORV-27  E=603 S=31137
2026-10-04 11:11:02 [INFO]   750 TRI-NORV-28  E=30485 S=143
2026-10-04 11:11:02 [INFO]   751 TRI-NORV-PMR-29 E=2893 S=131
2026-10-04 11:11:03 [INFO]   transactions 10:56:02 -> 11:11:02 : 47 lues en 1 page(s), 32 musee, 15 site
2026-10-04 11:11:03 [INFO] Dialogue borne : 1.0 s
2026-10-04 11:11:03 [INFO] Visiteurs du 2026-10-04 : 104 (source compteur, compteur 104, transactions 104)
2026-10-04 11:11:03 [INFO] Site visites libres du 2026-10-04 : entrees 85, sorties 7, presents 78 (pic {'n': 78, 'heure': '11:06'}, source compteur)
2026-10-04 11:16:02 [INFO] Site visites libres : Visites libres 10h00 - 19h00 (fenetre 09:30-19:30)
2026-10-04 11:16:02 [INFO] Borne 192.168.2.10:5205 - compteurs du musee (Area 511 VISITES MUSEE)
2026-10-04 11:16:02 [INFO]   511 VISITES MUSEE E=106876 S=0
2026-10-04 11:16:02 [INFO]   512 ENTREE MUSEE E=106876 S=0
2026-10-04 11:16:02 [INFO]   1208 TRI-MUS-55   E=26419 S=0
2026-10-04 11:16:02 [INFO]   1209 TRI-MUS-56   E=53673 S=0
2026-10-04 11:16:02 [INFO]   1210 TRI-MUS-57   E=26784 S=0
2026-10-04 11:16:02 [INFO]   1040 PDA.3.11     E=0 S=0
2026-10-04 11:16:02 [INFO] Compteurs du site (visites libres)
2026-10-04 11:16:02 [INFO]   749 TRI-NORV-27  E=603 S=31148
2026-10-04 11:16:02 [INFO]   750 TRI-NORV-28  E=30486 S=143
2026-10-04 11:16:02 [INFO]   751 TRI-NORV-PMR-29 E=2893 S=131
2026-10-04 11:16:03 [INFO]   transactions 11:01:02 -> 11:16:02 : 50 lues en 1 page(s), 33 musee, 17 site
2026-10-04 11:16:03 [INFO] Dialogue borne : 1.1 s
2026-10-04 11:16:03 [INFO] Visiteurs du 2026-10-04 : 114 (source compteur, compteur 114, transactions 113)
2026-10-04 11:16:03 [INFO] Site visites libres du 2026-10-04 : entrees 86, sorties 18, presents 68 (pic {'n': 78, 'heure': '11:06'}, source compteur)
2026-10-04 11:21:02 [INFO] Site visites libres : Visites libres 10h00 - 19h00 (fenetre 09:30-19:30)
2026-10-04 11:21:02 [INFO] Borne 192.168.2.10:5205 - compteurs du musee (Area 511 VISITES MUSEE)
2026-10-04 11:21:02 [INFO]   511 VISITES MUSEE E=106894 S=0
2026-10-04 11:21:02 [INFO]   512 ENTREE MUSEE E=106894 S=0
2026-10-04 11:21:02 [INFO]   1208 TRI-MUS-55   E=26423 S=0
2026-10-04 11:21:02 [INFO]   1209 TRI-MUS-56   E=53682 S=0
2026-10-04 11:21:02 [INFO]   1210 TRI-MUS-57   E=26789 S=0
2026-10-04 11:21:02 [INFO]   1040 PDA.3.11     E=0 S=0
2026-10-04 11:21:02 [INFO] Compteurs du site (visites libres)
2026-10-04 11:21:02 [INFO]   749 TRI-NORV-27  E=603 S=31155
2026-10-04 11:21:02 [INFO]   750 TRI-NORV-28  E=30487 S=143
2026-10-04 11:21:02 [INFO]   751 TRI-NORV-PMR-29 E=2893 S=131
2026-10-04 11:21:03 [INFO]   transactions 11:06:02 -> 11:21:02 : 49 lues en 1 page(s), 31 musee, 18 site
2026-10-04 11:21:03 [INFO] Dialogue borne : 1.2 s
2026-10-04 11:21:03 [INFO] Visiteurs du 2026-10-04 : 132 (source compteur, compteur 132, transactions 130)
2026-10-04 11:21:03 [INFO] Site visites libres du 2026-10-04 : entrees 87, sorties 25, presents 62 (pic {'n': 78, 'heure': '11:06'}, source compteur)
2026-10-04 11:26:02 [INFO] Site visites libres : Visites libres 10h00 - 19h00 (fenetre 09:30-19:30)
2026-10-04 11:26:02 [INFO] Borne 192.168.2.10:5205 - compteurs du musee (Area 511 VISITES MUSEE)
2026-10-04 11:26:02 [INFO]   511 VISITES MUSEE E=106902 S=0
2026-10-04 11:26:02 [INFO]   512 ENTREE MUSEE E=106902 S=0
2026-10-04 11:26:02 [INFO]   1208 TRI-MUS-55   E=26425 S=0
2026-10-04 11:26:02 [INFO]   1209 TRI-MUS-56   E=53687 S=0
2026-10-04 11:26:02 [INFO]   1210 TRI-MUS-57   E=26790 S=0
2026-10-04 11:26:02 [INFO]   1040 PDA.3.11     E=0 S=0
2026-10-04 11:26:02 [INFO] Compteurs du site (visites libres)
2026-10-04 11:26:02 [INFO]   749 TRI-NORV-27  E=603 S=31163
2026-10-04 11:26:02 [INFO]   750 TRI-NORV-28  E=30493 S=143
2026-10-04 11:26:02 [INFO]   751 TRI-NORV-PMR-29 E=2893 S=131
2026-10-04 11:26:03 [INFO]   transactions 11:11:02 -> 11:26:02 : 69 lues en 1 page(s), 35 musee, 34 site
2026-10-04 11:26:03 [INFO] Dialogue borne : 1.0 s
2026-10-04 11:26:03 [INFO] Visiteurs du 2026-10-04 : 140 (source compteur, compteur 140, transactions 139)
2026-10-04 11:26:03 [INFO] Site visites libres du 2026-10-04 : entrees 93, sorties 33, presents 60 (pic {'n': 78, 'heure': '11:06'}, source compteur)
2026-10-04 11:31:02 [INFO] Site visites libres : Visites libres 10h00 - 19h00 (fenetre 09:30-19:30)
2026-10-04 11:31:02 [INFO] Borne 192.168.2.10:5205 - compteurs du musee (Area 511 VISITES MUSEE)
2026-10-04 11:31:02 [INFO]   511 VISITES MUSEE E=106925 S=0
2026-10-04 11:31:02 [INFO]   512 ENTREE MUSEE E=106925 S=0
2026-10-04 11:31:02 [INFO]   1208 TRI-MUS-55   E=26434 S=0
2026-10-04 11:31:02 [INFO]   1209 TRI-MUS-56   E=53694 S=0
2026-10-04 11:31:02 [INFO]   1210 TRI-MUS-57   E=26797 S=0
2026-10-04 11:31:02 [INFO]   1040 PDA.3.11     E=0 S=0
2026-10-04 11:31:02 [INFO] Compteurs du site (visites libres)
2026-10-04 11:31:02 [INFO]   749 TRI-NORV-27  E=603 S=31165
2026-10-04 11:31:02 [INFO]   750 TRI-NORV-28  E=30498 S=143
2026-10-04 11:31:02 [INFO]   751 TRI-NORV-PMR-29 E=2893 S=131
2026-10-04 11:31:03 [INFO]   transactions 11:16:02 -> 11:31:02 : 78 lues en 1 page(s), 49 musee, 29 site
2026-10-04 11:31:03 [INFO] Dialogue borne : 1.1 s
2026-10-04 11:31:03 [INFO] Visiteurs du 2026-10-04 : 163 (source compteur, compteur 163, transactions 163)
2026-10-04 11:31:03 [INFO] Site visites libres du 2026-10-04 : entrees 98, sorties 35, presents 63 (pic {'n': 78, 'heure': '11:06'}, source compteur)
2026-10-04 11:36:02 [INFO] Site visites libres : Visites libres 10h00 - 19h00 (fenetre 09:30-19:30)
2026-10-04 11:36:02 [INFO] Borne 192.168.2.10:5205 - compteurs du musee (Area 511 VISITES MUSEE)
2026-10-04 11:36:02 [INFO]   511 VISITES MUSEE E=106938 S=0
2026-10-04 11:36:02 [INFO]   512 ENTREE MUSEE E=106938 S=0
2026-10-04 11:36:02 [INFO]   1208 TRI-MUS-55   E=26437 S=0
2026-10-04 11:36:02 [INFO]   1209 TRI-MUS-56   E=53700 S=0
2026-10-04 11:36:02 [INFO]   1210 TRI-MUS-57   E=26801 S=0
2026-10-04 11:36:02 [INFO]   1040 PDA.3.11     E=0 S=0
2026-10-04 11:36:02 [INFO] Compteurs du site (visites libres)
2026-10-04 11:36:02 [INFO]   749 TRI-NORV-27  E=603 S=31178
2026-10-04 11:36:02 [INFO]   750 TRI-NORV-28  E=30501 S=143
2026-10-04 11:36:02 [INFO]   751 TRI-NORV-PMR-29 E=2893 S=131
2026-10-04 11:36:03 [INFO]   transactions 11:21:02 -> 11:36:02 : 79 lues en 1 page(s), 42 musee, 37 site
2026-10-04 11:36:03 [INFO] Dialogue borne : 0.9 s
2026-10-04 11:36:03 [INFO] Visiteurs du 2026-10-04 : 176 (source compteur, compteur 176, transactions 174)
2026-10-04 11:36:03 [INFO] Site visites libres du 2026-10-04 : entrees 101, sorties 48, presents 53 (pic {'n': 78, 'heure': '11:06'}, source compteur)
2026-10-04 11:41:02 [INFO] Site visites libres : Visites libres 10h00 - 19h00 (fenetre 09:30-19:30)
2026-10-04 11:41:02 [INFO] Borne 192.168.2.10:5205 - compteurs du musee (Area 511 VISITES MUSEE)
2026-10-04 11:41:02 [INFO]   511 VISITES MUSEE E=106940 S=0
2026-10-04 11:41:02 [INFO]   512 ENTREE MUSEE E=106940 S=0
2026-10-04 11:41:02 [INFO]   1208 TRI-MUS-55   E=26438 S=0
2026-10-04 11:41:02 [INFO]   1209 TRI-MUS-56   E=53701 S=0
2026-10-04 11:41:02 [INFO]   1210 TRI-MUS-57   E=26801 S=0
2026-10-04 11:41:02 [INFO]   1040 PDA.3.11     E=0 S=0
2026-10-04 11:41:02 [INFO] Compteurs du site (visites libres)
2026-10-04 11:41:02 [INFO]   749 TRI-NORV-27  E=603 S=31178
2026-10-04 11:41:02 [INFO]   750 TRI-NORV-28  E=30513 S=143
2026-10-04 11:41:02 [INFO]   751 TRI-NORV-PMR-29 E=2893 S=131
2026-10-04 11:41:03 [INFO]   transactions 11:26:02 -> 11:41:02 : 75 lues en 1 page(s), 40 musee, 35 site
2026-10-04 11:41:03 [INFO] Dialogue borne : 1.1 s
2026-10-04 11:41:03 [INFO] Visiteurs du 2026-10-04 : 178 (source compteur, compteur 178, transactions 178)
2026-10-04 11:41:03 [INFO] Site visites libres du 2026-10-04 : entrees 113, sorties 48, presents 65 (pic {'n': 78, 'heure': '11:06'}, source compteur)
2026-10-04 11:46:02 [INFO] Site visites libres : Visites libres 10h00 - 19h00 (fenetre 09:30-19:30)
2026-10-04 11:46:02 [INFO] Borne 192.168.2.10:5205 - compteurs du musee (Area 511 VISITES MUSEE)
2026-10-04 11:46:02 [INFO]   511 VISITES MUSEE E=106943 S=0
2026-10-04 11:46:02 [INFO]   512 ENTREE MUSEE E=106943 S=0
2026-10-04 11:46:02 [INFO]   1208 TRI-MUS-55   E=26440 S=0
2026-10-04 11:46:02 [INFO]   1209 TRI-MUS-56   E=53702 S=0
2026-10-04 11:46:02 [INFO]   1210 TRI-MUS-57   E=26801 S=0
2026-10-04 11:46:02 [INFO]   1040 PDA.3.11     E=0 S=0
2026-10-04 11:46:02 [INFO] Compteurs du site (visites libres)
2026-10-04 11:46:02 [INFO]   749 TRI-NORV-27  E=603 S=31180
2026-10-04 11:46:02 [INFO]   750 TRI-NORV-28  E=30515 S=143
2026-10-04 11:46:02 [INFO]   751 TRI-NORV-PMR-29 E=2893 S=131
2026-10-04 11:46:03 [INFO]   transactions 11:31:02 -> 11:46:02 : 50 lues en 1 page(s), 20 musee, 30 site
2026-10-04 11:46:03 [INFO] Dialogue borne : 1.1 s
2026-10-04 11:46:03 [INFO] Visiteurs du 2026-10-04 : 181 (source compteur, compteur 181, transactions 181)
2026-10-04 11:46:03 [INFO] Site visites libres du 2026-10-04 : entrees 115, sorties 50, presents 65 (pic {'n': 78, 'heure': '11:06'}, source compteur)
2026-10-04 11:51:02 [INFO] Site visites libres : Visites libres 10h00 - 19h00 (fenetre 09:30-19:30)
2026-10-04 11:51:02 [INFO] Borne 192.168.2.10:5205 - compteurs du musee (Area 511 VISITES MUSEE)
2026-10-04 11:51:02 [INFO]   511 VISITES MUSEE E=106948 S=0
2026-10-04 11:51:02 [INFO]   512 ENTREE MUSEE E=106948 S=0
2026-10-04 11:51:02 [INFO]   1208 TRI-MUS-55   E=26443 S=0
2026-10-04 11:51:02 [INFO]   1209 TRI-MUS-56   E=53702 S=0
2026-10-04 11:51:02 [INFO]   1210 TRI-MUS-57   E=26803 S=0
2026-10-04 11:51:02 [INFO]   1040 PDA.3.11     E=0 S=0
2026-10-04 11:51:02 [INFO] Compteurs du site (visites libres)
2026-10-04 11:51:02 [INFO]   749 TRI-NORV-27  E=603 S=31181
2026-10-04 11:51:02 [INFO]   750 TRI-NORV-28  E=30521 S=143
2026-10-04 11:51:02 [INFO]   751 TRI-NORV-PMR-29 E=2893 S=131
2026-10-04 11:51:03 [INFO]   transactions 11:36:02 -> 11:51:02 : 35 lues en 1 page(s), 12 musee, 23 site
2026-10-04 11:51:03 [INFO] Dialogue borne : 0.9 s
2026-10-04 11:51:03 [INFO] Visiteurs du 2026-10-04 : 186 (source compteur, compteur 186, transactions 186)
2026-10-04 11:51:03 [INFO] Site visites libres du 2026-10-04 : entrees 121, sorties 51, presents 70 (pic {'n': 78, 'heure': '11:06'}, source compteur)
2026-10-04 11:56:02 [INFO] Site visites libres : Visites libres 10h00 - 19h00 (fenetre 09:30-19:30)
2026-10-04 11:56:02 [INFO] Borne 192.168.2.10:5205 - compteurs du musee (Area 511 VISITES MUSEE)
2026-10-04 11:56:02 [INFO]   511 VISITES MUSEE E=106955 S=0
2026-10-04 11:56:02 [INFO]   512 ENTREE MUSEE E=106955 S=0
2026-10-04 11:56:02 [INFO]   1208 TRI-MUS-55   E=26446 S=0
2026-10-04 11:56:02 [INFO]   1209 TRI-MUS-56   E=53704 S=0
2026-10-04 11:56:02 [INFO]   1210 TRI-MUS-57   E=26805 S=0
2026-10-04 11:56:02 [INFO]   1040 PDA.3.11     E=0 S=0
2026-10-04 11:56:02 [INFO] Compteurs du site (visites libres)
2026-10-04 11:56:02 [INFO]   749 TRI-NORV-27  E=603 S=31183
2026-10-04 11:56:02 [INFO]   750 TRI-NORV-28  E=30523 S=143
2026-10-04 11:56:02 [INFO]   751 TRI-NORV-PMR-29 E=2893 S=131
2026-10-04 11:56:03 [INFO]   transactions 11:41:02 -> 11:56:02 : 30 lues en 1 page(s), 15 musee, 15 site
2026-10-04 11:56:03 [INFO] Dialogue borne : 1.0 s
2026-10-04 11:56:03 [INFO] Visiteurs du 2026-10-04 : 193 (source compteur, compteur 193, transactions 193)
2026-10-04 11:56:03 [INFO] Site visites libres du 2026-10-04 : entrees 123, sorties 53, presents 70 (pic {'n': 78, 'heure': '11:06'}, source compteur)
2026-10-04 12:01:05 [INFO] Site visites libres : Visites libres 10h00 - 19h00 (fenetre 09:30-19:30)
2026-10-04 12:01:05 [INFO] Borne 192.168.2.10:5205 - compteurs du musee (Area 511 VISITES MUSEE)
2026-10-04 12:01:05 [INFO]   511 VISITES MUSEE E=106957 S=0
2026-10-04 12:01:05 [INFO]   512 ENTREE MUSEE E=106957 S=0
2026-10-04 12:01:06 [INFO]   1208 TRI-MUS-55   E=26446 S=0
2026-10-04 12:01:06 [INFO]   1209 TRI-MUS-56   E=53706 S=0
2026-10-04 12:01:06 [INFO]   1210 TRI-MUS-57   E=26805 S=0
2026-10-04 12:01:06 [INFO]   1040 PDA.3.11     E=0 S=0
2026-10-04 12:01:06 [INFO] Compteurs du site (visites libres)
2026-10-04 12:01:06 [INFO]   749 TRI-NORV-27  E=603 S=31187
2026-10-04 12:01:06 [INFO]   750 TRI-NORV-28  E=30523 S=143
2026-10-04 12:01:06 [INFO]   751 TRI-NORV-PMR-29 E=2893 S=131
2026-10-04 12:01:06 [INFO]   transactions 11:46:02 -> 12:01:05 : 31 lues en 1 page(s), 15 musee, 16 site
2026-10-04 12:01:06 [INFO] Dialogue borne : 1.2 s
2026-10-04 12:01:06 [INFO] Visiteurs du 2026-10-04 : 195 (source compteur, compteur 195, transactions 195)
2026-10-04 12:01:07 [INFO] Site visites libres du 2026-10-04 : entrees 123, sorties 57, presents 66 (pic {'n': 78, 'heure': '11:06'}, source compteur)
2026-10-04 12:06:02 [INFO] Site visites libres : Visites libres 10h00 - 19h00 (fenetre 09:30-19:30)
2026-10-04 12:06:02 [INFO] Borne 192.168.2.10:5205 - compteurs du musee (Area 511 VISITES MUSEE)
2026-10-04 12:06:02 [INFO]   511 VISITES MUSEE E=106963 S=0
2026-10-04 12:06:02 [INFO]   512 ENTREE MUSEE E=106963 S=0
2026-10-04 12:06:02 [INFO]   1208 TRI-MUS-55   E=26447 S=0
2026-10-04 12:06:02 [INFO]   1209 TRI-MUS-56   E=53710 S=0
2026-10-04 12:06:02 [INFO]   1210 TRI-MUS-57   E=26806 S=0
2026-10-04 12:06:02 [INFO]   1040 PDA.3.11     E=0 S=0
2026-10-04 12:06:02 [INFO] Compteurs du site (visites libres)
2026-10-04 12:06:02 [INFO]   749 TRI-NORV-27  E=603 S=31202
2026-10-04 12:06:02 [INFO]   750 TRI-NORV-28  E=30532 S=143
2026-10-04 12:06:02 [INFO]   751 TRI-NORV-PMR-29 E=2893 S=131
2026-10-04 12:06:03 [INFO]   transactions 11:51:05 -> 12:06:02 : 44 lues en 1 page(s), 16 musee, 28 site
2026-10-04 12:06:03 [INFO] Dialogue borne : 1.2 s
2026-10-04 12:06:03 [INFO] Visiteurs du 2026-10-04 : 201 (source compteur, compteur 201, transactions 201)
2026-10-04 12:06:03 [INFO] Site visites libres du 2026-10-04 : entrees 132, sorties 72, presents 60 (pic {'n': 78, 'heure': '11:06'}, source compteur)
2026-10-04 12:11:02 [INFO] Site visites libres : Visites libres 10h00 - 19h00 (fenetre 09:30-19:30)
2026-10-04 12:11:02 [INFO] Borne 192.168.2.10:5205 - compteurs du musee (Area 511 VISITES MUSEE)
2026-10-04 12:11:02 [INFO]   511 VISITES MUSEE E=106965 S=0
2026-10-04 12:11:02 [INFO]   512 ENTREE MUSEE E=106965 S=0
2026-10-04 12:11:02 [INFO]   1208 TRI-MUS-55   E=26448 S=0
2026-10-04 12:11:02 [INFO]   1209 TRI-MUS-56   E=53711 S=0
2026-10-04 12:11:02 [INFO]   1210 TRI-MUS-57   E=26806 S=0
2026-10-04 12:11:02 [INFO]   1040 PDA.3.11     E=0 S=0
2026-10-04 12:11:02 [INFO] Compteurs du site (visites libres)
2026-10-04 12:11:02 [INFO]   749 TRI-NORV-27  E=603 S=31213
2026-10-04 12:11:02 [INFO]   750 TRI-NORV-28  E=30541 S=143
2026-10-04 12:11:03 [INFO]   751 TRI-NORV-PMR-29 E=2893 S=131
2026-10-04 12:11:03 [INFO]   transactions 11:56:02 -> 12:11:02 : 57 lues en 1 page(s), 11 musee, 46 site
2026-10-04 12:11:03 [INFO] Dialogue borne : 1.3 s
2026-10-04 12:11:03 [INFO] Visiteurs du 2026-10-04 : 203 (source compteur, compteur 203, transactions 203)
2026-10-04 12:11:04 [INFO] Site visites libres du 2026-10-04 : entrees 141, sorties 83, presents 58 (pic {'n': 78, 'heure': '11:06'}, source compteur)
2026-10-04 12:16:02 [INFO] Site visites libres : Visites libres 10h00 - 19h00 (fenetre 09:30-19:30)
2026-10-04 12:16:02 [INFO] Borne 192.168.2.10:5205 - compteurs du musee (Area 511 VISITES MUSEE)
2026-10-04 12:16:02 [INFO]   511 VISITES MUSEE E=106974 S=0
2026-10-04 12:16:02 [INFO]   512 ENTREE MUSEE E=106974 S=0
2026-10-04 12:16:02 [INFO]   1208 TRI-MUS-55   E=26448 S=0
2026-10-04 12:16:02 [INFO]   1209 TRI-MUS-56   E=53714 S=0
2026-10-04 12:16:02 [INFO]   1210 TRI-MUS-57   E=26812 S=0
2026-10-04 12:16:02 [INFO]   1040 PDA.3.11     E=0 S=0
2026-10-04 12:16:02 [INFO] Compteurs du site (visites libres)
2026-10-04 12:16:02 [INFO]   749 TRI-NORV-27  E=603 S=31221
2026-10-04 12:16:02 [INFO]   750 TRI-NORV-28  E=30543 S=143
2026-10-04 12:16:02 [INFO]   751 TRI-NORV-PMR-29 E=2893 S=131
2026-10-04 12:16:03 [INFO]   transactions 12:01:02 -> 12:16:02 : 72 lues en 1 page(s), 17 musee, 55 site
2026-10-04 12:16:03 [INFO] Dialogue borne : 1.3 s
2026-10-04 12:16:03 [INFO] Visiteurs du 2026-10-04 : 212 (source compteur, compteur 212, transactions 212)
2026-10-04 12:16:03 [INFO] Site visites libres du 2026-10-04 : entrees 143, sorties 91, presents 52 (pic {'n': 78, 'heure': '11:06'}, source compteur)
2026-10-04 12:21:02 [INFO] Site visites libres : Visites libres 10h00 - 19h00 (fenetre 09:30-19:30)
2026-10-04 12:21:02 [INFO] Borne 192.168.2.10:5205 - compteurs du musee (Area 511 VISITES MUSEE)
2026-10-04 12:21:02 [INFO]   511 VISITES MUSEE E=106983 S=0
2026-10-04 12:21:02 [INFO]   512 ENTREE MUSEE E=106983 S=0
2026-10-04 12:21:02 [INFO]   1208 TRI-MUS-55   E=26449 S=0
2026-10-04 12:21:02 [INFO]   1209 TRI-MUS-56   E=53720 S=0
2026-10-04 12:21:02 [INFO]   1210 TRI-MUS-57   E=26814 S=0
2026-10-04 12:21:02 [INFO]   1040 PDA.3.11     E=0 S=0
2026-10-04 12:21:02 [INFO] Compteurs du site (visites libres)
2026-10-04 12:21:02 [INFO]   749 TRI-NORV-27  E=603 S=31243
2026-10-04 12:21:02 [INFO]   750 TRI-NORV-28  E=30548 S=143
2026-10-04 12:21:02 [INFO]   751 TRI-NORV-PMR-29 E=2893 S=131
2026-10-04 12:21:03 [INFO]   transactions 12:06:02 -> 12:21:02 : 74 lues en 1 page(s), 20 musee, 54 site
2026-10-04 12:21:03 [INFO] Dialogue borne : 1.2 s
2026-10-04 12:21:03 [INFO] Visiteurs du 2026-10-04 : 221 (source compteur, compteur 221, transactions 221)
2026-10-04 12:21:03 [INFO] Site visites libres du 2026-10-04 : entrees 148, sorties 113, presents 35 (pic {'n': 78, 'heure': '11:06'}, source compteur)
2026-10-04 12:26:02 [INFO] Site visites libres : Visites libres 10h00 - 19h00 (fenetre 09:30-19:30)
2026-10-04 12:26:02 [INFO] Borne 192.168.2.10:5205 - compteurs du musee (Area 511 VISITES MUSEE)
2026-10-04 12:26:02 [INFO]   511 VISITES MUSEE E=106988 S=0
2026-10-04 12:26:02 [INFO]   512 ENTREE MUSEE E=106988 S=0
2026-10-04 12:26:02 [INFO]   1208 TRI-MUS-55   E=26450 S=0
2026-10-04 12:26:02 [INFO]   1209 TRI-MUS-56   E=53722 S=0
2026-10-04 12:26:02 [INFO]   1210 TRI-MUS-57   E=26816 S=0
2026-10-04 12:26:02 [INFO]   1040 PDA.3.11     E=0 S=0
2026-10-04 12:26:02 [INFO] Compteurs du site (visites libres)
2026-10-04 12:26:02 [INFO]   749 TRI-NORV-27  E=603 S=31243
2026-10-04 12:26:02 [INFO]   750 TRI-NORV-28  E=30551 S=143
2026-10-04 12:26:02 [INFO]   751 TRI-NORV-PMR-29 E=2893 S=131
2026-10-04 12:26:03 [INFO]   transactions 12:11:02 -> 12:26:02 : 65 lues en 1 page(s), 23 musee, 42 site
2026-10-04 12:26:03 [INFO] Dialogue borne : 1.1 s
2026-10-04 12:26:03 [INFO] Visiteurs du 2026-10-04 : 226 (source compteur, compteur 226, transactions 226)
2026-10-04 12:26:03 [INFO] Site visites libres du 2026-10-04 : entrees 151, sorties 113, presents 38 (pic {'n': 78, 'heure': '11:06'}, source compteur)
2026-10-04 12:31:02 [INFO] Site visites libres : Visites libres 10h00 - 19h00 (fenetre 09:30-19:30)
2026-10-04 12:31:02 [INFO] Borne 192.168.2.10:5205 - compteurs du musee (Area 511 VISITES MUSEE)
2026-10-04 12:31:02 [INFO]   511 VISITES MUSEE E=107004 S=0
2026-10-04 12:31:02 [INFO]   512 ENTREE MUSEE E=107004 S=0
2026-10-04 12:31:02 [INFO]   1208 TRI-MUS-55   E=26454 S=0
2026-10-04 12:31:02 [INFO]   1209 TRI-MUS-56   E=53729 S=0
2026-10-04 12:31:02 [INFO]   1210 TRI-MUS-57   E=26821 S=0
2026-10-04 12:31:02 [INFO]   1040 PDA.3.11     E=0 S=0
2026-10-04 12:31:02 [INFO] Compteurs du site (visites libres)
2026-10-04 12:31:02 [INFO]   749 TRI-NORV-27  E=603 S=31246
2026-10-04 12:31:02 [INFO]   750 TRI-NORV-28  E=30557 S=143
2026-10-04 12:31:02 [INFO]   751 TRI-NORV-PMR-29 E=2893 S=131
2026-10-04 12:31:03 [INFO]   transactions 12:16:02 -> 12:31:02 : 70 lues en 1 page(s), 30 musee, 40 site
2026-10-04 12:31:03 [INFO] Dialogue borne : 1.2 s
2026-10-04 12:31:03 [INFO] Visiteurs du 2026-10-04 : 242 (source compteur, compteur 242, transactions 242)
2026-10-04 12:31:03 [INFO] Site visites libres du 2026-10-04 : entrees 157, sorties 116, presents 41 (pic {'n': 78, 'heure': '11:06'}, source compteur)
2026-10-04 12:36:02 [INFO] Site visites libres : Visites libres 10h00 - 19h00 (fenetre 09:30-19:30)
2026-10-04 12:36:02 [INFO] Borne 192.168.2.10:5205 - compteurs du musee (Area 511 VISITES MUSEE)
2026-10-04 12:36:02 [INFO]   511 VISITES MUSEE E=107004 S=0
2026-10-04 12:36:02 [INFO]   512 ENTREE MUSEE E=107004 S=0
2026-10-04 12:36:02 [INFO]   1208 TRI-MUS-55   E=26454 S=0
2026-10-04 12:36:02 [INFO]   1209 TRI-MUS-56   E=53729 S=0
2026-10-04 12:36:02 [INFO]   1210 TRI-MUS-57   E=26821 S=0
2026-10-04 12:36:02 [INFO]   1040 PDA.3.11     E=0 S=0
2026-10-04 12:36:02 [INFO] Compteurs du site (visites libres)
2026-10-04 12:36:02 [INFO]   749 TRI-NORV-27  E=603 S=31251
2026-10-04 12:36:02 [INFO]   750 TRI-NORV-28  E=30558 S=143
2026-10-04 12:36:02 [INFO]   751 TRI-NORV-PMR-29 E=2893 S=131
2026-10-04 12:36:03 [INFO]   transactions 12:21:02 -> 12:36:02 : 41 lues en 1 page(s), 21 musee, 20 site
2026-10-04 12:36:03 [INFO] Dialogue borne : 1.1 s
2026-10-04 12:36:03 [INFO] Visiteurs du 2026-10-04 : 242 (source compteur, compteur 242, transactions 242)
2026-10-04 12:36:03 [INFO] Site visites libres du 2026-10-04 : entrees 158, sorties 121, presents 37 (pic {'n': 78, 'heure': '11:06'}, source compteur)
2026-10-04 12:41:02 [INFO] Site visites libres : Visites libres 10h00 - 19h00 (fenetre 09:30-19:30)
2026-10-04 12:41:02 [INFO] Borne 192.168.2.10:5205 - compteurs du musee (Area 511 VISITES MUSEE)
2026-10-04 12:41:02 [INFO]   511 VISITES MUSEE E=107006 S=0
2026-10-04 12:41:02 [INFO]   512 ENTREE MUSEE E=107006 S=0
2026-10-04 12:41:02 [INFO]   1208 TRI-MUS-55   E=26455 S=0
2026-10-04 12:41:02 [INFO]   1209 TRI-MUS-56   E=53730 S=0
2026-10-04 12:41:02 [INFO]   1210 TRI-MUS-57   E=26821 S=0
2026-10-04 12:41:02 [INFO]   1040 PDA.3.11     E=0 S=0
2026-10-04 12:41:02 [INFO] Compteurs du site (visites libres)
2026-10-04 12:41:02 [INFO]   749 TRI-NORV-27  E=603 S=31258
2026-10-04 12:41:02 [INFO]   750 TRI-NORV-28  E=30558 S=143
2026-10-04 12:41:02 [INFO]   751 TRI-NORV-PMR-29 E=2893 S=131
2026-10-04 12:41:03 [INFO]   transactions 12:26:02 -> 12:41:02 : 42 lues en 1 page(s), 18 musee, 24 site
2026-10-04 12:41:03 [INFO] Dialogue borne : 1.3 s
2026-10-04 12:41:03 [INFO] Visiteurs du 2026-10-04 : 244 (source compteur, compteur 244, transactions 244)
2026-10-04 12:41:03 [INFO] Site visites libres du 2026-10-04 : entrees 158, sorties 128, presents 30 (pic {'n': 78, 'heure': '11:06'}, source compteur)
2026-10-04 12:46:02 [INFO] Site visites libres : Visites libres 10h00 - 19h00 (fenetre 09:30-19:30)
2026-10-04 12:46:02 [INFO] Borne 192.168.2.10:5205 - compteurs du musee (Area 511 VISITES MUSEE)
2026-10-04 12:46:02 [INFO]   511 VISITES MUSEE E=107015 S=0
2026-10-04 12:46:02 [INFO]   512 ENTREE MUSEE E=107015 S=0
2026-10-04 12:46:02 [INFO]   1208 TRI-MUS-55   E=26458 S=0
2026-10-04 12:46:02 [INFO]   1209 TRI-MUS-56   E=53733 S=0
2026-10-04 12:46:02 [INFO]   1210 TRI-MUS-57   E=26824 S=0
2026-10-04 12:46:02 [INFO]   1040 PDA.3.11     E=0 S=0
2026-10-04 12:46:02 [INFO] Compteurs du site (visites libres)
2026-10-04 12:46:02 [INFO]   749 TRI-NORV-27  E=603 S=31263
2026-10-04 12:46:02 [INFO]   750 TRI-NORV-28  E=30565 S=143
2026-10-04 12:46:02 [INFO]   751 TRI-NORV-PMR-29 E=2893 S=131
2026-10-04 12:46:03 [INFO]   transactions 12:31:02 -> 12:46:02 : 38 lues en 1 page(s), 11 musee, 27 site
2026-10-04 12:46:03 [INFO] Dialogue borne : 1.2 s
2026-10-04 12:46:03 [INFO] Visiteurs du 2026-10-04 : 253 (source compteur, compteur 253, transactions 252)
2026-10-04 12:46:03 [INFO] Site visites libres du 2026-10-04 : entrees 165, sorties 133, presents 32 (pic {'n': 78, 'heure': '11:06'}, source compteur)
2026-10-04 12:51:02 [INFO] Site visites libres : Visites libres 10h00 - 19h00 (fenetre 09:30-19:30)
2026-10-04 12:51:02 [INFO] Borne 192.168.2.10:5205 - compteurs du musee (Area 511 VISITES MUSEE)
2026-10-04 12:51:02 [INFO]   511 VISITES MUSEE E=107019 S=0
2026-10-04 12:51:02 [INFO]   512 ENTREE MUSEE E=107019 S=0
2026-10-04 12:51:02 [INFO]   1208 TRI-MUS-55   E=26458 S=0
2026-10-04 12:51:02 [INFO]   1209 TRI-MUS-56   E=53735 S=0
2026-10-04 12:51:02 [INFO]   1210 TRI-MUS-57   E=26826 S=0
2026-10-04 12:51:02 [INFO]   1040 PDA.3.11     E=0 S=0
2026-10-04 12:51:02 [INFO] Compteurs du site (visites libres)
2026-10-04 12:51:02 [INFO]   749 TRI-NORV-27  E=603 S=31267
2026-10-04 12:51:02 [INFO]   750 TRI-NORV-28  E=30570 S=143
2026-10-04 12:51:02 [INFO]   751 TRI-NORV-PMR-29 E=2893 S=131
2026-10-04 12:51:03 [INFO]   transactions 12:36:02 -> 12:51:02 : 44 lues en 1 page(s), 16 musee, 28 site
2026-10-04 12:51:03 [INFO] Dialogue borne : 1.1 s
2026-10-04 12:51:03 [INFO] Visiteurs du 2026-10-04 : 257 (source compteur, compteur 257, transactions 257)
2026-10-04 12:51:03 [INFO] Site visites libres du 2026-10-04 : entrees 170, sorties 137, presents 33 (pic {'n': 78, 'heure': '11:06'}, source compteur)
2026-10-04 12:56:02 [INFO] Site visites libres : Visites libres 10h00 - 19h00 (fenetre 09:30-19:30)
2026-10-04 12:56:02 [INFO] Borne 192.168.2.10:5205 - compteurs du musee (Area 511 VISITES MUSEE)
2026-10-04 12:56:02 [INFO]   511 VISITES MUSEE E=107021 S=0
2026-10-04 12:56:02 [INFO]   512 ENTREE MUSEE E=107021 S=0
2026-10-04 12:56:02 [INFO]   1208 TRI-MUS-55   E=26459 S=0
2026-10-04 12:56:02 [INFO]   1209 TRI-MUS-56   E=53736 S=0
2026-10-04 12:56:02 [INFO]   1210 TRI-MUS-57   E=26826 S=0
2026-10-04 12:56:02 [INFO]   1040 PDA.3.11     E=0 S=0
2026-10-04 12:56:02 [INFO] Compteurs du site (visites libres)
2026-10-04 12:56:02 [INFO]   749 TRI-NORV-27  E=603 S=31278
2026-10-04 12:56:02 [INFO]   750 TRI-NORV-28  E=30573 S=143
2026-10-04 12:56:02 [INFO]   751 TRI-NORV-PMR-29 E=2893 S=131
2026-10-04 12:56:03 [INFO]   transactions 12:41:02 -> 12:56:02 : 51 lues en 1 page(s), 16 musee, 35 site
2026-10-04 12:56:03 [INFO] Dialogue borne : 1.0 s
2026-10-04 12:56:03 [INFO] Visiteurs du 2026-10-04 : 259 (source compteur, compteur 259, transactions 259)
2026-10-04 12:56:03 [INFO] Site visites libres du 2026-10-04 : entrees 173, sorties 148, presents 25 (pic {'n': 78, 'heure': '11:06'}, source compteur)
2026-10-04 13:01:02 [INFO] Site visites libres : Visites libres 10h00 - 19h00 (fenetre 09:30-19:30)
2026-10-04 13:01:02 [INFO] Borne 192.168.2.10:5205 - compteurs du musee (Area 511 VISITES MUSEE)
2026-10-04 13:01:02 [INFO]   511 VISITES MUSEE E=107023 S=0
2026-10-04 13:01:02 [INFO]   512 ENTREE MUSEE E=107023 S=0
2026-10-04 13:01:02 [INFO]   1208 TRI-MUS-55   E=26459 S=0
2026-10-04 13:01:02 [INFO]   1209 TRI-MUS-56   E=53738 S=0
2026-10-04 13:01:02 [INFO]   1210 TRI-MUS-57   E=26826 S=0
2026-10-04 13:01:02 [INFO]   1040 PDA.3.11     E=0 S=0
2026-10-04 13:01:02 [INFO] Compteurs du site (visites libres)
2026-10-04 13:01:02 [INFO]   749 TRI-NORV-27  E=603 S=31281
2026-10-04 13:01:02 [INFO]   750 TRI-NORV-28  E=30578 S=143
2026-10-04 13:01:02 [INFO]   751 TRI-NORV-PMR-29 E=2893 S=131
2026-10-04 13:01:03 [INFO]   transactions 12:46:02 -> 13:01:02 : 39 lues en 1 page(s), 8 musee, 31 site
2026-10-04 13:01:03 [INFO] Dialogue borne : 1.0 s
2026-10-04 13:01:03 [INFO] Visiteurs du 2026-10-04 : 261 (source compteur, compteur 261, transactions 261)
2026-10-04 13:01:03 [INFO] Site visites libres du 2026-10-04 : entrees 178, sorties 151, presents 27 (pic {'n': 78, 'heure': '11:06'}, source compteur)
2026-10-04 13:06:02 [INFO] Site visites libres : Visites libres 10h00 - 19h00 (fenetre 09:30-19:30)
2026-10-04 13:06:02 [INFO] Borne 192.168.2.10:5205 - compteurs du musee (Area 511 VISITES MUSEE)
2026-10-04 13:06:02 [INFO]   511 VISITES MUSEE E=107028 S=0
2026-10-04 13:06:02 [INFO]   512 ENTREE MUSEE E=107028 S=0
2026-10-04 13:06:02 [INFO]   1208 TRI-MUS-55   E=26461 S=0
2026-10-04 13:06:02 [INFO]   1209 TRI-MUS-56   E=53739 S=0
2026-10-04 13:06:02 [INFO]   1210 TRI-MUS-57   E=26828 S=0
2026-10-04 13:06:02 [INFO]   1040 PDA.3.11     E=0 S=0
2026-10-04 13:06:02 [INFO] Compteurs du site (visites libres)
2026-10-04 13:06:02 [INFO]   749 TRI-NORV-27  E=603 S=31285
2026-10-04 13:06:02 [INFO]   750 TRI-NORV-28  E=30578 S=143
2026-10-04 13:06:02 [INFO]   751 TRI-NORV-PMR-29 E=2893 S=131
2026-10-04 13:06:03 [INFO]   transactions 12:51:02 -> 13:06:02 : 35 lues en 1 page(s), 9 musee, 26 site
2026-10-04 13:06:03 [INFO] Dialogue borne : 1.2 s
2026-10-04 13:06:03 [INFO] Visiteurs du 2026-10-04 : 266 (source compteur, compteur 266, transactions 266)
2026-10-04 13:06:03 [INFO] Site visites libres du 2026-10-04 : entrees 178, sorties 155, presents 23 (pic {'n': 78, 'heure': '11:06'}, source compteur)
2026-10-04 13:11:02 [INFO] Site visites libres : Visites libres 10h00 - 19h00 (fenetre 09:30-19:30)
2026-10-04 13:11:02 [INFO] Borne 192.168.2.10:5205 - compteurs du musee (Area 511 VISITES MUSEE)
2026-10-04 13:11:02 [INFO]   511 VISITES MUSEE E=107030 S=0
2026-10-04 13:11:02 [INFO]   512 ENTREE MUSEE E=107030 S=0
2026-10-04 13:11:02 [INFO]   1208 TRI-MUS-55   E=26462 S=0
2026-10-04 13:11:02 [INFO]   1209 TRI-MUS-56   E=53740 S=0
2026-10-04 13:11:02 [INFO]   1210 TRI-MUS-57   E=26828 S=0
2026-10-04 13:11:02 [INFO]   1040 PDA.3.11     E=0 S=0
2026-10-04 13:11:02 [INFO] Compteurs du site (visites libres)
2026-10-04 13:11:02 [INFO]   749 TRI-NORV-27  E=603 S=31287
2026-10-04 13:11:02 [INFO]   750 TRI-NORV-28  E=30578 S=143
2026-10-04 13:11:02 [INFO]   751 TRI-NORV-PMR-29 E=2893 S=131
2026-10-04 13:11:03 [INFO]   transactions 12:56:02 -> 13:11:02 : 23 lues en 1 page(s), 9 musee, 14 site
2026-10-04 13:11:03 [INFO] Dialogue borne : 1.3 s
2026-10-04 13:11:03 [INFO] Visiteurs du 2026-10-04 : 268 (source compteur, compteur 268, transactions 268)
2026-10-04 13:11:03 [INFO] Site visites libres du 2026-10-04 : entrees 178, sorties 157, presents 21 (pic {'n': 78, 'heure': '11:06'}, source compteur)
2026-10-04 13:16:02 [INFO] Site visites libres : Visites libres 10h00 - 19h00 (fenetre 09:30-19:30)
2026-10-04 13:16:02 [INFO] Borne 192.168.2.10:5205 - compteurs du musee (Area 511 VISITES MUSEE)
2026-10-04 13:16:02 [INFO]   511 VISITES MUSEE E=107030 S=0
2026-10-04 13:16:02 [INFO]   512 ENTREE MUSEE E=107030 S=0
2026-10-04 13:16:02 [INFO]   1208 TRI-MUS-55   E=26462 S=0
2026-10-04 13:16:02 [INFO]   1209 TRI-MUS-56   E=53740 S=0
2026-10-04 13:16:02 [INFO]   1210 TRI-MUS-57   E=26828 S=0
2026-10-04 13:16:02 [INFO]   1040 PDA.3.11     E=0 S=0
2026-10-04 13:16:02 [INFO] Compteurs du site (visites libres)
2026-10-04 13:16:02 [INFO]   749 TRI-NORV-27  E=603 S=31287
2026-10-04 13:16:02 [INFO]   750 TRI-NORV-28  E=30583 S=143
2026-10-04 13:16:02 [INFO]   751 TRI-NORV-PMR-29 E=2893 S=131
2026-10-04 13:16:03 [INFO]   transactions 13:01:02 -> 13:16:02 : 18 lues en 1 page(s), 7 musee, 11 site
2026-10-04 13:16:03 [INFO] Dialogue borne : 1.1 s
2026-10-04 13:16:03 [INFO] Visiteurs du 2026-10-04 : 268 (source compteur, compteur 268, transactions 268)
2026-10-04 13:16:03 [INFO] Site visites libres du 2026-10-04 : entrees 183, sorties 157, presents 26 (pic {'n': 78, 'heure': '11:06'}, source compteur)
2026-10-04 13:21:02 [INFO] Site visites libres : Visites libres 10h00 - 19h00 (fenetre 09:30-19:30)
2026-10-04 13:21:02 [INFO] Borne 192.168.2.10:5205 - compteurs du musee (Area 511 VISITES MUSEE)
2026-10-04 13:21:02 [INFO]   511 VISITES MUSEE E=107038 S=0
2026-10-04 13:21:02 [INFO]   512 ENTREE MUSEE E=107038 S=0
2026-10-04 13:21:02 [INFO]   1208 TRI-MUS-55   E=26464 S=0
2026-10-04 13:21:02 [INFO]   1209 TRI-MUS-56   E=53741 S=0
2026-10-04 13:21:02 [INFO]   1210 TRI-MUS-57   E=26833 S=0
2026-10-04 13:21:02 [INFO]   1040 PDA.3.11     E=0 S=0
2026-10-04 13:21:02 [INFO] Compteurs du site (visites libres)
2026-10-04 13:21:02 [INFO]   749 TRI-NORV-27  E=603 S=31287
2026-10-04 13:21:02 [INFO]   750 TRI-NORV-28  E=30588 S=143
2026-10-04 13:21:02 [INFO]   751 TRI-NORV-PMR-29 E=2893 S=131
2026-10-04 13:21:03 [INFO]   transactions 13:06:02 -> 13:21:02 : 22 lues en 1 page(s), 10 musee, 12 site
2026-10-04 13:21:03 [INFO] Dialogue borne : 1.0 s
2026-10-04 13:21:03 [INFO] Visiteurs du 2026-10-04 : 276 (source compteur, compteur 276, transactions 276)
2026-10-04 13:21:03 [INFO] Site visites libres du 2026-10-04 : entrees 188, sorties 157, presents 31 (pic {'n': 78, 'heure': '11:06'}, source compteur)
2026-10-04 13:26:02 [INFO] Site visites libres : Visites libres 10h00 - 19h00 (fenetre 09:30-19:30)
2026-10-04 13:26:02 [INFO] Borne 192.168.2.10:5205 - compteurs du musee (Area 511 VISITES MUSEE)
2026-10-04 13:26:02 [INFO]   511 VISITES MUSEE E=107042 S=0
2026-10-04 13:26:02 [INFO]   512 ENTREE MUSEE E=107042 S=0
2026-10-04 13:26:02 [INFO]   1208 TRI-MUS-55   E=26464 S=0
2026-10-04 13:26:02 [INFO]   1209 TRI-MUS-56   E=53743 S=0
2026-10-04 13:26:02 [INFO]   1210 TRI-MUS-57   E=26835 S=0
2026-10-04 13:26:02 [INFO]   1040 PDA.3.11     E=0 S=0
2026-10-04 13:26:02 [INFO] Compteurs du site (visites libres)
2026-10-04 13:26:02 [INFO]   749 TRI-NORV-27  E=603 S=31287
2026-10-04 13:26:02 [INFO]   750 TRI-NORV-28  E=30599 S=143
2026-10-04 13:26:02 [INFO]   751 TRI-NORV-PMR-29 E=2893 S=131
2026-10-04 13:26:03 [INFO]   transactions 13:11:02 -> 13:26:02 : 28 lues en 1 page(s), 12 musee, 16 site
2026-10-04 13:26:03 [INFO] Dialogue borne : 1.1 s
2026-10-04 13:26:03 [INFO] Visiteurs du 2026-10-04 : 280 (source compteur, compteur 280, transactions 280)
2026-10-04 13:26:03 [INFO] Site visites libres du 2026-10-04 : entrees 199, sorties 157, presents 42 (pic {'n': 78, 'heure': '11:06'}, source compteur)
2026-10-04 13:31:02 [INFO] Site visites libres : Visites libres 10h00 - 19h00 (fenetre 09:30-19:30)
2026-10-04 13:31:02 [INFO] Borne 192.168.2.10:5205 - compteurs du musee (Area 511 VISITES MUSEE)
2026-10-04 13:31:02 [INFO]   511 VISITES MUSEE E=107044 S=0
2026-10-04 13:31:02 [INFO]   512 ENTREE MUSEE E=107044 S=0
2026-10-04 13:31:02 [INFO]   1208 TRI-MUS-55   E=26465 S=0
2026-10-04 13:31:02 [INFO]   1209 TRI-MUS-56   E=53744 S=0
2026-10-04 13:31:02 [INFO]   1210 TRI-MUS-57   E=26835 S=0
2026-10-04 13:31:02 [INFO]   1040 PDA.3.11     E=0 S=0
2026-10-04 13:31:02 [INFO] Compteurs du site (visites libres)
2026-10-04 13:31:02 [INFO]   749 TRI-NORV-27  E=603 S=31287
2026-10-04 13:31:02 [INFO]   750 TRI-NORV-28  E=30603 S=143
2026-10-04 13:31:02 [INFO]   751 TRI-NORV-PMR-29 E=2893 S=131
2026-10-04 13:31:03 [INFO]   transactions 13:16:02 -> 13:31:02 : 30 lues en 1 page(s), 14 musee, 16 site
2026-10-04 13:31:03 [INFO] Dialogue borne : 1.0 s
2026-10-04 13:31:03 [INFO] Visiteurs du 2026-10-04 : 282 (source compteur, compteur 282, transactions 282)
2026-10-04 13:31:03 [INFO] Site visites libres du 2026-10-04 : entrees 203, sorties 157, presents 46 (pic {'n': 78, 'heure': '11:06'}, source compteur)
2026-10-04 13:36:02 [INFO] Site visites libres : Visites libres 10h00 - 19h00 (fenetre 09:30-19:30)
2026-10-04 13:36:02 [INFO] Borne 192.168.2.10:5205 - compteurs du musee (Area 511 VISITES MUSEE)
2026-10-04 13:36:02 [INFO]   511 VISITES MUSEE E=107053 S=0
2026-10-04 13:36:02 [INFO]   512 ENTREE MUSEE E=107053 S=0
2026-10-04 13:36:02 [INFO]   1208 TRI-MUS-55   E=26466 S=0
2026-10-04 13:36:02 [INFO]   1209 TRI-MUS-56   E=53748 S=0
2026-10-04 13:36:02 [INFO]   1210 TRI-MUS-57   E=26839 S=0
2026-10-04 13:36:02 [INFO]   1040 PDA.3.11     E=0 S=0
2026-10-04 13:36:02 [INFO] Compteurs du site (visites libres)
2026-10-04 13:36:02 [INFO]   749 TRI-NORV-27  E=603 S=31290
2026-10-04 13:36:02 [INFO]   750 TRI-NORV-28  E=30607 S=143
2026-10-04 13:36:02 [INFO]   751 TRI-NORV-PMR-29 E=2893 S=131
2026-10-04 13:36:03 [INFO]   transactions 13:21:02 -> 13:36:02 : 37 lues en 1 page(s), 15 musee, 22 site
2026-10-04 13:36:03 [INFO] Dialogue borne : 1.0 s
2026-10-04 13:36:03 [INFO] Visiteurs du 2026-10-04 : 291 (source compteur, compteur 291, transactions 291)
2026-10-04 13:36:03 [INFO] Site visites libres du 2026-10-04 : entrees 207, sorties 160, presents 47 (pic {'n': 78, 'heure': '11:06'}, source compteur)
2026-10-04 13:41:02 [INFO] Site visites libres : Visites libres 10h00 - 19h00 (fenetre 09:30-19:30)
2026-10-04 13:41:02 [INFO] Borne 192.168.2.10:5205 - compteurs du musee (Area 511 VISITES MUSEE)
2026-10-04 13:41:02 [INFO]   511 VISITES MUSEE E=107053 S=0
2026-10-04 13:41:02 [INFO]   512 ENTREE MUSEE E=107053 S=0
2026-10-04 13:41:02 [INFO]   1208 TRI-MUS-55   E=26466 S=0
2026-10-04 13:41:02 [INFO]   1209 TRI-MUS-56   E=53748 S=0
2026-10-04 13:41:02 [INFO]   1210 TRI-MUS-57   E=26839 S=0
2026-10-04 13:41:02 [INFO]   1040 PDA.3.11     E=0 S=0
2026-10-04 13:41:02 [INFO] Compteurs du site (visites libres)
2026-10-04 13:41:02 [INFO]   749 TRI-NORV-27  E=603 S=31290
2026-10-04 13:41:02 [INFO]   750 TRI-NORV-28  E=30610 S=143
2026-10-04 13:41:02 [INFO]   751 TRI-NORV-PMR-29 E=2893 S=131
2026-10-04 13:41:03 [INFO]   transactions 13:26:02 -> 13:41:02 : 25 lues en 1 page(s), 11 musee, 14 site
2026-10-04 13:41:03 [INFO] Dialogue borne : 1.0 s
2026-10-04 13:41:03 [INFO] Visiteurs du 2026-10-04 : 291 (source compteur, compteur 291, transactions 291)
2026-10-04 13:41:03 [INFO] Site visites libres du 2026-10-04 : entrees 210, sorties 160, presents 50 (pic {'n': 78, 'heure': '11:06'}, source compteur)
2026-10-04 13:46:02 [INFO] Site visites libres : Visites libres 10h00 - 19h00 (fenetre 09:30-19:30)
2026-10-04 13:46:02 [INFO] Borne 192.168.2.10:5205 - compteurs du musee (Area 511 VISITES MUSEE)
2026-10-04 13:46:02 [INFO]   511 VISITES MUSEE E=107060 S=0
2026-10-04 13:46:02 [INFO]   512 ENTREE MUSEE E=107060 S=0
2026-10-04 13:46:02 [INFO]   1208 TRI-MUS-55   E=26467 S=0
2026-10-04 13:46:02 [INFO]   1209 TRI-MUS-56   E=53751 S=0
2026-10-04 13:46:02 [INFO]   1210 TRI-MUS-57   E=26842 S=0
2026-10-04 13:46:02 [INFO]   1040 PDA.3.11     E=0 S=0
2026-10-04 13:46:02 [INFO] Compteurs du site (visites libres)
2026-10-04 13:46:02 [INFO]   749 TRI-NORV-27  E=603 S=31294
2026-10-04 13:46:02 [INFO]   750 TRI-NORV-28  E=30623 S=143
2026-10-04 13:46:02 [INFO]   751 TRI-NORV-PMR-29 E=2893 S=131
2026-10-04 13:46:03 [INFO]   transactions 13:31:02 -> 13:46:02 : 41 lues en 1 page(s), 16 musee, 25 site
2026-10-04 13:46:03 [INFO] Dialogue borne : 1.1 s
2026-10-04 13:46:03 [INFO] Visiteurs du 2026-10-04 : 298 (source compteur, compteur 298, transactions 298)
2026-10-04 13:46:03 [INFO] Site visites libres du 2026-10-04 : entrees 223, sorties 164, presents 59 (pic {'n': 78, 'heure': '11:06'}, source compteur)
2026-10-04 13:51:02 [INFO] Site visites libres : Visites libres 10h00 - 19h00 (fenetre 09:30-19:30)
2026-10-04 13:51:02 [INFO] Borne 192.168.2.10:5205 - compteurs du musee (Area 511 VISITES MUSEE)
2026-10-04 13:51:02 [INFO]   511 VISITES MUSEE E=107070 S=0
2026-10-04 13:51:02 [INFO]   512 ENTREE MUSEE E=107070 S=0
2026-10-04 13:51:02 [INFO]   1208 TRI-MUS-55   E=26468 S=0
2026-10-04 13:51:02 [INFO]   1209 TRI-MUS-56   E=53757 S=0
2026-10-04 13:51:02 [INFO]   1210 TRI-MUS-57   E=26845 S=0
2026-10-04 13:51:02 [INFO]   1040 PDA.3.11     E=0 S=0
2026-10-04 13:51:02 [INFO] Compteurs du site (visites libres)
2026-10-04 13:51:02 [INFO]   749 TRI-NORV-27  E=603 S=31294
2026-10-04 13:51:02 [INFO]   750 TRI-NORV-28  E=30631 S=143
2026-10-04 13:51:02 [INFO]   751 TRI-NORV-PMR-29 E=2893 S=131
2026-10-04 13:51:03 [INFO]   transactions 13:36:02 -> 13:51:02 : 45 lues en 1 page(s), 18 musee, 27 site
2026-10-04 13:51:03 [INFO] Dialogue borne : 1.1 s
2026-10-04 13:51:03 [INFO] Visiteurs du 2026-10-04 : 308 (source compteur, compteur 308, transactions 304)
2026-10-04 13:51:03 [INFO] Site visites libres du 2026-10-04 : entrees 231, sorties 164, presents 67 (pic {'n': 78, 'heure': '11:06'}, source compteur)
2026-10-04 13:56:02 [INFO] Site visites libres : Visites libres 10h00 - 19h00 (fenetre 09:30-19:30)
2026-10-04 13:56:02 [INFO] Borne 192.168.2.10:5205 - compteurs du musee (Area 511 VISITES MUSEE)
2026-10-04 13:56:02 [INFO]   511 VISITES MUSEE E=107080 S=0
2026-10-04 13:56:02 [INFO]   512 ENTREE MUSEE E=107080 S=0
2026-10-04 13:56:02 [INFO]   1208 TRI-MUS-55   E=26470 S=0
2026-10-04 13:56:02 [INFO]   1209 TRI-MUS-56   E=53762 S=0
2026-10-04 13:56:02 [INFO]   1210 TRI-MUS-57   E=26848 S=0
2026-10-04 13:56:02 [INFO]   1040 PDA.3.11     E=0 S=0
2026-10-04 13:56:02 [INFO] Compteurs du site (visites libres)
2026-10-04 13:56:02 [INFO]   749 TRI-NORV-27  E=603 S=31295
2026-10-04 13:56:02 [INFO]   750 TRI-NORV-28  E=30639 S=143
2026-10-04 13:56:02 [INFO]   751 TRI-NORV-PMR-29 E=2893 S=131
2026-10-04 13:56:03 [INFO]   transactions 13:41:02 -> 13:56:02 : 71 lues en 1 page(s), 35 musee, 36 site
2026-10-04 13:56:03 [INFO] Dialogue borne : 1.1 s
2026-10-04 13:56:03 [INFO] Visiteurs du 2026-10-04 : 318 (source compteur, compteur 318, transactions 318)
2026-10-04 13:56:03 [INFO] Site visites libres du 2026-10-04 : entrees 239, sorties 165, presents 74 (pic {'n': 78, 'heure': '11:06'}, source compteur)
2026-10-04 14:01:02 [INFO] Site visites libres : Visites libres 10h00 - 19h00 (fenetre 09:30-19:30)
2026-10-04 14:01:02 [INFO] Borne 192.168.2.10:5205 - compteurs du musee (Area 511 VISITES MUSEE)
2026-10-04 14:01:02 [INFO]   511 VISITES MUSEE E=107092 S=0
2026-10-04 14:01:02 [INFO]   512 ENTREE MUSEE E=107092 S=0
2026-10-04 14:01:02 [INFO]   1208 TRI-MUS-55   E=26479 S=0
2026-10-04 14:01:02 [INFO]   1209 TRI-MUS-56   E=53763 S=0
2026-10-04 14:01:02 [INFO]   1210 TRI-MUS-57   E=26850 S=0
2026-10-04 14:01:02 [INFO]   1040 PDA.3.11     E=0 S=0
2026-10-04 14:01:02 [INFO] Compteurs du site (visites libres)
2026-10-04 14:01:02 [INFO]   749 TRI-NORV-27  E=603 S=31295
2026-10-04 14:01:02 [INFO]   750 TRI-NORV-28  E=30642 S=143
2026-10-04 14:01:02 [INFO]   751 TRI-NORV-PMR-29 E=2893 S=131
2026-10-04 14:01:03 [INFO]   transactions 13:46:02 -> 14:01:02 : 57 lues en 1 page(s), 36 musee, 21 site
2026-10-04 14:01:03 [INFO] Dialogue borne : 1.1 s
2026-10-04 14:01:03 [INFO] Visiteurs du 2026-10-04 : 330 (source compteur, compteur 330, transactions 326)
2026-10-04 14:01:03 [INFO] Site visites libres du 2026-10-04 : entrees 242, sorties 165, presents 77 (pic {'n': 78, 'heure': '11:06'}, source compteur)
2026-10-04 14:06:02 [INFO] Site visites libres : Visites libres 10h00 - 19h00 (fenetre 09:30-19:30)
2026-10-04 14:06:02 [INFO] Borne 192.168.2.10:5205 - compteurs du musee (Area 511 VISITES MUSEE)
2026-10-04 14:06:02 [INFO]   511 VISITES MUSEE E=107100 S=0
2026-10-04 14:06:02 [INFO]   512 ENTREE MUSEE E=107100 S=0
2026-10-04 14:06:02 [INFO]   1208 TRI-MUS-55   E=26481 S=0
2026-10-04 14:06:02 [INFO]   1209 TRI-MUS-56   E=53766 S=0
2026-10-04 14:06:02 [INFO]   1210 TRI-MUS-57   E=26853 S=0
2026-10-04 14:06:02 [INFO]   1040 PDA.3.11     E=0 S=0
2026-10-04 14:06:02 [INFO] Compteurs du site (visites libres)
2026-10-04 14:06:02 [INFO]   749 TRI-NORV-27  E=603 S=31298
2026-10-04 14:06:02 [INFO]   750 TRI-NORV-28  E=30649 S=143
2026-10-04 14:06:02 [INFO]   751 TRI-NORV-PMR-29 E=2893 S=131
2026-10-04 14:06:03 [INFO]   transactions 13:51:02 -> 14:06:02 : 56 lues en 1 page(s), 34 musee, 22 site
2026-10-04 14:06:03 [INFO] Dialogue borne : 1.0 s
2026-10-04 14:06:03 [INFO] Visiteurs du 2026-10-04 : 338 (source compteur, compteur 338, transactions 337)
2026-10-04 14:06:03 [INFO] Site visites libres du 2026-10-04 : entrees 249, sorties 168, presents 81 (pic {'n': 81, 'heure': '14:06'}, source compteur)
2026-10-04 14:11:02 [INFO] Site visites libres : Visites libres 10h00 - 19h00 (fenetre 09:30-19:30)
2026-10-04 14:11:02 [INFO] Borne 192.168.2.10:5205 - compteurs du musee (Area 511 VISITES MUSEE)
2026-10-04 14:11:02 [INFO]   511 VISITES MUSEE E=107110 S=0
2026-10-04 14:11:02 [INFO]   512 ENTREE MUSEE E=107110 S=0
2026-10-04 14:11:02 [INFO]   1208 TRI-MUS-55   E=26483 S=0
2026-10-04 14:11:02 [INFO]   1209 TRI-MUS-56   E=53773 S=0
2026-10-04 14:11:02 [INFO]   1210 TRI-MUS-57   E=26854 S=0
2026-10-04 14:11:02 [INFO]   1040 PDA.3.11     E=0 S=0
2026-10-04 14:11:02 [INFO] Compteurs du site (visites libres)
2026-10-04 14:11:02 [INFO]   749 TRI-NORV-27  E=603 S=31298
2026-10-04 14:11:02 [INFO]   750 TRI-NORV-28  E=30659 S=143
2026-10-04 14:11:02 [INFO]   751 TRI-NORV-PMR-29 E=2893 S=131
2026-10-04 14:11:03 [INFO]   transactions 13:56:02 -> 14:11:02 : 55 lues en 1 page(s), 33 musee, 22 site
2026-10-04 14:11:03 [INFO] Dialogue borne : 1.0 s
2026-10-04 14:11:03 [INFO] Visiteurs du 2026-10-04 : 348 (source compteur, compteur 348, transactions 348)
2026-10-04 14:11:03 [INFO] Site visites libres du 2026-10-04 : entrees 259, sorties 168, presents 91 (pic {'n': 91, 'heure': '14:11'}, source compteur)
2026-10-04 14:16:02 [INFO] Site visites libres : Visites libres 10h00 - 19h00 (fenetre 09:30-19:30)
2026-10-04 14:16:02 [INFO] Borne 192.168.2.10:5205 - compteurs du musee (Area 511 VISITES MUSEE)
2026-10-04 14:16:02 [INFO]   511 VISITES MUSEE E=107114 S=0
2026-10-04 14:16:02 [INFO]   512 ENTREE MUSEE E=107114 S=0
2026-10-04 14:16:02 [INFO]   1208 TRI-MUS-55   E=26483 S=0
2026-10-04 14:16:02 [INFO]   1209 TRI-MUS-56   E=53774 S=0
2026-10-04 14:16:02 [INFO]   1210 TRI-MUS-57   E=26857 S=0
2026-10-04 14:16:02 [INFO]   1040 PDA.3.11     E=0 S=0
2026-10-04 14:16:02 [INFO] Compteurs du site (visites libres)
2026-10-04 14:16:02 [INFO]   749 TRI-NORV-27  E=603 S=31298
2026-10-04 14:16:02 [INFO]   750 TRI-NORV-28  E=30674 S=143
2026-10-04 14:16:02 [INFO]   751 TRI-NORV-PMR-29 E=2893 S=131
2026-10-04 14:16:03 [INFO]   transactions 14:01:02 -> 14:16:02 : 55 lues en 1 page(s), 25 musee, 30 site
2026-10-04 14:16:03 [INFO] Dialogue borne : 1.1 s
2026-10-04 14:16:03 [INFO] Visiteurs du 2026-10-04 : 352 (source compteur, compteur 352, transactions 352)
2026-10-04 14:16:03 [INFO] Site visites libres du 2026-10-04 : entrees 274, sorties 168, presents 106 (pic {'n': 106, 'heure': '14:16'}, source compteur)
2026-10-04 14:21:02 [INFO] Site visites libres : Visites libres 10h00 - 19h00 (fenetre 09:30-19:30)
2026-10-04 14:21:02 [INFO] Borne 192.168.2.10:5205 - compteurs du musee (Area 511 VISITES MUSEE)
2026-10-04 14:21:02 [INFO]   511 VISITES MUSEE E=107119 S=0
2026-10-04 14:21:02 [INFO]   512 ENTREE MUSEE E=107119 S=0
2026-10-04 14:21:02 [INFO]   1208 TRI-MUS-55   E=26485 S=0
2026-10-04 14:21:02 [INFO]   1209 TRI-MUS-56   E=53776 S=0
2026-10-04 14:21:02 [INFO]   1210 TRI-MUS-57   E=26858 S=0
2026-10-04 14:21:02 [INFO]   1040 PDA.3.11     E=0 S=0
2026-10-04 14:21:02 [INFO] Compteurs du site (visites libres)
2026-10-04 14:21:02 [INFO]   749 TRI-NORV-27  E=603 S=31304
2026-10-04 14:21:02 [INFO]   750 TRI-NORV-28  E=30679 S=143
2026-10-04 14:21:02 [INFO]   751 TRI-NORV-PMR-29 E=2893 S=131
2026-10-04 14:21:03 [INFO]   transactions 14:06:02 -> 14:21:02 : 56 lues en 1 page(s), 19 musee, 37 site
2026-10-04 14:21:03 [INFO] Dialogue borne : 1.2 s
2026-10-04 14:21:03 [INFO] Visiteurs du 2026-10-04 : 357 (source compteur, compteur 357, transactions 357)
2026-10-04 14:21:03 [INFO] Site visites libres du 2026-10-04 : entrees 279, sorties 174, presents 105 (pic {'n': 106, 'heure': '14:16'}, source compteur)
2026-10-04 14:26:02 [INFO] Site visites libres : Visites libres 10h00 - 19h00 (fenetre 09:30-19:30)
2026-10-04 14:26:02 [INFO] Borne 192.168.2.10:5205 - compteurs du musee (Area 511 VISITES MUSEE)
2026-10-04 14:26:02 [INFO]   511 VISITES MUSEE E=107119 S=0
2026-10-04 14:26:02 [INFO]   512 ENTREE MUSEE E=107119 S=0
2026-10-04 14:26:02 [INFO]   1208 TRI-MUS-55   E=26485 S=0
2026-10-04 14:26:02 [INFO]   1209 TRI-MUS-56   E=53776 S=0
2026-10-04 14:26:02 [INFO]   1210 TRI-MUS-57   E=26858 S=0
2026-10-04 14:26:02 [INFO]   1040 PDA.3.11     E=0 S=0
2026-10-04 14:26:02 [INFO] Compteurs du site (visites libres)
2026-10-04 14:26:02 [INFO]   749 TRI-NORV-27  E=603 S=31304
2026-10-04 14:26:02 [INFO]   750 TRI-NORV-28  E=30693 S=143
2026-10-04 14:26:02 [INFO]   751 TRI-NORV-PMR-29 E=2893 S=131
2026-10-04 14:26:03 [INFO]   transactions 14:11:02 -> 14:26:02 : 46 lues en 1 page(s), 9 musee, 37 site
2026-10-04 14:26:03 [INFO] Dialogue borne : 1.1 s
2026-10-04 14:26:03 [INFO] Visiteurs du 2026-10-04 : 357 (source compteur, compteur 357, transactions 357)
2026-10-04 14:26:03 [INFO] Site visites libres du 2026-10-04 : entrees 293, sorties 174, presents 119 (pic {'n': 119, 'heure': '14:26'}, source compteur)
2026-10-04 14:31:02 [INFO] Site visites libres : Visites libres 10h00 - 19h00 (fenetre 09:30-19:30)
2026-10-04 14:31:02 [INFO] Borne 192.168.2.10:5205 - compteurs du musee (Area 511 VISITES MUSEE)
2026-10-04 14:31:02 [INFO]   511 VISITES MUSEE E=107123 S=0
2026-10-04 14:31:02 [INFO]   512 ENTREE MUSEE E=107123 S=0
2026-10-04 14:31:02 [INFO]   1208 TRI-MUS-55   E=26485 S=0
2026-10-04 14:31:02 [INFO]   1209 TRI-MUS-56   E=53778 S=0
2026-10-04 14:31:02 [INFO]   1210 TRI-MUS-57   E=26860 S=0
2026-10-04 14:31:02 [INFO]   1040 PDA.3.11     E=0 S=0
2026-10-04 14:31:02 [INFO] Compteurs du site (visites libres)
2026-10-04 14:31:02 [INFO]   749 TRI-NORV-27  E=603 S=31307
2026-10-04 14:31:02 [INFO]   750 TRI-NORV-28  E=30704 S=143
2026-10-04 14:31:02 [INFO]   751 TRI-NORV-PMR-29 E=2893 S=131
2026-10-04 14:31:03 [INFO]   transactions 14:16:02 -> 14:31:02 : 51 lues en 1 page(s), 11 musee, 40 site
2026-10-04 14:31:03 [INFO] Dialogue borne : 1.1 s
2026-10-04 14:31:03 [INFO] Visiteurs du 2026-10-04 : 361 (source compteur, compteur 361, transactions 361)
2026-10-04 14:31:03 [INFO] Site visites libres du 2026-10-04 : entrees 304, sorties 177, presents 127 (pic {'n': 127, 'heure': '14:31'}, source compteur)
2026-10-04 14:36:02 [INFO] Site visites libres : Visites libres 10h00 - 19h00 (fenetre 09:30-19:30)
2026-10-04 14:36:02 [INFO] Borne 192.168.2.10:5205 - compteurs du musee (Area 511 VISITES MUSEE)
2026-10-04 14:36:02 [INFO]   511 VISITES MUSEE E=107125 S=0
2026-10-04 14:36:02 [INFO]   512 ENTREE MUSEE E=107125 S=0
2026-10-04 14:36:02 [INFO]   1208 TRI-MUS-55   E=26485 S=0
2026-10-04 14:36:02 [INFO]   1209 TRI-MUS-56   E=53779 S=0
2026-10-04 14:36:02 [INFO]   1210 TRI-MUS-57   E=26861 S=0
2026-10-04 14:36:02 [INFO]   1040 PDA.3.11     E=0 S=0
2026-10-04 14:36:02 [INFO] Compteurs du site (visites libres)
2026-10-04 14:36:02 [INFO]   749 TRI-NORV-27  E=603 S=31307
2026-10-04 14:36:02 [INFO]   750 TRI-NORV-28  E=30713 S=143
2026-10-04 14:36:02 [INFO]   751 TRI-NORV-PMR-29 E=2893 S=131
2026-10-04 14:36:03 [INFO]   transactions 14:21:02 -> 14:36:02 : 45 lues en 1 page(s), 8 musee, 37 site
2026-10-04 14:36:03 [INFO] Dialogue borne : 1.2 s
2026-10-04 14:36:03 [INFO] Visiteurs du 2026-10-04 : 363 (source compteur, compteur 363, transactions 363)
2026-10-04 14:36:03 [INFO] Site visites libres du 2026-10-04 : entrees 313, sorties 177, presents 136 (pic {'n': 136, 'heure': '14:36'}, source compteur)
2026-10-04 14:41:02 [INFO] Site visites libres : Visites libres 10h00 - 19h00 (fenetre 09:30-19:30)
2026-10-04 14:41:02 [INFO] Borne 192.168.2.10:5205 - compteurs du musee (Area 511 VISITES MUSEE)
2026-10-04 14:41:02 [INFO]   511 VISITES MUSEE E=107131 S=0
2026-10-04 14:41:02 [INFO]   512 ENTREE MUSEE E=107131 S=0
2026-10-04 14:41:02 [INFO]   1208 TRI-MUS-55   E=26485 S=0
2026-10-04 14:41:02 [INFO]   1209 TRI-MUS-56   E=53782 S=0
2026-10-04 14:41:02 [INFO]   1210 TRI-MUS-57   E=26864 S=0
2026-10-04 14:41:02 [INFO]   1040 PDA.3.11     E=0 S=0
2026-10-04 14:41:02 [INFO] Compteurs du site (visites libres)
2026-10-04 14:41:02 [INFO]   749 TRI-NORV-27  E=603 S=31308
2026-10-04 14:41:02 [INFO]   750 TRI-NORV-28  E=30724 S=143
2026-10-04 14:41:02 [INFO]   751 TRI-NORV-PMR-29 E=2893 S=131
2026-10-04 14:41:03 [INFO]   transactions 14:26:02 -> 14:41:02 : 49 lues en 1 page(s), 14 musee, 35 site
2026-10-04 14:41:03 [INFO] Dialogue borne : 1.0 s
2026-10-04 14:41:03 [INFO] Visiteurs du 2026-10-04 : 369 (source compteur, compteur 369, transactions 369)
2026-10-04 14:41:03 [INFO] Site visites libres du 2026-10-04 : entrees 324, sorties 178, presents 146 (pic {'n': 146, 'heure': '14:41'}, source compteur)
2026-10-04 14:46:02 [INFO] Site visites libres : Visites libres 10h00 - 19h00 (fenetre 09:30-19:30)
2026-10-04 14:46:02 [INFO] Borne 192.168.2.10:5205 - compteurs du musee (Area 511 VISITES MUSEE)
2026-10-04 14:46:02 [INFO]   511 VISITES MUSEE E=107132 S=0
2026-10-04 14:46:02 [INFO]   512 ENTREE MUSEE E=107132 S=0
2026-10-04 14:46:02 [INFO]   1208 TRI-MUS-55   E=26486 S=0
2026-10-04 14:46:02 [INFO]   1209 TRI-MUS-56   E=53782 S=0
2026-10-04 14:46:02 [INFO]   1210 TRI-MUS-57   E=26864 S=0
2026-10-04 14:46:02 [INFO]   1040 PDA.3.11     E=0 S=0
2026-10-04 14:46:02 [INFO] Compteurs du site (visites libres)
2026-10-04 14:46:02 [INFO]   749 TRI-NORV-27  E=604 S=31309
2026-10-04 14:46:02 [INFO]   750 TRI-NORV-28  E=30733 S=143
2026-10-04 14:46:02 [INFO]   751 TRI-NORV-PMR-29 E=2893 S=131
2026-10-04 14:46:03 [INFO]   transactions 14:31:02 -> 14:46:02 : 45 lues en 1 page(s), 11 musee, 34 site
2026-10-04 14:46:03 [INFO] Dialogue borne : 1.2 s
2026-10-04 14:46:03 [INFO] Visiteurs du 2026-10-04 : 370 (source compteur, compteur 370, transactions 370)
2026-10-04 14:46:03 [INFO] Site visites libres du 2026-10-04 : entrees 334, sorties 179, presents 155 (pic {'n': 155, 'heure': '14:46'}, source compteur)
2026-10-04 14:51:02 [INFO] Site visites libres : Visites libres 10h00 - 19h00 (fenetre 09:30-19:30)
2026-10-04 14:51:02 [INFO] Borne 192.168.2.10:5205 - compteurs du musee (Area 511 VISITES MUSEE)
2026-10-04 14:51:02 [INFO]   511 VISITES MUSEE E=107145 S=0
2026-10-04 14:51:02 [INFO]   512 ENTREE MUSEE E=107145 S=0
2026-10-04 14:51:02 [INFO]   1208 TRI-MUS-55   E=26488 S=0
2026-10-04 14:51:02 [INFO]   1209 TRI-MUS-56   E=53788 S=0
2026-10-04 14:51:02 [INFO]   1210 TRI-MUS-57   E=26869 S=0
2026-10-04 14:51:02 [INFO]   1040 PDA.3.11     E=0 S=0
2026-10-04 14:51:02 [INFO] Compteurs du site (visites libres)
2026-10-04 14:51:02 [INFO]   749 TRI-NORV-27  E=604 S=31314
2026-10-04 14:51:02 [INFO]   750 TRI-NORV-28  E=30740 S=143
2026-10-04 14:51:02 [INFO]   751 TRI-NORV-PMR-29 E=2893 S=131
2026-10-04 14:51:03 [INFO]   transactions 14:36:02 -> 14:51:02 : 63 lues en 1 page(s), 26 musee, 37 site
2026-10-04 14:51:03 [INFO] Dialogue borne : 0.9 s
2026-10-04 14:51:03 [INFO] Visiteurs du 2026-10-04 : 383 (source compteur, compteur 383, transactions 383)
2026-10-04 14:51:03 [INFO] Site visites libres du 2026-10-04 : entrees 341, sorties 184, presents 157 (pic {'n': 157, 'heure': '14:51'}, source compteur)
2026-10-04 14:56:02 [INFO] Site visites libres : Visites libres 10h00 - 19h00 (fenetre 09:30-19:30)
2026-10-04 14:56:02 [INFO] Borne 192.168.2.10:5205 - compteurs du musee (Area 511 VISITES MUSEE)
2026-10-04 14:56:02 [INFO]   511 VISITES MUSEE E=107151 S=0
2026-10-04 14:56:02 [INFO]   512 ENTREE MUSEE E=107151 S=0
2026-10-04 14:56:02 [INFO]   1208 TRI-MUS-55   E=26491 S=0
2026-10-04 14:56:02 [INFO]   1209 TRI-MUS-56   E=53790 S=0
2026-10-04 14:56:02 [INFO]   1210 TRI-MUS-57   E=26870 S=0
2026-10-04 14:56:02 [INFO]   1040 PDA.3.11     E=0 S=0
2026-10-04 14:56:02 [INFO] Compteurs du site (visites libres)
2026-10-04 14:56:02 [INFO]   749 TRI-NORV-27  E=604 S=31328
2026-10-04 14:56:02 [INFO]   750 TRI-NORV-28  E=30752 S=143
2026-10-04 14:56:02 [INFO]   751 TRI-NORV-PMR-29 E=2893 S=131
2026-10-04 14:56:03 [INFO]   transactions 14:41:02 -> 14:56:02 : 78 lues en 1 page(s), 27 musee, 51 site
2026-10-04 14:56:03 [INFO] Dialogue borne : 1.0 s
2026-10-04 14:56:03 [INFO] Visiteurs du 2026-10-04 : 389 (source compteur, compteur 389, transactions 389)
2026-10-04 14:56:03 [INFO] Site visites libres du 2026-10-04 : entrees 353, sorties 198, presents 155 (pic {'n': 157, 'heure': '14:51'}, source compteur)
2026-10-04 15:01:02 [INFO] Site visites libres : Visites libres 10h00 - 19h00 (fenetre 09:30-19:30)
2026-10-04 15:01:02 [INFO] Borne 192.168.2.10:5205 - compteurs du musee (Area 511 VISITES MUSEE)
2026-10-04 15:01:02 [INFO]   511 VISITES MUSEE E=107154 S=0
2026-10-04 15:01:02 [INFO]   512 ENTREE MUSEE E=107154 S=0
2026-10-04 15:01:02 [INFO]   1208 TRI-MUS-55   E=26491 S=0
2026-10-04 15:01:02 [INFO]   1209 TRI-MUS-56   E=53791 S=0
2026-10-04 15:01:02 [INFO]   1210 TRI-MUS-57   E=26872 S=0
2026-10-04 15:01:02 [INFO]   1040 PDA.3.11     E=0 S=0
2026-10-04 15:01:02 [INFO] Compteurs du site (visites libres)
2026-10-04 15:01:02 [INFO]   749 TRI-NORV-27  E=604 S=31334
2026-10-04 15:01:02 [INFO]   750 TRI-NORV-28  E=30766 S=143
2026-10-04 15:01:02 [INFO]   751 TRI-NORV-PMR-29 E=2893 S=131
2026-10-04 15:01:03 [INFO]   transactions 14:46:02 -> 15:01:02 : 83 lues en 1 page(s), 27 musee, 56 site
2026-10-04 15:01:03 [INFO] Dialogue borne : 1.2 s
2026-10-04 15:01:03 [INFO] Visiteurs du 2026-10-04 : 392 (source compteur, compteur 392, transactions 392)
2026-10-04 15:01:03 [INFO] Site visites libres du 2026-10-04 : entrees 367, sorties 204, presents 163 (pic {'n': 163, 'heure': '15:01'}, source compteur)
2026-10-04 15:06:02 [INFO] Site visites libres : Visites libres 10h00 - 19h00 (fenetre 09:30-19:30)
2026-10-04 15:06:02 [INFO] Borne 192.168.2.10:5205 - compteurs du musee (Area 511 VISITES MUSEE)
2026-10-04 15:06:02 [INFO]   511 VISITES MUSEE E=107167 S=0
2026-10-04 15:06:02 [INFO]   512 ENTREE MUSEE E=107167 S=0
2026-10-04 15:06:02 [INFO]   1208 TRI-MUS-55   E=26496 S=0
2026-10-04 15:06:02 [INFO]   1209 TRI-MUS-56   E=53795 S=0
2026-10-04 15:06:02 [INFO]   1210 TRI-MUS-57   E=26876 S=0
2026-10-04 15:06:02 [INFO]   1040 PDA.3.11     E=0 S=0
2026-10-04 15:06:02 [INFO] Compteurs du site (visites libres)
2026-10-04 15:06:02 [INFO]   749 TRI-NORV-27  E=604 S=31338
2026-10-04 15:06:02 [INFO]   750 TRI-NORV-28  E=30777 S=143
2026-10-04 15:06:02 [INFO]   751 TRI-NORV-PMR-29 E=2893 S=131
2026-10-04 15:06:03 [INFO]   transactions 14:51:02 -> 15:06:02 : 83 lues en 1 page(s), 21 musee, 62 site
2026-10-04 15:06:03 [INFO] Dialogue borne : 1.2 s
2026-10-04 15:06:03 [INFO] Visiteurs du 2026-10-04 : 405 (source compteur, compteur 405, transactions 403)
2026-10-04 15:06:03 [INFO] Site visites libres du 2026-10-04 : entrees 378, sorties 208, presents 170 (pic {'n': 170, 'heure': '15:06'}, source compteur)
2026-10-04 15:11:02 [INFO] Site visites libres : Visites libres 10h00 - 19h00 (fenetre 09:30-19:30)
2026-10-04 15:11:02 [INFO] Borne 192.168.2.10:5205 - compteurs du musee (Area 511 VISITES MUSEE)
2026-10-04 15:11:02 [INFO]   511 VISITES MUSEE E=107185 S=0
2026-10-04 15:11:02 [INFO]   512 ENTREE MUSEE E=107185 S=0
2026-10-04 15:11:02 [INFO]   1208 TRI-MUS-55   E=26500 S=0
2026-10-04 15:11:02 [INFO]   1209 TRI-MUS-56   E=53800 S=0
2026-10-04 15:11:02 [INFO]   1210 TRI-MUS-57   E=26885 S=0
2026-10-04 15:11:02 [INFO]   1040 PDA.3.11     E=0 S=0
2026-10-04 15:11:02 [INFO] Compteurs du site (visites libres)
2026-10-04 15:11:02 [INFO]   749 TRI-NORV-27  E=604 S=31343
2026-10-04 15:11:02 [INFO]   750 TRI-NORV-28  E=30791 S=143
2026-10-04 15:11:02 [INFO]   751 TRI-NORV-PMR-29 E=2893 S=131
2026-10-04 15:11:03 [INFO]   transactions 14:56:02 -> 15:11:02 : 87 lues en 1 page(s), 34 musee, 53 site
2026-10-04 15:11:03 [INFO] Dialogue borne : 1.2 s
2026-10-04 15:11:03 [INFO] Visiteurs du 2026-10-04 : 423 (source compteur, compteur 423, transactions 423)
2026-10-04 15:11:03 [INFO] Site visites libres du 2026-10-04 : entrees 392, sorties 213, presents 179 (pic {'n': 179, 'heure': '15:11'}, source compteur)
2026-10-04 15:16:02 [INFO] Site visites libres : Visites libres 10h00 - 19h00 (fenetre 09:30-19:30)
2026-10-04 15:16:02 [INFO] Borne 192.168.2.10:5205 - compteurs du musee (Area 511 VISITES MUSEE)
2026-10-04 15:16:02 [INFO]   511 VISITES MUSEE E=107193 S=0
2026-10-04 15:16:02 [INFO]   512 ENTREE MUSEE E=107193 S=0
2026-10-04 15:16:02 [INFO]   1208 TRI-MUS-55   E=26506 S=0
2026-10-04 15:16:02 [INFO]   1209 TRI-MUS-56   E=53801 S=0
2026-10-04 15:16:02 [INFO]   1210 TRI-MUS-57   E=26886 S=0
2026-10-04 15:16:02 [INFO]   1040 PDA.3.11     E=0 S=0
2026-10-04 15:16:02 [INFO] Compteurs du site (visites libres)
2026-10-04 15:16:02 [INFO]   749 TRI-NORV-27  E=604 S=31345
2026-10-04 15:16:02 [INFO]   750 TRI-NORV-28  E=30797 S=143
2026-10-04 15:16:02 [INFO]   751 TRI-NORV-PMR-29 E=2893 S=131
2026-10-04 15:16:03 [INFO]   transactions 15:01:02 -> 15:16:02 : 76 lues en 1 page(s), 39 musee, 37 site
2026-10-04 15:16:03 [INFO] Dialogue borne : 1.1 s
2026-10-04 15:16:03 [INFO] Visiteurs du 2026-10-04 : 431 (source compteur, compteur 431, transactions 431)
2026-10-04 15:16:03 [INFO] Site visites libres du 2026-10-04 : entrees 398, sorties 215, presents 183 (pic {'n': 183, 'heure': '15:16'}, source compteur)
2026-10-04 15:21:02 [INFO] Site visites libres : Visites libres 10h00 - 19h00 (fenetre 09:30-19:30)
2026-10-04 15:21:02 [INFO] Borne 192.168.2.10:5205 - compteurs du musee (Area 511 VISITES MUSEE)
2026-10-04 15:21:02 [INFO]   511 VISITES MUSEE E=107195 S=0
2026-10-04 15:21:02 [INFO]   512 ENTREE MUSEE E=107195 S=0
2026-10-04 15:21:02 [INFO]   1208 TRI-MUS-55   E=26507 S=0
2026-10-04 15:21:02 [INFO]   1209 TRI-MUS-56   E=53802 S=0
2026-10-04 15:21:02 [INFO]   1210 TRI-MUS-57   E=26886 S=0
2026-10-04 15:21:02 [INFO]   1040 PDA.3.11     E=0 S=0
2026-10-04 15:21:02 [INFO] Compteurs du site (visites libres)
2026-10-04 15:21:02 [INFO]   749 TRI-NORV-27  E=604 S=31348
2026-10-04 15:21:02 [INFO]   750 TRI-NORV-28  E=30804 S=143
2026-10-04 15:21:02 [INFO]   751 TRI-NORV-PMR-29 E=2893 S=131
2026-10-04 15:21:03 [INFO]   transactions 15:06:02 -> 15:21:02 : 65 lues en 1 page(s), 28 musee, 37 site
2026-10-04 15:21:03 [INFO] Dialogue borne : 1.1 s
2026-10-04 15:21:03 [INFO] Visiteurs du 2026-10-04 : 433 (source compteur, compteur 433, transactions 433)
2026-10-04 15:21:03 [INFO] Site visites libres du 2026-10-04 : entrees 405, sorties 218, presents 187 (pic {'n': 187, 'heure': '15:21'}, source compteur)
2026-10-04 15:26:02 [INFO] Site visites libres : Visites libres 10h00 - 19h00 (fenetre 09:30-19:30)
2026-10-04 15:26:02 [INFO] Borne 192.168.2.10:5205 - compteurs du musee (Area 511 VISITES MUSEE)
2026-10-04 15:26:02 [INFO]   511 VISITES MUSEE E=107195 S=0
2026-10-04 15:26:02 [INFO]   512 ENTREE MUSEE E=107195 S=0
2026-10-04 15:26:02 [INFO]   1208 TRI-MUS-55   E=26507 S=0
2026-10-04 15:26:02 [INFO]   1209 TRI-MUS-56   E=53802 S=0
2026-10-04 15:26:02 [INFO]   1210 TRI-MUS-57   E=26886 S=0
2026-10-04 15:26:02 [INFO]   1040 PDA.3.11     E=0 S=0
2026-10-04 15:26:02 [INFO] Compteurs du site (visites libres)
2026-10-04 15:26:02 [INFO]   749 TRI-NORV-27  E=604 S=31357
2026-10-04 15:26:02 [INFO]   750 TRI-NORV-28  E=30811 S=143
2026-10-04 15:26:02 [INFO]   751 TRI-NORV-PMR-29 E=2893 S=131
2026-10-04 15:26:03 [INFO]   transactions 15:11:02 -> 15:26:02 : 40 lues en 1 page(s), 10 musee, 30 site
2026-10-04 15:26:03 [INFO] Dialogue borne : 1.0 s
2026-10-04 15:26:03 [INFO] Visiteurs du 2026-10-04 : 433 (source compteur, compteur 433, transactions 433)
2026-10-04 15:26:03 [INFO] Site visites libres du 2026-10-04 : entrees 412, sorties 227, presents 185 (pic {'n': 187, 'heure': '15:21'}, source compteur)
2026-10-04 15:31:02 [INFO] Site visites libres : Visites libres 10h00 - 19h00 (fenetre 09:30-19:30)
2026-10-04 15:31:02 [INFO] Borne 192.168.2.10:5205 - compteurs du musee (Area 511 VISITES MUSEE)
2026-10-04 15:31:02 [INFO]   511 VISITES MUSEE E=107203 S=0
2026-10-04 15:31:02 [INFO]   512 ENTREE MUSEE E=107203 S=0
2026-10-04 15:31:02 [INFO]   1208 TRI-MUS-55   E=26510 S=0
2026-10-04 15:31:02 [INFO]   1209 TRI-MUS-56   E=53804 S=0
2026-10-04 15:31:02 [INFO]   1210 TRI-MUS-57   E=26889 S=0
2026-10-04 15:31:02 [INFO]   1040 PDA.3.11     E=0 S=0
2026-10-04 15:31:02 [INFO] Compteurs du site (visites libres)
2026-10-04 15:31:02 [INFO]   749 TRI-NORV-27  E=604 S=31362
2026-10-04 15:31:02 [INFO]   750 TRI-NORV-28  E=30814 S=143
2026-10-04 15:31:02 [INFO]   751 TRI-NORV-PMR-29 E=2893 S=131
2026-10-04 15:31:03 [INFO]   transactions 15:16:02 -> 15:31:02 : 44 lues en 1 page(s), 10 musee, 34 site
2026-10-04 15:31:03 [INFO] Dialogue borne : 1.0 s
2026-10-04 15:31:03 [INFO] Visiteurs du 2026-10-04 : 441 (source compteur, compteur 441, transactions 441)
2026-10-04 15:31:03 [INFO] Site visites libres du 2026-10-04 : entrees 415, sorties 232, presents 183 (pic {'n': 187, 'heure': '15:21'}, source compteur)
2026-10-04 15:36:02 [INFO] Site visites libres : Visites libres 10h00 - 19h00 (fenetre 09:30-19:30)
2026-10-04 15:36:02 [INFO] Borne 192.168.2.10:5205 - compteurs du musee (Area 511 VISITES MUSEE)
2026-10-04 15:36:02 [INFO]   511 VISITES MUSEE E=107205 S=0
2026-10-04 15:36:02 [INFO]   512 ENTREE MUSEE E=107205 S=0
2026-10-04 15:36:02 [INFO]   1208 TRI-MUS-55   E=26510 S=0
2026-10-04 15:36:02 [INFO]   1209 TRI-MUS-56   E=53805 S=0
2026-10-04 15:36:02 [INFO]   1210 TRI-MUS-57   E=26890 S=0
2026-10-04 15:36:02 [INFO]   1040 PDA.3.11     E=0 S=0
2026-10-04 15:36:02 [INFO] Compteurs du site (visites libres)
2026-10-04 15:36:02 [INFO]   749 TRI-NORV-27  E=605 S=31373
2026-10-04 15:36:02 [INFO]   750 TRI-NORV-28  E=30820 S=143
2026-10-04 15:36:02 [INFO]   751 TRI-NORV-PMR-29 E=2893 S=131
2026-10-04 15:36:03 [INFO]   transactions 15:21:02 -> 15:36:02 : 52 lues en 1 page(s), 10 musee, 42 site
2026-10-04 15:36:03 [INFO] Dialogue borne : 1.0 s
2026-10-04 15:36:03 [INFO] Visiteurs du 2026-10-04 : 443 (source compteur, compteur 443, transactions 443)
2026-10-04 15:36:03 [INFO] Site visites libres du 2026-10-04 : entrees 422, sorties 243, presents 179 (pic {'n': 187, 'heure': '15:21'}, source compteur)
2026-10-04 15:41:02 [INFO] Site visites libres : Visites libres 10h00 - 19h00 (fenetre 09:30-19:30)
2026-10-04 15:41:02 [INFO] Borne 192.168.2.10:5205 - compteurs du musee (Area 511 VISITES MUSEE)
2026-10-04 15:41:02 [INFO]   511 VISITES MUSEE E=107205 S=0
2026-10-04 15:41:02 [INFO]   512 ENTREE MUSEE E=107205 S=0
2026-10-04 15:41:02 [INFO]   1208 TRI-MUS-55   E=26510 S=0
2026-10-04 15:41:02 [INFO]   1209 TRI-MUS-56   E=53805 S=0
2026-10-04 15:41:02 [INFO]   1210 TRI-MUS-57   E=26890 S=0
2026-10-04 15:41:02 [INFO]   1040 PDA.3.11     E=0 S=0
2026-10-04 15:41:02 [INFO] Compteurs du site (visites libres)
2026-10-04 15:41:02 [INFO]   749 TRI-NORV-27  E=605 S=31381
2026-10-04 15:41:02 [INFO]   750 TRI-NORV-28  E=30823 S=143
2026-10-04 15:41:02 [INFO]   751 TRI-NORV-PMR-29 E=2893 S=131
2026-10-04 15:41:03 [INFO]   transactions 15:26:02 -> 15:41:02 : 47 lues en 1 page(s), 10 musee, 37 site
2026-10-04 15:41:03 [INFO] Dialogue borne : 1.2 s
2026-10-04 15:41:03 [INFO] Visiteurs du 2026-10-04 : 443 (source compteur, compteur 443, transactions 443)
2026-10-04 15:41:03 [INFO] Site visites libres du 2026-10-04 : entrees 425, sorties 251, presents 174 (pic {'n': 187, 'heure': '15:21'}, source compteur)
2026-10-04 15:46:02 [INFO] Site visites libres : Visites libres 10h00 - 19h00 (fenetre 09:30-19:30)
2026-10-04 15:46:02 [INFO] Borne 192.168.2.10:5205 - compteurs du musee (Area 511 VISITES MUSEE)
2026-10-04 15:46:02 [INFO]   511 VISITES MUSEE E=107210 S=0
2026-10-04 15:46:02 [INFO]   512 ENTREE MUSEE E=107210 S=0
2026-10-04 15:46:02 [INFO]   1208 TRI-MUS-55   E=26510 S=0
2026-10-04 15:46:02 [INFO]   1209 TRI-MUS-56   E=53809 S=0
2026-10-04 15:46:02 [INFO]   1210 TRI-MUS-57   E=26891 S=0
2026-10-04 15:46:02 [INFO]   1040 PDA.3.11     E=0 S=0
2026-10-04 15:46:02 [INFO] Compteurs du site (visites libres)
2026-10-04 15:46:02 [INFO]   749 TRI-NORV-27  E=605 S=31391
2026-10-04 15:46:02 [INFO]   750 TRI-NORV-28  E=30823 S=143
2026-10-04 15:46:02 [INFO]   751 TRI-NORV-PMR-29 E=2893 S=131
2026-10-04 15:46:03 [INFO]   transactions 15:31:02 -> 15:46:02 : 43 lues en 1 page(s), 4 musee, 39 site
2026-10-04 15:46:03 [INFO] Dialogue borne : 1.0 s
2026-10-04 15:46:03 [INFO] Visiteurs du 2026-10-04 : 448 (source compteur, compteur 448, transactions 445)
2026-10-04 15:46:03 [INFO] Site visites libres du 2026-10-04 : entrees 425, sorties 261, presents 164 (pic {'n': 187, 'heure': '15:21'}, source compteur)
2026-10-04 15:51:02 [INFO] Site visites libres : Visites libres 10h00 - 19h00 (fenetre 09:30-19:30)
2026-10-04 15:51:02 [INFO] Borne 192.168.2.10:5205 - compteurs du musee (Area 511 VISITES MUSEE)
2026-10-04 15:51:02 [INFO]   511 VISITES MUSEE E=107223 S=0
2026-10-04 15:51:02 [INFO]   512 ENTREE MUSEE E=107223 S=0
2026-10-04 15:51:02 [INFO]   1208 TRI-MUS-55   E=26512 S=0
2026-10-04 15:51:02 [INFO]   1209 TRI-MUS-56   E=53815 S=0
2026-10-04 15:51:02 [INFO]   1210 TRI-MUS-57   E=26896 S=0
2026-10-04 15:51:02 [INFO]   1040 PDA.3.11     E=0 S=0
2026-10-04 15:51:02 [INFO] Compteurs du site (visites libres)
2026-10-04 15:51:02 [INFO]   749 TRI-NORV-27  E=605 S=31398
2026-10-04 15:51:02 [INFO]   750 TRI-NORV-28  E=30823 S=143
2026-10-04 15:51:02 [INFO]   751 TRI-NORV-PMR-29 E=2893 S=131
2026-10-04 15:51:03 [INFO]   transactions 15:36:02 -> 15:51:02 : 42 lues en 1 page(s), 16 musee, 26 site
2026-10-04 15:51:03 [INFO] Dialogue borne : 1.2 s
2026-10-04 15:51:03 [INFO] Visiteurs du 2026-10-04 : 461 (source compteur, compteur 461, transactions 459)
2026-10-04 15:51:03 [INFO] Site visites libres du 2026-10-04 : entrees 425, sorties 268, presents 157 (pic {'n': 187, 'heure': '15:21'}, source compteur)
2026-10-04 15:56:02 [INFO] Site visites libres : Visites libres 10h00 - 19h00 (fenetre 09:30-19:30)
2026-10-04 15:56:02 [INFO] Borne 192.168.2.10:5205 - compteurs du musee (Area 511 VISITES MUSEE)
2026-10-04 15:56:02 [INFO]   511 VISITES MUSEE E=107237 S=0
2026-10-04 15:56:02 [INFO]   512 ENTREE MUSEE E=107237 S=0
2026-10-04 15:56:02 [INFO]   1208 TRI-MUS-55   E=26516 S=0
2026-10-04 15:56:02 [INFO]   1209 TRI-MUS-56   E=53818 S=0
2026-10-04 15:56:02 [INFO]   1210 TRI-MUS-57   E=26903 S=0
2026-10-04 15:56:02 [INFO]   1040 PDA.3.11     E=0 S=0
2026-10-04 15:56:02 [INFO] Compteurs du site (visites libres)
2026-10-04 15:56:02 [INFO]   749 TRI-NORV-27  E=605 S=31403
2026-10-04 15:56:02 [INFO]   750 TRI-NORV-28  E=30838 S=143
2026-10-04 15:56:02 [INFO]   751 TRI-NORV-PMR-29 E=2893 S=131
2026-10-04 15:56:03 [INFO]   transactions 15:41:02 -> 15:56:02 : 68 lues en 1 page(s), 32 musee, 36 site
2026-10-04 15:56:03 [INFO] Dialogue borne : 1.2 s
2026-10-04 15:56:03 [INFO] Visiteurs du 2026-10-04 : 475 (source compteur, compteur 475, transactions 475)
2026-10-04 15:56:03 [INFO] Site visites libres du 2026-10-04 : entrees 440, sorties 273, presents 167 (pic {'n': 187, 'heure': '15:21'}, source compteur)
2026-10-04 16:01:02 [INFO] Site visites libres : Visites libres 10h00 - 19h00 (fenetre 09:30-19:30)
2026-10-04 16:01:02 [INFO] Borne 192.168.2.10:5205 - compteurs du musee (Area 511 VISITES MUSEE)
2026-10-04 16:01:02 [INFO]   511 VISITES MUSEE E=107243 S=0
2026-10-04 16:01:02 [INFO]   512 ENTREE MUSEE E=107243 S=0
2026-10-04 16:01:02 [INFO]   1208 TRI-MUS-55   E=26518 S=0
2026-10-04 16:01:02 [INFO]   1209 TRI-MUS-56   E=53821 S=0
2026-10-04 16:01:02 [INFO]   1210 TRI-MUS-57   E=26904 S=0
2026-10-04 16:01:02 [INFO]   1040 PDA.3.11     E=0 S=0
2026-10-04 16:01:02 [INFO] Compteurs du site (visites libres)
2026-10-04 16:01:02 [INFO]   749 TRI-NORV-27  E=605 S=31411
2026-10-04 16:01:02 [INFO]   750 TRI-NORV-28  E=30840 S=143
2026-10-04 16:01:02 [INFO]   751 TRI-NORV-PMR-29 E=2893 S=131
2026-10-04 16:01:03 [INFO]   transactions 15:46:02 -> 16:01:02 : 66 lues en 1 page(s), 33 musee, 33 site
2026-10-04 16:01:03 [INFO] Dialogue borne : 1.2 s
2026-10-04 16:01:03 [INFO] Visiteurs du 2026-10-04 : 481 (source compteur, compteur 481, transactions 481)
2026-10-04 16:01:03 [INFO] Site visites libres du 2026-10-04 : entrees 442, sorties 281, presents 161 (pic {'n': 187, 'heure': '15:21'}, source compteur)
2026-10-04 16:06:02 [INFO] Site visites libres : Visites libres 10h00 - 19h00 (fenetre 09:30-19:30)
2026-10-04 16:06:02 [INFO] Borne 192.168.2.10:5205 - compteurs du musee (Area 511 VISITES MUSEE)
2026-10-04 16:06:02 [INFO]   511 VISITES MUSEE E=107250 S=0
2026-10-04 16:06:02 [INFO]   512 ENTREE MUSEE E=107250 S=0
2026-10-04 16:06:02 [INFO]   1208 TRI-MUS-55   E=26520 S=0
2026-10-04 16:06:02 [INFO]   1209 TRI-MUS-56   E=53823 S=0
2026-10-04 16:06:02 [INFO]   1210 TRI-MUS-57   E=26907 S=0
2026-10-04 16:06:02 [INFO]   1040 PDA.3.11     E=0 S=0
2026-10-04 16:06:02 [INFO] Compteurs du site (visites libres)
2026-10-04 16:06:02 [INFO]   749 TRI-NORV-27  E=605 S=31415
2026-10-04 16:06:02 [INFO]   750 TRI-NORV-28  E=30841 S=143
2026-10-04 16:06:02 [INFO]   751 TRI-NORV-PMR-29 E=2893 S=131
2026-10-04 16:06:03 [INFO]   transactions 15:51:02 -> 16:06:02 : 62 lues en 1 page(s), 26 musee, 36 site
2026-10-04 16:06:03 [INFO] Dialogue borne : 1.2 s
2026-10-04 16:06:03 [INFO] Visiteurs du 2026-10-04 : 488 (source compteur, compteur 488, transactions 487)
2026-10-04 16:06:03 [INFO] Site visites libres du 2026-10-04 : entrees 443, sorties 285, presents 158 (pic {'n': 187, 'heure': '15:21'}, source compteur)
2026-10-04 16:11:02 [INFO] Site visites libres : Visites libres 10h00 - 19h00 (fenetre 09:30-19:30)
2026-10-04 16:11:02 [INFO] Borne 192.168.2.10:5205 - compteurs du musee (Area 511 VISITES MUSEE)
2026-10-04 16:11:02 [INFO]   511 VISITES MUSEE E=107253 S=0
2026-10-04 16:11:02 [INFO]   512 ENTREE MUSEE E=107253 S=0
2026-10-04 16:11:02 [INFO]   1208 TRI-MUS-55   E=26521 S=0
2026-10-04 16:11:02 [INFO]   1209 TRI-MUS-56   E=53823 S=0
2026-10-04 16:11:02 [INFO]   1210 TRI-MUS-57   E=26909 S=0
2026-10-04 16:11:02 [INFO]   1040 PDA.3.11     E=0 S=0
2026-10-04 16:11:02 [INFO] Compteurs du site (visites libres)
2026-10-04 16:11:02 [INFO]   749 TRI-NORV-27  E=605 S=31432
2026-10-04 16:11:02 [INFO]   750 TRI-NORV-28  E=30842 S=143
2026-10-04 16:11:02 [INFO]   751 TRI-NORV-PMR-29 E=2893 S=131
2026-10-04 16:11:03 [INFO]   transactions 15:56:02 -> 16:11:02 : 39 lues en 1 page(s), 14 musee, 25 site
2026-10-04 16:11:03 [INFO] Dialogue borne : 1.2 s
2026-10-04 16:11:03 [INFO] Visiteurs du 2026-10-04 : 491 (source compteur, compteur 491, transactions 489)
2026-10-04 16:11:03 [INFO] Site visites libres du 2026-10-04 : entrees 444, sorties 302, presents 142 (pic {'n': 187, 'heure': '15:21'}, source compteur)
2026-10-04 16:16:02 [INFO] Site visites libres : Visites libres 10h00 - 19h00 (fenetre 09:30-19:30)
2026-10-04 16:16:02 [INFO] Borne 192.168.2.10:5205 - compteurs du musee (Area 511 VISITES MUSEE)
2026-10-04 16:16:02 [INFO]   511 VISITES MUSEE E=107262 S=0
2026-10-04 16:16:02 [INFO]   512 ENTREE MUSEE E=107262 S=0
2026-10-04 16:16:02 [INFO]   1208 TRI-MUS-55   E=26524 S=0
2026-10-04 16:16:02 [INFO]   1209 TRI-MUS-56   E=53826 S=0
2026-10-04 16:16:02 [INFO]   1210 TRI-MUS-57   E=26912 S=0
2026-10-04 16:16:02 [INFO]   1040 PDA.3.11     E=0 S=0
2026-10-04 16:16:02 [INFO] Compteurs du site (visites libres)
2026-10-04 16:16:02 [INFO]   749 TRI-NORV-27  E=605 S=31445
2026-10-04 16:16:02 [INFO]   750 TRI-NORV-28  E=30849 S=143
2026-10-04 16:16:02 [INFO]   751 TRI-NORV-PMR-29 E=2893 S=131
2026-10-04 16:16:03 [INFO]   transactions 16:01:02 -> 16:16:02 : 63 lues en 1 page(s), 20 musee, 43 site
2026-10-04 16:16:03 [INFO] Dialogue borne : 1.1 s
2026-10-04 16:16:03 [INFO] Visiteurs du 2026-10-04 : 500 (source compteur, compteur 500, transactions 500)
2026-10-04 16:16:03 [INFO] Site visites libres du 2026-10-04 : entrees 451, sorties 315, presents 136 (pic {'n': 187, 'heure': '15:21'}, source compteur)
2026-10-04 16:21:02 [INFO] Site visites libres : Visites libres 10h00 - 19h00 (fenetre 09:30-19:30)
2026-10-04 16:21:02 [INFO] Borne 192.168.2.10:5205 - compteurs du musee (Area 511 VISITES MUSEE)
2026-10-04 16:21:02 [INFO]   511 VISITES MUSEE E=107264 S=0
2026-10-04 16:21:02 [INFO]   512 ENTREE MUSEE E=107264 S=0
2026-10-04 16:21:02 [INFO]   1208 TRI-MUS-55   E=26525 S=0
2026-10-04 16:21:02 [INFO]   1209 TRI-MUS-56   E=53826 S=0
2026-10-04 16:21:02 [INFO]   1210 TRI-MUS-57   E=26913 S=0
2026-10-04 16:21:02 [INFO]   1040 PDA.3.11     E=0 S=0
2026-10-04 16:21:02 [INFO] Compteurs du site (visites libres)
2026-10-04 16:21:02 [INFO]   749 TRI-NORV-27  E=605 S=31447
2026-10-04 16:21:02 [INFO]   750 TRI-NORV-28  E=30851 S=143
2026-10-04 16:21:02 [INFO]   751 TRI-NORV-PMR-29 E=2893 S=131
2026-10-04 16:21:03 [INFO]   transactions 16:06:02 -> 16:21:02 : 56 lues en 1 page(s), 15 musee, 41 site
2026-10-04 16:21:03 [INFO] Dialogue borne : 1.0 s
2026-10-04 16:21:03 [INFO] Visiteurs du 2026-10-04 : 502 (source compteur, compteur 502, transactions 502)
2026-10-04 16:21:03 [INFO] Site visites libres du 2026-10-04 : entrees 453, sorties 317, presents 136 (pic {'n': 187, 'heure': '15:21'}, source compteur)
2026-10-04 16:26:02 [INFO] Site visites libres : Visites libres 10h00 - 19h00 (fenetre 09:30-19:30)
2026-10-04 16:26:02 [INFO] Borne 192.168.2.10:5205 - compteurs du musee (Area 511 VISITES MUSEE)
2026-10-04 16:26:02 [INFO]   511 VISITES MUSEE E=107269 S=0
2026-10-04 16:26:02 [INFO]   512 ENTREE MUSEE E=107269 S=0
2026-10-04 16:26:02 [INFO]   1208 TRI-MUS-55   E=26526 S=0
2026-10-04 16:26:02 [INFO]   1209 TRI-MUS-56   E=53828 S=0
2026-10-04 16:26:02 [INFO]   1210 TRI-MUS-57   E=26915 S=0
2026-10-04 16:26:02 [INFO]   1040 PDA.3.11     E=0 S=0
2026-10-04 16:26:02 [INFO] Compteurs du site (visites libres)
2026-10-04 16:26:02 [INFO]   749 TRI-NORV-27  E=605 S=31453
2026-10-04 16:26:02 [INFO]   750 TRI-NORV-28  E=30852 S=143
2026-10-04 16:26:02 [INFO]   751 TRI-NORV-PMR-29 E=2893 S=131
2026-10-04 16:26:03 [INFO]   transactions 16:11:02 -> 16:26:02 : 48 lues en 1 page(s), 17 musee, 31 site
2026-10-04 16:26:03 [INFO] Dialogue borne : 1.0 s
2026-10-04 16:26:03 [INFO] Visiteurs du 2026-10-04 : 507 (source compteur, compteur 507, transactions 507)
2026-10-04 16:26:03 [INFO] Site visites libres du 2026-10-04 : entrees 454, sorties 323, presents 131 (pic {'n': 187, 'heure': '15:21'}, source compteur)
2026-10-04 16:31:02 [INFO] Site visites libres : Visites libres 10h00 - 19h00 (fenetre 09:30-19:30)
2026-10-04 16:31:02 [INFO] Borne 192.168.2.10:5205 - compteurs du musee (Area 511 VISITES MUSEE)
2026-10-04 16:31:02 [INFO]   511 VISITES MUSEE E=107269 S=0
2026-10-04 16:31:02 [INFO]   512 ENTREE MUSEE E=107269 S=0
2026-10-04 16:31:02 [INFO]   1208 TRI-MUS-55   E=26526 S=0
2026-10-04 16:31:02 [INFO]   1209 TRI-MUS-56   E=53828 S=0
2026-10-04 16:31:02 [INFO]   1210 TRI-MUS-57   E=26915 S=0
2026-10-04 16:31:02 [INFO]   1040 PDA.3.11     E=0 S=0
2026-10-04 16:31:02 [INFO] Compteurs du site (visites libres)
2026-10-04 16:31:02 [INFO]   749 TRI-NORV-27  E=605 S=31460
2026-10-04 16:31:02 [INFO]   750 TRI-NORV-28  E=30860 S=143
2026-10-04 16:31:02 [INFO]   751 TRI-NORV-PMR-29 E=2893 S=131
2026-10-04 16:31:03 [INFO]   transactions 16:16:02 -> 16:31:02 : 32 lues en 1 page(s), 7 musee, 25 site
2026-10-04 16:31:03 [INFO] Dialogue borne : 0.9 s
2026-10-04 16:31:03 [INFO] Visiteurs du 2026-10-04 : 507 (source compteur, compteur 507, transactions 507)
2026-10-04 16:31:03 [INFO] Site visites libres du 2026-10-04 : entrees 462, sorties 330, presents 132 (pic {'n': 187, 'heure': '15:21'}, source compteur)
2026-10-04 16:36:02 [INFO] Site visites libres : Visites libres 10h00 - 19h00 (fenetre 09:30-19:30)
2026-10-04 16:36:02 [INFO] Borne 192.168.2.10:5205 - compteurs du musee (Area 511 VISITES MUSEE)
2026-10-04 16:36:02 [INFO]   511 VISITES MUSEE E=107269 S=0
2026-10-04 16:36:02 [INFO]   512 ENTREE MUSEE E=107269 S=0
2026-10-04 16:36:02 [INFO]   1208 TRI-MUS-55   E=26526 S=0
2026-10-04 16:36:02 [INFO]   1209 TRI-MUS-56   E=53828 S=0
2026-10-04 16:36:02 [INFO]   1210 TRI-MUS-57   E=26915 S=0
2026-10-04 16:36:02 [INFO]   1040 PDA.3.11     E=0 S=0
2026-10-04 16:36:02 [INFO] Compteurs du site (visites libres)
2026-10-04 16:36:02 [INFO]   749 TRI-NORV-27  E=605 S=31466
2026-10-04 16:36:02 [INFO]   750 TRI-NORV-28  E=30878 S=143
2026-10-04 16:36:02 [INFO]   751 TRI-NORV-PMR-29 E=2893 S=131
2026-10-04 16:36:03 [INFO]   transactions 16:21:02 -> 16:36:02 : 50 lues en 1 page(s), 5 musee, 45 site
2026-10-04 16:36:03 [INFO] Dialogue borne : 1.1 s
2026-10-04 16:36:03 [INFO] Visiteurs du 2026-10-04 : 507 (source compteur, compteur 507, transactions 507)
2026-10-04 16:36:03 [INFO] Site visites libres du 2026-10-04 : entrees 480, sorties 336, presents 144 (pic {'n': 187, 'heure': '15:21'}, source compteur)
2026-10-04 16:41:02 [INFO] Site visites libres : Visites libres 10h00 - 19h00 (fenetre 09:30-19:30)
2026-10-04 16:41:02 [INFO] Borne 192.168.2.10:5205 - compteurs du musee (Area 511 VISITES MUSEE)
2026-10-04 16:41:02 [INFO]   511 VISITES MUSEE E=107269 S=0
2026-10-04 16:41:02 [INFO]   512 ENTREE MUSEE E=107269 S=0
2026-10-04 16:41:02 [INFO]   1208 TRI-MUS-55   E=26526 S=0
2026-10-04 16:41:02 [INFO]   1209 TRI-MUS-56   E=53828 S=0
2026-10-04 16:41:02 [INFO]   1210 TRI-MUS-57   E=26915 S=0
2026-10-04 16:41:02 [INFO]   1040 PDA.3.11     E=0 S=0
2026-10-04 16:41:02 [INFO] Compteurs du site (visites libres)
2026-10-04 16:41:02 [INFO]   749 TRI-NORV-27  E=605 S=31469
2026-10-04 16:41:02 [INFO]   750 TRI-NORV-28  E=30888 S=143
2026-10-04 16:41:02 [INFO]   751 TRI-NORV-PMR-29 E=2893 S=131
2026-10-04 16:41:03 [INFO]   transactions 16:26:02 -> 16:41:02 : 51 lues en 1 page(s), 0 musee, 51 site
2026-10-04 16:41:03 [INFO] Dialogue borne : 1.2 s
2026-10-04 16:41:03 [INFO] Visiteurs du 2026-10-04 : 507 (source compteur, compteur 507, transactions 507)
2026-10-04 16:41:03 [INFO] Site visites libres du 2026-10-04 : entrees 490, sorties 339, presents 151 (pic {'n': 187, 'heure': '15:21'}, source compteur)
2026-10-04 16:46:02 [INFO] Site visites libres : Visites libres 10h00 - 19h00 (fenetre 09:30-19:30)
2026-10-04 16:46:02 [INFO] Borne 192.168.2.10:5205 - compteurs du musee (Area 511 VISITES MUSEE)
2026-10-04 16:46:02 [INFO]   511 VISITES MUSEE E=107271 S=0
2026-10-04 16:46:02 [INFO]   512 ENTREE MUSEE E=107271 S=0
2026-10-04 16:46:03 [INFO]   1208 TRI-MUS-55   E=26527 S=0
2026-10-04 16:46:03 [INFO]   1209 TRI-MUS-56   E=53828 S=0
2026-10-04 16:46:03 [INFO]   1210 TRI-MUS-57   E=26916 S=0
2026-10-04 16:46:03 [INFO]   1040 PDA.3.11     E=0 S=0
2026-10-04 16:46:03 [INFO] Compteurs du site (visites libres)
2026-10-04 16:46:03 [INFO]   749 TRI-NORV-27  E=605 S=31480
2026-10-04 16:46:03 [INFO]   750 TRI-NORV-28  E=30892 S=143
2026-10-04 16:46:03 [INFO]   751 TRI-NORV-PMR-29 E=2893 S=131
2026-10-04 16:46:03 [INFO]   transactions 16:31:02 -> 16:46:02 : 55 lues en 1 page(s), 2 musee, 53 site
2026-10-04 16:46:03 [INFO] Dialogue borne : 1.1 s
2026-10-04 16:46:03 [INFO] Visiteurs du 2026-10-04 : 509 (source compteur, compteur 509, transactions 509)
2026-10-04 16:46:03 [INFO] Site visites libres du 2026-10-04 : entrees 494, sorties 350, presents 144 (pic {'n': 187, 'heure': '15:21'}, source compteur)
2026-10-04 16:51:02 [INFO] Site visites libres : Visites libres 10h00 - 19h00 (fenetre 09:30-19:30)
2026-10-04 16:51:02 [INFO] Borne 192.168.2.10:5205 - compteurs du musee (Area 511 VISITES MUSEE)
2026-10-04 16:51:02 [INFO]   511 VISITES MUSEE E=107271 S=0
2026-10-04 16:51:02 [INFO]   512 ENTREE MUSEE E=107271 S=0
2026-10-04 16:51:02 [INFO]   1208 TRI-MUS-55   E=26527 S=0
2026-10-04 16:51:02 [INFO]   1209 TRI-MUS-56   E=53828 S=0
2026-10-04 16:51:02 [INFO]   1210 TRI-MUS-57   E=26916 S=0
2026-10-04 16:51:02 [INFO]   1040 PDA.3.11     E=0 S=0
2026-10-04 16:51:02 [INFO] Compteurs du site (visites libres)
2026-10-04 16:51:02 [INFO]   749 TRI-NORV-27  E=605 S=31484
2026-10-04 16:51:02 [INFO]   750 TRI-NORV-28  E=30894 S=143
2026-10-04 16:51:02 [INFO]   751 TRI-NORV-PMR-29 E=2893 S=131
2026-10-04 16:51:03 [INFO]   transactions 16:36:02 -> 16:51:02 : 37 lues en 1 page(s), 2 musee, 35 site
2026-10-04 16:51:03 [INFO] Dialogue borne : 0.9 s
2026-10-04 16:51:03 [INFO] Visiteurs du 2026-10-04 : 509 (source compteur, compteur 509, transactions 509)
2026-10-04 16:51:03 [INFO] Site visites libres du 2026-10-04 : entrees 496, sorties 354, presents 142 (pic {'n': 187, 'heure': '15:21'}, source compteur)
2026-10-04 16:56:02 [INFO] Site visites libres : Visites libres 10h00 - 19h00 (fenetre 09:30-19:30)
2026-10-04 16:56:02 [INFO] Borne 192.168.2.10:5205 - compteurs du musee (Area 511 VISITES MUSEE)
2026-10-04 16:56:02 [INFO]   511 VISITES MUSEE E=107271 S=0
2026-10-04 16:56:02 [INFO]   512 ENTREE MUSEE E=107271 S=0
2026-10-04 16:56:02 [INFO]   1208 TRI-MUS-55   E=26527 S=0
2026-10-04 16:56:02 [INFO]   1209 TRI-MUS-56   E=53828 S=0
2026-10-04 16:56:02 [INFO]   1210 TRI-MUS-57   E=26916 S=0
2026-10-04 16:56:02 [INFO]   1040 PDA.3.11     E=0 S=0
2026-10-04 16:56:02 [INFO] Compteurs du site (visites libres)
2026-10-04 16:56:02 [INFO]   749 TRI-NORV-27  E=605 S=31505
2026-10-04 16:56:02 [INFO]   750 TRI-NORV-28  E=30903 S=143
2026-10-04 16:56:02 [INFO]   751 TRI-NORV-PMR-29 E=2893 S=131
2026-10-04 16:56:03 [INFO]   transactions 16:41:02 -> 16:56:02 : 55 lues en 1 page(s), 2 musee, 53 site
2026-10-04 16:56:03 [INFO] Dialogue borne : 1.1 s
2026-10-04 16:56:03 [INFO] Visiteurs du 2026-10-04 : 509 (source compteur, compteur 509, transactions 509)
2026-10-04 16:56:03 [INFO] Site visites libres du 2026-10-04 : entrees 505, sorties 375, presents 130 (pic {'n': 187, 'heure': '15:21'}, source compteur)
2026-10-04 17:01:02 [INFO] Site visites libres : Visites libres 10h00 - 19h00 (fenetre 09:30-19:30)
2026-10-04 17:01:02 [INFO] Borne 192.168.2.10:5205 - compteurs du musee (Area 511 VISITES MUSEE)
2026-10-04 17:01:02 [INFO]   511 VISITES MUSEE E=107271 S=0
2026-10-04 17:01:02 [INFO]   512 ENTREE MUSEE E=107271 S=0
2026-10-04 17:01:02 [INFO]   1208 TRI-MUS-55   E=26527 S=0
2026-10-04 17:01:02 [INFO]   1209 TRI-MUS-56   E=53828 S=0
2026-10-04 17:01:02 [INFO]   1210 TRI-MUS-57   E=26916 S=0
2026-10-04 17:01:02 [INFO]   1040 PDA.3.11     E=0 S=0
2026-10-04 17:01:02 [INFO] Compteurs du site (visites libres)
2026-10-04 17:01:02 [INFO]   749 TRI-NORV-27  E=605 S=31520
2026-10-04 17:01:02 [INFO]   750 TRI-NORV-28  E=30909 S=143
2026-10-04 17:01:02 [INFO]   751 TRI-NORV-PMR-29 E=2893 S=131
2026-10-04 17:01:03 [INFO]   transactions 16:46:02 -> 17:01:02 : 57 lues en 1 page(s), 0 musee, 57 site
2026-10-04 17:01:03 [INFO] Dialogue borne : 1.1 s
2026-10-04 17:01:03 [INFO] Visiteurs du 2026-10-04 : 509 (source compteur, compteur 509, transactions 509)
2026-10-04 17:01:03 [INFO] Site visites libres du 2026-10-04 : entrees 511, sorties 390, presents 121 (pic {'n': 187, 'heure': '15:21'}, source compteur)
2026-10-04 17:06:02 [INFO] Site visites libres : Visites libres 10h00 - 19h00 (fenetre 09:30-19:30)
2026-10-04 17:06:02 [INFO] Borne 192.168.2.10:5205 - compteurs du musee (Area 511 VISITES MUSEE)
2026-10-04 17:06:02 [INFO]   511 VISITES MUSEE E=107271 S=0
2026-10-04 17:06:02 [INFO]   512 ENTREE MUSEE E=107271 S=0
2026-10-04 17:06:02 [INFO]   1208 TRI-MUS-55   E=26527 S=0
2026-10-04 17:06:02 [INFO]   1209 TRI-MUS-56   E=53828 S=0
2026-10-04 17:06:02 [INFO]   1210 TRI-MUS-57   E=26916 S=0
2026-10-04 17:06:02 [INFO]   1040 PDA.3.11     E=0 S=0
2026-10-04 17:06:02 [INFO] Compteurs du site (visites libres)
2026-10-04 17:06:02 [INFO]   749 TRI-NORV-27  E=605 S=31525
2026-10-04 17:06:02 [INFO]   750 TRI-NORV-28  E=30911 S=143
2026-10-04 17:06:02 [INFO]   751 TRI-NORV-PMR-29 E=2893 S=131
2026-10-04 17:06:03 [INFO]   transactions 16:51:02 -> 17:06:02 : 60 lues en 1 page(s), 0 musee, 60 site
2026-10-04 17:06:03 [INFO] Dialogue borne : 0.9 s
2026-10-04 17:06:03 [INFO] Visiteurs du 2026-10-04 : 509 (source compteur, compteur 509, transactions 509)
2026-10-04 17:06:03 [INFO] Site visites libres du 2026-10-04 : entrees 513, sorties 395, presents 118 (pic {'n': 187, 'heure': '15:21'}, source compteur)
2026-10-04 17:11:02 [INFO] Site visites libres : Visites libres 10h00 - 19h00 (fenetre 09:30-19:30)
2026-10-04 17:11:02 [INFO] Borne 192.168.2.10:5205 - compteurs du musee (Area 511 VISITES MUSEE)
2026-10-04 17:11:02 [INFO]   511 VISITES MUSEE E=107271 S=0
2026-10-04 17:11:02 [INFO]   512 ENTREE MUSEE E=107271 S=0
2026-10-04 17:11:02 [INFO]   1208 TRI-MUS-55   E=26527 S=0
2026-10-04 17:11:02 [INFO]   1209 TRI-MUS-56   E=53828 S=0
2026-10-04 17:11:02 [INFO]   1210 TRI-MUS-57   E=26916 S=0
2026-10-04 17:11:02 [INFO]   1040 PDA.3.11     E=0 S=0
2026-10-04 17:11:02 [INFO] Compteurs du site (visites libres)
2026-10-04 17:11:02 [INFO]   749 TRI-NORV-27  E=605 S=31534
2026-10-04 17:11:02 [INFO]   750 TRI-NORV-28  E=30914 S=143
2026-10-04 17:11:02 [INFO]   751 TRI-NORV-PMR-29 E=2893 S=131
2026-10-04 17:11:03 [INFO]   transactions 16:56:02 -> 17:11:02 : 41 lues en 1 page(s), 0 musee, 41 site
2026-10-04 17:11:03 [INFO] Dialogue borne : 0.9 s
2026-10-04 17:11:03 [INFO] Visiteurs du 2026-10-04 : 509 (source compteur, compteur 509, transactions 509)
2026-10-04 17:11:03 [INFO] Site visites libres du 2026-10-04 : entrees 516, sorties 404, presents 112 (pic {'n': 187, 'heure': '15:21'}, source compteur)
2026-10-04 17:16:02 [INFO] Site visites libres : Visites libres 10h00 - 19h00 (fenetre 09:30-19:30)
2026-10-04 17:16:02 [INFO] Borne 192.168.2.10:5205 - compteurs du musee (Area 511 VISITES MUSEE)
2026-10-04 17:16:02 [INFO]   511 VISITES MUSEE E=107271 S=0
2026-10-04 17:16:02 [INFO]   512 ENTREE MUSEE E=107271 S=0
2026-10-04 17:16:02 [INFO]   1208 TRI-MUS-55   E=26527 S=0
2026-10-04 17:16:02 [INFO]   1209 TRI-MUS-56   E=53828 S=0
2026-10-04 17:16:02 [INFO]   1210 TRI-MUS-57   E=26916 S=0
2026-10-04 17:16:02 [INFO]   1040 PDA.3.11     E=0 S=0
2026-10-04 17:16:02 [INFO] Compteurs du site (visites libres)
2026-10-04 17:16:02 [INFO]   749 TRI-NORV-27  E=605 S=31541
2026-10-04 17:16:02 [INFO]   750 TRI-NORV-28  E=30916 S=143
2026-10-04 17:16:02 [INFO]   751 TRI-NORV-PMR-29 E=2893 S=131
2026-10-04 17:16:03 [INFO]   transactions 17:01:02 -> 17:16:02 : 28 lues en 1 page(s), 0 musee, 28 site
2026-10-04 17:16:03 [INFO] Dialogue borne : 1.1 s
2026-10-04 17:16:03 [INFO] Visiteurs du 2026-10-04 : 509 (source compteur, compteur 509, transactions 509)
2026-10-04 17:16:03 [INFO] Site visites libres du 2026-10-04 : entrees 518, sorties 411, presents 107 (pic {'n': 187, 'heure': '15:21'}, source compteur)
2026-10-04 17:21:02 [INFO] Site visites libres : Visites libres 10h00 - 19h00 (fenetre 09:30-19:30)
2026-10-04 17:21:02 [INFO] Borne 192.168.2.10:5205 - compteurs du musee (Area 511 VISITES MUSEE)
2026-10-04 17:21:02 [INFO]   511 VISITES MUSEE E=107271 S=0
2026-10-04 17:21:02 [INFO]   512 ENTREE MUSEE E=107271 S=0
2026-10-04 17:21:02 [INFO]   1208 TRI-MUS-55   E=26527 S=0
2026-10-04 17:21:02 [INFO]   1209 TRI-MUS-56   E=53828 S=0
2026-10-04 17:21:02 [INFO]   1210 TRI-MUS-57   E=26916 S=0
2026-10-04 17:21:02 [INFO]   1040 PDA.3.11     E=0 S=0
2026-10-04 17:21:02 [INFO] Compteurs du site (visites libres)
2026-10-04 17:21:02 [INFO]   749 TRI-NORV-27  E=605 S=31544
2026-10-04 17:21:02 [INFO]   750 TRI-NORV-28  E=30916 S=143
2026-10-04 17:21:02 [INFO]   751 TRI-NORV-PMR-29 E=2893 S=131
2026-10-04 17:21:03 [INFO]   transactions 17:06:02 -> 17:21:02 : 24 lues en 1 page(s), 0 musee, 24 site
2026-10-04 17:21:03 [INFO] Dialogue borne : 1.0 s
2026-10-04 17:21:03 [INFO] Visiteurs du 2026-10-04 : 509 (source compteur, compteur 509, transactions 509)
2026-10-04 17:21:03 [INFO] Site visites libres du 2026-10-04 : entrees 518, sorties 414, presents 104 (pic {'n': 187, 'heure': '15:21'}, source compteur)
2026-10-04 17:26:02 [INFO] Site visites libres : Visites libres 10h00 - 19h00 (fenetre 09:30-19:30)
2026-10-04 17:26:02 [INFO] Borne 192.168.2.10:5205 - compteurs du musee (Area 511 VISITES MUSEE)
2026-10-04 17:26:02 [INFO]   511 VISITES MUSEE E=107271 S=0
2026-10-04 17:26:02 [INFO]   512 ENTREE MUSEE E=107271 S=0
2026-10-04 17:26:02 [INFO]   1208 TRI-MUS-55   E=26527 S=0
2026-10-04 17:26:02 [INFO]   1209 TRI-MUS-56   E=53828 S=0
2026-10-04 17:26:02 [INFO]   1210 TRI-MUS-57   E=26916 S=0
2026-10-04 17:26:02 [INFO]   1040 PDA.3.11     E=0 S=0
2026-10-04 17:26:02 [INFO] Compteurs du site (visites libres)
2026-10-04 17:26:02 [INFO]   749 TRI-NORV-27  E=605 S=31546
2026-10-04 17:26:02 [INFO]   750 TRI-NORV-28  E=30916 S=143
2026-10-04 17:26:02 [INFO]   751 TRI-NORV-PMR-29 E=2893 S=131
2026-10-04 17:26:03 [INFO]   transactions 17:11:02 -> 17:26:02 : 14 lues en 1 page(s), 0 musee, 14 site
2026-10-04 17:26:03 [INFO] Dialogue borne : 0.9 s
2026-10-04 17:26:03 [INFO] Visiteurs du 2026-10-04 : 509 (source compteur, compteur 509, transactions 509)
2026-10-04 17:26:03 [INFO] Site visites libres du 2026-10-04 : entrees 518, sorties 416, presents 102 (pic {'n': 187, 'heure': '15:21'}, source compteur)
2026-10-04 17:31:02 [INFO] Site visites libres : Visites libres 10h00 - 19h00 (fenetre 09:30-19:30)
2026-10-04 17:31:02 [INFO] Borne 192.168.2.10:5205 - compteurs du musee (Area 511 VISITES MUSEE)
2026-10-04 17:31:02 [INFO]   511 VISITES MUSEE E=107271 S=0
2026-10-04 17:31:02 [INFO]   512 ENTREE MUSEE E=107271 S=0
2026-10-04 17:31:02 [INFO]   1208 TRI-MUS-55   E=26527 S=0
2026-10-04 17:31:02 [INFO]   1209 TRI-MUS-56   E=53828 S=0
2026-10-04 17:31:02 [INFO]   1210 TRI-MUS-57   E=26916 S=0
2026-10-04 17:31:02 [INFO]   1040 PDA.3.11     E=0 S=0
2026-10-04 17:31:02 [INFO] Compteurs du site (visites libres)
2026-10-04 17:31:02 [INFO]   749 TRI-NORV-27  E=605 S=31563
2026-10-04 17:31:02 [INFO]   750 TRI-NORV-28  E=30916 S=143
2026-10-04 17:31:02 [INFO]   751 TRI-NORV-PMR-29 E=2893 S=131
2026-10-04 17:31:03 [INFO]   transactions 17:16:02 -> 17:31:02 : 20 lues en 1 page(s), 0 musee, 20 site
2026-10-04 17:31:03 [INFO] Dialogue borne : 1.2 s
2026-10-04 17:31:03 [INFO] Visiteurs du 2026-10-04 : 509 (source compteur, compteur 509, transactions 509)
2026-10-04 17:31:03 [INFO] Site visites libres du 2026-10-04 : entrees 518, sorties 433, presents 85 (pic {'n': 187, 'heure': '15:21'}, source compteur)
2026-10-04 17:36:02 [INFO] Site visites libres : Visites libres 10h00 - 19h00 (fenetre 09:30-19:30)
2026-10-04 17:36:02 [INFO] Borne 192.168.2.10:5205 - compteurs du musee (Area 511 VISITES MUSEE)
2026-10-04 17:36:02 [INFO]   511 VISITES MUSEE E=107271 S=0
2026-10-04 17:36:02 [INFO]   512 ENTREE MUSEE E=107271 S=0
2026-10-04 17:36:02 [INFO]   1208 TRI-MUS-55   E=26527 S=0
2026-10-04 17:36:02 [INFO]   1209 TRI-MUS-56   E=53828 S=0
2026-10-04 17:36:02 [INFO]   1210 TRI-MUS-57   E=26916 S=0
2026-10-04 17:36:02 [INFO]   1040 PDA.3.11     E=0 S=0
2026-10-04 17:36:02 [INFO] Compteurs du site (visites libres)
2026-10-04 17:36:02 [INFO]   749 TRI-NORV-27  E=605 S=31563
2026-10-04 17:36:02 [INFO]   750 TRI-NORV-28  E=30918 S=143
2026-10-04 17:36:02 [INFO]   751 TRI-NORV-PMR-29 E=2893 S=131
2026-10-04 17:36:03 [INFO]   transactions 17:21:02 -> 17:36:02 : 20 lues en 1 page(s), 0 musee, 20 site
2026-10-04 17:36:03 [INFO] Dialogue borne : 1.0 s
2026-10-04 17:36:03 [INFO] Visiteurs du 2026-10-04 : 509 (source compteur, compteur 509, transactions 509)
2026-10-04 17:36:03 [INFO] Site visites libres du 2026-10-04 : entrees 520, sorties 433, presents 87 (pic {'n': 187, 'heure': '15:21'}, source compteur)
2026-10-04 17:41:02 [INFO] Site visites libres : Visites libres 10h00 - 19h00 (fenetre 09:30-19:30)
2026-10-04 17:41:02 [INFO] Borne 192.168.2.10:5205 - compteurs du musee (Area 511 VISITES MUSEE)
2026-10-04 17:41:02 [INFO]   511 VISITES MUSEE E=107271 S=0
2026-10-04 17:41:02 [INFO]   512 ENTREE MUSEE E=107271 S=0
2026-10-04 17:41:02 [INFO]   1208 TRI-MUS-55   E=26527 S=0
2026-10-04 17:41:02 [INFO]   1209 TRI-MUS-56   E=53828 S=0
2026-10-04 17:41:02 [INFO]   1210 TRI-MUS-57   E=26916 S=0
2026-10-04 17:41:02 [INFO]   1040 PDA.3.11     E=0 S=0
2026-10-04 17:41:02 [INFO] Compteurs du site (visites libres)
2026-10-04 17:41:02 [INFO]   749 TRI-NORV-27  E=605 S=31567
2026-10-04 17:41:02 [INFO]   750 TRI-NORV-28  E=30918 S=143
2026-10-04 17:41:02 [INFO]   751 TRI-NORV-PMR-29 E=2893 S=131
2026-10-04 17:41:03 [INFO]   transactions 17:26:02 -> 17:41:02 : 23 lues en 1 page(s), 0 musee, 23 site
2026-10-04 17:41:03 [INFO] Dialogue borne : 0.9 s
2026-10-04 17:41:03 [INFO] Visiteurs du 2026-10-04 : 509 (source compteur, compteur 509, transactions 509)
2026-10-04 17:41:03 [INFO] Site visites libres du 2026-10-04 : entrees 520, sorties 437, presents 83 (pic {'n': 187, 'heure': '15:21'}, source compteur)
2026-10-04 17:46:02 [INFO] Site visites libres : Visites libres 10h00 - 19h00 (fenetre 09:30-19:30)
2026-10-04 17:46:02 [INFO] Borne 192.168.2.10:5205 - compteurs du musee (Area 511 VISITES MUSEE)
2026-10-04 17:46:02 [INFO]   511 VISITES MUSEE E=107271 S=0
2026-10-04 17:46:02 [INFO]   512 ENTREE MUSEE E=107271 S=0
2026-10-04 17:46:02 [INFO]   1208 TRI-MUS-55   E=26527 S=0
2026-10-04 17:46:02 [INFO]   1209 TRI-MUS-56   E=53828 S=0
2026-10-04 17:46:02 [INFO]   1210 TRI-MUS-57   E=26916 S=0
2026-10-04 17:46:02 [INFO]   1040 PDA.3.11     E=0 S=0
2026-10-04 17:46:02 [INFO] Compteurs du site (visites libres)
2026-10-04 17:46:02 [INFO]   749 TRI-NORV-27  E=605 S=31582
2026-10-04 17:46:02 [INFO]   750 TRI-NORV-28  E=30920 S=143
2026-10-04 17:46:02 [INFO]   751 TRI-NORV-PMR-29 E=2893 S=131
2026-10-04 17:46:03 [INFO]   transactions 17:31:02 -> 17:46:02 : 22 lues en 1 page(s), 0 musee, 22 site
2026-10-04 17:46:03 [INFO] Dialogue borne : 1.0 s
2026-10-04 17:46:03 [INFO] Visiteurs du 2026-10-04 : 509 (source compteur, compteur 509, transactions 509)
2026-10-04 17:46:03 [INFO] Site visites libres du 2026-10-04 : entrees 522, sorties 452, presents 70 (pic {'n': 187, 'heure': '15:21'}, source compteur)
2026-10-04 17:51:02 [INFO] Site visites libres : Visites libres 10h00 - 19h00 (fenetre 09:30-19:30)
2026-10-04 17:51:02 [INFO] Borne 192.168.2.10:5205 - compteurs du musee (Area 511 VISITES MUSEE)
2026-10-04 17:51:02 [INFO]   511 VISITES MUSEE E=107271 S=0
2026-10-04 17:51:02 [INFO]   512 ENTREE MUSEE E=107271 S=0
2026-10-04 17:51:02 [INFO]   1208 TRI-MUS-55   E=26527 S=0
2026-10-04 17:51:02 [INFO]   1209 TRI-MUS-56   E=53828 S=0
2026-10-04 17:51:02 [INFO]   1210 TRI-MUS-57   E=26916 S=0
2026-10-04 17:51:02 [INFO]   1040 PDA.3.11     E=0 S=0
2026-10-04 17:51:02 [INFO] Compteurs du site (visites libres)
2026-10-04 17:51:02 [INFO]   749 TRI-NORV-27  E=605 S=31590
2026-10-04 17:51:02 [INFO]   750 TRI-NORV-28  E=30920 S=143
2026-10-04 17:51:02 [INFO]   751 TRI-NORV-PMR-29 E=2893 S=131
2026-10-04 17:51:03 [INFO]   transactions 17:36:02 -> 17:51:02 : 27 lues en 1 page(s), 0 musee, 27 site
2026-10-04 17:51:03 [INFO] Dialogue borne : 0.9 s
2026-10-04 17:51:03 [INFO] Visiteurs du 2026-10-04 : 509 (source compteur, compteur 509, transactions 509)
2026-10-04 17:51:03 [INFO] Site visites libres du 2026-10-04 : entrees 522, sorties 460, presents 62 (pic {'n': 187, 'heure': '15:21'}, source compteur)
2026-10-04 17:56:02 [INFO] Site visites libres : Visites libres 10h00 - 19h00 (fenetre 09:30-19:30)
2026-10-04 17:56:02 [INFO] Borne 192.168.2.10:5205 - compteurs du musee (Area 511 VISITES MUSEE)
2026-10-04 17:56:02 [INFO]   511 VISITES MUSEE E=107271 S=0
2026-10-04 17:56:02 [INFO]   512 ENTREE MUSEE E=107271 S=0
2026-10-04 17:56:02 [INFO]   1208 TRI-MUS-55   E=26527 S=0
2026-10-04 17:56:02 [INFO]   1209 TRI-MUS-56   E=53828 S=0
2026-10-04 17:56:02 [INFO]   1210 TRI-MUS-57   E=26916 S=0
2026-10-04 17:56:02 [INFO]   1040 PDA.3.11     E=0 S=0
2026-10-04 17:56:02 [INFO] Compteurs du site (visites libres)
2026-10-04 17:56:02 [INFO]   749 TRI-NORV-27  E=605 S=31603
2026-10-04 17:56:02 [INFO]   750 TRI-NORV-28  E=30922 S=143
2026-10-04 17:56:02 [INFO]   751 TRI-NORV-PMR-29 E=2893 S=131
2026-10-04 17:56:03 [INFO]   transactions 17:41:02 -> 17:56:02 : 40 lues en 1 page(s), 0 musee, 40 site
2026-10-04 17:56:03 [INFO] Dialogue borne : 1.2 s
2026-10-04 17:56:03 [INFO] Visiteurs du 2026-10-04 : 509 (source compteur, compteur 509, transactions 509)
2026-10-04 17:56:03 [INFO] Site visites libres du 2026-10-04 : entrees 524, sorties 473, presents 51 (pic {'n': 187, 'heure': '15:21'}, source compteur)
2026-10-04 18:01:03 [INFO] Site visites libres : Visites libres 10h00 - 19h00 (fenetre 09:30-19:30)
2026-10-04 18:01:03 [INFO] Borne 192.168.2.10:5205 - compteurs du musee (Area 511 VISITES MUSEE)
2026-10-04 18:01:03 [INFO]   511 VISITES MUSEE E=107271 S=0
2026-10-04 18:01:03 [INFO]   512 ENTREE MUSEE E=107271 S=0
2026-10-04 18:01:03 [INFO]   1208 TRI-MUS-55   E=26527 S=0
2026-10-04 18:01:03 [INFO]   1209 TRI-MUS-56   E=53828 S=0
2026-10-04 18:01:04 [INFO]   1210 TRI-MUS-57   E=26916 S=0
2026-10-04 18:01:04 [INFO]   1040 PDA.3.11     E=0 S=0
2026-10-04 18:01:04 [INFO] Compteurs du site (visites libres)
2026-10-04 18:01:04 [INFO]   749 TRI-NORV-27  E=605 S=31612
2026-10-04 18:01:04 [INFO]   750 TRI-NORV-28  E=30922 S=143
2026-10-04 18:01:04 [INFO]   751 TRI-NORV-PMR-29 E=2893 S=131
2026-10-04 18:01:04 [INFO]   transactions 17:46:02 -> 18:01:03 : 32 lues en 1 page(s), 0 musee, 32 site
2026-10-04 18:01:04 [INFO] Dialogue borne : 1.1 s
2026-10-04 18:01:04 [INFO] Visiteurs du 2026-10-04 : 509 (source compteur, compteur 509, transactions 509)
2026-10-04 18:01:04 [INFO] Site visites libres du 2026-10-04 : entrees 524, sorties 482, presents 42 (pic {'n': 187, 'heure': '15:21'}, source compteur)
2026-10-04 18:06:02 [INFO] Site visites libres : Visites libres 10h00 - 19h00 (fenetre 09:30-19:30)
2026-10-04 18:06:02 [INFO] Borne 192.168.2.10:5205 - compteurs du musee (Area 511 VISITES MUSEE)
2026-10-04 18:06:02 [INFO]   511 VISITES MUSEE E=107271 S=0
2026-10-04 18:06:02 [INFO]   512 ENTREE MUSEE E=107271 S=0
2026-10-04 18:06:02 [INFO]   1208 TRI-MUS-55   E=26527 S=0
2026-10-04 18:06:02 [INFO]   1209 TRI-MUS-56   E=53828 S=0
2026-10-04 18:06:02 [INFO]   1210 TRI-MUS-57   E=26916 S=0
2026-10-04 18:06:02 [INFO]   1040 PDA.3.11     E=0 S=0
2026-10-04 18:06:02 [INFO] Compteurs du site (visites libres)
2026-10-04 18:06:02 [INFO]   749 TRI-NORV-27  E=606 S=31620
2026-10-04 18:06:02 [INFO]   750 TRI-NORV-28  E=30922 S=143
2026-10-04 18:06:02 [INFO]   751 TRI-NORV-PMR-29 E=2893 S=131
2026-10-04 18:06:03 [INFO]   transactions 17:51:03 -> 18:06:02 : 33 lues en 1 page(s), 0 musee, 33 site
2026-10-04 18:06:03 [INFO] Dialogue borne : 0.9 s
2026-10-04 18:06:03 [INFO] Visiteurs du 2026-10-04 : 509 (source compteur, compteur 509, transactions 509)
2026-10-04 18:06:03 [INFO] Site visites libres du 2026-10-04 : entrees 525, sorties 490, presents 35 (pic {'n': 187, 'heure': '15:21'}, source compteur)
2026-10-04 18:11:02 [INFO] Site visites libres : Visites libres 10h00 - 19h00 (fenetre 09:30-19:30)
2026-10-04 18:11:02 [INFO] Borne 192.168.2.10:5205 - compteurs du musee (Area 511 VISITES MUSEE)
2026-10-04 18:11:02 [INFO]   511 VISITES MUSEE E=107271 S=0
2026-10-04 18:11:02 [INFO]   512 ENTREE MUSEE E=107271 S=0
2026-10-04 18:11:02 [INFO]   1208 TRI-MUS-55   E=26527 S=0
2026-10-04 18:11:02 [INFO]   1209 TRI-MUS-56   E=53828 S=0
2026-10-04 18:11:02 [INFO]   1210 TRI-MUS-57   E=26916 S=0
2026-10-04 18:11:02 [INFO]   1040 PDA.3.11     E=0 S=0
2026-10-04 18:11:02 [INFO] Compteurs du site (visites libres)
2026-10-04 18:11:02 [INFO]   749 TRI-NORV-27  E=606 S=31628
2026-10-04 18:11:02 [INFO]   750 TRI-NORV-28  E=30922 S=143
2026-10-04 18:11:02 [INFO]   751 TRI-NORV-PMR-29 E=2893 S=131
2026-10-04 18:11:03 [INFO]   transactions 17:56:02 -> 18:11:02 : 27 lues en 1 page(s), 0 musee, 27 site
2026-10-04 18:11:03 [INFO] Dialogue borne : 1.1 s
2026-10-04 18:11:03 [INFO] Visiteurs du 2026-10-04 : 509 (source compteur, compteur 509, transactions 509)
2026-10-04 18:11:03 [INFO] Site visites libres du 2026-10-04 : entrees 525, sorties 498, presents 27 (pic {'n': 187, 'heure': '15:21'}, source compteur)
2026-10-04 18:16:02 [INFO] Site visites libres : Visites libres 10h00 - 19h00 (fenetre 09:30-19:30)
2026-10-04 18:16:02 [INFO] Borne 192.168.2.10:5205 - compteurs du musee (Area 511 VISITES MUSEE)
2026-10-04 18:16:02 [INFO]   511 VISITES MUSEE E=107271 S=0
2026-10-04 18:16:02 [INFO]   512 ENTREE MUSEE E=107271 S=0
2026-10-04 18:16:02 [INFO]   1208 TRI-MUS-55   E=26527 S=0
2026-10-04 18:16:02 [INFO]   1209 TRI-MUS-56   E=53828 S=0
2026-10-04 18:16:02 [INFO]   1210 TRI-MUS-57   E=26916 S=0
2026-10-04 18:16:02 [INFO]   1040 PDA.3.11     E=0 S=0
2026-10-04 18:16:02 [INFO] Compteurs du site (visites libres)
2026-10-04 18:16:02 [INFO]   749 TRI-NORV-27  E=606 S=31632
2026-10-04 18:16:02 [INFO]   750 TRI-NORV-28  E=30922 S=143
2026-10-04 18:16:02 [INFO]   751 TRI-NORV-PMR-29 E=2893 S=131
2026-10-04 18:16:03 [INFO]   transactions 18:01:02 -> 18:16:02 : 22 lues en 1 page(s), 0 musee, 22 site
2026-10-04 18:16:03 [INFO] Dialogue borne : 1.0 s
2026-10-04 18:16:03 [INFO] Visiteurs du 2026-10-04 : 509 (source compteur, compteur 509, transactions 509)
2026-10-04 18:16:03 [INFO] Site visites libres du 2026-10-04 : entrees 525, sorties 502, presents 23 (pic {'n': 187, 'heure': '15:21'}, source compteur)
2026-10-04 18:21:02 [INFO] Site visites libres : Visites libres 10h00 - 19h00 (fenetre 09:30-19:30)
2026-10-04 18:21:02 [INFO] Borne 192.168.2.10:5205 - compteurs du musee (Area 511 VISITES MUSEE)
2026-10-04 18:21:02 [INFO]   511 VISITES MUSEE E=107271 S=0
2026-10-04 18:21:02 [INFO]   512 ENTREE MUSEE E=107271 S=0
2026-10-04 18:21:02 [INFO]   1208 TRI-MUS-55   E=26527 S=0
2026-10-04 18:21:02 [INFO]   1209 TRI-MUS-56   E=53828 S=0
2026-10-04 18:21:02 [INFO]   1210 TRI-MUS-57   E=26916 S=0
2026-10-04 18:21:02 [INFO]   1040 PDA.3.11     E=0 S=0
2026-10-04 18:21:02 [INFO] Compteurs du site (visites libres)
2026-10-04 18:21:02 [INFO]   749 TRI-NORV-27  E=606 S=31632
2026-10-04 18:21:02 [INFO]   750 TRI-NORV-28  E=30922 S=143
2026-10-04 18:21:02 [INFO]   751 TRI-NORV-PMR-29 E=2893 S=131
2026-10-04 18:21:03 [INFO]   transactions 18:06:02 -> 18:21:02 : 13 lues en 1 page(s), 0 musee, 13 site
2026-10-04 18:21:03 [INFO] Dialogue borne : 1.1 s
2026-10-04 18:21:03 [INFO] Visiteurs du 2026-10-04 : 509 (source compteur, compteur 509, transactions 509)
2026-10-04 18:21:03 [INFO] Site visites libres du 2026-10-04 : entrees 525, sorties 502, presents 23 (pic {'n': 187, 'heure': '15:21'}, source compteur)
2026-10-04 18:26:02 [INFO] Site visites libres : Visites libres 10h00 - 19h00 (fenetre 09:30-19:30)
2026-10-04 18:26:02 [INFO] Borne 192.168.2.10:5205 - compteurs du musee (Area 511 VISITES MUSEE)
2026-10-04 18:26:02 [INFO]   511 VISITES MUSEE E=107271 S=0
2026-10-04 18:26:02 [INFO]   512 ENTREE MUSEE E=107271 S=0
2026-10-04 18:26:02 [INFO]   1208 TRI-MUS-55   E=26527 S=0
2026-10-04 18:26:02 [INFO]   1209 TRI-MUS-56   E=53828 S=0
2026-10-04 18:26:02 [INFO]   1210 TRI-MUS-57   E=26916 S=0
2026-10-04 18:26:02 [INFO]   1040 PDA.3.11     E=0 S=0
2026-10-04 18:26:02 [INFO] Compteurs du site (visites libres)
2026-10-04 18:26:02 [INFO]   749 TRI-NORV-27  E=606 S=31632
2026-10-04 18:26:02 [INFO]   750 TRI-NORV-28  E=30922 S=143
2026-10-04 18:26:02 [INFO]   751 TRI-NORV-PMR-29 E=2893 S=131
2026-10-04 18:26:03 [INFO]   transactions 18:11:02 -> 18:26:02 : 4 lues en 1 page(s), 0 musee, 4 site
2026-10-04 18:26:03 [INFO] Dialogue borne : 1.0 s
2026-10-04 18:26:03 [INFO] Visiteurs du 2026-10-04 : 509 (source compteur, compteur 509, transactions 509)
2026-10-04 18:26:03 [INFO] Site visites libres du 2026-10-04 : entrees 525, sorties 502, presents 23 (pic {'n': 187, 'heure': '15:21'}, source compteur)
2026-10-04 18:31:02 [INFO] Site visites libres : Visites libres 10h00 - 19h00 (fenetre 09:30-19:30)
2026-10-04 18:31:02 [INFO] Borne 192.168.2.10:5205 - compteurs du musee (Area 511 VISITES MUSEE)
2026-10-04 18:31:02 [INFO]   511 VISITES MUSEE E=107271 S=0
2026-10-04 18:31:02 [INFO]   512 ENTREE MUSEE E=107271 S=0
2026-10-04 18:31:02 [INFO]   1208 TRI-MUS-55   E=26527 S=0
2026-10-04 18:31:02 [INFO]   1209 TRI-MUS-56   E=53828 S=0
2026-10-04 18:31:02 [INFO]   1210 TRI-MUS-57   E=26916 S=0
2026-10-04 18:31:02 [INFO]   1040 PDA.3.11     E=0 S=0
2026-10-04 18:31:02 [INFO] Compteurs du site (visites libres)
2026-10-04 18:31:02 [INFO]   749 TRI-NORV-27  E=606 S=31632
2026-10-04 18:31:02 [INFO]   750 TRI-NORV-28  E=30922 S=143
2026-10-04 18:31:02 [INFO]   751 TRI-NORV-PMR-29 E=2893 S=131
2026-10-04 18:31:03 [INFO]   transactions 18:16:02 -> 18:31:02 : 0 lues en 1 page(s), 0 musee, 0 site
2026-10-04 18:31:03 [INFO] Dialogue borne : 0.9 s
2026-10-04 18:31:03 [INFO] Visiteurs du 2026-10-04 : 509 (source compteur, compteur 509, transactions 509)
2026-10-04 18:31:03 [INFO] Site visites libres du 2026-10-04 : entrees 525, sorties 502, presents 23 (pic {'n': 187, 'heure': '15:21'}, source compteur)
2026-10-04 18:36:02 [INFO] Site visites libres : Visites libres 10h00 - 19h00 (fenetre 09:30-19:30)
2026-10-04 18:36:02 [INFO] Borne 192.168.2.10:5205 - compteurs du musee (Area 511 VISITES MUSEE)
2026-10-04 18:36:02 [INFO]   511 VISITES MUSEE E=107271 S=0
2026-10-04 18:36:02 [INFO]   512 ENTREE MUSEE E=107271 S=0
2026-10-04 18:36:02 [INFO]   1208 TRI-MUS-55   E=26527 S=0
2026-10-04 18:36:02 [INFO]   1209 TRI-MUS-56   E=53828 S=0
2026-10-04 18:36:02 [INFO]   1210 TRI-MUS-57   E=26916 S=0
2026-10-04 18:36:02 [INFO]   1040 PDA.3.11     E=0 S=0
2026-10-04 18:36:02 [INFO] Compteurs du site (visites libres)
2026-10-04 18:36:02 [INFO]   749 TRI-NORV-27  E=606 S=31632
2026-10-04 18:36:02 [INFO]   750 TRI-NORV-28  E=30922 S=143
2026-10-04 18:36:02 [INFO]   751 TRI-NORV-PMR-29 E=2893 S=131
2026-10-04 18:36:03 [INFO]   transactions 18:21:02 -> 18:36:02 : 0 lues en 1 page(s), 0 musee, 0 site
2026-10-04 18:36:03 [INFO] Dialogue borne : 0.9 s
2026-10-04 18:36:03 [INFO] Visiteurs du 2026-10-04 : 509 (source compteur, compteur 509, transactions 509)
2026-10-04 18:36:03 [INFO] Site visites libres du 2026-10-04 : entrees 525, sorties 502, presents 23 (pic {'n': 187, 'heure': '15:21'}, source compteur)
2026-10-04 18:41:02 [INFO] Site visites libres : Visites libres 10h00 - 19h00 (fenetre 09:30-19:30)
2026-10-04 18:41:02 [INFO] Borne 192.168.2.10:5205 - compteurs du musee (Area 511 VISITES MUSEE)
2026-10-04 18:41:02 [INFO]   511 VISITES MUSEE E=107271 S=0
2026-10-04 18:41:02 [INFO]   512 ENTREE MUSEE E=107271 S=0
2026-10-04 18:41:02 [INFO]   1208 TRI-MUS-55   E=26527 S=0
2026-10-04 18:41:02 [INFO]   1209 TRI-MUS-56   E=53828 S=0
2026-10-04 18:41:02 [INFO]   1210 TRI-MUS-57   E=26916 S=0
2026-10-04 18:41:02 [INFO]   1040 PDA.3.11     E=0 S=0
2026-10-04 18:41:02 [INFO] Compteurs du site (visites libres)
2026-10-04 18:41:02 [INFO]   749 TRI-NORV-27  E=606 S=31634
2026-10-04 18:41:02 [INFO]   750 TRI-NORV-28  E=30922 S=143
2026-10-04 18:41:02 [INFO]   751 TRI-NORV-PMR-29 E=2893 S=131
2026-10-04 18:41:03 [INFO]   transactions 18:26:02 -> 18:41:02 : 2 lues en 1 page(s), 0 musee, 2 site
2026-10-04 18:41:03 [INFO] Dialogue borne : 0.9 s
2026-10-04 18:41:03 [INFO] Visiteurs du 2026-10-04 : 509 (source compteur, compteur 509, transactions 509)
2026-10-04 18:41:03 [INFO] Site visites libres du 2026-10-04 : entrees 525, sorties 504, presents 21 (pic {'n': 187, 'heure': '15:21'}, source compteur)
2026-10-04 18:46:02 [INFO] Site visites libres : Visites libres 10h00 - 19h00 (fenetre 09:30-19:30)
2026-10-04 18:46:02 [INFO] Borne 192.168.2.10:5205 - compteurs du musee (Area 511 VISITES MUSEE)
2026-10-04 18:46:02 [INFO]   511 VISITES MUSEE E=107271 S=0
2026-10-04 18:46:02 [INFO]   512 ENTREE MUSEE E=107271 S=0
2026-10-04 18:46:02 [INFO]   1208 TRI-MUS-55   E=26527 S=0
2026-10-04 18:46:02 [INFO]   1209 TRI-MUS-56   E=53828 S=0
2026-10-04 18:46:02 [INFO]   1210 TRI-MUS-57   E=26916 S=0
2026-10-04 18:46:02 [INFO]   1040 PDA.3.11     E=0 S=0
2026-10-04 18:46:02 [INFO] Compteurs du site (visites libres)
2026-10-04 18:46:02 [INFO]   749 TRI-NORV-27  E=606 S=31634
2026-10-04 18:46:02 [INFO]   750 TRI-NORV-28  E=30922 S=143
2026-10-04 18:46:02 [INFO]   751 TRI-NORV-PMR-29 E=2893 S=131
2026-10-04 18:46:03 [INFO]   transactions 18:31:02 -> 18:46:02 : 2 lues en 1 page(s), 0 musee, 2 site
2026-10-04 18:46:03 [INFO] Dialogue borne : 1.0 s
2026-10-04 18:46:03 [INFO] Visiteurs du 2026-10-04 : 509 (source compteur, compteur 509, transactions 509)
2026-10-04 18:46:03 [INFO] Site visites libres du 2026-10-04 : entrees 525, sorties 504, presents 21 (pic {'n': 187, 'heure': '15:21'}, source compteur)
2026-10-04 18:51:02 [INFO] Site visites libres : Visites libres 10h00 - 19h00 (fenetre 09:30-19:30)
2026-10-04 18:51:02 [INFO] Borne 192.168.2.10:5205 - compteurs du musee (Area 511 VISITES MUSEE)
2026-10-04 18:51:02 [INFO]   511 VISITES MUSEE E=107271 S=0
2026-10-04 18:51:02 [INFO]   512 ENTREE MUSEE E=107271 S=0
2026-10-04 18:51:02 [INFO]   1208 TRI-MUS-55   E=26527 S=0
2026-10-04 18:51:02 [INFO]   1209 TRI-MUS-56   E=53828 S=0
2026-10-04 18:51:02 [INFO]   1210 TRI-MUS-57   E=26916 S=0
2026-10-04 18:51:02 [INFO]   1040 PDA.3.11     E=0 S=0
2026-10-04 18:51:02 [INFO] Compteurs du site (visites libres)
2026-10-04 18:51:02 [INFO]   749 TRI-NORV-27  E=606 S=31634
2026-10-04 18:51:02 [INFO]   750 TRI-NORV-28  E=30922 S=143
2026-10-04 18:51:02 [INFO]   751 TRI-NORV-PMR-29 E=2893 S=131
2026-10-04 18:51:03 [INFO]   transactions 18:36:02 -> 18:51:02 : 2 lues en 1 page(s), 0 musee, 2 site
2026-10-04 18:51:03 [INFO] Dialogue borne : 0.9 s
2026-10-04 18:51:03 [INFO] Visiteurs du 2026-10-04 : 509 (source compteur, compteur 509, transactions 509)
2026-10-04 18:51:03 [INFO] Site visites libres du 2026-10-04 : entrees 525, sorties 504, presents 21 (pic {'n': 187, 'heure': '15:21'}, source compteur)
2026-10-04 18:56:02 [INFO] Site visites libres : Visites libres 10h00 - 19h00 (fenetre 09:30-19:30)
2026-10-04 18:56:02 [INFO] Borne 192.168.2.10:5205 - compteurs du musee (Area 511 VISITES MUSEE)
2026-10-04 18:56:02 [INFO]   511 VISITES MUSEE E=107271 S=0
2026-10-04 18:56:02 [INFO]   512 ENTREE MUSEE E=107271 S=0
2026-10-04 18:56:02 [INFO]   1208 TRI-MUS-55   E=26527 S=0
2026-10-04 18:56:02 [INFO]   1209 TRI-MUS-56   E=53828 S=0
2026-10-04 18:56:02 [INFO]   1210 TRI-MUS-57   E=26916 S=0
2026-10-04 18:56:02 [INFO]   1040 PDA.3.11     E=0 S=0
2026-10-04 18:56:02 [INFO] Compteurs du site (visites libres)
2026-10-04 18:56:02 [INFO]   749 TRI-NORV-27  E=606 S=31634
2026-10-04 18:56:02 [INFO]   750 TRI-NORV-28  E=30922 S=143
2026-10-04 18:56:02 [INFO]   751 TRI-NORV-PMR-29 E=2893 S=131
2026-10-04 18:56:03 [INFO]   transactions 18:41:02 -> 18:56:02 : 0 lues en 1 page(s), 0 musee, 0 site
2026-10-04 18:56:03 [INFO] Dialogue borne : 1.0 s
2026-10-04 18:56:03 [INFO] Visiteurs du 2026-10-04 : 509 (source compteur, compteur 509, transactions 509)
2026-10-04 18:56:03 [INFO] Site visites libres du 2026-10-04 : entrees 525, sorties 504, presents 21 (pic {'n': 187, 'heure': '15:21'}, source compteur)
2026-10-04 19:01:02 [INFO] Site visites libres : Visites libres 10h00 - 19h00 (fenetre 09:30-19:30)
2026-10-04 19:01:02 [INFO] Borne 192.168.2.10:5205 - compteurs du musee (Area 511 VISITES MUSEE)
2026-10-04 19:01:02 [INFO]   511 VISITES MUSEE E=107271 S=0
2026-10-04 19:01:02 [INFO]   512 ENTREE MUSEE E=107271 S=0
2026-10-04 19:01:02 [INFO]   1208 TRI-MUS-55   E=26527 S=0
2026-10-04 19:01:02 [INFO]   1209 TRI-MUS-56   E=53828 S=0
2026-10-04 19:01:02 [INFO]   1210 TRI-MUS-57   E=26916 S=0
2026-10-04 19:01:02 [INFO]   1040 PDA.3.11     E=0 S=0
2026-10-04 19:01:02 [INFO] Compteurs du site (visites libres)
2026-10-04 19:01:02 [INFO]   749 TRI-NORV-27  E=606 S=31634
2026-10-04 19:01:02 [INFO]   750 TRI-NORV-28  E=30922 S=143
2026-10-04 19:01:02 [INFO]   751 TRI-NORV-PMR-29 E=2893 S=131
2026-10-04 19:01:03 [INFO]   transactions 18:46:02 -> 19:01:02 : 0 lues en 1 page(s), 0 musee, 0 site
2026-10-04 19:01:03 [INFO] Dialogue borne : 1.1 s
2026-10-04 19:01:03 [INFO] Visiteurs du 2026-10-04 : 509 (source compteur, compteur 509, transactions 509)
2026-10-04 19:01:03 [INFO] Site visites libres du 2026-10-04 : entrees 525, sorties 504, presents 21 (pic {'n': 187, 'heure': '15:21'}, source compteur)
2026-10-04 19:06:02 [INFO] Site visites libres : Visites libres 10h00 - 19h00 (fenetre 09:30-19:30)
2026-10-04 19:06:02 [INFO] Borne 192.168.2.10:5205 - compteurs du musee (Area 511 VISITES MUSEE)
2026-10-04 19:06:02 [INFO]   511 VISITES MUSEE E=107271 S=0
2026-10-04 19:06:02 [INFO]   512 ENTREE MUSEE E=107271 S=0
2026-10-04 19:06:02 [INFO]   1208 TRI-MUS-55   E=26527 S=0
2026-10-04 19:06:02 [INFO]   1209 TRI-MUS-56   E=53828 S=0
2026-10-04 19:06:02 [INFO]   1210 TRI-MUS-57   E=26916 S=0
2026-10-04 19:06:02 [INFO]   1040 PDA.3.11     E=0 S=0
2026-10-04 19:06:02 [INFO] Compteurs du site (visites libres)
2026-10-04 19:06:02 [INFO]   749 TRI-NORV-27  E=606 S=31634
2026-10-04 19:06:02 [INFO]   750 TRI-NORV-28  E=30922 S=143
2026-10-04 19:06:02 [INFO]   751 TRI-NORV-PMR-29 E=2893 S=131
2026-10-04 19:06:03 [INFO]   transactions 18:51:02 -> 19:06:02 : 0 lues en 1 page(s), 0 musee, 0 site
2026-10-04 19:06:03 [INFO] Dialogue borne : 1.0 s
2026-10-04 19:06:03 [INFO] Visiteurs du 2026-10-04 : 509 (source compteur, compteur 509, transactions 509)
2026-10-04 19:06:03 [INFO] Site visites libres du 2026-10-04 : entrees 525, sorties 504, presents 21 (pic {'n': 187, 'heure': '15:21'}, source compteur)
2026-10-04 19:11:02 [INFO] Site visites libres : Visites libres 10h00 - 19h00 (fenetre 09:30-19:30)
2026-10-04 19:11:02 [INFO] Borne 192.168.2.10:5205 - compteurs du musee (Area 511 VISITES MUSEE)
2026-10-04 19:11:02 [INFO]   511 VISITES MUSEE E=107271 S=0
2026-10-04 19:11:02 [INFO]   512 ENTREE MUSEE E=107271 S=0
2026-10-04 19:11:02 [INFO]   1208 TRI-MUS-55   E=26527 S=0
2026-10-04 19:11:02 [INFO]   1209 TRI-MUS-56   E=53828 S=0
2026-10-04 19:11:02 [INFO]   1210 TRI-MUS-57   E=26916 S=0
2026-10-04 19:11:02 [INFO]   1040 PDA.3.11     E=0 S=0
2026-10-04 19:11:02 [INFO] Compteurs du site (visites libres)
2026-10-04 19:11:02 [INFO]   749 TRI-NORV-27  E=606 S=31634
2026-10-04 19:11:02 [INFO]   750 TRI-NORV-28  E=30922 S=143
2026-10-04 19:11:02 [INFO]   751 TRI-NORV-PMR-29 E=2893 S=131
2026-10-04 19:11:03 [INFO]   transactions 18:56:02 -> 19:11:02 : 0 lues en 1 page(s), 0 musee, 0 site
2026-10-04 19:11:03 [INFO] Dialogue borne : 1.0 s
2026-10-04 19:11:03 [INFO] Visiteurs du 2026-10-04 : 509 (source compteur, compteur 509, transactions 509)
2026-10-04 19:11:03 [INFO] Site visites libres du 2026-10-04 : entrees 525, sorties 504, presents 21 (pic {'n': 187, 'heure': '15:21'}, source compteur)
2026-10-04 19:16:02 [INFO] Site visites libres : Visites libres 10h00 - 19h00 (fenetre 09:30-19:30)
2026-10-04 19:16:02 [INFO] Borne 192.168.2.10:5205 - compteurs du musee (Area 511 VISITES MUSEE)
2026-10-04 19:16:02 [INFO]   511 VISITES MUSEE E=107271 S=0
2026-10-04 19:16:02 [INFO]   512 ENTREE MUSEE E=107271 S=0
2026-10-04 19:16:02 [INFO]   1208 TRI-MUS-55   E=26527 S=0
2026-10-04 19:16:02 [INFO]   1209 TRI-MUS-56   E=53828 S=0
2026-10-04 19:16:02 [INFO]   1210 TRI-MUS-57   E=26916 S=0
2026-10-04 19:16:02 [INFO]   1040 PDA.3.11     E=0 S=0
2026-10-04 19:16:02 [INFO] Compteurs du site (visites libres)
2026-10-04 19:16:02 [INFO]   749 TRI-NORV-27  E=606 S=31634
2026-10-04 19:16:02 [INFO]   750 TRI-NORV-28  E=30922 S=143
2026-10-04 19:16:02 [INFO]   751 TRI-NORV-PMR-29 E=2893 S=131
2026-10-04 19:16:03 [INFO]   transactions 19:01:02 -> 19:16:02 : 0 lues en 1 page(s), 0 musee, 0 site
2026-10-04 19:16:03 [INFO] Dialogue borne : 0.9 s
2026-10-04 19:16:03 [INFO] Visiteurs du 2026-10-04 : 509 (source compteur, compteur 509, transactions 509)
2026-10-04 19:16:03 [INFO] Site visites libres du 2026-10-04 : entrees 525, sorties 504, presents 21 (pic {'n': 187, 'heure': '15:21'}, source compteur)
2026-10-04 19:21:02 [INFO] Site visites libres : Visites libres 10h00 - 19h00 (fenetre 09:30-19:30)
2026-10-04 19:21:02 [INFO] Borne 192.168.2.10:5205 - compteurs du musee (Area 511 VISITES MUSEE)
2026-10-04 19:21:02 [INFO]   511 VISITES MUSEE E=107271 S=0
2026-10-04 19:21:02 [INFO]   512 ENTREE MUSEE E=107271 S=0
2026-10-04 19:21:02 [INFO]   1208 TRI-MUS-55   E=26527 S=0
2026-10-04 19:21:02 [INFO]   1209 TRI-MUS-56   E=53828 S=0
2026-10-04 19:21:02 [INFO]   1210 TRI-MUS-57   E=26916 S=0
2026-10-04 19:21:02 [INFO]   1040 PDA.3.11     E=0 S=0
2026-10-04 19:21:02 [INFO] Compteurs du site (visites libres)
2026-10-04 19:21:02 [INFO]   749 TRI-NORV-27  E=606 S=31634
2026-10-04 19:21:02 [INFO]   750 TRI-NORV-28  E=30922 S=143
2026-10-04 19:21:02 [INFO]   751 TRI-NORV-PMR-29 E=2893 S=131
2026-10-04 19:21:03 [INFO]   transactions 19:06:02 -> 19:21:02 : 0 lues en 1 page(s), 0 musee, 0 site
2026-10-04 19:21:03 [INFO] Dialogue borne : 1.0 s
2026-10-04 19:21:03 [INFO] Visiteurs du 2026-10-04 : 509 (source compteur, compteur 509, transactions 509)
2026-10-04 19:21:03 [INFO] Site visites libres du 2026-10-04 : entrees 525, sorties 504, presents 21 (pic {'n': 187, 'heure': '15:21'}, source compteur)
2026-10-04 19:26:02 [INFO] Site visites libres : Visites libres 10h00 - 19h00 (fenetre 09:30-19:30)
2026-10-04 19:26:02 [INFO] Borne 192.168.2.10:5205 - compteurs du musee (Area 511 VISITES MUSEE)
2026-10-04 19:26:02 [INFO]   511 VISITES MUSEE E=107271 S=0
2026-10-04 19:26:02 [INFO]   512 ENTREE MUSEE E=107271 S=0
2026-10-04 19:26:02 [INFO]   1208 TRI-MUS-55   E=26527 S=0
2026-10-04 19:26:02 [INFO]   1209 TRI-MUS-56   E=53828 S=0
2026-10-04 19:26:02 [INFO]   1210 TRI-MUS-57   E=26916 S=0
2026-10-04 19:26:02 [INFO]   1040 PDA.3.11     E=0 S=0
2026-10-04 19:26:02 [INFO] Compteurs du site (visites libres)
2026-10-04 19:26:02 [INFO]   749 TRI-NORV-27  E=606 S=31634
2026-10-04 19:26:02 [INFO]   750 TRI-NORV-28  E=30922 S=143
2026-10-04 19:26:02 [INFO]   751 TRI-NORV-PMR-29 E=2893 S=131
2026-10-04 19:26:03 [INFO]   transactions 19:11:02 -> 19:26:02 : 0 lues en 1 page(s), 0 musee, 0 site
2026-10-04 19:26:03 [INFO] Dialogue borne : 0.9 s
2026-10-04 19:26:03 [INFO] Visiteurs du 2026-10-04 : 509 (source compteur, compteur 509, transactions 509)
2026-10-04 19:26:03 [INFO] Site visites libres du 2026-10-04 : entrees 525, sorties 504, presents 21 (pic {'n': 187, 'heure': '15:21'}, source compteur)
2026-10-04 19:31:02 [INFO] Site visites libres : Visites libres terminees (fenetre 09:30-19:30)
2026-10-04 19:31:02 [INFO] Borne 192.168.2.10:5205 - compteurs du musee (Area 511 VISITES MUSEE)
2026-10-04 19:31:02 [INFO]   511 VISITES MUSEE E=107271 S=0
2026-10-04 19:31:02 [INFO]   512 ENTREE MUSEE E=107271 S=0
2026-10-04 19:31:02 [INFO]   1208 TRI-MUS-55   E=26527 S=0
2026-10-04 19:31:02 [INFO]   1209 TRI-MUS-56   E=53828 S=0
2026-10-04 19:31:02 [INFO]   1210 TRI-MUS-57   E=26916 S=0
2026-10-04 19:31:02 [INFO]   1040 PDA.3.11     E=0 S=0
2026-10-04 19:31:02 [INFO] Compteurs du site (visites libres)
2026-10-04 19:31:02 [INFO]   749 TRI-NORV-27  E=606 S=31634
2026-10-04 19:31:02 [INFO]   750 TRI-NORV-28  E=30922 S=143
2026-10-04 19:31:02 [INFO]   751 TRI-NORV-PMR-29 E=2893 S=131
2026-10-04 19:31:03 [INFO]   transactions 19:16:02 -> 19:31:02 : 0 lues en 1 page(s), 0 musee, 0 site
2026-10-04 19:31:03 [INFO] Dialogue borne : 0.9 s
2026-10-04 19:31:03 [INFO] Visiteurs du 2026-10-04 : 509 (source compteur, compteur 509, transactions 509)
2026-10-04 19:31:03 [INFO] Site visites libres du 2026-10-04 : entrees 525, sorties 504, presents 21 (pic {'n': 187, 'heure': '15:21'}, source compteur)
2026-10-04 19:36:02 [INFO] Site visites libres : Visites libres terminees (fenetre 09:30-19:30)
2026-10-04 19:36:02 [INFO] Borne 192.168.2.10:5205 - compteurs du musee (Area 511 VISITES MUSEE)
2026-10-04 19:36:02 [INFO]   511 VISITES MUSEE E=107271 S=0
2026-10-04 19:36:02 [INFO]   512 ENTREE MUSEE E=107271 S=0
2026-10-04 19:36:02 [INFO]   1208 TRI-MUS-55   E=26527 S=0
2026-10-04 19:36:02 [INFO]   1209 TRI-MUS-56   E=53828 S=0
2026-10-04 19:36:02 [INFO]   1210 TRI-MUS-57   E=26916 S=0
2026-10-04 19:36:02 [INFO]   1040 PDA.3.11     E=0 S=0
2026-10-04 19:36:02 [INFO] Compteurs du site (visites libres)
2026-10-04 19:36:02 [INFO]   749 TRI-NORV-27  E=606 S=31634
2026-10-04 19:36:02 [INFO]   750 TRI-NORV-28  E=30922 S=143
2026-10-04 19:36:02 [INFO]   751 TRI-NORV-PMR-29 E=2893 S=131
2026-10-04 19:36:03 [INFO]   transactions 19:21:02 -> 19:36:02 : 0 lues en 1 page(s), 0 musee, 0 site
2026-10-04 19:36:03 [INFO] Dialogue borne : 1.0 s
2026-10-04 19:36:03 [INFO] Visiteurs du 2026-10-04 : 509 (source compteur, compteur 509, transactions 509)
2026-10-04 19:36:03 [INFO] Site visites libres du 2026-10-04 : entrees 525, sorties 504, presents 21 (pic {'n': 187, 'heure': '15:21'}, source compteur)
2026-10-04 19:41:02 [INFO] Site visites libres : Visites libres terminees (fenetre 09:30-19:30)
2026-10-04 19:41:02 [INFO] Borne 192.168.2.10:5205 - compteurs du musee (Area 511 VISITES MUSEE)
2026-10-04 19:41:02 [INFO]   511 VISITES MUSEE E=107271 S=0
2026-10-04 19:41:02 [INFO]   512 ENTREE MUSEE E=107271 S=0
2026-10-04 19:41:02 [INFO]   1208 TRI-MUS-55   E=26527 S=0
2026-10-04 19:41:02 [INFO]   1209 TRI-MUS-56   E=53828 S=0
2026-10-04 19:41:02 [INFO]   1210 TRI-MUS-57   E=26916 S=0
2026-10-04 19:41:02 [INFO]   1040 PDA.3.11     E=0 S=0
2026-10-04 19:41:02 [INFO] Compteurs du site (visites libres)
2026-10-04 19:41:02 [INFO]   749 TRI-NORV-27  E=606 S=31634
2026-10-04 19:41:02 [INFO]   750 TRI-NORV-28  E=30922 S=143
2026-10-04 19:41:02 [INFO]   751 TRI-NORV-PMR-29 E=2893 S=131
2026-10-04 19:41:03 [INFO]   transactions 19:26:02 -> 19:41:02 : 0 lues en 1 page(s), 0 musee, 0 site
2026-10-04 19:41:03 [INFO] Dialogue borne : 1.0 s
2026-10-04 19:41:03 [INFO] Visiteurs du 2026-10-04 : 509 (source compteur, compteur 509, transactions 509)
2026-10-04 19:41:03 [INFO] Site visites libres du 2026-10-04 : entrees 525, sorties 504, presents 21 (pic {'n': 187, 'heure': '15:21'}, source compteur)
2026-10-04 19:46:02 [INFO] Site visites libres : Visites libres terminees (fenetre 09:30-19:30)
2026-10-04 19:46:02 [INFO] Borne 192.168.2.10:5205 - compteurs du musee (Area 511 VISITES MUSEE)
2026-10-04 19:46:02 [INFO]   511 VISITES MUSEE E=107271 S=0
2026-10-04 19:46:02 [INFO]   512 ENTREE MUSEE E=107271 S=0
2026-10-04 19:46:02 [INFO]   1208 TRI-MUS-55   E=26527 S=0
2026-10-04 19:46:02 [INFO]   1209 TRI-MUS-56   E=53828 S=0
2026-10-04 19:46:02 [INFO]   1210 TRI-MUS-57   E=26916 S=0
2026-10-04 19:46:02 [INFO]   1040 PDA.3.11     E=0 S=0
2026-10-04 19:46:02 [INFO] Compteurs du site (visites libres)
2026-10-04 19:46:02 [INFO]   749 TRI-NORV-27  E=606 S=31634
2026-10-04 19:46:02 [INFO]   750 TRI-NORV-28  E=30922 S=143
2026-10-04 19:46:02 [INFO]   751 TRI-NORV-PMR-29 E=2893 S=131
2026-10-04 19:46:03 [INFO]   transactions 19:31:02 -> 19:46:02 : 0 lues en 1 page(s), 0 musee, 0 site
2026-10-04 19:46:03 [INFO] Dialogue borne : 0.9 s
2026-10-04 19:46:03 [INFO] Visiteurs du 2026-10-04 : 509 (source compteur, compteur 509, transactions 509)
2026-10-04 19:46:03 [INFO] Site visites libres du 2026-10-04 : entrees 525, sorties 504, presents 21 (pic {'n': 187, 'heure': '15:21'}, source compteur)
2026-10-04 19:51:02 [INFO] Site visites libres : Visites libres terminees (fenetre 09:30-19:30)
2026-10-04 19:51:02 [INFO] Borne 192.168.2.10:5205 - compteurs du musee (Area 511 VISITES MUSEE)
2026-10-04 19:51:02 [INFO]   511 VISITES MUSEE E=107271 S=0
2026-10-04 19:51:02 [INFO]   512 ENTREE MUSEE E=107271 S=0
2026-10-04 19:51:02 [INFO]   1208 TRI-MUS-55   E=26527 S=0
2026-10-04 19:51:02 [INFO]   1209 TRI-MUS-56   E=53828 S=0
2026-10-04 19:51:02 [INFO]   1210 TRI-MUS-57   E=26916 S=0
2026-10-04 19:51:02 [INFO]   1040 PDA.3.11     E=0 S=0
2026-10-04 19:51:02 [INFO] Compteurs du site (visites libres)
2026-10-04 19:51:02 [INFO]   749 TRI-NORV-27  E=606 S=31634
2026-10-04 19:51:02 [INFO]   750 TRI-NORV-28  E=30922 S=143
2026-10-04 19:51:02 [INFO]   751 TRI-NORV-PMR-29 E=2893 S=131
2026-10-04 19:51:03 [INFO]   transactions 19:36:02 -> 19:51:02 : 0 lues en 1 page(s), 0 musee, 0 site
2026-10-04 19:51:03 [INFO] Dialogue borne : 1.1 s
2026-10-04 19:51:03 [INFO] Visiteurs du 2026-10-04 : 509 (source compteur, compteur 509, transactions 509)
2026-10-04 19:51:03 [INFO] Site visites libres du 2026-10-04 : entrees 525, sorties 504, presents 21 (pic {'n': 187, 'heure': '15:21'}, source compteur)
2026-10-04 19:56:02 [INFO] Site visites libres : Visites libres terminees (fenetre 09:30-19:30)
2026-10-04 19:56:02 [INFO] Borne 192.168.2.10:5205 - compteurs du musee (Area 511 VISITES MUSEE)
2026-10-04 19:56:02 [INFO]   511 VISITES MUSEE E=107271 S=0
2026-10-04 19:56:02 [INFO]   512 ENTREE MUSEE E=107271 S=0
2026-10-04 19:56:02 [INFO]   1208 TRI-MUS-55   E=26527 S=0
2026-10-04 19:56:02 [INFO]   1209 TRI-MUS-56   E=53828 S=0
2026-10-04 19:56:02 [INFO]   1210 TRI-MUS-57   E=26916 S=0
2026-10-04 19:56:02 [INFO]   1040 PDA.3.11     E=0 S=0
2026-10-04 19:56:02 [INFO] Compteurs du site (visites libres)
2026-10-04 19:56:02 [INFO]   749 TRI-NORV-27  E=606 S=31634
2026-10-04 19:56:02 [INFO]   750 TRI-NORV-28  E=30922 S=143
2026-10-04 19:56:02 [INFO]   751 TRI-NORV-PMR-29 E=2893 S=131
2026-10-04 19:56:03 [INFO]   transactions 19:41:02 -> 19:56:02 : 0 lues en 1 page(s), 0 musee, 0 site
2026-10-04 19:56:03 [INFO] Dialogue borne : 1.0 s
2026-10-04 19:56:03 [INFO] Visiteurs du 2026-10-04 : 509 (source compteur, compteur 509, transactions 509)
2026-10-04 19:56:03 [INFO] Site visites libres du 2026-10-04 : entrees 525, sorties 504, presents 21 (pic {'n': 187, 'heure': '15:21'}, source compteur)
2026-10-04 20:01:02 [INFO] Site visites libres : Visites libres terminees (fenetre 09:30-19:30)
2026-10-04 20:01:02 [INFO] Borne 192.168.2.10:5205 - compteurs du musee (Area 511 VISITES MUSEE)
2026-10-04 20:01:02 [INFO]   511 VISITES MUSEE E=107271 S=0
2026-10-04 20:01:02 [INFO]   512 ENTREE MUSEE E=107271 S=0
2026-10-04 20:01:02 [INFO]   1208 TRI-MUS-55   E=26527 S=0
2026-10-04 20:01:02 [INFO]   1209 TRI-MUS-56   E=53828 S=0
2026-10-04 20:01:02 [INFO]   1210 TRI-MUS-57   E=26916 S=0
2026-10-04 20:01:02 [INFO]   1040 PDA.3.11     E=0 S=0
2026-10-04 20:01:02 [INFO] Compteurs du site (visites libres)
2026-10-04 20:01:02 [INFO]   749 TRI-NORV-27  E=606 S=31634
2026-10-04 20:01:02 [INFO]   750 TRI-NORV-28  E=30922 S=143
2026-10-04 20:01:02 [INFO]   751 TRI-NORV-PMR-29 E=2893 S=131
2026-10-04 20:01:03 [INFO]   transactions 19:46:02 -> 20:01:02 : 0 lues en 1 page(s), 0 musee, 0 site
2026-10-04 20:01:03 [INFO] Dialogue borne : 1.0 s
2026-10-04 20:01:03 [INFO] Visiteurs du 2026-10-04 : 509 (source compteur, compteur 509, transactions 509)
2026-10-04 20:01:03 [INFO] Site visites libres du 2026-10-04 : entrees 525, sorties 504, presents 21 (pic {'n': 187, 'heure': '15:21'}, source compteur)
2026-10-04 20:06:02 [INFO] Site visites libres : Visites libres terminees (fenetre 09:30-19:30)
2026-10-04 20:06:02 [INFO] Borne 192.168.2.10:5205 - compteurs du musee (Area 511 VISITES MUSEE)
2026-10-04 20:06:02 [INFO]   511 VISITES MUSEE E=107271 S=0
2026-10-04 20:06:02 [INFO]   512 ENTREE MUSEE E=107271 S=0
2026-10-04 20:06:02 [INFO]   1208 TRI-MUS-55   E=26527 S=0
2026-10-04 20:06:02 [INFO]   1209 TRI-MUS-56   E=53828 S=0
2026-10-04 20:06:02 [INFO]   1210 TRI-MUS-57   E=26916 S=0
2026-10-04 20:06:02 [INFO]   1040 PDA.3.11     E=0 S=0
2026-10-04 20:06:02 [INFO] Compteurs du site (visites libres)
2026-10-04 20:06:02 [INFO]   749 TRI-NORV-27  E=606 S=31634
2026-10-04 20:06:02 [INFO]   750 TRI-NORV-28  E=30922 S=143
2026-10-04 20:06:02 [INFO]   751 TRI-NORV-PMR-29 E=2893 S=131
2026-10-04 20:06:03 [INFO]   transactions 19:51:02 -> 20:06:02 : 0 lues en 1 page(s), 0 musee, 0 site
2026-10-04 20:06:03 [INFO] Dialogue borne : 0.9 s
2026-10-04 20:06:03 [INFO] Visiteurs du 2026-10-04 : 509 (source compteur, compteur 509, transactions 509)
2026-10-04 20:06:03 [INFO] Site visites libres du 2026-10-04 : entrees 525, sorties 504, presents 21 (pic {'n': 187, 'heure': '15:21'}, source compteur)
2026-10-04 20:11:02 [INFO] Site visites libres : Visites libres terminees (fenetre 09:30-19:30)
2026-10-04 20:11:02 [INFO] Borne 192.168.2.10:5205 - compteurs du musee (Area 511 VISITES MUSEE)
2026-10-04 20:11:02 [INFO]   511 VISITES MUSEE E=107271 S=0
2026-10-04 20:11:02 [INFO]   512 ENTREE MUSEE E=107271 S=0
2026-10-04 20:11:02 [INFO]   1208 TRI-MUS-55   E=26527 S=0
2026-10-04 20:11:02 [INFO]   1209 TRI-MUS-56   E=53828 S=0
2026-10-04 20:11:02 [INFO]   1210 TRI-MUS-57   E=26916 S=0
2026-10-04 20:11:02 [INFO]   1040 PDA.3.11     E=0 S=0
2026-10-04 20:11:02 [INFO] Compteurs du site (visites libres)
2026-10-04 20:11:02 [INFO]   749 TRI-NORV-27  E=606 S=31634
2026-10-04 20:11:02 [INFO]   750 TRI-NORV-28  E=30922 S=143
2026-10-04 20:11:02 [INFO]   751 TRI-NORV-PMR-29 E=2893 S=131
2026-10-04 20:11:03 [INFO]   transactions 19:56:02 -> 20:11:02 : 0 lues en 1 page(s), 0 musee, 0 site
2026-10-04 20:11:03 [INFO] Dialogue borne : 1.1 s
2026-10-04 20:11:03 [INFO] Visiteurs du 2026-10-04 : 509 (source compteur, compteur 509, transactions 509)
2026-10-04 20:11:03 [INFO] Site visites libres du 2026-10-04 : entrees 525, sorties 504, presents 21 (pic {'n': 187, 'heure': '15:21'}, source compteur)
2026-10-04 20:16:02 [INFO] Site visites libres : Visites libres terminees (fenetre 09:30-19:30)
2026-10-04 20:16:02 [INFO] Borne 192.168.2.10:5205 - compteurs du musee (Area 511 VISITES MUSEE)
2026-10-04 20:16:02 [INFO]   511 VISITES MUSEE E=107271 S=0
2026-10-04 20:16:02 [INFO]   512 ENTREE MUSEE E=107271 S=0
2026-10-04 20:16:02 [INFO]   1208 TRI-MUS-55   E=26527 S=0
2026-10-04 20:16:02 [INFO]   1209 TRI-MUS-56   E=53828 S=0
2026-10-04 20:16:02 [INFO]   1210 TRI-MUS-57   E=26916 S=0
2026-10-04 20:16:02 [INFO]   1040 PDA.3.11     E=0 S=0
2026-10-04 20:16:02 [INFO] Compteurs du site (visites libres)
2026-10-04 20:16:02 [INFO]   749 TRI-NORV-27  E=606 S=31634
2026-10-04 20:16:02 [INFO]   750 TRI-NORV-28  E=30922 S=143
2026-10-04 20:16:02 [INFO]   751 TRI-NORV-PMR-29 E=2893 S=131
2026-10-04 20:16:03 [INFO]   transactions 20:01:02 -> 20:16:02 : 0 lues en 1 page(s), 0 musee, 0 site
2026-10-04 20:16:03 [INFO] Dialogue borne : 1.1 s
2026-10-04 20:16:03 [INFO] Visiteurs du 2026-10-04 : 509 (source compteur, compteur 509, transactions 509)
2026-10-04 20:16:03 [INFO] Site visites libres du 2026-10-04 : entrees 525, sorties 504, presents 21 (pic {'n': 187, 'heure': '15:21'}, source compteur)
2026-10-04 20:21:02 [INFO] Site visites libres : Visites libres terminees (fenetre 09:30-19:30)
2026-10-04 20:21:02 [INFO] Borne 192.168.2.10:5205 - compteurs du musee (Area 511 VISITES MUSEE)
2026-10-04 20:21:02 [INFO]   511 VISITES MUSEE E=107271 S=0
2026-10-04 20:21:02 [INFO]   512 ENTREE MUSEE E=107271 S=0
2026-10-04 20:21:02 [INFO]   1208 TRI-MUS-55   E=26527 S=0
2026-10-04 20:21:02 [INFO]   1209 TRI-MUS-56   E=53828 S=0
2026-10-04 20:21:02 [INFO]   1210 TRI-MUS-57   E=26916 S=0
2026-10-04 20:21:02 [INFO]   1040 PDA.3.11     E=0 S=0
2026-10-04 20:21:02 [INFO] Compteurs du site (visites libres)
2026-10-04 20:21:02 [INFO]   749 TRI-NORV-27  E=606 S=31634
2026-10-04 20:21:02 [INFO]   750 TRI-NORV-28  E=30922 S=143
2026-10-04 20:21:02 [INFO]   751 TRI-NORV-PMR-29 E=2893 S=131
2026-10-04 20:21:03 [INFO]   transactions 20:06:02 -> 20:21:02 : 0 lues en 1 page(s), 0 musee, 0 site
2026-10-04 20:21:03 [INFO] Dialogue borne : 0.9 s
2026-10-04 20:21:03 [INFO] Visiteurs du 2026-10-04 : 509 (source compteur, compteur 509, transactions 509)
2026-10-04 20:21:03 [INFO] Site visites libres du 2026-10-04 : entrees 525, sorties 504, presents 21 (pic {'n': 187, 'heure': '15:21'}, source compteur)
2026-10-04 20:26:02 [INFO] Site visites libres : Visites libres terminees (fenetre 09:30-19:30)
2026-10-04 20:26:02 [INFO] Borne 192.168.2.10:5205 - compteurs du musee (Area 511 VISITES MUSEE)
2026-10-04 20:26:02 [INFO]   511 VISITES MUSEE E=107271 S=0
2026-10-04 20:26:02 [INFO]   512 ENTREE MUSEE E=107271 S=0
2026-10-04 20:26:02 [INFO]   1208 TRI-MUS-55   E=26527 S=0
2026-10-04 20:26:02 [INFO]   1209 TRI-MUS-56   E=53828 S=0
2026-10-04 20:26:02 [INFO]   1210 TRI-MUS-57   E=26916 S=0
2026-10-04 20:26:02 [INFO]   1040 PDA.3.11     E=0 S=0
2026-10-04 20:26:02 [INFO] Compteurs du site (visites libres)
2026-10-04 20:26:02 [INFO]   749 TRI-NORV-27  E=606 S=31634
2026-10-04 20:26:02 [INFO]   750 TRI-NORV-28  E=30922 S=143
2026-10-04 20:26:02 [INFO]   751 TRI-NORV-PMR-29 E=2893 S=131
2026-10-04 20:26:03 [INFO]   transactions 20:11:02 -> 20:26:02 : 0 lues en 1 page(s), 0 musee, 0 site
2026-10-04 20:26:03 [INFO] Dialogue borne : 1.0 s
2026-10-04 20:26:03 [INFO] Visiteurs du 2026-10-04 : 509 (source compteur, compteur 509, transactions 509)
2026-10-04 20:26:03 [INFO] Site visites libres du 2026-10-04 : entrees 525, sorties 504, presents 21 (pic {'n': 187, 'heure': '15:21'}, source compteur)
2026-10-04 20:31:02 [INFO] Site visites libres : Visites libres terminees (fenetre 09:30-19:30)
2026-10-04 20:31:02 [INFO] Borne 192.168.2.10:5205 - compteurs du musee (Area 511 VISITES MUSEE)
2026-10-04 20:31:02 [INFO]   511 VISITES MUSEE E=107271 S=0
2026-10-04 20:31:02 [INFO]   512 ENTREE MUSEE E=107271 S=0
2026-10-04 20:31:02 [INFO]   1208 TRI-MUS-55   E=26527 S=0
2026-10-04 20:31:02 [INFO]   1209 TRI-MUS-56   E=53828 S=0
2026-10-04 20:31:02 [INFO]   1210 TRI-MUS-57   E=26916 S=0
2026-10-04 20:31:02 [INFO]   1040 PDA.3.11     E=0 S=0
2026-10-04 20:31:02 [INFO] Compteurs du site (visites libres)
2026-10-04 20:31:02 [INFO]   749 TRI-NORV-27  E=606 S=31634
2026-10-04 20:31:02 [INFO]   750 TRI-NORV-28  E=30922 S=143
2026-10-04 20:31:02 [INFO]   751 TRI-NORV-PMR-29 E=2893 S=131
2026-10-04 20:31:03 [INFO]   transactions 20:16:02 -> 20:31:02 : 0 lues en 1 page(s), 0 musee, 0 site
2026-10-04 20:31:03 [INFO] Dialogue borne : 0.9 s
2026-10-04 20:31:03 [INFO] Visiteurs du 2026-10-04 : 509 (source compteur, compteur 509, transactions 509)
2026-10-04 20:31:03 [INFO] Site visites libres du 2026-10-04 : entrees 525, sorties 504, presents 21 (pic {'n': 187, 'heure': '15:21'}, source compteur)
2026-10-04 20:36:02 [INFO] Site visites libres : Visites libres terminees (fenetre 09:30-19:30)
2026-10-04 20:36:02 [INFO] Borne 192.168.2.10:5205 - compteurs du musee (Area 511 VISITES MUSEE)
2026-10-04 20:36:02 [INFO]   511 VISITES MUSEE E=107271 S=0
2026-10-04 20:36:02 [INFO]   512 ENTREE MUSEE E=107271 S=0
2026-10-04 20:36:02 [INFO]   1208 TRI-MUS-55   E=26527 S=0
2026-10-04 20:36:02 [INFO]   1209 TRI-MUS-56   E=53828 S=0
2026-10-04 20:36:02 [INFO]   1210 TRI-MUS-57   E=26916 S=0
2026-10-04 20:36:02 [INFO]   1040 PDA.3.11     E=0 S=0
2026-10-04 20:36:02 [INFO] Compteurs du site (visites libres)
2026-10-04 20:36:02 [INFO]   749 TRI-NORV-27  E=606 S=31634
2026-10-04 20:36:02 [INFO]   750 TRI-NORV-28  E=30922 S=143
2026-10-04 20:36:02 [INFO]   751 TRI-NORV-PMR-29 E=2893 S=131
2026-10-04 20:36:03 [INFO]   transactions 20:21:02 -> 20:36:02 : 0 lues en 1 page(s), 0 musee, 0 site
2026-10-04 20:36:03 [INFO] Dialogue borne : 1.0 s
2026-10-04 20:36:03 [INFO] Visiteurs du 2026-10-04 : 509 (source compteur, compteur 509, transactions 509)
2026-10-04 20:36:03 [INFO] Site visites libres du 2026-10-04 : entrees 525, sorties 504, presents 21 (pic {'n': 187, 'heure': '15:21'}, source compteur)
2026-10-04 20:41:02 [INFO] Site visites libres : Visites libres terminees (fenetre 09:30-19:30)
2026-10-04 20:41:02 [INFO] Borne 192.168.2.10:5205 - compteurs du musee (Area 511 VISITES MUSEE)
2026-10-04 20:41:02 [INFO]   511 VISITES MUSEE E=107271 S=0
2026-10-04 20:41:02 [INFO]   512 ENTREE MUSEE E=107271 S=0
2026-10-04 20:41:02 [INFO]   1208 TRI-MUS-55   E=26527 S=0
2026-10-04 20:41:02 [INFO]   1209 TRI-MUS-56   E=53828 S=0
2026-10-04 20:41:02 [INFO]   1210 TRI-MUS-57   E=26916 S=0
2026-10-04 20:41:02 [INFO]   1040 PDA.3.11     E=0 S=0
2026-10-04 20:41:02 [INFO] Compteurs du site (visites libres)
2026-10-04 20:41:02 [INFO]   749 TRI-NORV-27  E=606 S=31634
2026-10-04 20:41:02 [INFO]   750 TRI-NORV-28  E=30922 S=143
2026-10-04 20:41:02 [INFO]   751 TRI-NORV-PMR-29 E=2893 S=131
2026-10-04 20:41:03 [INFO]   transactions 20:26:02 -> 20:41:02 : 0 lues en 1 page(s), 0 musee, 0 site
2026-10-04 20:41:03 [INFO] Dialogue borne : 1.1 s
2026-10-04 20:41:03 [INFO] Visiteurs du 2026-10-04 : 509 (source compteur, compteur 509, transactions 509)
2026-10-04 20:41:03 [INFO] Site visites libres du 2026-10-04 : entrees 525, sorties 504, presents 21 (pic {'n': 187, 'heure': '15:21'}, source compteur)
2026-10-04 20:46:02 [INFO] Site visites libres : Visites libres terminees (fenetre 09:30-19:30)
2026-10-04 20:46:02 [INFO] Borne 192.168.2.10:5205 - compteurs du musee (Area 511 VISITES MUSEE)
2026-10-04 20:46:02 [INFO]   511 VISITES MUSEE E=107271 S=0
2026-10-04 20:46:02 [INFO]   512 ENTREE MUSEE E=107271 S=0
2026-10-04 20:46:02 [INFO]   1208 TRI-MUS-55   E=26527 S=0
2026-10-04 20:46:02 [INFO]   1209 TRI-MUS-56   E=53828 S=0
2026-10-04 20:46:02 [INFO]   1210 TRI-MUS-57   E=26916 S=0
2026-10-04 20:46:02 [INFO]   1040 PDA.3.11     E=0 S=0
2026-10-04 20:46:02 [INFO] Compteurs du site (visites libres)
2026-10-04 20:46:02 [INFO]   749 TRI-NORV-27  E=606 S=31634
2026-10-04 20:46:02 [INFO]   750 TRI-NORV-28  E=30922 S=143
2026-10-04 20:46:02 [INFO]   751 TRI-NORV-PMR-29 E=2893 S=131
2026-10-04 20:46:03 [INFO]   transactions 20:31:02 -> 20:46:02 : 0 lues en 1 page(s), 0 musee, 0 site
2026-10-04 20:46:03 [INFO] Dialogue borne : 1.0 s
2026-10-04 20:46:03 [INFO] Visiteurs du 2026-10-04 : 509 (source compteur, compteur 509, transactions 509)
2026-10-04 20:46:03 [INFO] Site visites libres du 2026-10-04 : entrees 525, sorties 504, presents 21 (pic {'n': 187, 'heure': '15:21'}, source compteur)
2026-10-04 20:51:02 [INFO] Site visites libres : Visites libres terminees (fenetre 09:30-19:30)
2026-10-04 20:51:02 [INFO] Borne 192.168.2.10:5205 - compteurs du musee (Area 511 VISITES MUSEE)
2026-10-04 20:51:02 [INFO]   511 VISITES MUSEE E=107271 S=0
2026-10-04 20:51:02 [INFO]   512 ENTREE MUSEE E=107271 S=0
2026-10-04 20:51:02 [INFO]   1208 TRI-MUS-55   E=26527 S=0
2026-10-04 20:51:02 [INFO]   1209 TRI-MUS-56   E=53828 S=0
2026-10-04 20:51:02 [INFO]   1210 TRI-MUS-57   E=26916 S=0
2026-10-04 20:51:02 [INFO]   1040 PDA.3.11     E=0 S=0
2026-10-04 20:51:02 [INFO] Compteurs du site (visites libres)
2026-10-04 20:51:02 [INFO]   749 TRI-NORV-27  E=606 S=31634
2026-10-04 20:51:02 [INFO]   750 TRI-NORV-28  E=30922 S=143
2026-10-04 20:51:02 [INFO]   751 TRI-NORV-PMR-29 E=2893 S=131
2026-10-04 20:51:03 [INFO]   transactions 20:36:02 -> 20:51:02 : 0 lues en 1 page(s), 0 musee, 0 site
2026-10-04 20:51:03 [INFO] Dialogue borne : 0.9 s
2026-10-04 20:51:03 [INFO] Visiteurs du 2026-10-04 : 509 (source compteur, compteur 509, transactions 509)
2026-10-04 20:51:03 [INFO] Site visites libres du 2026-10-04 : entrees 525, sorties 504, presents 21 (pic {'n': 187, 'heure': '15:21'}, source compteur)
2026-10-04 20:56:02 [INFO] Site visites libres : Visites libres terminees (fenetre 09:30-19:30)
2026-10-04 20:56:02 [INFO] Borne 192.168.2.10:5205 - compteurs du musee (Area 511 VISITES MUSEE)
2026-10-04 20:56:02 [INFO]   511 VISITES MUSEE E=107271 S=0
2026-10-04 20:56:02 [INFO]   512 ENTREE MUSEE E=107271 S=0
2026-10-04 20:56:02 [INFO]   1208 TRI-MUS-55   E=26527 S=0
2026-10-04 20:56:02 [INFO]   1209 TRI-MUS-56   E=53828 S=0
2026-10-04 20:56:02 [INFO]   1210 TRI-MUS-57   E=26916 S=0
2026-10-04 20:56:02 [INFO]   1040 PDA.3.11     E=0 S=0
2026-10-04 20:56:02 [INFO] Compteurs du site (visites libres)
2026-10-04 20:56:02 [INFO]   749 TRI-NORV-27  E=606 S=31634
2026-10-04 20:56:02 [INFO]   750 TRI-NORV-28  E=30922 S=143
2026-10-04 20:56:02 [INFO]   751 TRI-NORV-PMR-29 E=2893 S=131
2026-10-04 20:56:03 [INFO]   transactions 20:41:02 -> 20:56:02 : 0 lues en 1 page(s), 0 musee, 0 site
2026-10-04 20:56:03 [INFO] Dialogue borne : 1.0 s
2026-10-04 20:56:03 [INFO] Visiteurs du 2026-10-04 : 509 (source compteur, compteur 509, transactions 509)
2026-10-04 20:56:03 [INFO] Site visites libres du 2026-10-04 : entrees 525, sorties 504, presents 21 (pic {'n': 187, 'heure': '15:21'}, source compteur)
2026-10-04 21:01:02 [INFO] Site visites libres : Visites libres terminees (fenetre 09:30-19:30)
2026-10-04 21:01:02 [INFO] Borne 192.168.2.10:5205 - compteurs du musee (Area 511 VISITES MUSEE)
2026-10-04 21:01:02 [INFO]   511 VISITES MUSEE E=107271 S=0
2026-10-04 21:01:02 [INFO]   512 ENTREE MUSEE E=107271 S=0
2026-10-04 21:01:02 [INFO]   1208 TRI-MUS-55   E=26527 S=0
2026-10-04 21:01:02 [INFO]   1209 TRI-MUS-56   E=53828 S=0
2026-10-04 21:01:02 [INFO]   1210 TRI-MUS-57   E=26916 S=0
2026-10-04 21:01:02 [INFO]   1040 PDA.3.11     E=0 S=0
2026-10-04 21:01:02 [INFO] Compteurs du site (visites libres)
2026-10-04 21:01:02 [INFO]   749 TRI-NORV-27  E=606 S=31634
2026-10-04 21:01:02 [INFO]   750 TRI-NORV-28  E=30922 S=143
2026-10-04 21:01:02 [INFO]   751 TRI-NORV-PMR-29 E=2893 S=131
2026-10-04 21:01:03 [INFO]   transactions 20:46:02 -> 21:01:02 : 0 lues en 1 page(s), 0 musee, 0 site
2026-10-04 21:01:03 [INFO] Dialogue borne : 1.0 s
2026-10-04 21:01:03 [INFO] Visiteurs du 2026-10-04 : 509 (source compteur, compteur 509, transactions 509)
2026-10-04 21:01:03 [INFO] Site visites libres du 2026-10-04 : entrees 525, sorties 504, presents 21 (pic {'n': 187, 'heure': '15:21'}, source compteur)
2026-10-04 21:06:02 [INFO] Site visites libres : Visites libres terminees (fenetre 09:30-19:30)
2026-10-04 21:06:02 [INFO] Borne 192.168.2.10:5205 - compteurs du musee (Area 511 VISITES MUSEE)
2026-10-04 21:06:02 [INFO]   511 VISITES MUSEE E=107271 S=0
2026-10-04 21:06:02 [INFO]   512 ENTREE MUSEE E=107271 S=0
2026-10-04 21:06:02 [INFO]   1208 TRI-MUS-55   E=26527 S=0
2026-10-04 21:06:02 [INFO]   1209 TRI-MUS-56   E=53828 S=0
2026-10-04 21:06:02 [INFO]   1210 TRI-MUS-57   E=26916 S=0
2026-10-04 21:06:02 [INFO]   1040 PDA.3.11     E=0 S=0
2026-10-04 21:06:02 [INFO] Compteurs du site (visites libres)
2026-10-04 21:06:02 [INFO]   749 TRI-NORV-27  E=606 S=31634
2026-10-04 21:06:02 [INFO]   750 TRI-NORV-28  E=30922 S=143
2026-10-04 21:06:02 [INFO]   751 TRI-NORV-PMR-29 E=2893 S=131
2026-10-04 21:06:03 [INFO]   transactions 20:51:02 -> 21:06:02 : 0 lues en 1 page(s), 0 musee, 0 site
2026-10-04 21:06:03 [INFO] Dialogue borne : 0.9 s
2026-10-04 21:06:03 [INFO] Visiteurs du 2026-10-04 : 509 (source compteur, compteur 509, transactions 509)
2026-10-04 21:06:03 [INFO] Site visites libres du 2026-10-04 : entrees 525, sorties 504, presents 21 (pic {'n': 187, 'heure': '15:21'}, source compteur)
2026-10-04 21:11:02 [INFO] Site visites libres : Visites libres terminees (fenetre 09:30-19:30)
2026-10-04 21:11:02 [INFO] Borne 192.168.2.10:5205 - compteurs du musee (Area 511 VISITES MUSEE)
2026-10-04 21:11:02 [INFO]   511 VISITES MUSEE E=107271 S=0
2026-10-04 21:11:02 [INFO]   512 ENTREE MUSEE E=107271 S=0
2026-10-04 21:11:02 [INFO]   1208 TRI-MUS-55   E=26527 S=0
2026-10-04 21:11:02 [INFO]   1209 TRI-MUS-56   E=53828 S=0
2026-10-04 21:11:02 [INFO]   1210 TRI-MUS-57   E=26916 S=0
2026-10-04 21:11:02 [INFO]   1040 PDA.3.11     E=0 S=0
2026-10-04 21:11:02 [INFO] Compteurs du site (visites libres)
2026-10-04 21:11:02 [INFO]   749 TRI-NORV-27  E=606 S=31634
2026-10-04 21:11:02 [INFO]   750 TRI-NORV-28  E=30922 S=143
2026-10-04 21:11:02 [INFO]   751 TRI-NORV-PMR-29 E=2893 S=131
2026-10-04 21:11:03 [INFO]   transactions 20:56:02 -> 21:11:02 : 0 lues en 1 page(s), 0 musee, 0 site
2026-10-04 21:11:03 [INFO] Dialogue borne : 1.1 s
2026-10-04 21:11:03 [INFO] Visiteurs du 2026-10-04 : 509 (source compteur, compteur 509, transactions 509)
2026-10-04 21:11:03 [INFO] Site visites libres du 2026-10-04 : entrees 525, sorties 504, presents 21 (pic {'n': 187, 'heure': '15:21'}, source compteur)
2026-10-04 21:16:02 [INFO] Site visites libres : Visites libres terminees (fenetre 09:30-19:30)
2026-10-04 21:16:02 [INFO] Borne 192.168.2.10:5205 - compteurs du musee (Area 511 VISITES MUSEE)
2026-10-04 21:16:02 [INFO]   511 VISITES MUSEE E=107271 S=0
2026-10-04 21:16:02 [INFO]   512 ENTREE MUSEE E=107271 S=0
2026-10-04 21:16:02 [INFO]   1208 TRI-MUS-55   E=26527 S=0
2026-10-04 21:16:02 [INFO]   1209 TRI-MUS-56   E=53828 S=0
2026-10-04 21:16:02 [INFO]   1210 TRI-MUS-57   E=26916 S=0
2026-10-04 21:16:02 [INFO]   1040 PDA.3.11     E=0 S=0
2026-10-04 21:16:02 [INFO] Compteurs du site (visites libres)
2026-10-04 21:16:02 [INFO]   749 TRI-NORV-27  E=606 S=31634
2026-10-04 21:16:02 [INFO]   750 TRI-NORV-28  E=30922 S=143
2026-10-04 21:16:02 [INFO]   751 TRI-NORV-PMR-29 E=2893 S=131
2026-10-04 21:16:03 [INFO]   transactions 21:01:02 -> 21:16:02 : 0 lues en 1 page(s), 0 musee, 0 site
2026-10-04 21:16:03 [INFO] Dialogue borne : 1.1 s
2026-10-04 21:16:03 [INFO] Visiteurs du 2026-10-04 : 509 (source compteur, compteur 509, transactions 509)
2026-10-04 21:16:03 [INFO] Site visites libres du 2026-10-04 : entrees 525, sorties 504, presents 21 (pic {'n': 187, 'heure': '15:21'}, source compteur)
2026-10-04 21:21:02 [INFO] Site visites libres : Visites libres terminees (fenetre 09:30-19:30)
2026-10-04 21:21:02 [INFO] Borne 192.168.2.10:5205 - compteurs du musee (Area 511 VISITES MUSEE)
2026-10-04 21:21:02 [INFO]   511 VISITES MUSEE E=107271 S=0
2026-10-04 21:21:02 [INFO]   512 ENTREE MUSEE E=107271 S=0
2026-10-04 21:21:02 [INFO]   1208 TRI-MUS-55   E=26527 S=0
2026-10-04 21:21:02 [INFO]   1209 TRI-MUS-56   E=53828 S=0
2026-10-04 21:21:02 [INFO]   1210 TRI-MUS-57   E=26916 S=0
2026-10-04 21:21:02 [INFO]   1040 PDA.3.11     E=0 S=0
2026-10-04 21:21:02 [INFO] Compteurs du site (visites libres)
2026-10-04 21:21:02 [INFO]   749 TRI-NORV-27  E=606 S=31634
2026-10-04 21:21:02 [INFO]   750 TRI-NORV-28  E=30922 S=143
2026-10-04 21:21:02 [INFO]   751 TRI-NORV-PMR-29 E=2893 S=131
2026-10-04 21:21:03 [INFO]   transactions 21:06:02 -> 21:21:02 : 0 lues en 1 page(s), 0 musee, 0 site
2026-10-04 21:21:03 [INFO] Dialogue borne : 1.0 s
2026-10-04 21:21:03 [INFO] Visiteurs du 2026-10-04 : 509 (source compteur, compteur 509, transactions 509)
2026-10-04 21:21:03 [INFO] Site visites libres du 2026-10-04 : entrees 525, sorties 504, presents 21 (pic {'n': 187, 'heure': '15:21'}, source compteur)
2026-10-04 21:26:02 [INFO] Site visites libres : Visites libres terminees (fenetre 09:30-19:30)
2026-10-04 21:26:02 [INFO] Borne 192.168.2.10:5205 - compteurs du musee (Area 511 VISITES MUSEE)
2026-10-04 21:26:02 [INFO]   511 VISITES MUSEE E=107271 S=0
2026-10-04 21:26:02 [INFO]   512 ENTREE MUSEE E=107271 S=0
2026-10-04 21:26:02 [INFO]   1208 TRI-MUS-55   E=26527 S=0
2026-10-04 21:26:02 [INFO]   1209 TRI-MUS-56   E=53828 S=0
2026-10-04 21:26:02 [INFO]   1210 TRI-MUS-57   E=26916 S=0
2026-10-04 21:26:02 [INFO]   1040 PDA.3.11     E=0 S=0
2026-10-04 21:26:02 [INFO] Compteurs du site (visites libres)
2026-10-04 21:26:02 [INFO]   749 TRI-NORV-27  E=606 S=31634
2026-10-04 21:26:02 [INFO]   750 TRI-NORV-28  E=30922 S=143
2026-10-04 21:26:02 [INFO]   751 TRI-NORV-PMR-29 E=2893 S=131
2026-10-04 21:26:03 [INFO]   transactions 21:11:02 -> 21:26:02 : 0 lues en 1 page(s), 0 musee, 0 site
2026-10-04 21:26:03 [INFO] Dialogue borne : 0.9 s
2026-10-04 21:26:03 [INFO] Visiteurs du 2026-10-04 : 509 (source compteur, compteur 509, transactions 509)
2026-10-04 21:26:03 [INFO] Site visites libres du 2026-10-04 : entrees 525, sorties 504, presents 21 (pic {'n': 187, 'heure': '15:21'}, source compteur)
2026-10-04 21:31:02 [INFO] Site visites libres : Visites libres terminees (fenetre 09:30-19:30)
2026-10-04 21:31:02 [INFO] Borne 192.168.2.10:5205 - compteurs du musee (Area 511 VISITES MUSEE)
2026-10-04 21:31:02 [INFO]   511 VISITES MUSEE E=107271 S=0
2026-10-04 21:31:02 [INFO]   512 ENTREE MUSEE E=107271 S=0
2026-10-04 21:31:02 [INFO]   1208 TRI-MUS-55   E=26527 S=0
2026-10-04 21:31:02 [INFO]   1209 TRI-MUS-56   E=53828 S=0
2026-10-04 21:31:02 [INFO]   1210 TRI-MUS-57   E=26916 S=0
2026-10-04 21:31:02 [INFO]   1040 PDA.3.11     E=0 S=0
2026-10-04 21:31:02 [INFO] Compteurs du site (visites libres)
2026-10-04 21:31:02 [INFO]   749 TRI-NORV-27  E=606 S=31634
2026-10-04 21:31:02 [INFO]   750 TRI-NORV-28  E=30922 S=143
2026-10-04 21:31:02 [INFO]   751 TRI-NORV-PMR-29 E=2893 S=131
2026-10-04 21:31:03 [INFO]   transactions 21:16:02 -> 21:31:02 : 0 lues en 1 page(s), 0 musee, 0 site
2026-10-04 21:31:03 [INFO] Dialogue borne : 1.1 s
2026-10-04 21:31:03 [INFO] Visiteurs du 2026-10-04 : 509 (source compteur, compteur 509, transactions 509)
2026-10-04 21:31:03 [INFO] Site visites libres du 2026-10-04 : entrees 525, sorties 504, presents 21 (pic {'n': 187, 'heure': '15:21'}, source compteur)
2026-10-04 21:36:02 [INFO] Site visites libres : Visites libres terminees (fenetre 09:30-19:30)
2026-10-04 21:36:02 [INFO] Borne 192.168.2.10:5205 - compteurs du musee (Area 511 VISITES MUSEE)
2026-10-04 21:36:02 [INFO]   511 VISITES MUSEE E=107271 S=0
2026-10-04 21:36:02 [INFO]   512 ENTREE MUSEE E=107271 S=0
2026-10-04 21:36:02 [INFO]   1208 TRI-MUS-55   E=26527 S=0
2026-10-04 21:36:02 [INFO]   1209 TRI-MUS-56   E=53828 S=0
2026-10-04 21:36:02 [INFO]   1210 TRI-MUS-57   E=26916 S=0
2026-10-04 21:36:02 [INFO]   1040 PDA.3.11     E=0 S=0
2026-10-04 21:36:02 [INFO] Compteurs du site (visites libres)
2026-10-04 21:36:02 [INFO]   749 TRI-NORV-27  E=606 S=31634
2026-10-04 21:36:02 [INFO]   750 TRI-NORV-28  E=30922 S=143
2026-10-04 21:36:02 [INFO]   751 TRI-NORV-PMR-29 E=2893 S=131
2026-10-04 21:36:03 [INFO]   transactions 21:21:02 -> 21:36:02 : 0 lues en 1 page(s), 0 musee, 0 site
2026-10-04 21:36:03 [INFO] Dialogue borne : 1.0 s
2026-10-04 21:36:03 [INFO] Visiteurs du 2026-10-04 : 509 (source compteur, compteur 509, transactions 509)
2026-10-04 21:36:03 [INFO] Site visites libres du 2026-10-04 : entrees 525, sorties 504, presents 21 (pic {'n': 187, 'heure': '15:21'}, source compteur)
2026-10-04 21:41:02 [INFO] Site visites libres : Visites libres terminees (fenetre 09:30-19:30)
2026-10-04 21:41:02 [INFO] Borne 192.168.2.10:5205 - compteurs du musee (Area 511 VISITES MUSEE)
2026-10-04 21:41:02 [INFO]   511 VISITES MUSEE E=107271 S=0
2026-10-04 21:41:02 [INFO]   512 ENTREE MUSEE E=107271 S=0
2026-10-04 21:41:02 [INFO]   1208 TRI-MUS-55   E=26527 S=0
2026-10-04 21:41:02 [INFO]   1209 TRI-MUS-56   E=53828 S=0
2026-10-04 21:41:02 [INFO]   1210 TRI-MUS-57   E=26916 S=0
2026-10-04 21:41:02 [INFO]   1040 PDA.3.11     E=0 S=0
2026-10-04 21:41:02 [INFO] Compteurs du site (visites libres)
2026-10-04 21:41:02 [INFO]   749 TRI-NORV-27  E=606 S=31634
2026-10-04 21:41:02 [INFO]   750 TRI-NORV-28  E=30922 S=143
2026-10-04 21:41:02 [INFO]   751 TRI-NORV-PMR-29 E=2893 S=131
2026-10-04 21:41:03 [INFO]   transactions 21:26:02 -> 21:41:02 : 0 lues en 1 page(s), 0 musee, 0 site
2026-10-04 21:41:03 [INFO] Dialogue borne : 1.0 s
2026-10-04 21:41:03 [INFO] Visiteurs du 2026-10-04 : 509 (source compteur, compteur 509, transactions 509)
2026-10-04 21:41:03 [INFO] Site visites libres du 2026-10-04 : entrees 525, sorties 504, presents 21 (pic {'n': 187, 'heure': '15:21'}, source compteur)
2026-10-04 21:46:02 [INFO] Site visites libres : Visites libres terminees (fenetre 09:30-19:30)
2026-10-04 21:46:02 [INFO] Borne 192.168.2.10:5205 - compteurs du musee (Area 511 VISITES MUSEE)
2026-10-04 21:46:02 [INFO]   511 VISITES MUSEE E=107271 S=0
2026-10-04 21:46:02 [INFO]   512 ENTREE MUSEE E=107271 S=0
2026-10-04 21:46:02 [INFO]   1208 TRI-MUS-55   E=26527 S=0
2026-10-04 21:46:02 [INFO]   1209 TRI-MUS-56   E=53828 S=0
2026-10-04 21:46:02 [INFO]   1210 TRI-MUS-57   E=26916 S=0
2026-10-04 21:46:02 [INFO]   1040 PDA.3.11     E=0 S=0
2026-10-04 21:46:02 [INFO] Compteurs du site (visites libres)
2026-10-04 21:46:02 [INFO]   749 TRI-NORV-27  E=606 S=31634
2026-10-04 21:46:02 [INFO]   750 TRI-NORV-28  E=30922 S=143
2026-10-04 21:46:02 [INFO]   751 TRI-NORV-PMR-29 E=2893 S=131
2026-10-04 21:46:03 [INFO]   transactions 21:31:02 -> 21:46:02 : 0 lues en 1 page(s), 0 musee, 0 site
2026-10-04 21:46:03 [INFO] Dialogue borne : 0.9 s
2026-10-04 21:46:03 [INFO] Visiteurs du 2026-10-04 : 509 (source compteur, compteur 509, transactions 509)
2026-10-04 21:46:03 [INFO] Site visites libres du 2026-10-04 : entrees 525, sorties 504, presents 21 (pic {'n': 187, 'heure': '15:21'}, source compteur)
2026-10-04 21:51:02 [INFO] Site visites libres : Visites libres terminees (fenetre 09:30-19:30)
2026-10-04 21:51:02 [INFO] Borne 192.168.2.10:5205 - compteurs du musee (Area 511 VISITES MUSEE)
2026-10-04 21:51:02 [INFO]   511 VISITES MUSEE E=107271 S=0
2026-10-04 21:51:02 [INFO]   512 ENTREE MUSEE E=107271 S=0
2026-10-04 21:51:02 [INFO]   1208 TRI-MUS-55   E=26527 S=0
2026-10-04 21:51:02 [INFO]   1209 TRI-MUS-56   E=53828 S=0
2026-10-04 21:51:02 [INFO]   1210 TRI-MUS-57   E=26916 S=0
2026-10-04 21:51:02 [INFO]   1040 PDA.3.11     E=0 S=0
2026-10-04 21:51:02 [INFO] Compteurs du site (visites libres)
2026-10-04 21:51:02 [INFO]   749 TRI-NORV-27  E=606 S=31634
2026-10-04 21:51:02 [INFO]   750 TRI-NORV-28  E=30922 S=143
2026-10-04 21:51:02 [INFO]   751 TRI-NORV-PMR-29 E=2893 S=131
2026-10-04 21:51:03 [INFO]   transactions 21:36:02 -> 21:51:02 : 0 lues en 1 page(s), 0 musee, 0 site
2026-10-04 21:51:03 [INFO] Dialogue borne : 1.0 s
2026-10-04 21:51:03 [INFO] Visiteurs du 2026-10-04 : 509 (source compteur, compteur 509, transactions 509)
2026-10-04 21:51:03 [INFO] Site visites libres du 2026-10-04 : entrees 525, sorties 504, presents 21 (pic {'n': 187, 'heure': '15:21'}, source compteur)
2026-10-04 21:56:02 [INFO] Site visites libres : Visites libres terminees (fenetre 09:30-19:30)
2026-10-04 21:56:02 [INFO] Borne 192.168.2.10:5205 - compteurs du musee (Area 511 VISITES MUSEE)
2026-10-04 21:56:02 [INFO]   511 VISITES MUSEE E=107271 S=0
2026-10-04 21:56:02 [INFO]   512 ENTREE MUSEE E=107271 S=0
2026-10-04 21:56:02 [INFO]   1208 TRI-MUS-55   E=26527 S=0
2026-10-04 21:56:02 [INFO]   1209 TRI-MUS-56   E=53828 S=0
2026-10-04 21:56:02 [INFO]   1210 TRI-MUS-57   E=26916 S=0
2026-10-04 21:56:02 [INFO]   1040 PDA.3.11     E=0 S=0
2026-10-04 21:56:02 [INFO] Compteurs du site (visites libres)
2026-10-04 21:56:02 [INFO]   749 TRI-NORV-27  E=606 S=31634
2026-10-04 21:56:02 [INFO]   750 TRI-NORV-28  E=30922 S=143
2026-10-04 21:56:02 [INFO]   751 TRI-NORV-PMR-29 E=2893 S=131
2026-10-04 21:56:03 [INFO]   transactions 21:41:02 -> 21:56:02 : 0 lues en 1 page(s), 0 musee, 0 site
2026-10-04 21:56:03 [INFO] Dialogue borne : 0.9 s
2026-10-04 21:56:03 [INFO] Visiteurs du 2026-10-04 : 509 (source compteur, compteur 509, transactions 509)
2026-10-04 21:56:03 [INFO] Site visites libres du 2026-10-04 : entrees 525, sorties 504, presents 21 (pic {'n': 187, 'heure': '15:21'}, source compteur)
2026-10-04 22:01:02 [INFO] Site visites libres : Visites libres terminees (fenetre 09:30-19:30)
2026-10-04 22:01:02 [INFO] Borne 192.168.2.10:5205 - compteurs du musee (Area 511 VISITES MUSEE)
2026-10-04 22:01:02 [INFO]   511 VISITES MUSEE E=107271 S=0
2026-10-04 22:01:02 [INFO]   512 ENTREE MUSEE E=107271 S=0
2026-10-04 22:01:02 [INFO]   1208 TRI-MUS-55   E=26527 S=0
2026-10-04 22:01:02 [INFO]   1209 TRI-MUS-56   E=53828 S=0
2026-10-04 22:01:02 [INFO]   1210 TRI-MUS-57   E=26916 S=0
2026-10-04 22:01:02 [INFO]   1040 PDA.3.11     E=0 S=0
2026-10-04 22:01:02 [INFO] Compteurs du site (visites libres)
2026-10-04 22:01:02 [INFO]   749 TRI-NORV-27  E=606 S=31634
2026-10-04 22:01:02 [INFO]   750 TRI-NORV-28  E=30922 S=143
2026-10-04 22:01:02 [INFO]   751 TRI-NORV-PMR-29 E=2893 S=131
2026-10-04 22:01:03 [INFO]   transactions 21:46:02 -> 22:01:02 : 0 lues en 1 page(s), 0 musee, 0 site
2026-10-04 22:01:03 [INFO] Dialogue borne : 1.0 s
2026-10-04 22:01:03 [INFO] Visiteurs du 2026-10-04 : 509 (source compteur, compteur 509, transactions 509)
2026-10-04 22:01:03 [INFO] Site visites libres du 2026-10-04 : entrees 525, sorties 504, presents 21 (pic {'n': 187, 'heure': '15:21'}, source compteur)
2026-10-04 22:06:02 [INFO] Site visites libres : Visites libres terminees (fenetre 09:30-19:30)
2026-10-04 22:06:02 [INFO] Borne 192.168.2.10:5205 - compteurs du musee (Area 511 VISITES MUSEE)
2026-10-04 22:06:02 [INFO]   511 VISITES MUSEE E=107271 S=0
2026-10-04 22:06:02 [INFO]   512 ENTREE MUSEE E=107271 S=0
2026-10-04 22:06:02 [INFO]   1208 TRI-MUS-55   E=26527 S=0
2026-10-04 22:06:02 [INFO]   1209 TRI-MUS-56   E=53828 S=0
2026-10-04 22:06:02 [INFO]   1210 TRI-MUS-57   E=26916 S=0
2026-10-04 22:06:02 [INFO]   1040 PDA.3.11     E=0 S=0
2026-10-04 22:06:02 [INFO] Compteurs du site (visites libres)
2026-10-04 22:06:02 [INFO]   749 TRI-NORV-27  E=606 S=31634
2026-10-04 22:06:02 [INFO]   750 TRI-NORV-28  E=30922 S=143
2026-10-04 22:06:02 [INFO]   751 TRI-NORV-PMR-29 E=2893 S=131
2026-10-04 22:06:03 [INFO]   transactions 21:51:02 -> 22:06:02 : 0 lues en 1 page(s), 0 musee, 0 site
2026-10-04 22:06:03 [INFO] Dialogue borne : 0.9 s
2026-10-04 22:06:03 [INFO] Visiteurs du 2026-10-04 : 509 (source compteur, compteur 509, transactions 509)
2026-10-04 22:06:03 [INFO] Site visites libres du 2026-10-04 : entrees 525, sorties 504, presents 21 (pic {'n': 187, 'heure': '15:21'}, source compteur)
2026-10-04 22:11:02 [INFO] Site visites libres : Visites libres terminees (fenetre 09:30-19:30)
2026-10-04 22:11:02 [INFO] Borne 192.168.2.10:5205 - compteurs du musee (Area 511 VISITES MUSEE)
2026-10-04 22:11:02 [INFO]   511 VISITES MUSEE E=107271 S=0
2026-10-04 22:11:02 [INFO]   512 ENTREE MUSEE E=107271 S=0
2026-10-04 22:11:02 [INFO]   1208 TRI-MUS-55   E=26527 S=0
2026-10-04 22:11:02 [INFO]   1209 TRI-MUS-56   E=53828 S=0
2026-10-04 22:11:02 [INFO]   1210 TRI-MUS-57   E=26916 S=0
2026-10-04 22:11:02 [INFO]   1040 PDA.3.11     E=0 S=0
2026-10-04 22:11:02 [INFO] Compteurs du site (visites libres)
2026-10-04 22:11:02 [INFO]   749 TRI-NORV-27  E=606 S=31634
2026-10-04 22:11:02 [INFO]   750 TRI-NORV-28  E=30922 S=143
2026-10-04 22:11:02 [INFO]   751 TRI-NORV-PMR-29 E=2893 S=131
2026-10-04 22:11:03 [INFO]   transactions 21:56:02 -> 22:11:02 : 0 lues en 1 page(s), 0 musee, 0 site
2026-10-04 22:11:03 [INFO] Dialogue borne : 1.1 s
2026-10-04 22:11:03 [INFO] Visiteurs du 2026-10-04 : 509 (source compteur, compteur 509, transactions 509)
2026-10-04 22:11:03 [INFO] Site visites libres du 2026-10-04 : entrees 525, sorties 504, presents 21 (pic {'n': 187, 'heure': '15:21'}, source compteur)
2026-10-04 22:16:02 [INFO] Site visites libres : Visites libres terminees (fenetre 09:30-19:30)
2026-10-04 22:16:02 [INFO] Borne 192.168.2.10:5205 - compteurs du musee (Area 511 VISITES MUSEE)
2026-10-04 22:16:02 [INFO]   511 VISITES MUSEE E=107271 S=0
2026-10-04 22:16:02 [INFO]   512 ENTREE MUSEE E=107271 S=0
2026-10-04 22:16:02 [INFO]   1208 TRI-MUS-55   E=26527 S=0
2026-10-04 22:16:02 [INFO]   1209 TRI-MUS-56   E=53828 S=0
2026-10-04 22:16:02 [INFO]   1210 TRI-MUS-57   E=26916 S=0
2026-10-04 22:16:02 [INFO]   1040 PDA.3.11     E=0 S=0
2026-10-04 22:16:02 [INFO] Compteurs du site (visites libres)
2026-10-04 22:16:02 [INFO]   749 TRI-NORV-27  E=606 S=31634
2026-10-04 22:16:02 [INFO]   750 TRI-NORV-28  E=30922 S=143
2026-10-04 22:16:02 [INFO]   751 TRI-NORV-PMR-29 E=2893 S=131
2026-10-04 22:16:03 [INFO]   transactions 22:01:02 -> 22:16:02 : 0 lues en 1 page(s), 0 musee, 0 site
2026-10-04 22:16:03 [INFO] Dialogue borne : 1.0 s
2026-10-04 22:16:03 [INFO] Visiteurs du 2026-10-04 : 509 (source compteur, compteur 509, transactions 509)
2026-10-04 22:16:03 [INFO] Site visites libres du 2026-10-04 : entrees 525, sorties 504, presents 21 (pic {'n': 187, 'heure': '15:21'}, source compteur)
2026-10-04 22:21:02 [INFO] Site visites libres : Visites libres terminees (fenetre 09:30-19:30)
2026-10-04 22:21:02 [INFO] Borne 192.168.2.10:5205 - compteurs du musee (Area 511 VISITES MUSEE)
2026-10-04 22:21:02 [INFO]   511 VISITES MUSEE E=107271 S=0
2026-10-04 22:21:02 [INFO]   512 ENTREE MUSEE E=107271 S=0
2026-10-04 22:21:02 [INFO]   1208 TRI-MUS-55   E=26527 S=0
2026-10-04 22:21:02 [INFO]   1209 TRI-MUS-56   E=53828 S=0
2026-10-04 22:21:02 [INFO]   1210 TRI-MUS-57   E=26916 S=0
2026-10-04 22:21:02 [INFO]   1040 PDA.3.11     E=0 S=0
2026-10-04 22:21:02 [INFO] Compteurs du site (visites libres)
2026-10-04 22:21:02 [INFO]   749 TRI-NORV-27  E=606 S=31634
2026-10-04 22:21:02 [INFO]   750 TRI-NORV-28  E=30922 S=143
2026-10-04 22:21:02 [INFO]   751 TRI-NORV-PMR-29 E=2893 S=131
2026-10-04 22:21:03 [INFO]   transactions 22:06:02 -> 22:21:02 : 0 lues en 1 page(s), 0 musee, 0 site
2026-10-04 22:21:03 [INFO] Dialogue borne : 0.9 s
2026-10-04 22:21:03 [INFO] Visiteurs du 2026-10-04 : 509 (source compteur, compteur 509, transactions 509)
2026-10-04 22:21:03 [INFO] Site visites libres du 2026-10-04 : entrees 525, sorties 504, presents 21 (pic {'n': 187, 'heure': '15:21'}, source compteur)
2026-10-04 22:26:02 [INFO] Site visites libres : Visites libres terminees (fenetre 09:30-19:30)
2026-10-04 22:26:02 [INFO] Borne 192.168.2.10:5205 - compteurs du musee (Area 511 VISITES MUSEE)
2026-10-04 22:26:02 [INFO]   511 VISITES MUSEE E=107271 S=0
2026-10-04 22:26:02 [INFO]   512 ENTREE MUSEE E=107271 S=0
2026-10-04 22:26:02 [INFO]   1208 TRI-MUS-55   E=26527 S=0
2026-10-04 22:26:02 [INFO]   1209 TRI-MUS-56   E=53828 S=0
2026-10-04 22:26:02 [INFO]   1210 TRI-MUS-57   E=26916 S=0
2026-10-04 22:26:02 [INFO]   1040 PDA.3.11     E=0 S=0
2026-10-04 22:26:02 [INFO] Compteurs du site (visites libres)
2026-10-04 22:26:02 [INFO]   749 TRI-NORV-27  E=606 S=31634
2026-10-04 22:26:02 [INFO]   750 TRI-NORV-28  E=30922 S=143
2026-10-04 22:26:02 [INFO]   751 TRI-NORV-PMR-29 E=2893 S=131
2026-10-04 22:26:03 [INFO]   transactions 22:11:02 -> 22:26:02 : 0 lues en 1 page(s), 0 musee, 0 site
2026-10-04 22:26:03 [INFO] Dialogue borne : 1.0 s
2026-10-04 22:26:03 [INFO] Visiteurs du 2026-10-04 : 509 (source compteur, compteur 509, transactions 509)
2026-10-04 22:26:03 [INFO] Site visites libres du 2026-10-04 : entrees 525, sorties 504, presents 21 (pic {'n': 187, 'heure': '15:21'}, source compteur)
2026-10-04 22:31:02 [INFO] Site visites libres : Visites libres terminees (fenetre 09:30-19:30)
2026-10-04 22:31:02 [INFO] Borne 192.168.2.10:5205 - compteurs du musee (Area 511 VISITES MUSEE)
2026-10-04 22:31:02 [INFO]   511 VISITES MUSEE E=107271 S=0
2026-10-04 22:31:02 [INFO]   512 ENTREE MUSEE E=107271 S=0
2026-10-04 22:31:02 [INFO]   1208 TRI-MUS-55   E=26527 S=0
2026-10-04 22:31:02 [INFO]   1209 TRI-MUS-56   E=53828 S=0
2026-10-04 22:31:02 [INFO]   1210 TRI-MUS-57   E=26916 S=0
2026-10-04 22:31:02 [INFO]   1040 PDA.3.11     E=0 S=0
2026-10-04 22:31:02 [INFO] Compteurs du site (visites libres)
2026-10-04 22:31:02 [INFO]   749 TRI-NORV-27  E=606 S=31634
2026-10-04 22:31:02 [INFO]   750 TRI-NORV-28  E=30922 S=143
2026-10-04 22:31:02 [INFO]   751 TRI-NORV-PMR-29 E=2893 S=131
2026-10-04 22:31:03 [INFO]   transactions 22:16:02 -> 22:31:02 : 0 lues en 1 page(s), 0 musee, 0 site
2026-10-04 22:31:03 [INFO] Dialogue borne : 0.9 s
2026-10-04 22:31:03 [INFO] Visiteurs du 2026-10-04 : 509 (source compteur, compteur 509, transactions 509)
2026-10-04 22:31:03 [INFO] Site visites libres du 2026-10-04 : entrees 525, sorties 504, presents 21 (pic {'n': 187, 'heure': '15:21'}, source compteur)
2026-10-04 22:36:02 [INFO] Site visites libres : Visites libres terminees (fenetre 09:30-19:30)
2026-10-04 22:36:02 [INFO] Borne 192.168.2.10:5205 - compteurs du musee (Area 511 VISITES MUSEE)
2026-10-04 22:36:02 [INFO]   511 VISITES MUSEE E=107271 S=0
2026-10-04 22:36:02 [INFO]   512 ENTREE MUSEE E=107271 S=0
2026-10-04 22:36:02 [INFO]   1208 TRI-MUS-55   E=26527 S=0
2026-10-04 22:36:02 [INFO]   1209 TRI-MUS-56   E=53828 S=0
2026-10-04 22:36:02 [INFO]   1210 TRI-MUS-57   E=26916 S=0
2026-10-04 22:36:02 [INFO]   1040 PDA.3.11     E=0 S=0
2026-10-04 22:36:02 [INFO] Compteurs du site (visites libres)
2026-10-04 22:36:02 [INFO]   749 TRI-NORV-27  E=606 S=31634
2026-10-04 22:36:02 [INFO]   750 TRI-NORV-28  E=30922 S=143
2026-10-04 22:36:02 [INFO]   751 TRI-NORV-PMR-29 E=2893 S=131
2026-10-04 22:36:03 [INFO]   transactions 22:21:02 -> 22:36:02 : 0 lues en 1 page(s), 0 musee, 0 site
2026-10-04 22:36:03 [INFO] Dialogue borne : 0.9 s
2026-10-04 22:36:03 [INFO] Visiteurs du 2026-10-04 : 509 (source compteur, compteur 509, transactions 509)
2026-10-04 22:36:03 [INFO] Site visites libres du 2026-10-04 : entrees 525, sorties 504, presents 21 (pic {'n': 187, 'heure': '15:21'}, source compteur)
2026-10-04 22:41:02 [INFO] Site visites libres : Visites libres terminees (fenetre 09:30-19:30)
2026-10-04 22:41:02 [INFO] Borne 192.168.2.10:5205 - compteurs du musee (Area 511 VISITES MUSEE)
2026-10-04 22:41:02 [INFO]   511 VISITES MUSEE E=107271 S=0
2026-10-04 22:41:02 [INFO]   512 ENTREE MUSEE E=107271 S=0
2026-10-04 22:41:02 [INFO]   1208 TRI-MUS-55   E=26527 S=0
2026-10-04 22:41:02 [INFO]   1209 TRI-MUS-56   E=53828 S=0
2026-10-04 22:41:02 [INFO]   1210 TRI-MUS-57   E=26916 S=0
2026-10-04 22:41:02 [INFO]   1040 PDA.3.11     E=0 S=0
2026-10-04 22:41:02 [INFO] Compteurs du site (visites libres)
2026-10-04 22:41:02 [INFO]   749 TRI-NORV-27  E=606 S=31634
2026-10-04 22:41:02 [INFO]   750 TRI-NORV-28  E=30922 S=143
2026-10-04 22:41:02 [INFO]   751 TRI-NORV-PMR-29 E=2893 S=131
2026-10-04 22:41:03 [INFO]   transactions 22:26:02 -> 22:41:02 : 0 lues en 1 page(s), 0 musee, 0 site
2026-10-04 22:41:03 [INFO] Dialogue borne : 1.1 s
2026-10-04 22:41:03 [INFO] Visiteurs du 2026-10-04 : 509 (source compteur, compteur 509, transactions 509)
2026-10-04 22:41:03 [INFO] Site visites libres du 2026-10-04 : entrees 525, sorties 504, presents 21 (pic {'n': 187, 'heure': '15:21'}, source compteur)
2026-10-04 22:46:02 [INFO] Site visites libres : Visites libres terminees (fenetre 09:30-19:30)
2026-10-04 22:46:02 [INFO] Borne 192.168.2.10:5205 - compteurs du musee (Area 511 VISITES MUSEE)
2026-10-04 22:46:02 [INFO]   511 VISITES MUSEE E=107271 S=0
2026-10-04 22:46:02 [INFO]   512 ENTREE MUSEE E=107271 S=0
2026-10-04 22:46:02 [INFO]   1208 TRI-MUS-55   E=26527 S=0
2026-10-04 22:46:02 [INFO]   1209 TRI-MUS-56   E=53828 S=0
2026-10-04 22:46:02 [INFO]   1210 TRI-MUS-57   E=26916 S=0
2026-10-04 22:46:02 [INFO]   1040 PDA.3.11     E=0 S=0
2026-10-04 22:46:02 [INFO] Compteurs du site (visites libres)
2026-10-04 22:46:02 [INFO]   749 TRI-NORV-27  E=606 S=31634
2026-10-04 22:46:02 [INFO]   750 TRI-NORV-28  E=30922 S=143
2026-10-04 22:46:02 [INFO]   751 TRI-NORV-PMR-29 E=2893 S=131
2026-10-04 22:46:03 [INFO]   transactions 22:31:02 -> 22:46:02 : 0 lues en 1 page(s), 0 musee, 0 site
2026-10-04 22:46:03 [INFO] Dialogue borne : 1.0 s
2026-10-04 22:46:03 [INFO] Visiteurs du 2026-10-04 : 509 (source compteur, compteur 509, transactions 509)
2026-10-04 22:46:03 [INFO] Site visites libres du 2026-10-04 : entrees 525, sorties 504, presents 21 (pic {'n': 187, 'heure': '15:21'}, source compteur)
2026-10-04 22:51:02 [INFO] Site visites libres : Visites libres terminees (fenetre 09:30-19:30)
2026-10-04 22:51:02 [INFO] Borne 192.168.2.10:5205 - compteurs du musee (Area 511 VISITES MUSEE)
2026-10-04 22:51:02 [INFO]   511 VISITES MUSEE E=107271 S=0
2026-10-04 22:51:02 [INFO]   512 ENTREE MUSEE E=107271 S=0
2026-10-04 22:51:02 [INFO]   1208 TRI-MUS-55   E=26527 S=0
2026-10-04 22:51:02 [INFO]   1209 TRI-MUS-56   E=53828 S=0
2026-10-04 22:51:02 [INFO]   1210 TRI-MUS-57   E=26916 S=0
2026-10-04 22:51:02 [INFO]   1040 PDA.3.11     E=0 S=0
2026-10-04 22:51:02 [INFO] Compteurs du site (visites libres)
2026-10-04 22:51:02 [INFO]   749 TRI-NORV-27  E=606 S=31634
2026-10-04 22:51:02 [INFO]   750 TRI-NORV-28  E=30922 S=143
2026-10-04 22:51:02 [INFO]   751 TRI-NORV-PMR-29 E=2893 S=131
2026-10-04 22:51:03 [INFO]   transactions 22:36:02 -> 22:51:02 : 0 lues en 1 page(s), 0 musee, 0 site
2026-10-04 22:51:03 [INFO] Dialogue borne : 0.9 s
2026-10-04 22:51:03 [INFO] Visiteurs du 2026-10-04 : 509 (source compteur, compteur 509, transactions 509)
2026-10-04 22:51:03 [INFO] Site visites libres du 2026-10-04 : entrees 525, sorties 504, presents 21 (pic {'n': 187, 'heure': '15:21'}, source compteur)
2026-10-04 22:56:02 [INFO] Site visites libres : Visites libres terminees (fenetre 09:30-19:30)
2026-10-04 22:56:02 [INFO] Borne 192.168.2.10:5205 - compteurs du musee (Area 511 VISITES MUSEE)
2026-10-04 22:56:02 [INFO]   511 VISITES MUSEE E=107271 S=0
2026-10-04 22:56:02 [INFO]   512 ENTREE MUSEE E=107271 S=0
2026-10-04 22:56:02 [INFO]   1208 TRI-MUS-55   E=26527 S=0
2026-10-04 22:56:02 [INFO]   1209 TRI-MUS-56   E=53828 S=0
2026-10-04 22:56:02 [INFO]   1210 TRI-MUS-57   E=26916 S=0
2026-10-04 22:56:02 [INFO]   1040 PDA.3.11     E=0 S=0
2026-10-04 22:56:02 [INFO] Compteurs du site (visites libres)
2026-10-04 22:56:02 [INFO]   749 TRI-NORV-27  E=606 S=31634
2026-10-04 22:56:02 [INFO]   750 TRI-NORV-28  E=30922 S=143
2026-10-04 22:56:02 [INFO]   751 TRI-NORV-PMR-29 E=2893 S=131
2026-10-04 22:56:03 [INFO]   transactions 22:41:02 -> 22:56:02 : 0 lues en 1 page(s), 0 musee, 0 site
2026-10-04 22:56:03 [INFO] Dialogue borne : 0.9 s
2026-10-04 22:56:03 [INFO] Visiteurs du 2026-10-04 : 509 (source compteur, compteur 509, transactions 509)
2026-10-04 22:56:03 [INFO] Site visites libres du 2026-10-04 : entrees 525, sorties 504, presents 21 (pic {'n': 187, 'heure': '15:21'}, source compteur)
2026-10-04 23:01:02 [INFO] Site visites libres : Visites libres terminees (fenetre 09:30-19:30)
2026-10-04 23:01:02 [INFO] Borne 192.168.2.10:5205 - compteurs du musee (Area 511 VISITES MUSEE)
2026-10-04 23:01:02 [INFO]   511 VISITES MUSEE E=107271 S=0
2026-10-04 23:01:02 [INFO]   512 ENTREE MUSEE E=107271 S=0
2026-10-04 23:01:02 [INFO]   1208 TRI-MUS-55   E=26527 S=0
2026-10-04 23:01:02 [INFO]   1209 TRI-MUS-56   E=53828 S=0
2026-10-04 23:01:02 [INFO]   1210 TRI-MUS-57   E=26916 S=0
2026-10-04 23:01:02 [INFO]   1040 PDA.3.11     E=0 S=0
2026-10-04 23:01:02 [INFO] Compteurs du site (visites libres)
2026-10-04 23:01:02 [INFO]   749 TRI-NORV-27  E=606 S=31634
2026-10-04 23:01:02 [INFO]   750 TRI-NORV-28  E=30922 S=143
2026-10-04 23:01:02 [INFO]   751 TRI-NORV-PMR-29 E=2893 S=131
2026-10-04 23:01:03 [INFO]   transactions 22:46:02 -> 23:01:02 : 0 lues en 1 page(s), 0 musee, 0 site
2026-10-04 23:01:03 [INFO] Dialogue borne : 1.1 s
2026-10-04 23:01:03 [INFO] Visiteurs du 2026-10-04 : 509 (source compteur, compteur 509, transactions 509)
2026-10-04 23:01:03 [INFO] Site visites libres du 2026-10-04 : entrees 525, sorties 504, presents 21 (pic {'n': 187, 'heure': '15:21'}, source compteur)
2026-10-04 23:06:02 [INFO] Site visites libres : Visites libres terminees (fenetre 09:30-19:30)
2026-10-04 23:06:02 [INFO] Borne 192.168.2.10:5205 - compteurs du musee (Area 511 VISITES MUSEE)
2026-10-04 23:06:02 [INFO]   511 VISITES MUSEE E=107271 S=0
2026-10-04 23:06:02 [INFO]   512 ENTREE MUSEE E=107271 S=0
2026-10-04 23:06:02 [INFO]   1208 TRI-MUS-55   E=26527 S=0
2026-10-04 23:06:02 [INFO]   1209 TRI-MUS-56   E=53828 S=0
2026-10-04 23:06:02 [INFO]   1210 TRI-MUS-57   E=26916 S=0
2026-10-04 23:06:02 [INFO]   1040 PDA.3.11     E=0 S=0
2026-10-04 23:06:02 [INFO] Compteurs du site (visites libres)
2026-10-04 23:06:02 [INFO]   749 TRI-NORV-27  E=606 S=31634
2026-10-04 23:06:02 [INFO]   750 TRI-NORV-28  E=30922 S=143
2026-10-04 23:06:02 [INFO]   751 TRI-NORV-PMR-29 E=2893 S=131
2026-10-04 23:06:03 [INFO]   transactions 22:51:02 -> 23:06:02 : 0 lues en 1 page(s), 0 musee, 0 site
2026-10-04 23:06:03 [INFO] Dialogue borne : 0.9 s
2026-10-04 23:06:03 [INFO] Visiteurs du 2026-10-04 : 509 (source compteur, compteur 509, transactions 509)
2026-10-04 23:06:03 [INFO] Site visites libres du 2026-10-04 : entrees 525, sorties 504, presents 21 (pic {'n': 187, 'heure': '15:21'}, source compteur)
2026-10-04 23:11:02 [INFO] Site visites libres : Visites libres terminees (fenetre 09:30-19:30)
2026-10-04 23:11:02 [INFO] Borne 192.168.2.10:5205 - compteurs du musee (Area 511 VISITES MUSEE)
2026-10-04 23:11:02 [INFO]   511 VISITES MUSEE E=107271 S=0
2026-10-04 23:11:02 [INFO]   512 ENTREE MUSEE E=107271 S=0
2026-10-04 23:11:02 [INFO]   1208 TRI-MUS-55   E=26527 S=0
2026-10-04 23:11:02 [INFO]   1209 TRI-MUS-56   E=53828 S=0
2026-10-04 23:11:02 [INFO]   1210 TRI-MUS-57   E=26916 S=0
2026-10-04 23:11:02 [INFO]   1040 PDA.3.11     E=0 S=0
2026-10-04 23:11:02 [INFO] Compteurs du site (visites libres)
2026-10-04 23:11:02 [INFO]   749 TRI-NORV-27  E=606 S=31634
2026-10-04 23:11:02 [INFO]   750 TRI-NORV-28  E=30922 S=143
2026-10-04 23:11:02 [INFO]   751 TRI-NORV-PMR-29 E=2893 S=131
2026-10-04 23:11:03 [INFO]   transactions 22:56:02 -> 23:11:02 : 0 lues en 1 page(s), 0 musee, 0 site
2026-10-04 23:11:03 [INFO] Dialogue borne : 1.1 s
2026-10-04 23:11:03 [INFO] Visiteurs du 2026-10-04 : 509 (source compteur, compteur 509, transactions 509)
2026-10-04 23:11:03 [INFO] Site visites libres du 2026-10-04 : entrees 525, sorties 504, presents 21 (pic {'n': 187, 'heure': '15:21'}, source compteur)
2026-10-04 23:16:02 [INFO] Site visites libres : Visites libres terminees (fenetre 09:30-19:30)
2026-10-04 23:16:02 [INFO] Borne 192.168.2.10:5205 - compteurs du musee (Area 511 VISITES MUSEE)
2026-10-04 23:16:02 [INFO]   511 VISITES MUSEE E=107271 S=0
2026-10-04 23:16:02 [INFO]   512 ENTREE MUSEE E=107271 S=0
2026-10-04 23:16:02 [INFO]   1208 TRI-MUS-55   E=26527 S=0
2026-10-04 23:16:02 [INFO]   1209 TRI-MUS-56   E=53828 S=0
2026-10-04 23:16:02 [INFO]   1210 TRI-MUS-57   E=26916 S=0
2026-10-04 23:16:02 [INFO]   1040 PDA.3.11     E=0 S=0
2026-10-04 23:16:02 [INFO] Compteurs du site (visites libres)
2026-10-04 23:16:02 [INFO]   749 TRI-NORV-27  E=606 S=31634
2026-10-04 23:16:02 [INFO]   750 TRI-NORV-28  E=30922 S=143
2026-10-04 23:16:02 [INFO]   751 TRI-NORV-PMR-29 E=2893 S=131
2026-10-04 23:16:03 [INFO]   transactions 23:01:02 -> 23:16:02 : 0 lues en 1 page(s), 0 musee, 0 site
2026-10-04 23:16:03 [INFO] Dialogue borne : 1.0 s
2026-10-04 23:16:03 [INFO] Visiteurs du 2026-10-04 : 509 (source compteur, compteur 509, transactions 509)
2026-10-04 23:16:03 [INFO] Site visites libres du 2026-10-04 : entrees 525, sorties 504, presents 21 (pic {'n': 187, 'heure': '15:21'}, source compteur)
2026-10-04 23:21:02 [INFO] Site visites libres : Visites libres terminees (fenetre 09:30-19:30)
2026-10-04 23:21:02 [INFO] Borne 192.168.2.10:5205 - compteurs du musee (Area 511 VISITES MUSEE)
2026-10-04 23:21:02 [INFO]   511 VISITES MUSEE E=107271 S=0
2026-10-04 23:21:02 [INFO]   512 ENTREE MUSEE E=107271 S=0
2026-10-04 23:21:02 [INFO]   1208 TRI-MUS-55   E=26527 S=0
2026-10-04 23:21:02 [INFO]   1209 TRI-MUS-56   E=53828 S=0
2026-10-04 23:21:02 [INFO]   1210 TRI-MUS-57   E=26916 S=0
2026-10-04 23:21:02 [INFO]   1040 PDA.3.11     E=0 S=0
2026-10-04 23:21:02 [INFO] Compteurs du site (visites libres)
2026-10-04 23:21:02 [INFO]   749 TRI-NORV-27  E=606 S=31634
2026-10-04 23:21:02 [INFO]   750 TRI-NORV-28  E=30922 S=143
2026-10-04 23:21:02 [INFO]   751 TRI-NORV-PMR-29 E=2893 S=131
2026-10-04 23:21:03 [INFO]   transactions 23:06:02 -> 23:21:02 : 0 lues en 1 page(s), 0 musee, 0 site
2026-10-04 23:21:03 [INFO] Dialogue borne : 1.0 s
2026-10-04 23:21:03 [INFO] Visiteurs du 2026-10-04 : 509 (source compteur, compteur 509, transactions 509)
2026-10-04 23:21:03 [INFO] Site visites libres du 2026-10-04 : entrees 525, sorties 504, presents 21 (pic {'n': 187, 'heure': '15:21'}, source compteur)
2026-10-04 23:26:02 [INFO] Site visites libres : Visites libres terminees (fenetre 09:30-19:30)
2026-10-04 23:26:02 [INFO] Borne 192.168.2.10:5205 - compteurs du musee (Area 511 VISITES MUSEE)
2026-10-04 23:26:02 [INFO]   511 VISITES MUSEE E=107271 S=0
2026-10-04 23:26:02 [INFO]   512 ENTREE MUSEE E=107271 S=0
2026-10-04 23:26:02 [INFO]   1208 TRI-MUS-55   E=26527 S=0
2026-10-04 23:26:02 [INFO]   1209 TRI-MUS-56   E=53828 S=0
2026-10-04 23:26:02 [INFO]   1210 TRI-MUS-57   E=26916 S=0
2026-10-04 23:26:02 [INFO]   1040 PDA.3.11     E=0 S=0
2026-10-04 23:26:02 [INFO] Compteurs du site (visites libres)
2026-10-04 23:26:02 [INFO]   749 TRI-NORV-27  E=606 S=31634
2026-10-04 23:26:02 [INFO]   750 TRI-NORV-28  E=30922 S=143
2026-10-04 23:26:02 [INFO]   751 TRI-NORV-PMR-29 E=2893 S=131
2026-10-04 23:26:03 [INFO]   transactions 23:11:02 -> 23:26:02 : 0 lues en 1 page(s), 0 musee, 0 site
2026-10-04 23:26:03 [INFO] Dialogue borne : 1.0 s
2026-10-04 23:26:03 [INFO] Visiteurs du 2026-10-04 : 509 (source compteur, compteur 509, transactions 509)
2026-10-04 23:26:03 [INFO] Site visites libres du 2026-10-04 : entrees 525, sorties 504, presents 21 (pic {'n': 187, 'heure': '15:21'}, source compteur)
2026-10-04 23:31:02 [INFO] Site visites libres : Visites libres terminees (fenetre 09:30-19:30)
2026-10-04 23:31:02 [INFO] Borne 192.168.2.10:5205 - compteurs du musee (Area 511 VISITES MUSEE)
2026-10-04 23:31:02 [INFO]   511 VISITES MUSEE E=107271 S=0
2026-10-04 23:31:02 [INFO]   512 ENTREE MUSEE E=107271 S=0
2026-10-04 23:31:02 [INFO]   1208 TRI-MUS-55   E=26527 S=0
2026-10-04 23:31:02 [INFO]   1209 TRI-MUS-56   E=53828 S=0
2026-10-04 23:31:02 [INFO]   1210 TRI-MUS-57   E=26916 S=0
2026-10-04 23:31:02 [INFO]   1040 PDA.3.11     E=0 S=0
2026-10-04 23:31:02 [INFO] Compteurs du site (visites libres)
2026-10-04 23:31:02 [INFO]   749 TRI-NORV-27  E=606 S=31634
2026-10-04 23:31:02 [INFO]   750 TRI-NORV-28  E=30922 S=143
2026-10-04 23:31:02 [INFO]   751 TRI-NORV-PMR-29 E=2893 S=131
2026-10-04 23:31:03 [INFO]   transactions 23:16:02 -> 23:31:02 : 0 lues en 1 page(s), 0 musee, 0 site
2026-10-04 23:31:03 [INFO] Dialogue borne : 1.1 s
2026-10-04 23:31:03 [INFO] Visiteurs du 2026-10-04 : 509 (source compteur, compteur 509, transactions 509)
2026-10-04 23:31:03 [INFO] Site visites libres du 2026-10-04 : entrees 525, sorties 504, presents 21 (pic {'n': 187, 'heure': '15:21'}, source compteur)
2026-10-04 23:36:02 [INFO] Site visites libres : Visites libres terminees (fenetre 09:30-19:30)
2026-10-04 23:36:02 [INFO] Borne 192.168.2.10:5205 - compteurs du musee (Area 511 VISITES MUSEE)
2026-10-04 23:36:02 [INFO]   511 VISITES MUSEE E=107271 S=0
2026-10-04 23:36:02 [INFO]   512 ENTREE MUSEE E=107271 S=0
2026-10-04 23:36:02 [INFO]   1208 TRI-MUS-55   E=26527 S=0
2026-10-04 23:36:02 [INFO]   1209 TRI-MUS-56   E=53828 S=0
2026-10-04 23:36:02 [INFO]   1210 TRI-MUS-57   E=26916 S=0
2026-10-04 23:36:02 [INFO]   1040 PDA.3.11     E=0 S=0
2026-10-04 23:36:02 [INFO] Compteurs du site (visites libres)
2026-10-04 23:36:02 [INFO]   749 TRI-NORV-27  E=606 S=31634
2026-10-04 23:36:02 [INFO]   750 TRI-NORV-28  E=30922 S=143
2026-10-04 23:36:02 [INFO]   751 TRI-NORV-PMR-29 E=2893 S=131
2026-10-04 23:36:03 [INFO]   transactions 23:21:02 -> 23:36:02 : 0 lues en 1 page(s), 0 musee, 0 site
2026-10-04 23:36:03 [INFO] Dialogue borne : 1.0 s
2026-10-04 23:36:03 [INFO] Visiteurs du 2026-10-04 : 509 (source compteur, compteur 509, transactions 509)
2026-10-04 23:36:03 [INFO] Site visites libres du 2026-10-04 : entrees 525, sorties 504, presents 21 (pic {'n': 187, 'heure': '15:21'}, source compteur)
2026-10-04 23:41:02 [INFO] Site visites libres : Visites libres terminees (fenetre 09:30-19:30)
2026-10-04 23:41:02 [INFO] Borne 192.168.2.10:5205 - compteurs du musee (Area 511 VISITES MUSEE)
2026-10-04 23:41:02 [INFO]   511 VISITES MUSEE E=107271 S=0
2026-10-04 23:41:02 [INFO]   512 ENTREE MUSEE E=107271 S=0
2026-10-04 23:41:02 [INFO]   1208 TRI-MUS-55   E=26527 S=0
2026-10-04 23:41:02 [INFO]   1209 TRI-MUS-56   E=53828 S=0
2026-10-04 23:41:02 [INFO]   1210 TRI-MUS-57   E=26916 S=0
2026-10-04 23:41:02 [INFO]   1040 PDA.3.11     E=0 S=0
2026-10-04 23:41:02 [INFO] Compteurs du site (visites libres)
2026-10-04 23:41:02 [INFO]   749 TRI-NORV-27  E=606 S=31634
2026-10-04 23:41:02 [INFO]   750 TRI-NORV-28  E=30922 S=143
2026-10-04 23:41:02 [INFO]   751 TRI-NORV-PMR-29 E=2893 S=131
2026-10-04 23:41:03 [INFO]   transactions 23:26:02 -> 23:41:02 : 0 lues en 1 page(s), 0 musee, 0 site
2026-10-04 23:41:03 [INFO] Dialogue borne : 0.9 s
2026-10-04 23:41:03 [INFO] Visiteurs du 2026-10-04 : 509 (source compteur, compteur 509, transactions 509)
2026-10-04 23:41:03 [INFO] Site visites libres du 2026-10-04 : entrees 525, sorties 504, presents 21 (pic {'n': 187, 'heure': '15:21'}, source compteur)
2026-10-04 23:46:02 [INFO] Site visites libres : Visites libres terminees (fenetre 09:30-19:30)
2026-10-04 23:46:02 [INFO] Borne 192.168.2.10:5205 - compteurs du musee (Area 511 VISITES MUSEE)
2026-10-04 23:46:02 [INFO]   511 VISITES MUSEE E=107271 S=0
2026-10-04 23:46:02 [INFO]   512 ENTREE MUSEE E=107271 S=0
2026-10-04 23:46:02 [INFO]   1208 TRI-MUS-55   E=26527 S=0
2026-10-04 23:46:02 [INFO]   1209 TRI-MUS-56   E=53828 S=0
2026-10-04 23:46:02 [INFO]   1210 TRI-MUS-57   E=26916 S=0
2026-10-04 23:46:02 [INFO]   1040 PDA.3.11     E=0 S=0
2026-10-04 23:46:02 [INFO] Compteurs du site (visites libres)
2026-10-04 23:46:02 [INFO]   749 TRI-NORV-27  E=606 S=31634
2026-10-04 23:46:02 [INFO]   750 TRI-NORV-28  E=30922 S=143
2026-10-04 23:46:02 [INFO]   751 TRI-NORV-PMR-29 E=2893 S=131
2026-10-04 23:46:03 [INFO]   transactions 23:31:02 -> 23:46:02 : 0 lues en 1 page(s), 0 musee, 0 site
2026-10-04 23:46:03 [INFO] Dialogue borne : 1.1 s
2026-10-04 23:46:03 [INFO] Visiteurs du 2026-10-04 : 509 (source compteur, compteur 509, transactions 509)
2026-10-04 23:46:03 [INFO] Site visites libres du 2026-10-04 : entrees 525, sorties 504, presents 21 (pic {'n': 187, 'heure': '15:21'}, source compteur)
2026-10-04 23:51:02 [INFO] Site visites libres : Visites libres terminees (fenetre 09:30-19:30)
2026-10-04 23:51:02 [INFO] Borne 192.168.2.10:5205 - compteurs du musee (Area 511 VISITES MUSEE)
2026-10-04 23:51:02 [INFO]   511 VISITES MUSEE E=107271 S=0
2026-10-04 23:51:02 [INFO]   512 ENTREE MUSEE E=107271 S=0
2026-10-04 23:51:02 [INFO]   1208 TRI-MUS-55   E=26527 S=0
2026-10-04 23:51:02 [INFO]   1209 TRI-MUS-56   E=53828 S=0
2026-10-04 23:51:02 [INFO]   1210 TRI-MUS-57   E=26916 S=0
2026-10-04 23:51:02 [INFO]   1040 PDA.3.11     E=0 S=0
2026-10-04 23:51:02 [INFO] Compteurs du site (visites libres)
2026-10-04 23:51:02 [INFO]   749 TRI-NORV-27  E=606 S=31634
2026-10-04 23:51:02 [INFO]   750 TRI-NORV-28  E=30922 S=143
2026-10-04 23:51:02 [INFO]   751 TRI-NORV-PMR-29 E=2893 S=131
2026-10-04 23:51:03 [INFO]   transactions 23:36:02 -> 23:51:02 : 0 lues en 1 page(s), 0 musee, 0 site
2026-10-04 23:51:03 [INFO] Dialogue borne : 0.9 s
2026-10-04 23:51:03 [INFO] Visiteurs du 2026-10-04 : 509 (source compteur, compteur 509, transactions 509)
2026-10-04 23:51:03 [INFO] Site visites libres du 2026-10-04 : entrees 525, sorties 504, presents 21 (pic {'n': 187, 'heure': '15:21'}, source compteur)
2026-10-04 23:56:02 [INFO] Site visites libres : Visites libres terminees (fenetre 09:30-19:30)
2026-10-04 23:56:02 [INFO] Borne 192.168.2.10:5205 - compteurs du musee (Area 511 VISITES MUSEE)
2026-10-04 23:56:02 [INFO]   511 VISITES MUSEE E=107271 S=0
2026-10-04 23:56:02 [INFO]   512 ENTREE MUSEE E=107271 S=0
2026-10-04 23:56:02 [INFO]   1208 TRI-MUS-55   E=26527 S=0
2026-10-04 23:56:02 [INFO]   1209 TRI-MUS-56   E=53828 S=0
2026-10-04 23:56:02 [INFO]   1210 TRI-MUS-57   E=26916 S=0
2026-10-04 23:56:02 [INFO]   1040 PDA.3.11     E=0 S=0
2026-10-04 23:56:02 [INFO] Compteurs du site (visites libres)
2026-10-04 23:56:02 [INFO]   749 TRI-NORV-27  E=606 S=31634
2026-10-04 23:56:02 [INFO]   750 TRI-NORV-28  E=30922 S=143
2026-10-04 23:56:02 [INFO]   751 TRI-NORV-PMR-29 E=2893 S=131
2026-10-04 23:56:03 [INFO]   transactions 23:41:02 -> 23:56:02 : 0 lues en 1 page(s), 0 musee, 0 site
2026-10-04 23:56:03 [INFO] Dialogue borne : 0.9 s
2026-10-04 23:56:03 [INFO] Visiteurs du 2026-10-04 : 509 (source compteur, compteur 509, transactions 509)
2026-10-04 23:56:03 [INFO] Site visites libres du 2026-10-04 : entrees 525, sorties 504, presents 21 (pic {'n': 187, 'heure': '15:21'}, source compteur)
