2026-10-02 00:01:01 [INFO] Borne 192.168.2.10:5205 - compteurs du musee (Area 511 VISITES MUSEE)
2026-10-02 00:01:02 [INFO]   511 VISITES MUSEE E=105682 S=0
2026-10-02 00:01:02 [INFO]   512 ENTREE MUSEE E=105682 S=0
2026-10-02 00:01:02 [INFO]   1208 TRI-MUS-55   E=26071 S=0
2026-10-02 00:01:02 [INFO]   1209 TRI-MUS-56   E=53232 S=0
2026-10-02 00:01:02 [INFO]   1210 TRI-MUS-57   E=26379 S=0
2026-10-02 00:01:02 [INFO]   1040 PDA.3.11     E=0 S=0
2026-10-02 00:01:03 [INFO]   transactions 00:00:00 -> 00:01:01 : 0 lues en 1 page(s), 0 au musee
2026-10-02 00:01:03 [INFO] Dialogue borne : 1.7 s
2026-10-02 00:01:03 [INFO] Visiteurs du 2026-10-02 : 0 (source compteur, compteur 0, transactions 0)
2026-10-02 00:06:01 [INFO] Borne 192.168.2.10:5205 - compteurs du musee (Area 511 VISITES MUSEE)
2026-10-02 00:06:02 [INFO]   511 VISITES MUSEE E=105682 S=0
2026-10-02 00:06:02 [INFO]   512 ENTREE MUSEE E=105682 S=0
2026-10-02 00:06:02 [INFO]   1208 TRI-MUS-55   E=26071 S=0
2026-10-02 00:06:02 [INFO]   1209 TRI-MUS-56   E=53232 S=0
2026-10-02 00:06:02 [INFO]   1210 TRI-MUS-57   E=26379 S=0
2026-10-02 00:06:02 [INFO]   1040 PDA.3.11     E=0 S=0
2026-10-02 00:06:02 [INFO]   transactions 00:00:00 -> 00:06:01 : 0 lues en 1 page(s), 0 au musee
2026-10-02 00:06:02 [INFO] Dialogue borne : 0.9 s
2026-10-02 00:06:02 [INFO] Visiteurs du 2026-10-02 : 0 (source compteur, compteur 0, transactions 0)
2026-10-02 00:11:01 [INFO] Borne 192.168.2.10:5205 - compteurs du musee (Area 511 VISITES MUSEE)
2026-10-02 00:11:02 [INFO]   511 VISITES MUSEE E=105682 S=0
2026-10-02 00:11:02 [INFO]   512 ENTREE MUSEE E=105682 S=0
2026-10-02 00:11:02 [INFO]   1208 TRI-MUS-55   E=26071 S=0
2026-10-02 00:11:02 [INFO]   1209 TRI-MUS-56   E=53232 S=0
2026-10-02 00:11:02 [INFO]   1210 TRI-MUS-57   E=26379 S=0
2026-10-02 00:11:02 [INFO]   1040 PDA.3.11     E=0 S=0
2026-10-02 00:11:02 [INFO]   transactions 00:00:00 -> 00:11:01 : 0 lues en 1 page(s), 0 au musee
2026-10-02 00:11:02 [INFO] Dialogue borne : 1.0 s
2026-10-02 00:11:02 [INFO] Visiteurs du 2026-10-02 : 0 (source compteur, compteur 0, transactions 0)
2026-10-02 00:16:01 [INFO] Borne 192.168.2.10:5205 - compteurs du musee (Area 511 VISITES MUSEE)
2026-10-02 00:16:01 [INFO]   511 VISITES MUSEE E=105682 S=0
2026-10-02 00:16:01 [INFO]   512 ENTREE MUSEE E=105682 S=0
2026-10-02 00:16:02 [INFO]   1208 TRI-MUS-55   E=26071 S=0
2026-10-02 00:16:02 [INFO]   1209 TRI-MUS-56   E=53232 S=0
2026-10-02 00:16:02 [INFO]   1210 TRI-MUS-57   E=26379 S=0
2026-10-02 00:16:02 [INFO]   1040 PDA.3.11     E=0 S=0
2026-10-02 00:16:02 [INFO]   transactions 00:01:01 -> 00:16:01 : 0 lues en 1 page(s), 0 au musee
2026-10-02 00:16:02 [INFO] Dialogue borne : 0.8 s
2026-10-02 00:16:02 [INFO] Visiteurs du 2026-10-02 : 0 (source compteur, compteur 0, transactions 0)
2026-10-02 00:21:01 [INFO] Borne 192.168.2.10:5205 - compteurs du musee (Area 511 VISITES MUSEE)
2026-10-02 00:21:02 [INFO]   511 VISITES MUSEE E=105682 S=0
2026-10-02 00:21:02 [INFO]   512 ENTREE MUSEE E=105682 S=0
2026-10-02 00:21:02 [INFO]   1208 TRI-MUS-55   E=26071 S=0
2026-10-02 00:21:02 [INFO]   1209 TRI-MUS-56   E=53232 S=0
2026-10-02 00:21:02 [INFO]   1210 TRI-MUS-57   E=26379 S=0
2026-10-02 00:21:02 [INFO]   1040 PDA.3.11     E=0 S=0
2026-10-02 00:21:02 [INFO]   transactions 00:06:01 -> 00:21:01 : 0 lues en 1 page(s), 0 au musee
2026-10-02 00:21:02 [INFO] Dialogue borne : 0.9 s
2026-10-02 00:21:02 [INFO] Visiteurs du 2026-10-02 : 0 (source compteur, compteur 0, transactions 0)
2026-10-02 00:26:01 [INFO] Borne 192.168.2.10:5205 - compteurs du musee (Area 511 VISITES MUSEE)
2026-10-02 00:26:02 [INFO]   511 VISITES MUSEE E=105682 S=0
2026-10-02 00:26:02 [INFO]   512 ENTREE MUSEE E=105682 S=0
2026-10-02 00:26:02 [INFO]   1208 TRI-MUS-55   E=26071 S=0
2026-10-02 00:26:02 [INFO]   1209 TRI-MUS-56   E=53232 S=0
2026-10-02 00:26:02 [INFO]   1210 TRI-MUS-57   E=26379 S=0
2026-10-02 00:26:02 [INFO]   1040 PDA.3.11     E=0 S=0
2026-10-02 00:26:02 [INFO]   transactions 00:11:01 -> 00:26:01 : 0 lues en 1 page(s), 0 au musee
2026-10-02 00:26:02 [INFO] Dialogue borne : 1.0 s
2026-10-02 00:26:02 [INFO] Visiteurs du 2026-10-02 : 0 (source compteur, compteur 0, transactions 0)
2026-10-02 00:31:01 [INFO] Borne 192.168.2.10:5205 - compteurs du musee (Area 511 VISITES MUSEE)
2026-10-02 00:31:01 [INFO]   511 VISITES MUSEE E=105682 S=0
2026-10-02 00:31:01 [INFO]   512 ENTREE MUSEE E=105682 S=0
2026-10-02 00:31:01 [INFO]   1208 TRI-MUS-55   E=26071 S=0
2026-10-02 00:31:01 [INFO]   1209 TRI-MUS-56   E=53232 S=0
2026-10-02 00:31:02 [INFO]   1210 TRI-MUS-57   E=26379 S=0
2026-10-02 00:31:02 [INFO]   1040 PDA.3.11     E=0 S=0
2026-10-02 00:31:02 [INFO]   transactions 00:16:01 -> 00:31:01 : 0 lues en 1 page(s), 0 au musee
2026-10-02 00:31:02 [INFO] Dialogue borne : 0.9 s
2026-10-02 00:31:02 [INFO] Visiteurs du 2026-10-02 : 0 (source compteur, compteur 0, transactions 0)
2026-10-02 00:36:01 [INFO] Borne 192.168.2.10:5205 - compteurs du musee (Area 511 VISITES MUSEE)
2026-10-02 00:36:01 [INFO]   511 VISITES MUSEE E=105682 S=0
2026-10-02 00:36:01 [INFO]   512 ENTREE MUSEE E=105682 S=0
2026-10-02 00:36:02 [INFO]   1208 TRI-MUS-55   E=26071 S=0
2026-10-02 00:36:02 [INFO]   1209 TRI-MUS-56   E=53232 S=0
2026-10-02 00:36:02 [INFO]   1210 TRI-MUS-57   E=26379 S=0
2026-10-02 00:36:02 [INFO]   1040 PDA.3.11     E=0 S=0
2026-10-02 00:36:02 [INFO]   transactions 00:21:01 -> 00:36:01 : 0 lues en 1 page(s), 0 au musee
2026-10-02 00:36:02 [INFO] Dialogue borne : 0.9 s
2026-10-02 00:36:02 [INFO] Visiteurs du 2026-10-02 : 0 (source compteur, compteur 0, transactions 0)
2026-10-02 00:41:01 [INFO] Borne 192.168.2.10:5205 - compteurs du musee (Area 511 VISITES MUSEE)
2026-10-02 00:41:02 [INFO]   511 VISITES MUSEE E=105682 S=0
2026-10-02 00:41:02 [INFO]   512 ENTREE MUSEE E=105682 S=0
2026-10-02 00:41:02 [INFO]   1208 TRI-MUS-55   E=26071 S=0
2026-10-02 00:41:02 [INFO]   1209 TRI-MUS-56   E=53232 S=0
2026-10-02 00:41:02 [INFO]   1210 TRI-MUS-57   E=26379 S=0
2026-10-02 00:41:02 [INFO]   1040 PDA.3.11     E=0 S=0
2026-10-02 00:41:02 [INFO]   transactions 00:26:01 -> 00:41:01 : 0 lues en 1 page(s), 0 au musee
2026-10-02 00:41:02 [INFO] Dialogue borne : 0.9 s
2026-10-02 00:41:02 [INFO] Visiteurs du 2026-10-02 : 0 (source compteur, compteur 0, transactions 0)
2026-10-02 00:46:01 [INFO] Borne 192.168.2.10:5205 - compteurs du musee (Area 511 VISITES MUSEE)
2026-10-02 00:46:01 [INFO]   511 VISITES MUSEE E=105682 S=0
2026-10-02 00:46:01 [INFO]   512 ENTREE MUSEE E=105682 S=0
2026-10-02 00:46:01 [INFO]   1208 TRI-MUS-55   E=26071 S=0
2026-10-02 00:46:01 [INFO]   1209 TRI-MUS-56   E=53232 S=0
2026-10-02 00:46:01 [INFO]   1210 TRI-MUS-57   E=26379 S=0
2026-10-02 00:46:01 [INFO]   1040 PDA.3.11     E=0 S=0
2026-10-02 00:46:02 [INFO]   transactions 00:31:01 -> 00:46:01 : 0 lues en 1 page(s), 0 au musee
2026-10-02 00:46:02 [INFO] Dialogue borne : 0.8 s
2026-10-02 00:46:02 [INFO] Visiteurs du 2026-10-02 : 0 (source compteur, compteur 0, transactions 0)
2026-10-02 00:51:01 [INFO] Borne 192.168.2.10:5205 - compteurs du musee (Area 511 VISITES MUSEE)
2026-10-02 00:51:02 [INFO]   511 VISITES MUSEE E=105682 S=0
2026-10-02 00:51:02 [INFO]   512 ENTREE MUSEE E=105682 S=0
2026-10-02 00:51:02 [INFO]   1208 TRI-MUS-55   E=26071 S=0
2026-10-02 00:51:02 [INFO]   1209 TRI-MUS-56   E=53232 S=0
2026-10-02 00:51:02 [INFO]   1210 TRI-MUS-57   E=26379 S=0
2026-10-02 00:51:02 [INFO]   1040 PDA.3.11     E=0 S=0
2026-10-02 00:51:02 [INFO]   transactions 00:36:01 -> 00:51:01 : 0 lues en 1 page(s), 0 au musee
2026-10-02 00:51:02 [INFO] Dialogue borne : 1.0 s
2026-10-02 00:51:02 [INFO] Visiteurs du 2026-10-02 : 0 (source compteur, compteur 0, transactions 0)
2026-10-02 00:56:01 [INFO] Borne 192.168.2.10:5205 - compteurs du musee (Area 511 VISITES MUSEE)
2026-10-02 00:56:01 [INFO]   511 VISITES MUSEE E=105682 S=0
2026-10-02 00:56:01 [INFO]   512 ENTREE MUSEE E=105682 S=0
2026-10-02 00:56:01 [INFO]   1208 TRI-MUS-55   E=26071 S=0
2026-10-02 00:56:02 [INFO]   1209 TRI-MUS-56   E=53232 S=0
2026-10-02 00:56:02 [INFO]   1210 TRI-MUS-57   E=26379 S=0
2026-10-02 00:56:02 [INFO]   1040 PDA.3.11     E=0 S=0
2026-10-02 00:56:02 [INFO]   transactions 00:41:01 -> 00:56:01 : 0 lues en 1 page(s), 0 au musee
2026-10-02 00:56:02 [INFO] Dialogue borne : 0.8 s
2026-10-02 00:56:02 [INFO] Visiteurs du 2026-10-02 : 0 (source compteur, compteur 0, transactions 0)
2026-10-02 01:01:01 [INFO] Borne 192.168.2.10:5205 - compteurs du musee (Area 511 VISITES MUSEE)
2026-10-02 01:01:01 [INFO]   511 VISITES MUSEE E=105682 S=0
2026-10-02 01:01:02 [INFO]   512 ENTREE MUSEE E=105682 S=0
2026-10-02 01:01:02 [INFO]   1208 TRI-MUS-55   E=26071 S=0
2026-10-02 01:01:02 [INFO]   1209 TRI-MUS-56   E=53232 S=0
2026-10-02 01:01:02 [INFO]   1210 TRI-MUS-57   E=26379 S=0
2026-10-02 01:01:02 [INFO]   1040 PDA.3.11     E=0 S=0
2026-10-02 01:01:02 [INFO]   transactions 00:46:01 -> 01:01:01 : 0 lues en 1 page(s), 0 au musee
2026-10-02 01:01:02 [INFO] Dialogue borne : 0.9 s
2026-10-02 01:01:02 [INFO] Visiteurs du 2026-10-02 : 0 (source compteur, compteur 0, transactions 0)
2026-10-02 01:06:01 [INFO] Borne 192.168.2.10:5205 - compteurs du musee (Area 511 VISITES MUSEE)
2026-10-02 01:06:02 [INFO]   511 VISITES MUSEE E=105682 S=0
2026-10-02 01:06:02 [INFO]   512 ENTREE MUSEE E=105682 S=0
2026-10-02 01:06:02 [INFO]   1208 TRI-MUS-55   E=26071 S=0
2026-10-02 01:06:02 [INFO]   1209 TRI-MUS-56   E=53232 S=0
2026-10-02 01:06:02 [INFO]   1210 TRI-MUS-57   E=26379 S=0
2026-10-02 01:06:02 [INFO]   1040 PDA.3.11     E=0 S=0
2026-10-02 01:06:02 [INFO]   transactions 00:51:01 -> 01:06:01 : 0 lues en 1 page(s), 0 au musee
2026-10-02 01:06:02 [INFO] Dialogue borne : 0.9 s
2026-10-02 01:06:02 [INFO] Visiteurs du 2026-10-02 : 0 (source compteur, compteur 0, transactions 0)
2026-10-02 01:11:02 [INFO] Borne 192.168.2.10:5205 - compteurs du musee (Area 511 VISITES MUSEE)
2026-10-02 01:11:02 [INFO]   511 VISITES MUSEE E=105682 S=0
2026-10-02 01:11:02 [INFO]   512 ENTREE MUSEE E=105682 S=0
2026-10-02 01:11:02 [INFO]   1208 TRI-MUS-55   E=26071 S=0
2026-10-02 01:11:02 [INFO]   1209 TRI-MUS-56   E=53232 S=0
2026-10-02 01:11:02 [INFO]   1210 TRI-MUS-57   E=26379 S=0
2026-10-02 01:11:02 [INFO]   1040 PDA.3.11     E=0 S=0
2026-10-02 01:11:02 [INFO]   transactions 00:56:01 -> 01:11:02 : 0 lues en 1 page(s), 0 au musee
2026-10-02 01:11:02 [INFO] Dialogue borne : 0.7 s
2026-10-02 01:11:03 [INFO] Visiteurs du 2026-10-02 : 0 (source compteur, compteur 0, transactions 0)
2026-10-02 01:16:01 [INFO] Borne 192.168.2.10:5205 - compteurs du musee (Area 511 VISITES MUSEE)
2026-10-02 01:16:02 [INFO]   511 VISITES MUSEE E=105682 S=0
2026-10-02 01:16:02 [INFO]   512 ENTREE MUSEE E=105682 S=0
2026-10-02 01:16:02 [INFO]   1208 TRI-MUS-55   E=26071 S=0
2026-10-02 01:16:02 [INFO]   1209 TRI-MUS-56   E=53232 S=0
2026-10-02 01:16:02 [INFO]   1210 TRI-MUS-57   E=26379 S=0
2026-10-02 01:16:02 [INFO]   1040 PDA.3.11     E=0 S=0
2026-10-02 01:16:02 [INFO]   transactions 01:01:02 -> 01:16:01 : 0 lues en 1 page(s), 0 au musee
2026-10-02 01:16:02 [INFO] Dialogue borne : 0.9 s
2026-10-02 01:16:02 [INFO] Visiteurs du 2026-10-02 : 0 (source compteur, compteur 0, transactions 0)
2026-10-02 01:21:01 [INFO] Borne 192.168.2.10:5205 - compteurs du musee (Area 511 VISITES MUSEE)
2026-10-02 01:21:02 [INFO]   511 VISITES MUSEE E=105682 S=0
2026-10-02 01:21:02 [INFO]   512 ENTREE MUSEE E=105682 S=0
2026-10-02 01:21:02 [INFO]   1208 TRI-MUS-55   E=26071 S=0
2026-10-02 01:21:02 [INFO]   1209 TRI-MUS-56   E=53232 S=0
2026-10-02 01:21:02 [INFO]   1210 TRI-MUS-57   E=26379 S=0
2026-10-02 01:21:02 [INFO]   1040 PDA.3.11     E=0 S=0
2026-10-02 01:21:02 [INFO]   transactions 01:06:01 -> 01:21:01 : 0 lues en 1 page(s), 0 au musee
2026-10-02 01:21:02 [INFO] Dialogue borne : 0.8 s
2026-10-02 01:21:02 [INFO] Visiteurs du 2026-10-02 : 0 (source compteur, compteur 0, transactions 0)
2026-10-02 01:26:01 [INFO] Borne 192.168.2.10:5205 - compteurs du musee (Area 511 VISITES MUSEE)
2026-10-02 01:26:02 [INFO]   511 VISITES MUSEE E=105682 S=0
2026-10-02 01:26:02 [INFO]   512 ENTREE MUSEE E=105682 S=0
2026-10-02 01:26:02 [INFO]   1208 TRI-MUS-55   E=26071 S=0
2026-10-02 01:26:02 [INFO]   1209 TRI-MUS-56   E=53232 S=0
2026-10-02 01:26:02 [INFO]   1210 TRI-MUS-57   E=26379 S=0
2026-10-02 01:26:02 [INFO]   1040 PDA.3.11     E=0 S=0
2026-10-02 01:26:02 [INFO]   transactions 01:11:01 -> 01:26:01 : 0 lues en 1 page(s), 0 au musee
2026-10-02 01:26:02 [INFO] Dialogue borne : 0.9 s
2026-10-02 01:26:02 [INFO] Visiteurs du 2026-10-02 : 0 (source compteur, compteur 0, transactions 0)
2026-10-02 01:31:01 [INFO] Borne 192.168.2.10:5205 - compteurs du musee (Area 511 VISITES MUSEE)
2026-10-02 01:31:01 [INFO]   511 VISITES MUSEE E=105682 S=0
2026-10-02 01:31:02 [INFO]   512 ENTREE MUSEE E=105682 S=0
2026-10-02 01:31:02 [INFO]   1208 TRI-MUS-55   E=26071 S=0
2026-10-02 01:31:02 [INFO]   1209 TRI-MUS-56   E=53232 S=0
2026-10-02 01:31:02 [INFO]   1210 TRI-MUS-57   E=26379 S=0
2026-10-02 01:31:02 [INFO]   1040 PDA.3.11     E=0 S=0
2026-10-02 01:31:02 [INFO]   transactions 01:16:01 -> 01:31:01 : 0 lues en 1 page(s), 0 au musee
2026-10-02 01:31:02 [INFO] Dialogue borne : 0.9 s
2026-10-02 01:31:02 [INFO] Visiteurs du 2026-10-02 : 0 (source compteur, compteur 0, transactions 0)
2026-10-02 01:36:01 [INFO] Borne 192.168.2.10:5205 - compteurs du musee (Area 511 VISITES MUSEE)
2026-10-02 01:36:02 [INFO]   511 VISITES MUSEE E=105682 S=0
2026-10-02 01:36:02 [INFO]   512 ENTREE MUSEE E=105682 S=0
2026-10-02 01:36:02 [INFO]   1208 TRI-MUS-55   E=26071 S=0
2026-10-02 01:36:02 [INFO]   1209 TRI-MUS-56   E=53232 S=0
2026-10-02 01:36:02 [INFO]   1210 TRI-MUS-57   E=26379 S=0
2026-10-02 01:36:02 [INFO]   1040 PDA.3.11     E=0 S=0
2026-10-02 01:36:02 [INFO]   transactions 01:21:01 -> 01:36:01 : 0 lues en 1 page(s), 0 au musee
2026-10-02 01:36:02 [INFO] Dialogue borne : 0.8 s
2026-10-02 01:36:02 [INFO] Visiteurs du 2026-10-02 : 0 (source compteur, compteur 0, transactions 0)
2026-10-02 01:41:01 [INFO] Borne 192.168.2.10:5205 - compteurs du musee (Area 511 VISITES MUSEE)
2026-10-02 01:41:02 [INFO]   511 VISITES MUSEE E=105682 S=0
2026-10-02 01:41:02 [INFO]   512 ENTREE MUSEE E=105682 S=0
2026-10-02 01:41:02 [INFO]   1208 TRI-MUS-55   E=26071 S=0
2026-10-02 01:41:02 [INFO]   1209 TRI-MUS-56   E=53232 S=0
2026-10-02 01:41:02 [INFO]   1210 TRI-MUS-57   E=26379 S=0
2026-10-02 01:41:02 [INFO]   1040 PDA.3.11     E=0 S=0
2026-10-02 01:41:02 [INFO]   transactions 01:26:01 -> 01:41:01 : 0 lues en 1 page(s), 0 au musee
2026-10-02 01:41:02 [INFO] Dialogue borne : 0.9 s
2026-10-02 01:41:02 [INFO] Visiteurs du 2026-10-02 : 0 (source compteur, compteur 0, transactions 0)
2026-10-02 01:46:01 [INFO] Borne 192.168.2.10:5205 - compteurs du musee (Area 511 VISITES MUSEE)
2026-10-02 01:46:01 [INFO]   511 VISITES MUSEE E=105682 S=0
2026-10-02 01:46:01 [INFO]   512 ENTREE MUSEE E=105682 S=0
2026-10-02 01:46:01 [INFO]   1208 TRI-MUS-55   E=26071 S=0
2026-10-02 01:46:01 [INFO]   1209 TRI-MUS-56   E=53232 S=0
2026-10-02 01:46:02 [INFO]   1210 TRI-MUS-57   E=26379 S=0
2026-10-02 01:46:02 [INFO]   1040 PDA.3.11     E=0 S=0
2026-10-02 01:46:02 [INFO]   transactions 01:31:01 -> 01:46:01 : 0 lues en 1 page(s), 0 au musee
2026-10-02 01:46:02 [INFO] Dialogue borne : 0.7 s
2026-10-02 01:46:02 [INFO] Visiteurs du 2026-10-02 : 0 (source compteur, compteur 0, transactions 0)
2026-10-02 01:51:01 [INFO] Borne 192.168.2.10:5205 - compteurs du musee (Area 511 VISITES MUSEE)
2026-10-02 01:51:01 [INFO]   511 VISITES MUSEE E=105682 S=0
2026-10-02 01:51:01 [INFO]   512 ENTREE MUSEE E=105682 S=0
2026-10-02 01:51:01 [INFO]   1208 TRI-MUS-55   E=26071 S=0
2026-10-02 01:51:02 [INFO]   1209 TRI-MUS-56   E=53232 S=0
2026-10-02 01:51:02 [INFO]   1210 TRI-MUS-57   E=26379 S=0
2026-10-02 01:51:02 [INFO]   1040 PDA.3.11     E=0 S=0
2026-10-02 01:51:02 [INFO]   transactions 01:36:01 -> 01:51:01 : 0 lues en 1 page(s), 0 au musee
2026-10-02 01:51:02 [INFO] Dialogue borne : 0.7 s
2026-10-02 01:51:02 [INFO] Visiteurs du 2026-10-02 : 0 (source compteur, compteur 0, transactions 0)
2026-10-02 01:56:01 [INFO] Borne 192.168.2.10:5205 - compteurs du musee (Area 511 VISITES MUSEE)
2026-10-02 01:56:01 [INFO]   511 VISITES MUSEE E=105682 S=0
2026-10-02 01:56:02 [INFO]   512 ENTREE MUSEE E=105682 S=0
2026-10-02 01:56:02 [INFO]   1208 TRI-MUS-55   E=26071 S=0
2026-10-02 01:56:02 [INFO]   1209 TRI-MUS-56   E=53232 S=0
2026-10-02 01:56:02 [INFO]   1210 TRI-MUS-57   E=26379 S=0
2026-10-02 01:56:02 [INFO]   1040 PDA.3.11     E=0 S=0
2026-10-02 01:56:02 [INFO]   transactions 01:41:01 -> 01:56:01 : 0 lues en 1 page(s), 0 au musee
2026-10-02 01:56:02 [INFO] Dialogue borne : 0.8 s
2026-10-02 01:56:02 [INFO] Visiteurs du 2026-10-02 : 0 (source compteur, compteur 0, transactions 0)
2026-10-02 02:01:01 [INFO] Borne 192.168.2.10:5205 - compteurs du musee (Area 511 VISITES MUSEE)
2026-10-02 02:01:02 [INFO]   511 VISITES MUSEE E=105682 S=0
2026-10-02 02:01:02 [INFO]   512 ENTREE MUSEE E=105682 S=0
2026-10-02 02:01:02 [INFO]   1208 TRI-MUS-55   E=26071 S=0
2026-10-02 02:01:02 [INFO]   1209 TRI-MUS-56   E=53232 S=0
2026-10-02 02:01:02 [INFO]   1210 TRI-MUS-57   E=26379 S=0
2026-10-02 02:01:02 [INFO]   1040 PDA.3.11     E=0 S=0
2026-10-02 02:01:02 [INFO]   transactions 01:46:01 -> 02:01:01 : 0 lues en 1 page(s), 0 au musee
2026-10-02 02:01:02 [INFO] Dialogue borne : 0.9 s
2026-10-02 02:01:02 [INFO] Visiteurs du 2026-10-02 : 0 (source compteur, compteur 0, transactions 0)
2026-10-02 02:06:01 [INFO] Borne 192.168.2.10:5205 - compteurs du musee (Area 511 VISITES MUSEE)
2026-10-02 02:06:02 [INFO]   511 VISITES MUSEE E=105682 S=0
2026-10-02 02:06:02 [INFO]   512 ENTREE MUSEE E=105682 S=0
2026-10-02 02:06:02 [INFO]   1208 TRI-MUS-55   E=26071 S=0
2026-10-02 02:06:02 [INFO]   1209 TRI-MUS-56   E=53232 S=0
2026-10-02 02:06:02 [INFO]   1210 TRI-MUS-57   E=26379 S=0
2026-10-02 02:06:02 [INFO]   1040 PDA.3.11     E=0 S=0
2026-10-02 02:06:02 [INFO]   transactions 01:51:01 -> 02:06:01 : 0 lues en 1 page(s), 0 au musee
2026-10-02 02:06:02 [INFO] Dialogue borne : 1.0 s
2026-10-02 02:06:02 [INFO] Visiteurs du 2026-10-02 : 0 (source compteur, compteur 0, transactions 0)
2026-10-02 02:11:01 [INFO] Borne 192.168.2.10:5205 - compteurs du musee (Area 511 VISITES MUSEE)
2026-10-02 02:11:01 [INFO]   511 VISITES MUSEE E=105682 S=0
2026-10-02 02:11:02 [INFO]   512 ENTREE MUSEE E=105682 S=0
2026-10-02 02:11:02 [INFO]   1208 TRI-MUS-55   E=26071 S=0
2026-10-02 02:11:02 [INFO]   1209 TRI-MUS-56   E=53232 S=0
2026-10-02 02:11:02 [INFO]   1210 TRI-MUS-57   E=26379 S=0
2026-10-02 02:11:02 [INFO]   1040 PDA.3.11     E=0 S=0
2026-10-02 02:11:02 [INFO]   transactions 01:56:01 -> 02:11:01 : 0 lues en 1 page(s), 0 au musee
2026-10-02 02:11:02 [INFO] Dialogue borne : 0.8 s
2026-10-02 02:11:02 [INFO] Visiteurs du 2026-10-02 : 0 (source compteur, compteur 0, transactions 0)
2026-10-02 02:16:01 [INFO] Borne 192.168.2.10:5205 - compteurs du musee (Area 511 VISITES MUSEE)
2026-10-02 02:16:02 [INFO]   511 VISITES MUSEE E=105682 S=0
2026-10-02 02:16:02 [INFO]   512 ENTREE MUSEE E=105682 S=0
2026-10-02 02:16:02 [INFO]   1208 TRI-MUS-55   E=26071 S=0
2026-10-02 02:16:02 [INFO]   1209 TRI-MUS-56   E=53232 S=0
2026-10-02 02:16:02 [INFO]   1210 TRI-MUS-57   E=26379 S=0
2026-10-02 02:16:02 [INFO]   1040 PDA.3.11     E=0 S=0
2026-10-02 02:16:02 [INFO]   transactions 02:01:01 -> 02:16:01 : 0 lues en 1 page(s), 0 au musee
2026-10-02 02:16:02 [INFO] Dialogue borne : 0.9 s
2026-10-02 02:16:02 [INFO] Visiteurs du 2026-10-02 : 0 (source compteur, compteur 0, transactions 0)
2026-10-02 02:21:01 [INFO] Borne 192.168.2.10:5205 - compteurs du musee (Area 511 VISITES MUSEE)
2026-10-02 02:21:02 [INFO]   511 VISITES MUSEE E=105682 S=0
2026-10-02 02:21:02 [INFO]   512 ENTREE MUSEE E=105682 S=0
2026-10-02 02:21:02 [INFO]   1208 TRI-MUS-55   E=26071 S=0
2026-10-02 02:21:02 [INFO]   1209 TRI-MUS-56   E=53232 S=0
2026-10-02 02:21:02 [INFO]   1210 TRI-MUS-57   E=26379 S=0
2026-10-02 02:21:02 [INFO]   1040 PDA.3.11     E=0 S=0
2026-10-02 02:21:02 [INFO]   transactions 02:06:01 -> 02:21:01 : 0 lues en 1 page(s), 0 au musee
2026-10-02 02:21:02 [INFO] Dialogue borne : 1.0 s
2026-10-02 02:21:02 [INFO] Visiteurs du 2026-10-02 : 0 (source compteur, compteur 0, transactions 0)
2026-10-02 02:26:01 [INFO] Borne 192.168.2.10:5205 - compteurs du musee (Area 511 VISITES MUSEE)
2026-10-02 02:26:01 [INFO]   511 VISITES MUSEE E=105682 S=0
2026-10-02 02:26:01 [INFO]   512 ENTREE MUSEE E=105682 S=0
2026-10-02 02:26:01 [INFO]   1208 TRI-MUS-55   E=26071 S=0
2026-10-02 02:26:02 [INFO]   1209 TRI-MUS-56   E=53232 S=0
2026-10-02 02:26:02 [INFO]   1210 TRI-MUS-57   E=26379 S=0
2026-10-02 02:26:02 [INFO]   1040 PDA.3.11     E=0 S=0
2026-10-02 02:26:02 [INFO]   transactions 02:11:01 -> 02:26:01 : 0 lues en 1 page(s), 0 au musee
2026-10-02 02:26:02 [INFO] Dialogue borne : 0.8 s
2026-10-02 02:26:02 [INFO] Visiteurs du 2026-10-02 : 0 (source compteur, compteur 0, transactions 0)
2026-10-02 02:31:01 [INFO] Borne 192.168.2.10:5205 - compteurs du musee (Area 511 VISITES MUSEE)
2026-10-02 02:31:01 [INFO]   511 VISITES MUSEE E=105682 S=0
2026-10-02 02:31:01 [INFO]   512 ENTREE MUSEE E=105682 S=0
2026-10-02 02:31:01 [INFO]   1208 TRI-MUS-55   E=26071 S=0
2026-10-02 02:31:02 [INFO]   1209 TRI-MUS-56   E=53232 S=0
2026-10-02 02:31:02 [INFO]   1210 TRI-MUS-57   E=26379 S=0
2026-10-02 02:31:02 [INFO]   1040 PDA.3.11     E=0 S=0
2026-10-02 02:31:02 [INFO]   transactions 02:16:01 -> 02:31:01 : 0 lues en 1 page(s), 0 au musee
2026-10-02 02:31:02 [INFO] Dialogue borne : 0.8 s
2026-10-02 02:31:02 [INFO] Visiteurs du 2026-10-02 : 0 (source compteur, compteur 0, transactions 0)
2026-10-02 02:36:01 [INFO] Borne 192.168.2.10:5205 - compteurs du musee (Area 511 VISITES MUSEE)
2026-10-02 02:36:01 [INFO]   511 VISITES MUSEE E=105682 S=0
2026-10-02 02:36:01 [INFO]   512 ENTREE MUSEE E=105682 S=0
2026-10-02 02:36:02 [INFO]   1208 TRI-MUS-55   E=26071 S=0
2026-10-02 02:36:02 [INFO]   1209 TRI-MUS-56   E=53232 S=0
2026-10-02 02:36:02 [INFO]   1210 TRI-MUS-57   E=26379 S=0
2026-10-02 02:36:02 [INFO]   1040 PDA.3.11     E=0 S=0
2026-10-02 02:36:02 [INFO]   transactions 02:21:01 -> 02:36:01 : 0 lues en 1 page(s), 0 au musee
2026-10-02 02:36:02 [INFO] Dialogue borne : 0.8 s
2026-10-02 02:36:02 [INFO] Visiteurs du 2026-10-02 : 0 (source compteur, compteur 0, transactions 0)
2026-10-02 02:41:01 [INFO] Borne 192.168.2.10:5205 - compteurs du musee (Area 511 VISITES MUSEE)
2026-10-02 02:41:02 [INFO]   511 VISITES MUSEE E=105682 S=0
2026-10-02 02:41:02 [INFO]   512 ENTREE MUSEE E=105682 S=0
2026-10-02 02:41:02 [INFO]   1208 TRI-MUS-55   E=26071 S=0
2026-10-02 02:41:02 [INFO]   1209 TRI-MUS-56   E=53232 S=0
2026-10-02 02:41:02 [INFO]   1210 TRI-MUS-57   E=26379 S=0
2026-10-02 02:41:02 [INFO]   1040 PDA.3.11     E=0 S=0
2026-10-02 02:41:02 [INFO]   transactions 02:26:01 -> 02:41:01 : 0 lues en 1 page(s), 0 au musee
2026-10-02 02:41:02 [INFO] Dialogue borne : 0.9 s
2026-10-02 02:41:02 [INFO] Visiteurs du 2026-10-02 : 0 (source compteur, compteur 0, transactions 0)
2026-10-02 02:46:01 [INFO] Borne 192.168.2.10:5205 - compteurs du musee (Area 511 VISITES MUSEE)
2026-10-02 02:46:02 [INFO]   511 VISITES MUSEE E=105682 S=0
2026-10-02 02:46:02 [INFO]   512 ENTREE MUSEE E=105682 S=0
2026-10-02 02:46:02 [INFO]   1208 TRI-MUS-55   E=26071 S=0
2026-10-02 02:46:02 [INFO]   1209 TRI-MUS-56   E=53232 S=0
2026-10-02 02:46:02 [INFO]   1210 TRI-MUS-57   E=26379 S=0
2026-10-02 02:46:02 [INFO]   1040 PDA.3.11     E=0 S=0
2026-10-02 02:46:02 [INFO]   transactions 02:31:01 -> 02:46:01 : 0 lues en 1 page(s), 0 au musee
2026-10-02 02:46:02 [INFO] Dialogue borne : 1.0 s
2026-10-02 02:46:02 [INFO] Visiteurs du 2026-10-02 : 0 (source compteur, compteur 0, transactions 0)
2026-10-02 02:51:01 [INFO] Borne 192.168.2.10:5205 - compteurs du musee (Area 511 VISITES MUSEE)
2026-10-02 02:51:01 [INFO]   511 VISITES MUSEE E=105682 S=0
2026-10-02 02:51:02 [INFO]   512 ENTREE MUSEE E=105682 S=0
2026-10-02 02:51:02 [INFO]   1208 TRI-MUS-55   E=26071 S=0
2026-10-02 02:51:02 [INFO]   1209 TRI-MUS-56   E=53232 S=0
2026-10-02 02:51:02 [INFO]   1210 TRI-MUS-57   E=26379 S=0
2026-10-02 02:51:02 [INFO]   1040 PDA.3.11     E=0 S=0
2026-10-02 02:51:02 [INFO]   transactions 02:36:01 -> 02:51:01 : 0 lues en 1 page(s), 0 au musee
2026-10-02 02:51:02 [INFO] Dialogue borne : 0.9 s
2026-10-02 02:51:02 [INFO] Visiteurs du 2026-10-02 : 0 (source compteur, compteur 0, transactions 0)
2026-10-02 02:56:01 [INFO] Borne 192.168.2.10:5205 - compteurs du musee (Area 511 VISITES MUSEE)
2026-10-02 02:56:02 [INFO]   511 VISITES MUSEE E=105682 S=0
2026-10-02 02:56:02 [INFO]   512 ENTREE MUSEE E=105682 S=0
2026-10-02 02:56:02 [INFO]   1208 TRI-MUS-55   E=26071 S=0
2026-10-02 02:56:02 [INFO]   1209 TRI-MUS-56   E=53232 S=0
2026-10-02 02:56:02 [INFO]   1210 TRI-MUS-57   E=26379 S=0
2026-10-02 02:56:02 [INFO]   1040 PDA.3.11     E=0 S=0
2026-10-02 02:56:02 [INFO]   transactions 02:41:01 -> 02:56:01 : 0 lues en 1 page(s), 0 au musee
2026-10-02 02:56:02 [INFO] Dialogue borne : 0.9 s
2026-10-02 02:56:02 [INFO] Visiteurs du 2026-10-02 : 0 (source compteur, compteur 0, transactions 0)
2026-10-02 03:01:01 [INFO] Borne 192.168.2.10:5205 - compteurs du musee (Area 511 VISITES MUSEE)
2026-10-02 03:01:02 [INFO]   511 VISITES MUSEE E=105682 S=0
2026-10-02 03:01:02 [INFO]   512 ENTREE MUSEE E=105682 S=0
2026-10-02 03:01:02 [INFO]   1208 TRI-MUS-55   E=26071 S=0
2026-10-02 03:01:02 [INFO]   1209 TRI-MUS-56   E=53232 S=0
2026-10-02 03:01:02 [INFO]   1210 TRI-MUS-57   E=26379 S=0
2026-10-02 03:01:02 [INFO]   1040 PDA.3.11     E=0 S=0
2026-10-02 03:01:02 [INFO]   transactions 02:46:01 -> 03:01:01 : 0 lues en 1 page(s), 0 au musee
2026-10-02 03:01:02 [INFO] Dialogue borne : 0.9 s
2026-10-02 03:01:02 [INFO] Visiteurs du 2026-10-02 : 0 (source compteur, compteur 0, transactions 0)
2026-10-02 03:06:01 [INFO] Borne 192.168.2.10:5205 - compteurs du musee (Area 511 VISITES MUSEE)
2026-10-02 03:06:02 [INFO]   511 VISITES MUSEE E=105682 S=0
2026-10-02 03:06:02 [INFO]   512 ENTREE MUSEE E=105682 S=0
2026-10-02 03:06:02 [INFO]   1208 TRI-MUS-55   E=26071 S=0
2026-10-02 03:06:02 [INFO]   1209 TRI-MUS-56   E=53232 S=0
2026-10-02 03:06:02 [INFO]   1210 TRI-MUS-57   E=26379 S=0
2026-10-02 03:06:02 [INFO]   1040 PDA.3.11     E=0 S=0
2026-10-02 03:06:02 [INFO]   transactions 02:51:01 -> 03:06:01 : 0 lues en 1 page(s), 0 au musee
2026-10-02 03:06:02 [INFO] Dialogue borne : 1.0 s
2026-10-02 03:06:02 [INFO] Visiteurs du 2026-10-02 : 0 (source compteur, compteur 0, transactions 0)
2026-10-02 03:11:01 [INFO] Borne 192.168.2.10:5205 - compteurs du musee (Area 511 VISITES MUSEE)
2026-10-02 03:11:02 [INFO]   511 VISITES MUSEE E=105682 S=0
2026-10-02 03:11:02 [INFO]   512 ENTREE MUSEE E=105682 S=0
2026-10-02 03:11:02 [INFO]   1208 TRI-MUS-55   E=26071 S=0
2026-10-02 03:11:02 [INFO]   1209 TRI-MUS-56   E=53232 S=0
2026-10-02 03:11:02 [INFO]   1210 TRI-MUS-57   E=26379 S=0
2026-10-02 03:11:02 [INFO]   1040 PDA.3.11     E=0 S=0
2026-10-02 03:11:02 [INFO]   transactions 02:56:01 -> 03:11:01 : 0 lues en 1 page(s), 0 au musee
2026-10-02 03:11:02 [INFO] Dialogue borne : 0.8 s
2026-10-02 03:11:02 [INFO] Visiteurs du 2026-10-02 : 0 (source compteur, compteur 0, transactions 0)
2026-10-02 03:16:01 [INFO] Borne 192.168.2.10:5205 - compteurs du musee (Area 511 VISITES MUSEE)
2026-10-02 03:16:02 [INFO]   511 VISITES MUSEE E=105682 S=0
2026-10-02 03:16:02 [INFO]   512 ENTREE MUSEE E=105682 S=0
2026-10-02 03:16:02 [INFO]   1208 TRI-MUS-55   E=26071 S=0
2026-10-02 03:16:02 [INFO]   1209 TRI-MUS-56   E=53232 S=0
2026-10-02 03:16:02 [INFO]   1210 TRI-MUS-57   E=26379 S=0
2026-10-02 03:16:02 [INFO]   1040 PDA.3.11     E=0 S=0
2026-10-02 03:16:02 [INFO]   transactions 03:01:01 -> 03:16:01 : 0 lues en 1 page(s), 0 au musee
2026-10-02 03:16:02 [INFO] Dialogue borne : 0.9 s
2026-10-02 03:16:02 [INFO] Visiteurs du 2026-10-02 : 0 (source compteur, compteur 0, transactions 0)
2026-10-02 03:21:01 [INFO] Borne 192.168.2.10:5205 - compteurs du musee (Area 511 VISITES MUSEE)
2026-10-02 03:21:02 [INFO]   511 VISITES MUSEE E=105682 S=0
2026-10-02 03:21:02 [INFO]   512 ENTREE MUSEE E=105682 S=0
2026-10-02 03:21:02 [INFO]   1208 TRI-MUS-55   E=26071 S=0
2026-10-02 03:21:02 [INFO]   1209 TRI-MUS-56   E=53232 S=0
2026-10-02 03:21:02 [INFO]   1210 TRI-MUS-57   E=26379 S=0
2026-10-02 03:21:02 [INFO]   1040 PDA.3.11     E=0 S=0
2026-10-02 03:21:02 [INFO]   transactions 03:06:01 -> 03:21:01 : 0 lues en 1 page(s), 0 au musee
2026-10-02 03:21:02 [INFO] Dialogue borne : 0.9 s
2026-10-02 03:21:02 [INFO] Visiteurs du 2026-10-02 : 0 (source compteur, compteur 0, transactions 0)
2026-10-02 03:26:01 [INFO] Borne 192.168.2.10:5205 - compteurs du musee (Area 511 VISITES MUSEE)
2026-10-02 03:26:02 [INFO]   511 VISITES MUSEE E=105682 S=0
2026-10-02 03:26:02 [INFO]   512 ENTREE MUSEE E=105682 S=0
2026-10-02 03:26:02 [INFO]   1208 TRI-MUS-55   E=26071 S=0
2026-10-02 03:26:02 [INFO]   1209 TRI-MUS-56   E=53232 S=0
2026-10-02 03:26:02 [INFO]   1210 TRI-MUS-57   E=26379 S=0
2026-10-02 03:26:02 [INFO]   1040 PDA.3.11     E=0 S=0
2026-10-02 03:26:02 [INFO]   transactions 03:11:01 -> 03:26:01 : 0 lues en 1 page(s), 0 au musee
2026-10-02 03:26:02 [INFO] Dialogue borne : 0.9 s
2026-10-02 03:26:02 [INFO] Visiteurs du 2026-10-02 : 0 (source compteur, compteur 0, transactions 0)
2026-10-02 03:31:01 [INFO] Borne 192.168.2.10:5205 - compteurs du musee (Area 511 VISITES MUSEE)
2026-10-02 03:31:01 [INFO]   511 VISITES MUSEE E=105682 S=0
2026-10-02 03:31:01 [INFO]   512 ENTREE MUSEE E=105682 S=0
2026-10-02 03:31:01 [INFO]   1208 TRI-MUS-55   E=26071 S=0
2026-10-02 03:31:02 [INFO]   1209 TRI-MUS-56   E=53232 S=0
2026-10-02 03:31:02 [INFO]   1210 TRI-MUS-57   E=26379 S=0
2026-10-02 03:31:02 [INFO]   1040 PDA.3.11     E=0 S=0
2026-10-02 03:31:02 [INFO]   transactions 03:16:01 -> 03:31:01 : 0 lues en 1 page(s), 0 au musee
2026-10-02 03:31:02 [INFO] Dialogue borne : 0.8 s
2026-10-02 03:31:02 [INFO] Visiteurs du 2026-10-02 : 0 (source compteur, compteur 0, transactions 0)
2026-10-02 03:36:01 [INFO] Borne 192.168.2.10:5205 - compteurs du musee (Area 511 VISITES MUSEE)
2026-10-02 03:36:01 [INFO]   511 VISITES MUSEE E=105682 S=0
2026-10-02 03:36:01 [INFO]   512 ENTREE MUSEE E=105682 S=0
2026-10-02 03:36:02 [INFO]   1208 TRI-MUS-55   E=26071 S=0
2026-10-02 03:36:02 [INFO]   1209 TRI-MUS-56   E=53232 S=0
2026-10-02 03:36:02 [INFO]   1210 TRI-MUS-57   E=26379 S=0
2026-10-02 03:36:02 [INFO]   1040 PDA.3.11     E=0 S=0
2026-10-02 03:36:02 [INFO]   transactions 03:21:01 -> 03:36:01 : 0 lues en 1 page(s), 0 au musee
2026-10-02 03:36:02 [INFO] Dialogue borne : 0.8 s
2026-10-02 03:36:02 [INFO] Visiteurs du 2026-10-02 : 0 (source compteur, compteur 0, transactions 0)
2026-10-02 03:41:01 [INFO] Borne 192.168.2.10:5205 - compteurs du musee (Area 511 VISITES MUSEE)
2026-10-02 03:41:01 [INFO]   511 VISITES MUSEE E=105682 S=0
2026-10-02 03:41:02 [INFO]   512 ENTREE MUSEE E=105682 S=0
2026-10-02 03:41:02 [INFO]   1208 TRI-MUS-55   E=26071 S=0
2026-10-02 03:41:02 [INFO]   1209 TRI-MUS-56   E=53232 S=0
2026-10-02 03:41:02 [INFO]   1210 TRI-MUS-57   E=26379 S=0
2026-10-02 03:41:02 [INFO]   1040 PDA.3.11     E=0 S=0
2026-10-02 03:41:02 [INFO]   transactions 03:26:01 -> 03:41:01 : 0 lues en 1 page(s), 0 au musee
2026-10-02 03:41:02 [INFO] Dialogue borne : 0.8 s
2026-10-02 03:41:02 [INFO] Visiteurs du 2026-10-02 : 0 (source compteur, compteur 0, transactions 0)
2026-10-02 03:46:01 [INFO] Borne 192.168.2.10:5205 - compteurs du musee (Area 511 VISITES MUSEE)
2026-10-02 03:46:02 [INFO]   511 VISITES MUSEE E=105682 S=0
2026-10-02 03:46:02 [INFO]   512 ENTREE MUSEE E=105682 S=0
2026-10-02 03:46:02 [INFO]   1208 TRI-MUS-55   E=26071 S=0
2026-10-02 03:46:02 [INFO]   1209 TRI-MUS-56   E=53232 S=0
2026-10-02 03:46:02 [INFO]   1210 TRI-MUS-57   E=26379 S=0
2026-10-02 03:46:02 [INFO]   1040 PDA.3.11     E=0 S=0
2026-10-02 03:46:02 [INFO]   transactions 03:31:01 -> 03:46:01 : 0 lues en 1 page(s), 0 au musee
2026-10-02 03:46:02 [INFO] Dialogue borne : 0.9 s
2026-10-02 03:46:02 [INFO] Visiteurs du 2026-10-02 : 0 (source compteur, compteur 0, transactions 0)
2026-10-02 03:51:01 [INFO] Borne 192.168.2.10:5205 - compteurs du musee (Area 511 VISITES MUSEE)
2026-10-02 03:51:02 [INFO]   511 VISITES MUSEE E=105682 S=0
2026-10-02 03:51:02 [INFO]   512 ENTREE MUSEE E=105682 S=0
2026-10-02 03:51:02 [INFO]   1208 TRI-MUS-55   E=26071 S=0
2026-10-02 03:51:02 [INFO]   1209 TRI-MUS-56   E=53232 S=0
2026-10-02 03:51:02 [INFO]   1210 TRI-MUS-57   E=26379 S=0
2026-10-02 03:51:02 [INFO]   1040 PDA.3.11     E=0 S=0
2026-10-02 03:51:02 [INFO]   transactions 03:36:01 -> 03:51:01 : 0 lues en 1 page(s), 0 au musee
2026-10-02 03:51:02 [INFO] Dialogue borne : 0.9 s
2026-10-02 03:51:02 [INFO] Visiteurs du 2026-10-02 : 0 (source compteur, compteur 0, transactions 0)
2026-10-02 03:56:01 [INFO] Borne 192.168.2.10:5205 - compteurs du musee (Area 511 VISITES MUSEE)
2026-10-02 03:56:01 [INFO]   511 VISITES MUSEE E=105682 S=0
2026-10-02 03:56:01 [INFO]   512 ENTREE MUSEE E=105682 S=0
2026-10-02 03:56:01 [INFO]   1208 TRI-MUS-55   E=26071 S=0
2026-10-02 03:56:02 [INFO]   1209 TRI-MUS-56   E=53232 S=0
2026-10-02 03:56:02 [INFO]   1210 TRI-MUS-57   E=26379 S=0
2026-10-02 03:56:02 [INFO]   1040 PDA.3.11     E=0 S=0
2026-10-02 03:56:02 [INFO]   transactions 03:41:01 -> 03:56:01 : 0 lues en 1 page(s), 0 au musee
2026-10-02 03:56:02 [INFO] Dialogue borne : 0.8 s
2026-10-02 03:56:02 [INFO] Visiteurs du 2026-10-02 : 0 (source compteur, compteur 0, transactions 0)
2026-10-02 04:01:01 [INFO] Borne 192.168.2.10:5205 - compteurs du musee (Area 511 VISITES MUSEE)
2026-10-02 04:01:01 [INFO]   511 VISITES MUSEE E=105682 S=0
2026-10-02 04:01:02 [INFO]   512 ENTREE MUSEE E=105682 S=0
2026-10-02 04:01:02 [INFO]   1208 TRI-MUS-55   E=26071 S=0
2026-10-02 04:01:02 [INFO]   1209 TRI-MUS-56   E=53232 S=0
2026-10-02 04:01:02 [INFO]   1210 TRI-MUS-57   E=26379 S=0
2026-10-02 04:01:02 [INFO]   1040 PDA.3.11     E=0 S=0
2026-10-02 04:01:03 [INFO]   transactions 03:46:01 -> 04:01:01 : 0 lues en 1 page(s), 0 au musee
2026-10-02 04:01:03 [INFO] Dialogue borne : 1.2 s
2026-10-02 04:01:03 [INFO] Visiteurs du 2026-10-02 : 0 (source compteur, compteur 0, transactions 0)
2026-10-02 04:06:01 [INFO] Borne 192.168.2.10:5205 - compteurs du musee (Area 511 VISITES MUSEE)
2026-10-02 04:06:01 [INFO]   511 VISITES MUSEE E=105682 S=0
2026-10-02 04:06:02 [INFO]   512 ENTREE MUSEE E=105682 S=0
2026-10-02 04:06:02 [INFO]   1208 TRI-MUS-55   E=26071 S=0
2026-10-02 04:06:02 [INFO]   1209 TRI-MUS-56   E=53232 S=0
2026-10-02 04:06:02 [INFO]   1210 TRI-MUS-57   E=26379 S=0
2026-10-02 04:06:02 [INFO]   1040 PDA.3.11     E=0 S=0
2026-10-02 04:06:02 [INFO]   transactions 03:51:01 -> 04:06:01 : 0 lues en 1 page(s), 0 au musee
2026-10-02 04:06:02 [INFO] Dialogue borne : 0.9 s
2026-10-02 04:06:02 [INFO] Visiteurs du 2026-10-02 : 0 (source compteur, compteur 0, transactions 0)
2026-10-02 04:11:01 [INFO] Borne 192.168.2.10:5205 - compteurs du musee (Area 511 VISITES MUSEE)
2026-10-02 04:11:02 [INFO]   511 VISITES MUSEE E=105682 S=0
2026-10-02 04:11:02 [INFO]   512 ENTREE MUSEE E=105682 S=0
2026-10-02 04:11:02 [INFO]   1208 TRI-MUS-55   E=26071 S=0
2026-10-02 04:11:02 [INFO]   1209 TRI-MUS-56   E=53232 S=0
2026-10-02 04:11:02 [INFO]   1210 TRI-MUS-57   E=26379 S=0
2026-10-02 04:11:02 [INFO]   1040 PDA.3.11     E=0 S=0
2026-10-02 04:11:03 [INFO]   transactions 03:56:01 -> 04:11:01 : 0 lues en 1 page(s), 0 au musee
2026-10-02 04:11:03 [INFO] Dialogue borne : 1.1 s
2026-10-02 04:11:03 [INFO] Visiteurs du 2026-10-02 : 0 (source compteur, compteur 0, transactions 0)
2026-10-02 04:16:01 [INFO] Borne 192.168.2.10:5205 - compteurs du musee (Area 511 VISITES MUSEE)
2026-10-02 04:16:02 [INFO]   511 VISITES MUSEE E=105682 S=0
2026-10-02 04:16:02 [INFO]   512 ENTREE MUSEE E=105682 S=0
2026-10-02 04:16:02 [INFO]   1208 TRI-MUS-55   E=26071 S=0
2026-10-02 04:16:02 [INFO]   1209 TRI-MUS-56   E=53232 S=0
2026-10-02 04:16:02 [INFO]   1210 TRI-MUS-57   E=26379 S=0
2026-10-02 04:16:02 [INFO]   1040 PDA.3.11     E=0 S=0
2026-10-02 04:16:02 [INFO]   transactions 04:01:01 -> 04:16:01 : 0 lues en 1 page(s), 0 au musee
2026-10-02 04:16:02 [INFO] Dialogue borne : 0.9 s
2026-10-02 04:16:02 [INFO] Visiteurs du 2026-10-02 : 0 (source compteur, compteur 0, transactions 0)
2026-10-02 04:21:01 [INFO] Borne 192.168.2.10:5205 - compteurs du musee (Area 511 VISITES MUSEE)
2026-10-02 04:21:01 [INFO]   511 VISITES MUSEE E=105682 S=0
2026-10-02 04:21:02 [INFO]   512 ENTREE MUSEE E=105682 S=0
2026-10-02 04:21:02 [INFO]   1208 TRI-MUS-55   E=26071 S=0
2026-10-02 04:21:02 [INFO]   1209 TRI-MUS-56   E=53232 S=0
2026-10-02 04:21:02 [INFO]   1210 TRI-MUS-57   E=26379 S=0
2026-10-02 04:21:02 [INFO]   1040 PDA.3.11     E=0 S=0
2026-10-02 04:21:02 [INFO]   transactions 04:06:01 -> 04:21:01 : 0 lues en 1 page(s), 0 au musee
2026-10-02 04:21:02 [INFO] Dialogue borne : 0.8 s
2026-10-02 04:21:02 [INFO] Visiteurs du 2026-10-02 : 0 (source compteur, compteur 0, transactions 0)
2026-10-02 04:26:01 [INFO] Borne 192.168.2.10:5205 - compteurs du musee (Area 511 VISITES MUSEE)
2026-10-02 04:26:02 [INFO]   511 VISITES MUSEE E=105682 S=0
2026-10-02 04:26:02 [INFO]   512 ENTREE MUSEE E=105682 S=0
2026-10-02 04:26:02 [INFO]   1208 TRI-MUS-55   E=26071 S=0
2026-10-02 04:26:02 [INFO]   1209 TRI-MUS-56   E=53232 S=0
2026-10-02 04:26:02 [INFO]   1210 TRI-MUS-57   E=26379 S=0
2026-10-02 04:26:02 [INFO]   1040 PDA.3.11     E=0 S=0
2026-10-02 04:26:02 [INFO]   transactions 04:11:01 -> 04:26:01 : 0 lues en 1 page(s), 0 au musee
2026-10-02 04:26:02 [INFO] Dialogue borne : 0.9 s
2026-10-02 04:26:02 [INFO] Visiteurs du 2026-10-02 : 0 (source compteur, compteur 0, transactions 0)
2026-10-02 04:31:01 [INFO] Borne 192.168.2.10:5205 - compteurs du musee (Area 511 VISITES MUSEE)
2026-10-02 04:31:02 [INFO]   511 VISITES MUSEE E=105682 S=0
2026-10-02 04:31:02 [INFO]   512 ENTREE MUSEE E=105682 S=0
2026-10-02 04:31:02 [INFO]   1208 TRI-MUS-55   E=26071 S=0
2026-10-02 04:31:02 [INFO]   1209 TRI-MUS-56   E=53232 S=0
2026-10-02 04:31:02 [INFO]   1210 TRI-MUS-57   E=26379 S=0
2026-10-02 04:31:02 [INFO]   1040 PDA.3.11     E=0 S=0
2026-10-02 04:31:04 [INFO]   transactions 04:16:01 -> 04:31:01 : 0 lues en 1 page(s), 0 au musee
2026-10-02 04:31:04 [INFO] Dialogue borne : 2.7 s
2026-10-02 04:31:04 [INFO] Visiteurs du 2026-10-02 : 0 (source compteur, compteur 0, transactions 0)
2026-10-02 04:36:01 [INFO] Borne 192.168.2.10:5205 - compteurs du musee (Area 511 VISITES MUSEE)
2026-10-02 04:36:02 [INFO]   511 VISITES MUSEE E=105682 S=0
2026-10-02 04:36:02 [INFO]   512 ENTREE MUSEE E=105682 S=0
2026-10-02 04:36:02 [INFO]   1208 TRI-MUS-55   E=26071 S=0
2026-10-02 04:36:02 [INFO]   1209 TRI-MUS-56   E=53232 S=0
2026-10-02 04:36:02 [INFO]   1210 TRI-MUS-57   E=26379 S=0
2026-10-02 04:36:02 [INFO]   1040 PDA.3.11     E=0 S=0
2026-10-02 04:36:02 [INFO]   transactions 04:21:01 -> 04:36:01 : 0 lues en 1 page(s), 0 au musee
2026-10-02 04:36:02 [INFO] Dialogue borne : 1.0 s
2026-10-02 04:36:02 [INFO] Visiteurs du 2026-10-02 : 0 (source compteur, compteur 0, transactions 0)
2026-10-02 04:41:01 [INFO] Borne 192.168.2.10:5205 - compteurs du musee (Area 511 VISITES MUSEE)
2026-10-02 04:41:01 [INFO]   511 VISITES MUSEE E=105682 S=0
2026-10-02 04:41:01 [INFO]   512 ENTREE MUSEE E=105682 S=0
2026-10-02 04:41:02 [INFO]   1208 TRI-MUS-55   E=26071 S=0
2026-10-02 04:41:02 [INFO]   1209 TRI-MUS-56   E=53232 S=0
2026-10-02 04:41:02 [INFO]   1210 TRI-MUS-57   E=26379 S=0
2026-10-02 04:41:02 [INFO]   1040 PDA.3.11     E=0 S=0
2026-10-02 04:41:02 [INFO]   transactions 04:26:01 -> 04:41:01 : 0 lues en 1 page(s), 0 au musee
2026-10-02 04:41:02 [INFO] Dialogue borne : 0.8 s
2026-10-02 04:41:02 [INFO] Visiteurs du 2026-10-02 : 0 (source compteur, compteur 0, transactions 0)
2026-10-02 04:46:01 [INFO] Borne 192.168.2.10:5205 - compteurs du musee (Area 511 VISITES MUSEE)
2026-10-02 04:46:02 [INFO]   511 VISITES MUSEE E=105682 S=0
2026-10-02 04:46:02 [INFO]   512 ENTREE MUSEE E=105682 S=0
2026-10-02 04:46:02 [INFO]   1208 TRI-MUS-55   E=26071 S=0
2026-10-02 04:46:02 [INFO]   1209 TRI-MUS-56   E=53232 S=0
2026-10-02 04:46:02 [INFO]   1210 TRI-MUS-57   E=26379 S=0
2026-10-02 04:46:02 [INFO]   1040 PDA.3.11     E=0 S=0
2026-10-02 04:46:02 [INFO]   transactions 04:31:01 -> 04:46:01 : 0 lues en 1 page(s), 0 au musee
2026-10-02 04:46:02 [INFO] Dialogue borne : 0.8 s
2026-10-02 04:46:02 [INFO] Visiteurs du 2026-10-02 : 0 (source compteur, compteur 0, transactions 0)
2026-10-02 04:51:01 [INFO] Borne 192.168.2.10:5205 - compteurs du musee (Area 511 VISITES MUSEE)
2026-10-02 04:51:02 [INFO]   511 VISITES MUSEE E=105682 S=0
2026-10-02 04:51:02 [INFO]   512 ENTREE MUSEE E=105682 S=0
2026-10-02 04:51:02 [INFO]   1208 TRI-MUS-55   E=26071 S=0
2026-10-02 04:51:02 [INFO]   1209 TRI-MUS-56   E=53232 S=0
2026-10-02 04:51:02 [INFO]   1210 TRI-MUS-57   E=26379 S=0
2026-10-02 04:51:02 [INFO]   1040 PDA.3.11     E=0 S=0
2026-10-02 04:51:02 [INFO]   transactions 04:36:01 -> 04:51:01 : 0 lues en 1 page(s), 0 au musee
2026-10-02 04:51:02 [INFO] Dialogue borne : 0.9 s
2026-10-02 04:51:02 [INFO] Visiteurs du 2026-10-02 : 0 (source compteur, compteur 0, transactions 0)
2026-10-02 04:56:01 [INFO] Borne 192.168.2.10:5205 - compteurs du musee (Area 511 VISITES MUSEE)
2026-10-02 04:56:02 [INFO]   511 VISITES MUSEE E=105682 S=0
2026-10-02 04:56:02 [INFO]   512 ENTREE MUSEE E=105682 S=0
2026-10-02 04:56:02 [INFO]   1208 TRI-MUS-55   E=26071 S=0
2026-10-02 04:56:02 [INFO]   1209 TRI-MUS-56   E=53232 S=0
2026-10-02 04:56:02 [INFO]   1210 TRI-MUS-57   E=26379 S=0
2026-10-02 04:56:02 [INFO]   1040 PDA.3.11     E=0 S=0
2026-10-02 04:56:02 [INFO]   transactions 04:41:01 -> 04:56:01 : 0 lues en 1 page(s), 0 au musee
2026-10-02 04:56:02 [INFO] Dialogue borne : 1.0 s
2026-10-02 04:56:02 [INFO] Visiteurs du 2026-10-02 : 0 (source compteur, compteur 0, transactions 0)
2026-10-02 05:01:01 [INFO] Borne 192.168.2.10:5205 - compteurs du musee (Area 511 VISITES MUSEE)
2026-10-02 05:01:01 [INFO]   511 VISITES MUSEE E=105682 S=0
2026-10-02 05:01:01 [INFO]   512 ENTREE MUSEE E=105682 S=0
2026-10-02 05:01:02 [INFO]   1208 TRI-MUS-55   E=26071 S=0
2026-10-02 05:01:02 [INFO]   1209 TRI-MUS-56   E=53232 S=0
2026-10-02 05:01:02 [INFO]   1210 TRI-MUS-57   E=26379 S=0
2026-10-02 05:01:02 [INFO]   1040 PDA.3.11     E=0 S=0
2026-10-02 05:01:02 [INFO]   transactions 04:46:01 -> 05:01:01 : 0 lues en 1 page(s), 0 au musee
2026-10-02 05:01:02 [INFO] Dialogue borne : 0.7 s
2026-10-02 05:01:02 [INFO] Visiteurs du 2026-10-02 : 0 (source compteur, compteur 0, transactions 0)
2026-10-02 05:06:01 [INFO] Borne 192.168.2.10:5205 - compteurs du musee (Area 511 VISITES MUSEE)
2026-10-02 05:06:02 [INFO]   511 VISITES MUSEE E=105682 S=0
2026-10-02 05:06:02 [INFO]   512 ENTREE MUSEE E=105682 S=0
2026-10-02 05:06:02 [INFO]   1208 TRI-MUS-55   E=26071 S=0
2026-10-02 05:06:02 [INFO]   1209 TRI-MUS-56   E=53232 S=0
2026-10-02 05:06:02 [INFO]   1210 TRI-MUS-57   E=26379 S=0
2026-10-02 05:06:02 [INFO]   1040 PDA.3.11     E=0 S=0
2026-10-02 05:06:02 [INFO]   transactions 04:51:01 -> 05:06:01 : 0 lues en 1 page(s), 0 au musee
2026-10-02 05:06:02 [INFO] Dialogue borne : 0.9 s
2026-10-02 05:06:02 [INFO] Visiteurs du 2026-10-02 : 0 (source compteur, compteur 0, transactions 0)
2026-10-02 05:11:01 [INFO] Borne 192.168.2.10:5205 - compteurs du musee (Area 511 VISITES MUSEE)
2026-10-02 05:11:02 [INFO]   511 VISITES MUSEE E=105682 S=0
2026-10-02 05:11:02 [INFO]   512 ENTREE MUSEE E=105682 S=0
2026-10-02 05:11:02 [INFO]   1208 TRI-MUS-55   E=26071 S=0
2026-10-02 05:11:02 [INFO]   1209 TRI-MUS-56   E=53232 S=0
2026-10-02 05:11:02 [INFO]   1210 TRI-MUS-57   E=26379 S=0
2026-10-02 05:11:02 [INFO]   1040 PDA.3.11     E=0 S=0
2026-10-02 05:11:02 [INFO]   transactions 04:56:01 -> 05:11:01 : 0 lues en 1 page(s), 0 au musee
2026-10-02 05:11:02 [INFO] Dialogue borne : 0.9 s
2026-10-02 05:11:02 [INFO] Visiteurs du 2026-10-02 : 0 (source compteur, compteur 0, transactions 0)
2026-10-02 05:16:01 [INFO] Borne 192.168.2.10:5205 - compteurs du musee (Area 511 VISITES MUSEE)
2026-10-02 05:16:02 [INFO]   511 VISITES MUSEE E=105682 S=0
2026-10-02 05:16:02 [INFO]   512 ENTREE MUSEE E=105682 S=0
2026-10-02 05:16:02 [INFO]   1208 TRI-MUS-55   E=26071 S=0
2026-10-02 05:16:02 [INFO]   1209 TRI-MUS-56   E=53232 S=0
2026-10-02 05:16:02 [INFO]   1210 TRI-MUS-57   E=26379 S=0
2026-10-02 05:16:02 [INFO]   1040 PDA.3.11     E=0 S=0
2026-10-02 05:16:02 [INFO]   transactions 05:01:01 -> 05:16:01 : 0 lues en 1 page(s), 0 au musee
2026-10-02 05:16:02 [INFO] Dialogue borne : 1.0 s
2026-10-02 05:16:02 [INFO] Visiteurs du 2026-10-02 : 0 (source compteur, compteur 0, transactions 0)
2026-10-02 05:21:01 [INFO] Borne 192.168.2.10:5205 - compteurs du musee (Area 511 VISITES MUSEE)
2026-10-02 05:21:02 [INFO]   511 VISITES MUSEE E=105682 S=0
2026-10-02 05:21:02 [INFO]   512 ENTREE MUSEE E=105682 S=0
2026-10-02 05:21:02 [INFO]   1208 TRI-MUS-55   E=26071 S=0
2026-10-02 05:21:02 [INFO]   1209 TRI-MUS-56   E=53232 S=0
2026-10-02 05:21:02 [INFO]   1210 TRI-MUS-57   E=26379 S=0
2026-10-02 05:21:02 [INFO]   1040 PDA.3.11     E=0 S=0
2026-10-02 05:21:02 [INFO]   transactions 05:06:01 -> 05:21:01 : 0 lues en 1 page(s), 0 au musee
2026-10-02 05:21:02 [INFO] Dialogue borne : 0.9 s
2026-10-02 05:21:02 [INFO] Visiteurs du 2026-10-02 : 0 (source compteur, compteur 0, transactions 0)
2026-10-02 05:26:01 [INFO] Borne 192.168.2.10:5205 - compteurs du musee (Area 511 VISITES MUSEE)
2026-10-02 05:26:02 [INFO]   511 VISITES MUSEE E=105682 S=0
2026-10-02 05:26:02 [INFO]   512 ENTREE MUSEE E=105682 S=0
2026-10-02 05:26:02 [INFO]   1208 TRI-MUS-55   E=26071 S=0
2026-10-02 05:26:02 [INFO]   1209 TRI-MUS-56   E=53232 S=0
2026-10-02 05:26:02 [INFO]   1210 TRI-MUS-57   E=26379 S=0
2026-10-02 05:26:02 [INFO]   1040 PDA.3.11     E=0 S=0
2026-10-02 05:26:02 [INFO]   transactions 05:11:01 -> 05:26:01 : 0 lues en 1 page(s), 0 au musee
2026-10-02 05:26:02 [INFO] Dialogue borne : 1.0 s
2026-10-02 05:26:02 [INFO] Visiteurs du 2026-10-02 : 0 (source compteur, compteur 0, transactions 0)
2026-10-02 05:31:01 [INFO] Borne 192.168.2.10:5205 - compteurs du musee (Area 511 VISITES MUSEE)
2026-10-02 05:31:01 [INFO]   511 VISITES MUSEE E=105682 S=0
2026-10-02 05:31:01 [INFO]   512 ENTREE MUSEE E=105682 S=0
2026-10-02 05:31:02 [INFO]   1208 TRI-MUS-55   E=26071 S=0
2026-10-02 05:31:02 [INFO]   1209 TRI-MUS-56   E=53232 S=0
2026-10-02 05:31:02 [INFO]   1210 TRI-MUS-57   E=26379 S=0
2026-10-02 05:31:02 [INFO]   1040 PDA.3.11     E=0 S=0
2026-10-02 05:31:02 [INFO]   transactions 05:16:01 -> 05:31:01 : 0 lues en 1 page(s), 0 au musee
2026-10-02 05:31:02 [INFO] Dialogue borne : 0.7 s
2026-10-02 05:31:02 [INFO] Visiteurs du 2026-10-02 : 0 (source compteur, compteur 0, transactions 0)
2026-10-02 05:36:01 [INFO] Borne 192.168.2.10:5205 - compteurs du musee (Area 511 VISITES MUSEE)
2026-10-02 05:36:02 [INFO]   511 VISITES MUSEE E=105682 S=0
2026-10-02 05:36:02 [INFO]   512 ENTREE MUSEE E=105682 S=0
2026-10-02 05:36:02 [INFO]   1208 TRI-MUS-55   E=26071 S=0
2026-10-02 05:36:02 [INFO]   1209 TRI-MUS-56   E=53232 S=0
2026-10-02 05:36:02 [INFO]   1210 TRI-MUS-57   E=26379 S=0
2026-10-02 05:36:02 [INFO]   1040 PDA.3.11     E=0 S=0
2026-10-02 05:36:02 [INFO]   transactions 05:21:01 -> 05:36:01 : 0 lues en 1 page(s), 0 au musee
2026-10-02 05:36:02 [INFO] Dialogue borne : 0.9 s
2026-10-02 05:36:02 [INFO] Visiteurs du 2026-10-02 : 0 (source compteur, compteur 0, transactions 0)
2026-10-02 05:41:01 [INFO] Borne 192.168.2.10:5205 - compteurs du musee (Area 511 VISITES MUSEE)
2026-10-02 05:41:02 [INFO]   511 VISITES MUSEE E=105682 S=0
2026-10-02 05:41:02 [INFO]   512 ENTREE MUSEE E=105682 S=0
2026-10-02 05:41:02 [INFO]   1208 TRI-MUS-55   E=26071 S=0
2026-10-02 05:41:02 [INFO]   1209 TRI-MUS-56   E=53232 S=0
2026-10-02 05:41:02 [INFO]   1210 TRI-MUS-57   E=26379 S=0
2026-10-02 05:41:02 [INFO]   1040 PDA.3.11     E=0 S=0
2026-10-02 05:41:02 [INFO]   transactions 05:26:01 -> 05:41:01 : 0 lues en 1 page(s), 0 au musee
2026-10-02 05:41:02 [INFO] Dialogue borne : 0.9 s
2026-10-02 05:41:02 [INFO] Visiteurs du 2026-10-02 : 0 (source compteur, compteur 0, transactions 0)
2026-10-02 05:46:01 [INFO] Borne 192.168.2.10:5205 - compteurs du musee (Area 511 VISITES MUSEE)
2026-10-02 05:46:02 [INFO]   511 VISITES MUSEE E=105682 S=0
2026-10-02 05:46:02 [INFO]   512 ENTREE MUSEE E=105682 S=0
2026-10-02 05:46:02 [INFO]   1208 TRI-MUS-55   E=26071 S=0
2026-10-02 05:46:02 [INFO]   1209 TRI-MUS-56   E=53232 S=0
2026-10-02 05:46:02 [INFO]   1210 TRI-MUS-57   E=26379 S=0
2026-10-02 05:46:02 [INFO]   1040 PDA.3.11     E=0 S=0
2026-10-02 05:46:02 [INFO]   transactions 05:31:01 -> 05:46:01 : 0 lues en 1 page(s), 0 au musee
2026-10-02 05:46:02 [INFO] Dialogue borne : 0.9 s
2026-10-02 05:46:02 [INFO] Visiteurs du 2026-10-02 : 0 (source compteur, compteur 0, transactions 0)
2026-10-02 05:51:01 [INFO] Borne 192.168.2.10:5205 - compteurs du musee (Area 511 VISITES MUSEE)
2026-10-02 05:51:01 [INFO]   511 VISITES MUSEE E=105682 S=0
2026-10-02 05:51:01 [INFO]   512 ENTREE MUSEE E=105682 S=0
2026-10-02 05:51:02 [INFO]   1208 TRI-MUS-55   E=26071 S=0
2026-10-02 05:51:02 [INFO]   1209 TRI-MUS-56   E=53232 S=0
2026-10-02 05:51:02 [INFO]   1210 TRI-MUS-57   E=26379 S=0
2026-10-02 05:51:02 [INFO]   1040 PDA.3.11     E=0 S=0
2026-10-02 05:51:02 [INFO]   transactions 05:36:01 -> 05:51:01 : 0 lues en 1 page(s), 0 au musee
2026-10-02 05:51:02 [INFO] Dialogue borne : 0.8 s
2026-10-02 05:51:02 [INFO] Visiteurs du 2026-10-02 : 0 (source compteur, compteur 0, transactions 0)
2026-10-02 05:56:01 [INFO] Borne 192.168.2.10:5205 - compteurs du musee (Area 511 VISITES MUSEE)
2026-10-02 05:56:02 [INFO]   511 VISITES MUSEE E=105682 S=0
2026-10-02 05:56:02 [INFO]   512 ENTREE MUSEE E=105682 S=0
2026-10-02 05:56:02 [INFO]   1208 TRI-MUS-55   E=26071 S=0
2026-10-02 05:56:02 [INFO]   1209 TRI-MUS-56   E=53232 S=0
2026-10-02 05:56:02 [INFO]   1210 TRI-MUS-57   E=26379 S=0
2026-10-02 05:56:02 [INFO]   1040 PDA.3.11     E=0 S=0
2026-10-02 05:56:02 [INFO]   transactions 05:41:01 -> 05:56:01 : 0 lues en 1 page(s), 0 au musee
2026-10-02 05:56:02 [INFO] Dialogue borne : 0.8 s
2026-10-02 05:56:02 [INFO] Visiteurs du 2026-10-02 : 0 (source compteur, compteur 0, transactions 0)
2026-10-02 06:01:01 [INFO] Borne 192.168.2.10:5205 - compteurs du musee (Area 511 VISITES MUSEE)
2026-10-02 06:01:02 [INFO]   511 VISITES MUSEE E=105682 S=0
2026-10-02 06:01:02 [INFO]   512 ENTREE MUSEE E=105682 S=0
2026-10-02 06:01:02 [INFO]   1208 TRI-MUS-55   E=26071 S=0
2026-10-02 06:01:02 [INFO]   1209 TRI-MUS-56   E=53232 S=0
2026-10-02 06:01:02 [INFO]   1210 TRI-MUS-57   E=26379 S=0
2026-10-02 06:01:02 [INFO]   1040 PDA.3.11     E=0 S=0
2026-10-02 06:01:02 [INFO]   transactions 05:46:01 -> 06:01:01 : 0 lues en 1 page(s), 0 au musee
2026-10-02 06:01:02 [INFO] Dialogue borne : 1.0 s
2026-10-02 06:01:02 [INFO] Visiteurs du 2026-10-02 : 0 (source compteur, compteur 0, transactions 0)
2026-10-02 06:06:01 [INFO] Borne 192.168.2.10:5205 - compteurs du musee (Area 511 VISITES MUSEE)
2026-10-02 06:06:02 [INFO]   511 VISITES MUSEE E=105682 S=0
2026-10-02 06:06:02 [INFO]   512 ENTREE MUSEE E=105682 S=0
2026-10-02 06:06:02 [INFO]   1208 TRI-MUS-55   E=26071 S=0
2026-10-02 06:06:02 [INFO]   1209 TRI-MUS-56   E=53232 S=0
2026-10-02 06:06:02 [INFO]   1210 TRI-MUS-57   E=26379 S=0
2026-10-02 06:06:02 [INFO]   1040 PDA.3.11     E=0 S=0
2026-10-02 06:06:02 [INFO]   transactions 05:51:01 -> 06:06:01 : 0 lues en 1 page(s), 0 au musee
2026-10-02 06:06:02 [INFO] Dialogue borne : 1.0 s
2026-10-02 06:06:02 [INFO] Visiteurs du 2026-10-02 : 0 (source compteur, compteur 0, transactions 0)
2026-10-02 06:11:01 [INFO] Borne 192.168.2.10:5205 - compteurs du musee (Area 511 VISITES MUSEE)
2026-10-02 06:11:02 [INFO]   511 VISITES MUSEE E=105682 S=0
2026-10-02 06:11:02 [INFO]   512 ENTREE MUSEE E=105682 S=0
2026-10-02 06:11:02 [INFO]   1208 TRI-MUS-55   E=26071 S=0
2026-10-02 06:11:02 [INFO]   1209 TRI-MUS-56   E=53232 S=0
2026-10-02 06:11:02 [INFO]   1210 TRI-MUS-57   E=26379 S=0
2026-10-02 06:11:02 [INFO]   1040 PDA.3.11     E=0 S=0
2026-10-02 06:11:02 [INFO]   transactions 05:56:01 -> 06:11:01 : 0 lues en 1 page(s), 0 au musee
2026-10-02 06:11:02 [INFO] Dialogue borne : 0.8 s
2026-10-02 06:11:02 [INFO] Visiteurs du 2026-10-02 : 0 (source compteur, compteur 0, transactions 0)
2026-10-02 06:16:02 [INFO] Borne 192.168.2.10:5205 - compteurs du musee (Area 511 VISITES MUSEE)
2026-10-02 06:16:02 [INFO]   511 VISITES MUSEE E=105682 S=0
2026-10-02 06:16:02 [INFO]   512 ENTREE MUSEE E=105682 S=0
2026-10-02 06:16:02 [INFO]   1208 TRI-MUS-55   E=26071 S=0
2026-10-02 06:16:02 [INFO]   1209 TRI-MUS-56   E=53232 S=0
2026-10-02 06:16:02 [INFO]   1210 TRI-MUS-57   E=26379 S=0
2026-10-02 06:16:02 [INFO]   1040 PDA.3.11     E=0 S=0
2026-10-02 06:16:03 [INFO]   transactions 06:01:01 -> 06:16:02 : 0 lues en 1 page(s), 0 au musee
2026-10-02 06:16:03 [INFO] Dialogue borne : 1.0 s
2026-10-02 06:16:03 [INFO] Visiteurs du 2026-10-02 : 0 (source compteur, compteur 0, transactions 0)
2026-10-02 06:21:01 [INFO] Borne 192.168.2.10:5205 - compteurs du musee (Area 511 VISITES MUSEE)
2026-10-02 06:21:02 [INFO]   511 VISITES MUSEE E=105682 S=0
2026-10-02 06:21:02 [INFO]   512 ENTREE MUSEE E=105682 S=0
2026-10-02 06:21:02 [INFO]   1208 TRI-MUS-55   E=26071 S=0
2026-10-02 06:21:02 [INFO]   1209 TRI-MUS-56   E=53232 S=0
2026-10-02 06:21:02 [INFO]   1210 TRI-MUS-57   E=26379 S=0
2026-10-02 06:21:02 [INFO]   1040 PDA.3.11     E=0 S=0
2026-10-02 06:21:02 [INFO]   transactions 06:06:02 -> 06:21:01 : 0 lues en 1 page(s), 0 au musee
2026-10-02 06:21:02 [INFO] Dialogue borne : 0.9 s
2026-10-02 06:21:02 [INFO] Visiteurs du 2026-10-02 : 0 (source compteur, compteur 0, transactions 0)
2026-10-02 06:26:01 [INFO] Borne 192.168.2.10:5205 - compteurs du musee (Area 511 VISITES MUSEE)
2026-10-02 06:26:02 [INFO]   511 VISITES MUSEE E=105682 S=0
2026-10-02 06:26:02 [INFO]   512 ENTREE MUSEE E=105682 S=0
2026-10-02 06:26:02 [INFO]   1208 TRI-MUS-55   E=26071 S=0
2026-10-02 06:26:02 [INFO]   1209 TRI-MUS-56   E=53232 S=0
2026-10-02 06:26:02 [INFO]   1210 TRI-MUS-57   E=26379 S=0
2026-10-02 06:26:02 [INFO]   1040 PDA.3.11     E=0 S=0
2026-10-02 06:26:02 [INFO]   transactions 06:11:01 -> 06:26:01 : 0 lues en 1 page(s), 0 au musee
2026-10-02 06:26:02 [INFO] Dialogue borne : 1.0 s
2026-10-02 06:26:02 [INFO] Visiteurs du 2026-10-02 : 0 (source compteur, compteur 0, transactions 0)
2026-10-02 06:31:01 [INFO] Borne 192.168.2.10:5205 - compteurs du musee (Area 511 VISITES MUSEE)
2026-10-02 06:31:01 [INFO]   511 VISITES MUSEE E=105682 S=0
2026-10-02 06:31:01 [INFO]   512 ENTREE MUSEE E=105682 S=0
2026-10-02 06:31:01 [INFO]   1208 TRI-MUS-55   E=26071 S=0
2026-10-02 06:31:02 [INFO]   1209 TRI-MUS-56   E=53232 S=0
2026-10-02 06:31:02 [INFO]   1210 TRI-MUS-57   E=26379 S=0
2026-10-02 06:31:02 [INFO]   1040 PDA.3.11     E=0 S=0
2026-10-02 06:31:02 [INFO]   transactions 06:16:01 -> 06:31:01 : 0 lues en 1 page(s), 0 au musee
2026-10-02 06:31:02 [INFO] Dialogue borne : 0.8 s
2026-10-02 06:31:02 [INFO] Visiteurs du 2026-10-02 : 0 (source compteur, compteur 0, transactions 0)
2026-10-02 06:36:01 [INFO] Borne 192.168.2.10:5205 - compteurs du musee (Area 511 VISITES MUSEE)
2026-10-02 06:36:01 [INFO]   511 VISITES MUSEE E=105682 S=0
2026-10-02 06:36:02 [INFO]   512 ENTREE MUSEE E=105682 S=0
2026-10-02 06:36:02 [INFO]   1208 TRI-MUS-55   E=26071 S=0
2026-10-02 06:36:02 [INFO]   1209 TRI-MUS-56   E=53232 S=0
2026-10-02 06:36:02 [INFO]   1210 TRI-MUS-57   E=26379 S=0
2026-10-02 06:36:02 [INFO]   1040 PDA.3.11     E=0 S=0
2026-10-02 06:36:02 [INFO]   transactions 06:21:01 -> 06:36:01 : 0 lues en 1 page(s), 0 au musee
2026-10-02 06:36:02 [INFO] Dialogue borne : 0.9 s
2026-10-02 06:36:02 [INFO] Visiteurs du 2026-10-02 : 0 (source compteur, compteur 0, transactions 0)
2026-10-02 06:41:01 [INFO] Borne 192.168.2.10:5205 - compteurs du musee (Area 511 VISITES MUSEE)
2026-10-02 06:41:02 [INFO]   511 VISITES MUSEE E=105682 S=0
2026-10-02 06:41:02 [INFO]   512 ENTREE MUSEE E=105682 S=0
2026-10-02 06:41:02 [INFO]   1208 TRI-MUS-55   E=26071 S=0
2026-10-02 06:41:02 [INFO]   1209 TRI-MUS-56   E=53232 S=0
2026-10-02 06:41:02 [INFO]   1210 TRI-MUS-57   E=26379 S=0
2026-10-02 06:41:02 [INFO]   1040 PDA.3.11     E=0 S=0
2026-10-02 06:41:02 [INFO]   transactions 06:26:01 -> 06:41:01 : 0 lues en 1 page(s), 0 au musee
2026-10-02 06:41:02 [INFO] Dialogue borne : 0.9 s
2026-10-02 06:41:02 [INFO] Visiteurs du 2026-10-02 : 0 (source compteur, compteur 0, transactions 0)
2026-10-02 06:46:01 [INFO] Borne 192.168.2.10:5205 - compteurs du musee (Area 511 VISITES MUSEE)
2026-10-02 06:46:02 [INFO]   511 VISITES MUSEE E=105682 S=0
2026-10-02 06:46:02 [INFO]   512 ENTREE MUSEE E=105682 S=0
2026-10-02 06:46:02 [INFO]   1208 TRI-MUS-55   E=26071 S=0
2026-10-02 06:46:02 [INFO]   1209 TRI-MUS-56   E=53232 S=0
2026-10-02 06:46:02 [INFO]   1210 TRI-MUS-57   E=26379 S=0
2026-10-02 06:46:02 [INFO]   1040 PDA.3.11     E=0 S=0
2026-10-02 06:46:02 [INFO]   transactions 06:31:01 -> 06:46:01 : 0 lues en 1 page(s), 0 au musee
2026-10-02 06:46:02 [INFO] Dialogue borne : 1.0 s
2026-10-02 06:46:02 [INFO] Visiteurs du 2026-10-02 : 0 (source compteur, compteur 0, transactions 0)
2026-10-02 06:51:01 [INFO] Borne 192.168.2.10:5205 - compteurs du musee (Area 511 VISITES MUSEE)
2026-10-02 06:51:02 [INFO]   511 VISITES MUSEE E=105682 S=0
2026-10-02 06:51:02 [INFO]   512 ENTREE MUSEE E=105682 S=0
2026-10-02 06:51:02 [INFO]   1208 TRI-MUS-55   E=26071 S=0
2026-10-02 06:51:02 [INFO]   1209 TRI-MUS-56   E=53232 S=0
2026-10-02 06:51:02 [INFO]   1210 TRI-MUS-57   E=26379 S=0
2026-10-02 06:51:02 [INFO]   1040 PDA.3.11     E=0 S=0
2026-10-02 06:51:02 [INFO]   transactions 06:36:01 -> 06:51:01 : 0 lues en 1 page(s), 0 au musee
2026-10-02 06:51:02 [INFO] Dialogue borne : 0.9 s
2026-10-02 06:51:02 [INFO] Visiteurs du 2026-10-02 : 0 (source compteur, compteur 0, transactions 0)
2026-10-02 06:56:01 [INFO] Borne 192.168.2.10:5205 - compteurs du musee (Area 511 VISITES MUSEE)
2026-10-02 06:56:02 [INFO]   511 VISITES MUSEE E=105682 S=0
2026-10-02 06:56:02 [INFO]   512 ENTREE MUSEE E=105682 S=0
2026-10-02 06:56:02 [INFO]   1208 TRI-MUS-55   E=26071 S=0
2026-10-02 06:56:02 [INFO]   1209 TRI-MUS-56   E=53232 S=0
2026-10-02 06:56:02 [INFO]   1210 TRI-MUS-57   E=26379 S=0
2026-10-02 06:56:02 [INFO]   1040 PDA.3.11     E=0 S=0
2026-10-02 06:56:02 [INFO]   transactions 06:41:01 -> 06:56:01 : 0 lues en 1 page(s), 0 au musee
2026-10-02 06:56:02 [INFO] Dialogue borne : 1.0 s
2026-10-02 06:56:02 [INFO] Visiteurs du 2026-10-02 : 0 (source compteur, compteur 0, transactions 0)
2026-10-02 07:01:01 [INFO] Borne 192.168.2.10:5205 - compteurs du musee (Area 511 VISITES MUSEE)
2026-10-02 07:01:02 [INFO]   511 VISITES MUSEE E=105682 S=0
2026-10-02 07:01:02 [INFO]   512 ENTREE MUSEE E=105682 S=0
2026-10-02 07:01:02 [INFO]   1208 TRI-MUS-55   E=26071 S=0
2026-10-02 07:01:02 [INFO]   1209 TRI-MUS-56   E=53232 S=0
2026-10-02 07:01:02 [INFO]   1210 TRI-MUS-57   E=26379 S=0
2026-10-02 07:01:02 [INFO]   1040 PDA.3.11     E=0 S=0
2026-10-02 07:01:02 [INFO]   transactions 06:46:01 -> 07:01:01 : 0 lues en 1 page(s), 0 au musee
2026-10-02 07:01:02 [INFO] Dialogue borne : 1.0 s
2026-10-02 07:01:02 [INFO] Visiteurs du 2026-10-02 : 0 (source compteur, compteur 0, transactions 0)
2026-10-02 07:06:01 [INFO] Borne 192.168.2.10:5205 - compteurs du musee (Area 511 VISITES MUSEE)
2026-10-02 07:06:01 [INFO]   511 VISITES MUSEE E=105682 S=0
2026-10-02 07:06:02 [INFO]   512 ENTREE MUSEE E=105682 S=0
2026-10-02 07:06:02 [INFO]   1208 TRI-MUS-55   E=26071 S=0
2026-10-02 07:06:02 [INFO]   1209 TRI-MUS-56   E=53232 S=0
2026-10-02 07:06:02 [INFO]   1210 TRI-MUS-57   E=26379 S=0
2026-10-02 07:06:02 [INFO]   1040 PDA.3.11     E=0 S=0
2026-10-02 07:06:02 [INFO]   transactions 06:51:01 -> 07:06:01 : 0 lues en 1 page(s), 0 au musee
2026-10-02 07:06:02 [INFO] Dialogue borne : 0.9 s
2026-10-02 07:06:02 [INFO] Visiteurs du 2026-10-02 : 0 (source compteur, compteur 0, transactions 0)
2026-10-02 07:11:01 [INFO] Borne 192.168.2.10:5205 - compteurs du musee (Area 511 VISITES MUSEE)
2026-10-02 07:11:02 [INFO]   511 VISITES MUSEE E=105682 S=0
2026-10-02 07:11:02 [INFO]   512 ENTREE MUSEE E=105682 S=0
2026-10-02 07:11:02 [INFO]   1208 TRI-MUS-55   E=26071 S=0
2026-10-02 07:11:02 [INFO]   1209 TRI-MUS-56   E=53232 S=0
2026-10-02 07:11:02 [INFO]   1210 TRI-MUS-57   E=26379 S=0
2026-10-02 07:11:02 [INFO]   1040 PDA.3.11     E=0 S=0
2026-10-02 07:11:02 [INFO]   transactions 06:56:01 -> 07:11:01 : 0 lues en 1 page(s), 0 au musee
2026-10-02 07:11:02 [INFO] Dialogue borne : 0.9 s
2026-10-02 07:11:02 [INFO] Visiteurs du 2026-10-02 : 0 (source compteur, compteur 0, transactions 0)
2026-10-02 07:16:01 [INFO] Borne 192.168.2.10:5205 - compteurs du musee (Area 511 VISITES MUSEE)
2026-10-02 07:16:02 [INFO]   511 VISITES MUSEE E=105682 S=0
2026-10-02 07:16:02 [INFO]   512 ENTREE MUSEE E=105682 S=0
2026-10-02 07:16:02 [INFO]   1208 TRI-MUS-55   E=26071 S=0
2026-10-02 07:16:02 [INFO]   1209 TRI-MUS-56   E=53232 S=0
2026-10-02 07:16:02 [INFO]   1210 TRI-MUS-57   E=26379 S=0
2026-10-02 07:16:02 [INFO]   1040 PDA.3.11     E=0 S=0
2026-10-02 07:16:02 [INFO]   transactions 07:01:01 -> 07:16:01 : 0 lues en 1 page(s), 0 au musee
2026-10-02 07:16:02 [INFO] Dialogue borne : 1.0 s
2026-10-02 07:16:02 [INFO] Visiteurs du 2026-10-02 : 0 (source compteur, compteur 0, transactions 0)
2026-10-02 07:21:01 [INFO] Borne 192.168.2.10:5205 - compteurs du musee (Area 511 VISITES MUSEE)
2026-10-02 07:21:01 [INFO]   511 VISITES MUSEE E=105682 S=0
2026-10-02 07:21:01 [INFO]   512 ENTREE MUSEE E=105682 S=0
2026-10-02 07:21:01 [INFO]   1208 TRI-MUS-55   E=26071 S=0
2026-10-02 07:21:01 [INFO]   1209 TRI-MUS-56   E=53232 S=0
2026-10-02 07:21:02 [INFO]   1210 TRI-MUS-57   E=26379 S=0
2026-10-02 07:21:02 [INFO]   1040 PDA.3.11     E=0 S=0
2026-10-02 07:21:02 [INFO]   transactions 07:06:01 -> 07:21:01 : 0 lues en 1 page(s), 0 au musee
2026-10-02 07:21:02 [INFO] Dialogue borne : 0.8 s
2026-10-02 07:21:02 [INFO] Visiteurs du 2026-10-02 : 0 (source compteur, compteur 0, transactions 0)
2026-10-02 07:26:01 [INFO] Borne 192.168.2.10:5205 - compteurs du musee (Area 511 VISITES MUSEE)
2026-10-02 07:26:01 [INFO]   511 VISITES MUSEE E=105682 S=0
2026-10-02 07:26:01 [INFO]   512 ENTREE MUSEE E=105682 S=0
2026-10-02 07:26:01 [INFO]   1208 TRI-MUS-55   E=26071 S=0
2026-10-02 07:26:02 [INFO]   1209 TRI-MUS-56   E=53232 S=0
2026-10-02 07:26:02 [INFO]   1210 TRI-MUS-57   E=26379 S=0
2026-10-02 07:26:02 [INFO]   1040 PDA.3.11     E=0 S=0
2026-10-02 07:26:02 [INFO]   transactions 07:11:01 -> 07:26:01 : 0 lues en 1 page(s), 0 au musee
2026-10-02 07:26:02 [INFO] Dialogue borne : 0.8 s
2026-10-02 07:26:02 [INFO] Visiteurs du 2026-10-02 : 0 (source compteur, compteur 0, transactions 0)
2026-10-02 07:31:01 [INFO] Borne 192.168.2.10:5205 - compteurs du musee (Area 511 VISITES MUSEE)
2026-10-02 07:31:01 [INFO]   511 VISITES MUSEE E=105682 S=0
2026-10-02 07:31:02 [INFO]   512 ENTREE MUSEE E=105682 S=0
2026-10-02 07:31:02 [INFO]   1208 TRI-MUS-55   E=26071 S=0
2026-10-02 07:31:02 [INFO]   1209 TRI-MUS-56   E=53232 S=0
2026-10-02 07:31:02 [INFO]   1210 TRI-MUS-57   E=26379 S=0
2026-10-02 07:31:02 [INFO]   1040 PDA.3.11     E=0 S=0
2026-10-02 07:31:02 [INFO]   transactions 07:16:01 -> 07:31:01 : 0 lues en 1 page(s), 0 au musee
2026-10-02 07:31:02 [INFO] Dialogue borne : 0.8 s
2026-10-02 07:31:02 [INFO] Visiteurs du 2026-10-02 : 0 (source compteur, compteur 0, transactions 0)
2026-10-02 07:36:01 [INFO] Borne 192.168.2.10:5205 - compteurs du musee (Area 511 VISITES MUSEE)
2026-10-02 07:36:02 [INFO]   511 VISITES MUSEE E=105682 S=0
2026-10-02 07:36:02 [INFO]   512 ENTREE MUSEE E=105682 S=0
2026-10-02 07:36:02 [INFO]   1208 TRI-MUS-55   E=26071 S=0
2026-10-02 07:36:02 [INFO]   1209 TRI-MUS-56   E=53232 S=0
2026-10-02 07:36:02 [INFO]   1210 TRI-MUS-57   E=26379 S=0
2026-10-02 07:36:02 [INFO]   1040 PDA.3.11     E=0 S=0
2026-10-02 07:36:02 [INFO]   transactions 07:21:01 -> 07:36:01 : 0 lues en 1 page(s), 0 au musee
2026-10-02 07:36:02 [INFO] Dialogue borne : 0.9 s
2026-10-02 07:36:02 [INFO] Visiteurs du 2026-10-02 : 0 (source compteur, compteur 0, transactions 0)
2026-10-02 07:41:01 [INFO] Borne 192.168.2.10:5205 - compteurs du musee (Area 511 VISITES MUSEE)
2026-10-02 07:41:02 [INFO]   511 VISITES MUSEE E=105682 S=0
2026-10-02 07:41:02 [INFO]   512 ENTREE MUSEE E=105682 S=0
2026-10-02 07:41:02 [INFO]   1208 TRI-MUS-55   E=26071 S=0
2026-10-02 07:41:02 [INFO]   1209 TRI-MUS-56   E=53232 S=0
2026-10-02 07:41:02 [INFO]   1210 TRI-MUS-57   E=26379 S=0
2026-10-02 07:41:02 [INFO]   1040 PDA.3.11     E=0 S=0
2026-10-02 07:41:02 [INFO]   transactions 07:26:01 -> 07:41:01 : 0 lues en 1 page(s), 0 au musee
2026-10-02 07:41:02 [INFO] Dialogue borne : 1.0 s
2026-10-02 07:41:02 [INFO] Visiteurs du 2026-10-02 : 0 (source compteur, compteur 0, transactions 0)
2026-10-02 07:46:01 [INFO] Borne 192.168.2.10:5205 - compteurs du musee (Area 511 VISITES MUSEE)
2026-10-02 07:46:01 [INFO]   511 VISITES MUSEE E=105682 S=0
2026-10-02 07:46:01 [INFO]   512 ENTREE MUSEE E=105682 S=0
2026-10-02 07:46:01 [INFO]   1208 TRI-MUS-55   E=26071 S=0
2026-10-02 07:46:01 [INFO]   1209 TRI-MUS-56   E=53232 S=0
2026-10-02 07:46:01 [INFO]   1210 TRI-MUS-57   E=26379 S=0
2026-10-02 07:46:02 [INFO]   1040 PDA.3.11     E=0 S=0
2026-10-02 07:46:02 [INFO]   transactions 07:31:01 -> 07:46:01 : 0 lues en 1 page(s), 0 au musee
2026-10-02 07:46:02 [INFO] Dialogue borne : 0.7 s
2026-10-02 07:46:02 [INFO] Visiteurs du 2026-10-02 : 0 (source compteur, compteur 0, transactions 0)
2026-10-02 07:51:01 [INFO] Borne 192.168.2.10:5205 - compteurs du musee (Area 511 VISITES MUSEE)
2026-10-02 07:51:01 [INFO]   511 VISITES MUSEE E=105682 S=0
2026-10-02 07:51:01 [INFO]   512 ENTREE MUSEE E=105682 S=0
2026-10-02 07:51:02 [INFO]   1208 TRI-MUS-55   E=26071 S=0
2026-10-02 07:51:02 [INFO]   1209 TRI-MUS-56   E=53232 S=0
2026-10-02 07:51:02 [INFO]   1210 TRI-MUS-57   E=26379 S=0
2026-10-02 07:51:02 [INFO]   1040 PDA.3.11     E=0 S=0
2026-10-02 07:51:02 [INFO]   transactions 07:36:01 -> 07:51:01 : 0 lues en 1 page(s), 0 au musee
2026-10-02 07:51:02 [INFO] Dialogue borne : 0.8 s
2026-10-02 07:51:02 [INFO] Visiteurs du 2026-10-02 : 0 (source compteur, compteur 0, transactions 0)
2026-10-02 07:56:01 [INFO] Borne 192.168.2.10:5205 - compteurs du musee (Area 511 VISITES MUSEE)
2026-10-02 07:56:02 [INFO]   511 VISITES MUSEE E=105682 S=0
2026-10-02 07:56:02 [INFO]   512 ENTREE MUSEE E=105682 S=0
2026-10-02 07:56:02 [INFO]   1208 TRI-MUS-55   E=26071 S=0
2026-10-02 07:56:02 [INFO]   1209 TRI-MUS-56   E=53232 S=0
2026-10-02 07:56:02 [INFO]   1210 TRI-MUS-57   E=26379 S=0
2026-10-02 07:56:02 [INFO]   1040 PDA.3.11     E=0 S=0
2026-10-02 07:56:02 [INFO]   transactions 07:41:01 -> 07:56:01 : 0 lues en 1 page(s), 0 au musee
2026-10-02 07:56:02 [INFO] Dialogue borne : 0.9 s
2026-10-02 07:56:02 [INFO] Visiteurs du 2026-10-02 : 0 (source compteur, compteur 0, transactions 0)
2026-10-02 08:01:01 [INFO] Borne 192.168.2.10:5205 - compteurs du musee (Area 511 VISITES MUSEE)
2026-10-02 08:01:01 [INFO]   511 VISITES MUSEE E=105682 S=0
2026-10-02 08:01:01 [INFO]   512 ENTREE MUSEE E=105682 S=0
2026-10-02 08:01:01 [INFO]   1208 TRI-MUS-55   E=26071 S=0
2026-10-02 08:01:02 [INFO]   1209 TRI-MUS-56   E=53232 S=0
2026-10-02 08:01:02 [INFO]   1210 TRI-MUS-57   E=26379 S=0
2026-10-02 08:01:02 [INFO]   1040 PDA.3.11     E=0 S=0
2026-10-02 08:01:02 [INFO]   transactions 07:46:01 -> 08:01:01 : 0 lues en 1 page(s), 0 au musee
2026-10-02 08:01:02 [INFO] Dialogue borne : 0.8 s
2026-10-02 08:01:02 [INFO] Visiteurs du 2026-10-02 : 0 (source compteur, compteur 0, transactions 0)
2026-10-02 08:06:01 [INFO] Borne 192.168.2.10:5205 - compteurs du musee (Area 511 VISITES MUSEE)
2026-10-02 08:06:01 [INFO]   511 VISITES MUSEE E=105682 S=0
2026-10-02 08:06:01 [INFO]   512 ENTREE MUSEE E=105682 S=0
2026-10-02 08:06:01 [INFO]   1208 TRI-MUS-55   E=26071 S=0
2026-10-02 08:06:02 [INFO]   1209 TRI-MUS-56   E=53232 S=0
2026-10-02 08:06:02 [INFO]   1210 TRI-MUS-57   E=26379 S=0
2026-10-02 08:06:02 [INFO]   1040 PDA.3.11     E=0 S=0
2026-10-02 08:06:02 [INFO]   transactions 07:51:01 -> 08:06:01 : 0 lues en 1 page(s), 0 au musee
2026-10-02 08:06:02 [INFO] Dialogue borne : 0.8 s
2026-10-02 08:06:02 [INFO] Visiteurs du 2026-10-02 : 0 (source compteur, compteur 0, transactions 0)
2026-10-02 08:11:01 [INFO] Borne 192.168.2.10:5205 - compteurs du musee (Area 511 VISITES MUSEE)
2026-10-02 08:11:02 [INFO]   511 VISITES MUSEE E=105682 S=0
2026-10-02 08:11:02 [INFO]   512 ENTREE MUSEE E=105682 S=0
2026-10-02 08:11:02 [INFO]   1208 TRI-MUS-55   E=26071 S=0
2026-10-02 08:11:02 [INFO]   1209 TRI-MUS-56   E=53232 S=0
2026-10-02 08:11:02 [INFO]   1210 TRI-MUS-57   E=26379 S=0
2026-10-02 08:11:02 [INFO]   1040 PDA.3.11     E=0 S=0
2026-10-02 08:11:02 [INFO]   transactions 07:56:01 -> 08:11:01 : 0 lues en 1 page(s), 0 au musee
2026-10-02 08:11:02 [INFO] Dialogue borne : 1.0 s
2026-10-02 08:11:02 [INFO] Visiteurs du 2026-10-02 : 0 (source compteur, compteur 0, transactions 0)
2026-10-02 08:16:01 [INFO] Borne 192.168.2.10:5205 - compteurs du musee (Area 511 VISITES MUSEE)
2026-10-02 08:16:01 [INFO]   511 VISITES MUSEE E=105682 S=0
2026-10-02 08:16:01 [INFO]   512 ENTREE MUSEE E=105682 S=0
2026-10-02 08:16:02 [INFO]   1208 TRI-MUS-55   E=26071 S=0
2026-10-02 08:16:02 [INFO]   1209 TRI-MUS-56   E=53232 S=0
2026-10-02 08:16:02 [INFO]   1210 TRI-MUS-57   E=26379 S=0
2026-10-02 08:16:02 [INFO]   1040 PDA.3.11     E=0 S=0
2026-10-02 08:16:02 [INFO]   transactions 08:01:01 -> 08:16:01 : 0 lues en 1 page(s), 0 au musee
2026-10-02 08:16:02 [INFO] Dialogue borne : 0.9 s
2026-10-02 08:16:02 [INFO] Visiteurs du 2026-10-02 : 0 (source compteur, compteur 0, transactions 0)
2026-10-02 08:21:01 [INFO] Borne 192.168.2.10:5205 - compteurs du musee (Area 511 VISITES MUSEE)
2026-10-02 08:21:02 [INFO]   511 VISITES MUSEE E=105682 S=0
2026-10-02 08:21:02 [INFO]   512 ENTREE MUSEE E=105682 S=0
2026-10-02 08:21:02 [INFO]   1208 TRI-MUS-55   E=26071 S=0
2026-10-02 08:21:02 [INFO]   1209 TRI-MUS-56   E=53232 S=0
2026-10-02 08:21:02 [INFO]   1210 TRI-MUS-57   E=26379 S=0
2026-10-02 08:21:02 [INFO]   1040 PDA.3.11     E=0 S=0
2026-10-02 08:21:02 [INFO]   transactions 08:06:01 -> 08:21:01 : 0 lues en 1 page(s), 0 au musee
2026-10-02 08:21:02 [INFO] Dialogue borne : 0.9 s
2026-10-02 08:21:02 [INFO] Visiteurs du 2026-10-02 : 0 (source compteur, compteur 0, transactions 0)
2026-10-02 08:26:01 [INFO] Borne 192.168.2.10:5205 - compteurs du musee (Area 511 VISITES MUSEE)
2026-10-02 08:26:01 [INFO]   511 VISITES MUSEE E=105682 S=0
2026-10-02 08:26:01 [INFO]   512 ENTREE MUSEE E=105682 S=0
2026-10-02 08:26:01 [INFO]   1208 TRI-MUS-55   E=26071 S=0
2026-10-02 08:26:02 [INFO]   1209 TRI-MUS-56   E=53232 S=0
2026-10-02 08:26:02 [INFO]   1210 TRI-MUS-57   E=26379 S=0
2026-10-02 08:26:02 [INFO]   1040 PDA.3.11     E=0 S=0
2026-10-02 08:26:02 [INFO]   transactions 08:11:01 -> 08:26:01 : 0 lues en 1 page(s), 0 au musee
2026-10-02 08:26:02 [INFO] Dialogue borne : 0.8 s
2026-10-02 08:26:02 [INFO] Visiteurs du 2026-10-02 : 0 (source compteur, compteur 0, transactions 0)
2026-10-02 08:31:01 [INFO] Borne 192.168.2.10:5205 - compteurs du musee (Area 511 VISITES MUSEE)
2026-10-02 08:31:01 [INFO]   511 VISITES MUSEE E=105682 S=0
2026-10-02 08:31:01 [INFO]   512 ENTREE MUSEE E=105682 S=0
2026-10-02 08:31:02 [INFO]   1208 TRI-MUS-55   E=26071 S=0
2026-10-02 08:31:02 [INFO]   1209 TRI-MUS-56   E=53232 S=0
2026-10-02 08:31:02 [INFO]   1210 TRI-MUS-57   E=26379 S=0
2026-10-02 08:31:02 [INFO]   1040 PDA.3.11     E=0 S=0
2026-10-02 08:31:02 [INFO]   transactions 08:16:01 -> 08:31:01 : 0 lues en 1 page(s), 0 au musee
2026-10-02 08:31:02 [INFO] Dialogue borne : 0.8 s
2026-10-02 08:31:02 [INFO] Visiteurs du 2026-10-02 : 0 (source compteur, compteur 0, transactions 0)
2026-10-02 08:36:01 [INFO] Borne 192.168.2.10:5205 - compteurs du musee (Area 511 VISITES MUSEE)
2026-10-02 08:36:01 [INFO]   511 VISITES MUSEE E=105682 S=0
2026-10-02 08:36:01 [INFO]   512 ENTREE MUSEE E=105682 S=0
2026-10-02 08:36:02 [INFO]   1208 TRI-MUS-55   E=26071 S=0
2026-10-02 08:36:02 [INFO]   1209 TRI-MUS-56   E=53232 S=0
2026-10-02 08:36:02 [INFO]   1210 TRI-MUS-57   E=26379 S=0
2026-10-02 08:36:02 [INFO]   1040 PDA.3.11     E=0 S=0
2026-10-02 08:36:02 [INFO]   transactions 08:21:01 -> 08:36:01 : 0 lues en 1 page(s), 0 au musee
2026-10-02 08:36:02 [INFO] Dialogue borne : 0.8 s
2026-10-02 08:36:02 [INFO] Visiteurs du 2026-10-02 : 0 (source compteur, compteur 0, transactions 0)
2026-10-02 08:41:01 [INFO] Borne 192.168.2.10:5205 - compteurs du musee (Area 511 VISITES MUSEE)
2026-10-02 08:41:02 [INFO]   511 VISITES MUSEE E=105682 S=0
2026-10-02 08:41:02 [INFO]   512 ENTREE MUSEE E=105682 S=0
2026-10-02 08:41:02 [INFO]   1208 TRI-MUS-55   E=26071 S=0
2026-10-02 08:41:02 [INFO]   1209 TRI-MUS-56   E=53232 S=0
2026-10-02 08:41:02 [INFO]   1210 TRI-MUS-57   E=26379 S=0
2026-10-02 08:41:02 [INFO]   1040 PDA.3.11     E=0 S=0
2026-10-02 08:41:02 [INFO]   transactions 08:26:01 -> 08:41:01 : 0 lues en 1 page(s), 0 au musee
2026-10-02 08:41:02 [INFO] Dialogue borne : 1.0 s
2026-10-02 08:41:02 [INFO] Visiteurs du 2026-10-02 : 0 (source compteur, compteur 0, transactions 0)
2026-10-02 08:46:01 [INFO] Borne 192.168.2.10:5205 - compteurs du musee (Area 511 VISITES MUSEE)
2026-10-02 08:46:02 [INFO]   511 VISITES MUSEE E=105682 S=0
2026-10-02 08:46:02 [INFO]   512 ENTREE MUSEE E=105682 S=0
2026-10-02 08:46:02 [INFO]   1208 TRI-MUS-55   E=26071 S=0
2026-10-02 08:46:02 [INFO]   1209 TRI-MUS-56   E=53232 S=0
2026-10-02 08:46:02 [INFO]   1210 TRI-MUS-57   E=26379 S=0
2026-10-02 08:46:02 [INFO]   1040 PDA.3.11     E=0 S=0
2026-10-02 08:46:02 [INFO]   transactions 08:31:01 -> 08:46:01 : 0 lues en 1 page(s), 0 au musee
2026-10-02 08:46:02 [INFO] Dialogue borne : 1.0 s
2026-10-02 08:46:02 [INFO] Visiteurs du 2026-10-02 : 0 (source compteur, compteur 0, transactions 0)
2026-10-02 08:51:01 [INFO] Borne 192.168.2.10:5205 - compteurs du musee (Area 511 VISITES MUSEE)
2026-10-02 08:51:02 [INFO]   511 VISITES MUSEE E=105682 S=0
2026-10-02 08:51:02 [INFO]   512 ENTREE MUSEE E=105682 S=0
2026-10-02 08:51:02 [INFO]   1208 TRI-MUS-55   E=26071 S=0
2026-10-02 08:51:02 [INFO]   1209 TRI-MUS-56   E=53232 S=0
2026-10-02 08:51:02 [INFO]   1210 TRI-MUS-57   E=26379 S=0
2026-10-02 08:51:02 [INFO]   1040 PDA.3.11     E=0 S=0
2026-10-02 08:51:02 [INFO]   transactions 08:36:01 -> 08:51:01 : 0 lues en 1 page(s), 0 au musee
2026-10-02 08:51:02 [INFO] Dialogue borne : 0.9 s
2026-10-02 08:51:02 [INFO] Visiteurs du 2026-10-02 : 0 (source compteur, compteur 0, transactions 0)
2026-10-02 08:56:01 [INFO] Borne 192.168.2.10:5205 - compteurs du musee (Area 511 VISITES MUSEE)
2026-10-02 08:56:01 [INFO]   511 VISITES MUSEE E=105682 S=0
2026-10-02 08:56:02 [INFO]   512 ENTREE MUSEE E=105682 S=0
2026-10-02 08:56:02 [INFO]   1208 TRI-MUS-55   E=26071 S=0
2026-10-02 08:56:02 [INFO]   1209 TRI-MUS-56   E=53232 S=0
2026-10-02 08:56:02 [INFO]   1210 TRI-MUS-57   E=26379 S=0
2026-10-02 08:56:02 [INFO]   1040 PDA.3.11     E=0 S=0
2026-10-02 08:56:02 [INFO]   transactions 08:41:01 -> 08:56:01 : 0 lues en 1 page(s), 0 au musee
2026-10-02 08:56:02 [INFO] Dialogue borne : 0.8 s
2026-10-02 08:56:02 [INFO] Visiteurs du 2026-10-02 : 0 (source compteur, compteur 0, transactions 0)
2026-10-02 09:01:01 [INFO] Borne 192.168.2.10:5205 - compteurs du musee (Area 511 VISITES MUSEE)
2026-10-02 09:01:01 [INFO]   511 VISITES MUSEE E=105682 S=0
2026-10-02 09:01:02 [INFO]   512 ENTREE MUSEE E=105682 S=0
2026-10-02 09:01:02 [INFO]   1208 TRI-MUS-55   E=26071 S=0
2026-10-02 09:01:02 [INFO]   1209 TRI-MUS-56   E=53232 S=0
2026-10-02 09:01:02 [INFO]   1210 TRI-MUS-57   E=26379 S=0
2026-10-02 09:01:02 [INFO]   1040 PDA.3.11     E=0 S=0
2026-10-02 09:01:02 [INFO]   transactions 08:46:01 -> 09:01:01 : 0 lues en 1 page(s), 0 au musee
2026-10-02 09:01:02 [INFO] Dialogue borne : 0.8 s
2026-10-02 09:01:02 [INFO] Visiteurs du 2026-10-02 : 0 (source compteur, compteur 0, transactions 0)
2026-10-02 09:06:01 [INFO] Borne 192.168.2.10:5205 - compteurs du musee (Area 511 VISITES MUSEE)
2026-10-02 09:06:01 [INFO]   511 VISITES MUSEE E=105682 S=0
2026-10-02 09:06:01 [INFO]   512 ENTREE MUSEE E=105682 S=0
2026-10-02 09:06:01 [INFO]   1208 TRI-MUS-55   E=26071 S=0
2026-10-02 09:06:02 [INFO]   1209 TRI-MUS-56   E=53232 S=0
2026-10-02 09:06:02 [INFO]   1210 TRI-MUS-57   E=26379 S=0
2026-10-02 09:06:02 [INFO]   1040 PDA.3.11     E=0 S=0
2026-10-02 09:06:02 [INFO]   transactions 08:51:01 -> 09:06:01 : 0 lues en 1 page(s), 0 au musee
2026-10-02 09:06:02 [INFO] Dialogue borne : 0.7 s
2026-10-02 09:06:02 [INFO] Visiteurs du 2026-10-02 : 0 (source compteur, compteur 0, transactions 0)
2026-10-02 09:11:01 [INFO] Borne 192.168.2.10:5205 - compteurs du musee (Area 511 VISITES MUSEE)
2026-10-02 09:11:02 [INFO]   511 VISITES MUSEE E=105682 S=0
2026-10-02 09:11:02 [INFO]   512 ENTREE MUSEE E=105682 S=0
2026-10-02 09:11:02 [INFO]   1208 TRI-MUS-55   E=26071 S=0
2026-10-02 09:11:02 [INFO]   1209 TRI-MUS-56   E=53232 S=0
2026-10-02 09:11:02 [INFO]   1210 TRI-MUS-57   E=26379 S=0
2026-10-02 09:11:02 [INFO]   1040 PDA.3.11     E=0 S=0
2026-10-02 09:11:02 [INFO]   transactions 08:56:01 -> 09:11:01 : 0 lues en 1 page(s), 0 au musee
2026-10-02 09:11:02 [INFO] Dialogue borne : 1.0 s
2026-10-02 09:11:02 [INFO] Visiteurs du 2026-10-02 : 0 (source compteur, compteur 0, transactions 0)
2026-10-02 09:16:01 [INFO] Borne 192.168.2.10:5205 - compteurs du musee (Area 511 VISITES MUSEE)
2026-10-02 09:16:02 [INFO]   511 VISITES MUSEE E=105682 S=0
2026-10-02 09:16:02 [INFO]   512 ENTREE MUSEE E=105682 S=0
2026-10-02 09:16:02 [INFO]   1208 TRI-MUS-55   E=26071 S=0
2026-10-02 09:16:02 [INFO]   1209 TRI-MUS-56   E=53232 S=0
2026-10-02 09:16:02 [INFO]   1210 TRI-MUS-57   E=26379 S=0
2026-10-02 09:16:02 [INFO]   1040 PDA.3.11     E=0 S=0
2026-10-02 09:16:02 [INFO]   transactions 09:01:01 -> 09:16:01 : 0 lues en 1 page(s), 0 au musee
2026-10-02 09:16:02 [INFO] Dialogue borne : 0.9 s
2026-10-02 09:16:02 [INFO] Visiteurs du 2026-10-02 : 0 (source compteur, compteur 0, transactions 0)
2026-10-02 09:21:01 [INFO] Borne 192.168.2.10:5205 - compteurs du musee (Area 511 VISITES MUSEE)
2026-10-02 09:21:02 [INFO]   511 VISITES MUSEE E=105682 S=0
2026-10-02 09:21:02 [INFO]   512 ENTREE MUSEE E=105682 S=0
2026-10-02 09:21:02 [INFO]   1208 TRI-MUS-55   E=26071 S=0
2026-10-02 09:21:02 [INFO]   1209 TRI-MUS-56   E=53232 S=0
2026-10-02 09:21:02 [INFO]   1210 TRI-MUS-57   E=26379 S=0
2026-10-02 09:21:02 [INFO]   1040 PDA.3.11     E=0 S=0
2026-10-02 09:21:02 [INFO]   transactions 09:06:01 -> 09:21:01 : 0 lues en 1 page(s), 0 au musee
2026-10-02 09:21:02 [INFO] Dialogue borne : 1.0 s
2026-10-02 09:21:02 [INFO] Visiteurs du 2026-10-02 : 0 (source compteur, compteur 0, transactions 0)
2026-10-02 09:26:01 [INFO] Borne 192.168.2.10:5205 - compteurs du musee (Area 511 VISITES MUSEE)
2026-10-02 09:26:02 [INFO]   511 VISITES MUSEE E=105682 S=0
2026-10-02 09:26:02 [INFO]   512 ENTREE MUSEE E=105682 S=0
2026-10-02 09:26:02 [INFO]   1208 TRI-MUS-55   E=26071 S=0
2026-10-02 09:26:02 [INFO]   1209 TRI-MUS-56   E=53232 S=0
2026-10-02 09:26:02 [INFO]   1210 TRI-MUS-57   E=26379 S=0
2026-10-02 09:26:02 [INFO]   1040 PDA.3.11     E=0 S=0
2026-10-02 09:26:02 [INFO]   transactions 09:11:01 -> 09:26:01 : 0 lues en 1 page(s), 0 au musee
2026-10-02 09:26:02 [INFO] Dialogue borne : 0.9 s
2026-10-02 09:26:02 [INFO] Visiteurs du 2026-10-02 : 0 (source compteur, compteur 0, transactions 0)
2026-10-02 09:31:01 [INFO] Borne 192.168.2.10:5205 - compteurs du musee (Area 511 VISITES MUSEE)
2026-10-02 09:31:02 [INFO]   511 VISITES MUSEE E=105682 S=0
2026-10-02 09:31:02 [INFO]   512 ENTREE MUSEE E=105682 S=0
2026-10-02 09:31:02 [INFO]   1208 TRI-MUS-55   E=26071 S=0
2026-10-02 09:31:02 [INFO]   1209 TRI-MUS-56   E=53232 S=0
2026-10-02 09:31:02 [INFO]   1210 TRI-MUS-57   E=26379 S=0
2026-10-02 09:31:02 [INFO]   1040 PDA.3.11     E=0 S=0
2026-10-02 09:31:02 [INFO]   transactions 09:16:01 -> 09:31:01 : 0 lues en 1 page(s), 0 au musee
2026-10-02 09:31:02 [INFO] Dialogue borne : 1.0 s
2026-10-02 09:31:02 [INFO] Visiteurs du 2026-10-02 : 0 (source compteur, compteur 0, transactions 0)
2026-10-02 09:36:01 [INFO] Borne 192.168.2.10:5205 - compteurs du musee (Area 511 VISITES MUSEE)
2026-10-02 09:36:02 [INFO]   511 VISITES MUSEE E=105682 S=0
2026-10-02 09:36:02 [INFO]   512 ENTREE MUSEE E=105682 S=0
2026-10-02 09:36:02 [INFO]   1208 TRI-MUS-55   E=26071 S=0
2026-10-02 09:36:02 [INFO]   1209 TRI-MUS-56   E=53232 S=0
2026-10-02 09:36:02 [INFO]   1210 TRI-MUS-57   E=26379 S=0
2026-10-02 09:36:02 [INFO]   1040 PDA.3.11     E=0 S=0
2026-10-02 09:36:02 [INFO]   transactions 09:21:01 -> 09:36:01 : 0 lues en 1 page(s), 0 au musee
2026-10-02 09:36:02 [INFO] Dialogue borne : 0.9 s
2026-10-02 09:36:02 [INFO] Visiteurs du 2026-10-02 : 0 (source compteur, compteur 0, transactions 0)
2026-10-02 09:41:01 [INFO] Borne 192.168.2.10:5205 - compteurs du musee (Area 511 VISITES MUSEE)
2026-10-02 09:41:01 [INFO]   511 VISITES MUSEE E=105682 S=0
2026-10-02 09:41:01 [INFO]   512 ENTREE MUSEE E=105682 S=0
2026-10-02 09:41:01 [INFO]   1208 TRI-MUS-55   E=26071 S=0
2026-10-02 09:41:01 [INFO]   1209 TRI-MUS-56   E=53232 S=0
2026-10-02 09:41:02 [INFO]   1210 TRI-MUS-57   E=26379 S=0
2026-10-02 09:41:02 [INFO]   1040 PDA.3.11     E=0 S=0
2026-10-02 09:41:02 [INFO]   transactions 09:26:01 -> 09:41:01 : 0 lues en 1 page(s), 0 au musee
2026-10-02 09:41:02 [INFO] Dialogue borne : 0.8 s
2026-10-02 09:41:02 [INFO] Visiteurs du 2026-10-02 : 0 (source compteur, compteur 0, transactions 0)
2026-10-02 09:46:01 [INFO] Borne 192.168.2.10:5205 - compteurs du musee (Area 511 VISITES MUSEE)
2026-10-02 09:46:02 [INFO]   511 VISITES MUSEE E=105682 S=0
2026-10-02 09:46:02 [INFO]   512 ENTREE MUSEE E=105682 S=0
2026-10-02 09:46:02 [INFO]   1208 TRI-MUS-55   E=26071 S=0
2026-10-02 09:46:02 [INFO]   1209 TRI-MUS-56   E=53232 S=0
2026-10-02 09:46:02 [INFO]   1210 TRI-MUS-57   E=26379 S=0
2026-10-02 09:46:02 [INFO]   1040 PDA.3.11     E=0 S=0
2026-10-02 09:46:02 [INFO]   transactions 09:31:01 -> 09:46:01 : 0 lues en 1 page(s), 0 au musee
2026-10-02 09:46:02 [INFO] Dialogue borne : 0.9 s
2026-10-02 09:46:02 [INFO] Visiteurs du 2026-10-02 : 0 (source compteur, compteur 0, transactions 0)
2026-10-02 09:51:01 [INFO] Borne 192.168.2.10:5205 - compteurs du musee (Area 511 VISITES MUSEE)
2026-10-02 09:51:01 [INFO]   511 VISITES MUSEE E=105682 S=0
2026-10-02 09:51:02 [INFO]   512 ENTREE MUSEE E=105682 S=0
2026-10-02 09:51:02 [INFO]   1208 TRI-MUS-55   E=26071 S=0
2026-10-02 09:51:02 [INFO]   1209 TRI-MUS-56   E=53232 S=0
2026-10-02 09:51:02 [INFO]   1210 TRI-MUS-57   E=26379 S=0
2026-10-02 09:51:02 [INFO]   1040 PDA.3.11     E=0 S=0
2026-10-02 09:51:02 [INFO]   transactions 09:36:01 -> 09:51:01 : 0 lues en 1 page(s), 0 au musee
2026-10-02 09:51:02 [INFO] Dialogue borne : 0.8 s
2026-10-02 09:51:02 [INFO] Visiteurs du 2026-10-02 : 0 (source compteur, compteur 0, transactions 0)
2026-10-02 09:56:01 [INFO] Borne 192.168.2.10:5205 - compteurs du musee (Area 511 VISITES MUSEE)
2026-10-02 09:56:01 [INFO]   511 VISITES MUSEE E=105682 S=0
2026-10-02 09:56:01 [INFO]   512 ENTREE MUSEE E=105682 S=0
2026-10-02 09:56:01 [INFO]   1208 TRI-MUS-55   E=26071 S=0
2026-10-02 09:56:01 [INFO]   1209 TRI-MUS-56   E=53232 S=0
2026-10-02 09:56:02 [INFO]   1210 TRI-MUS-57   E=26379 S=0
2026-10-02 09:56:02 [INFO]   1040 PDA.3.11     E=0 S=0
2026-10-02 09:56:02 [INFO]   transactions 09:41:01 -> 09:56:01 : 0 lues en 1 page(s), 0 au musee
2026-10-02 09:56:02 [INFO] Dialogue borne : 0.7 s
2026-10-02 09:56:02 [INFO] Visiteurs du 2026-10-02 : 0 (source compteur, compteur 0, transactions 0)
2026-10-02 10:01:01 [INFO] Borne 192.168.2.10:5205 - compteurs du musee (Area 511 VISITES MUSEE)
2026-10-02 10:01:02 [INFO]   511 VISITES MUSEE E=105682 S=0
2026-10-02 10:01:02 [INFO]   512 ENTREE MUSEE E=105682 S=0
2026-10-02 10:01:02 [INFO]   1208 TRI-MUS-55   E=26071 S=0
2026-10-02 10:01:02 [INFO]   1209 TRI-MUS-56   E=53232 S=0
2026-10-02 10:01:02 [INFO]   1210 TRI-MUS-57   E=26379 S=0
2026-10-02 10:01:02 [INFO]   1040 PDA.3.11     E=0 S=0
2026-10-02 10:01:02 [INFO]   transactions 09:46:01 -> 10:01:01 : 0 lues en 1 page(s), 0 au musee
2026-10-02 10:01:02 [INFO] Dialogue borne : 1.0 s
2026-10-02 10:01:02 [INFO] Visiteurs du 2026-10-02 : 0 (source compteur, compteur 0, transactions 0)
2026-10-02 10:06:01 [INFO] Borne 192.168.2.10:5205 - compteurs du musee (Area 511 VISITES MUSEE)
2026-10-02 10:06:01 [INFO]   511 VISITES MUSEE E=105694 S=0
2026-10-02 10:06:02 [INFO]   512 ENTREE MUSEE E=105694 S=0
2026-10-02 10:06:02 [INFO]   1208 TRI-MUS-55   E=26072 S=0
2026-10-02 10:06:02 [INFO]   1209 TRI-MUS-56   E=53234 S=0
2026-10-02 10:06:02 [INFO]   1210 TRI-MUS-57   E=26388 S=0
2026-10-02 10:06:02 [INFO]   1040 PDA.3.11     E=0 S=0
2026-10-02 10:06:02 [INFO]   transactions 09:51:01 -> 10:06:01 : 14 lues en 1 page(s), 13 au musee
2026-10-02 10:06:02 [INFO] Dialogue borne : 0.8 s
2026-10-02 10:06:02 [INFO] Visiteurs du 2026-10-02 : 12 (source compteur, compteur 12, transactions 12)
2026-10-02 10:11:01 [INFO] Borne 192.168.2.10:5205 - compteurs du musee (Area 511 VISITES MUSEE)
2026-10-02 10:11:01 [INFO]   511 VISITES MUSEE E=105694 S=0
2026-10-02 10:11:01 [INFO]   512 ENTREE MUSEE E=105694 S=0
2026-10-02 10:11:01 [INFO]   1208 TRI-MUS-55   E=26072 S=0
2026-10-02 10:11:01 [INFO]   1209 TRI-MUS-56   E=53234 S=0
2026-10-02 10:11:02 [INFO]   1210 TRI-MUS-57   E=26388 S=0
2026-10-02 10:11:02 [INFO]   1040 PDA.3.11     E=0 S=0
2026-10-02 10:11:02 [INFO]   transactions 09:56:01 -> 10:11:01 : 19 lues en 1 page(s), 13 au musee
2026-10-02 10:11:02 [INFO] Dialogue borne : 0.8 s
2026-10-02 10:11:02 [INFO] Visiteurs du 2026-10-02 : 12 (source compteur, compteur 12, transactions 12)
2026-10-02 10:16:01 [INFO] Borne 192.168.2.10:5205 - compteurs du musee (Area 511 VISITES MUSEE)
2026-10-02 10:16:02 [INFO]   511 VISITES MUSEE E=105703 S=0
2026-10-02 10:16:02 [INFO]   512 ENTREE MUSEE E=105703 S=0
2026-10-02 10:16:02 [INFO]   1208 TRI-MUS-55   E=26076 S=0
2026-10-02 10:16:02 [INFO]   1209 TRI-MUS-56   E=53237 S=0
2026-10-02 10:16:02 [INFO]   1210 TRI-MUS-57   E=26390 S=0
2026-10-02 10:16:02 [INFO]   1040 PDA.3.11     E=0 S=0
2026-10-02 10:16:02 [INFO]   transactions 10:01:01 -> 10:16:01 : 26 lues en 1 page(s), 19 au musee
2026-10-02 10:16:02 [INFO] Dialogue borne : 0.9 s
2026-10-02 10:16:02 [INFO] Visiteurs du 2026-10-02 : 21 (source compteur, compteur 21, transactions 18)
2026-10-02 10:21:01 [INFO] Borne 192.168.2.10:5205 - compteurs du musee (Area 511 VISITES MUSEE)
2026-10-02 10:21:01 [INFO]   511 VISITES MUSEE E=105705 S=0
2026-10-02 10:21:01 [INFO]   512 ENTREE MUSEE E=105705 S=0
2026-10-02 10:21:01 [INFO]   1208 TRI-MUS-55   E=26077 S=0
2026-10-02 10:21:02 [INFO]   1209 TRI-MUS-56   E=53238 S=0
2026-10-02 10:21:02 [INFO]   1210 TRI-MUS-57   E=26390 S=0
2026-10-02 10:21:02 [INFO]   1040 PDA.3.11     E=0 S=0
2026-10-02 10:21:02 [INFO]   transactions 10:06:01 -> 10:21:01 : 23 lues en 1 page(s), 11 au musee
2026-10-02 10:21:02 [INFO] Dialogue borne : 0.8 s
2026-10-02 10:21:02 [INFO] Visiteurs du 2026-10-02 : 23 (source compteur, compteur 23, transactions 23)
2026-10-02 10:26:01 [INFO] Borne 192.168.2.10:5205 - compteurs du musee (Area 511 VISITES MUSEE)
2026-10-02 10:26:02 [INFO]   511 VISITES MUSEE E=105705 S=0
2026-10-02 10:26:02 [INFO]   512 ENTREE MUSEE E=105705 S=0
2026-10-02 10:26:02 [INFO]   1208 TRI-MUS-55   E=26077 S=0
2026-10-02 10:26:02 [INFO]   1209 TRI-MUS-56   E=53238 S=0
2026-10-02 10:26:02 [INFO]   1210 TRI-MUS-57   E=26390 S=0
2026-10-02 10:26:02 [INFO]   1040 PDA.3.11     E=0 S=0
2026-10-02 10:26:02 [INFO]   transactions 10:11:01 -> 10:26:01 : 23 lues en 1 page(s), 11 au musee
2026-10-02 10:26:02 [INFO] Dialogue borne : 1.0 s
2026-10-02 10:26:02 [INFO] Visiteurs du 2026-10-02 : 23 (source compteur, compteur 23, transactions 23)
2026-10-02 10:31:01 [INFO] Borne 192.168.2.10:5205 - compteurs du musee (Area 511 VISITES MUSEE)
2026-10-02 10:31:01 [INFO]   511 VISITES MUSEE E=105708 S=0
2026-10-02 10:31:01 [INFO]   512 ENTREE MUSEE E=105708 S=0
2026-10-02 10:31:02 [INFO]   1208 TRI-MUS-55   E=26080 S=0
2026-10-02 10:31:02 [INFO]   1209 TRI-MUS-56   E=53238 S=0
2026-10-02 10:31:02 [INFO]   1210 TRI-MUS-57   E=26390 S=0
2026-10-02 10:31:02 [INFO]   1040 PDA.3.11     E=0 S=0
2026-10-02 10:31:02 [INFO]   transactions 10:16:01 -> 10:31:01 : 13 lues en 1 page(s), 5 au musee
2026-10-02 10:31:02 [INFO] Dialogue borne : 0.8 s
2026-10-02 10:31:02 [INFO] Visiteurs du 2026-10-02 : 26 (source compteur, compteur 26, transactions 26)
2026-10-02 10:36:01 [INFO] Borne 192.168.2.10:5205 - compteurs du musee (Area 511 VISITES MUSEE)
2026-10-02 10:36:02 [INFO]   511 VISITES MUSEE E=105710 S=0
2026-10-02 10:36:02 [INFO]   512 ENTREE MUSEE E=105710 S=0
2026-10-02 10:36:02 [INFO]   1208 TRI-MUS-55   E=26080 S=0
2026-10-02 10:36:02 [INFO]   1209 TRI-MUS-56   E=53240 S=0
2026-10-02 10:36:02 [INFO]   1210 TRI-MUS-57   E=26390 S=0
2026-10-02 10:36:02 [INFO]   1040 PDA.3.11     E=0 S=0
2026-10-02 10:36:02 [INFO]   transactions 10:21:01 -> 10:36:01 : 10 lues en 1 page(s), 4 au musee
2026-10-02 10:36:02 [INFO] Dialogue borne : 1.0 s
2026-10-02 10:36:02 [INFO] Visiteurs du 2026-10-02 : 28 (source compteur, compteur 28, transactions 27)
2026-10-02 10:41:01 [INFO] Borne 192.168.2.10:5205 - compteurs du musee (Area 511 VISITES MUSEE)
2026-10-02 10:41:02 [INFO]   511 VISITES MUSEE E=105711 S=0
2026-10-02 10:41:02 [INFO]   512 ENTREE MUSEE E=105711 S=0
2026-10-02 10:41:02 [INFO]   1208 TRI-MUS-55   E=26080 S=0
2026-10-02 10:41:02 [INFO]   1209 TRI-MUS-56   E=53241 S=0
2026-10-02 10:41:02 [INFO]   1210 TRI-MUS-57   E=26390 S=0
2026-10-02 10:41:02 [INFO]   1040 PDA.3.11     E=0 S=0
2026-10-02 10:41:02 [INFO]   transactions 10:26:01 -> 10:41:01 : 8 lues en 1 page(s), 6 au musee
2026-10-02 10:41:02 [INFO] Dialogue borne : 0.9 s
2026-10-02 10:41:02 [INFO] Visiteurs du 2026-10-02 : 29 (source compteur, compteur 29, transactions 29)
2026-10-02 10:46:01 [INFO] Borne 192.168.2.10:5205 - compteurs du musee (Area 511 VISITES MUSEE)
2026-10-02 10:46:01 [INFO]   511 VISITES MUSEE E=105711 S=0
2026-10-02 10:46:01 [INFO]   512 ENTREE MUSEE E=105711 S=0
2026-10-02 10:46:02 [INFO]   1208 TRI-MUS-55   E=26080 S=0
2026-10-02 10:46:02 [INFO]   1209 TRI-MUS-56   E=53241 S=0
2026-10-02 10:46:02 [INFO]   1210 TRI-MUS-57   E=26390 S=0
2026-10-02 10:46:02 [INFO]   1040 PDA.3.11     E=0 S=0
2026-10-02 10:46:02 [INFO]   transactions 10:31:01 -> 10:46:01 : 16 lues en 1 page(s), 3 au musee
2026-10-02 10:46:02 [INFO] Dialogue borne : 0.8 s
2026-10-02 10:46:02 [INFO] Visiteurs du 2026-10-02 : 29 (source compteur, compteur 29, transactions 29)
2026-10-02 10:51:01 [INFO] Borne 192.168.2.10:5205 - compteurs du musee (Area 511 VISITES MUSEE)
2026-10-02 10:51:02 [INFO]   511 VISITES MUSEE E=105713 S=0
2026-10-02 10:51:02 [INFO]   512 ENTREE MUSEE E=105713 S=0
2026-10-02 10:51:02 [INFO]   1208 TRI-MUS-55   E=26080 S=0
2026-10-02 10:51:02 [INFO]   1209 TRI-MUS-56   E=53241 S=0
2026-10-02 10:51:02 [INFO]   1210 TRI-MUS-57   E=26392 S=0
2026-10-02 10:51:02 [INFO]   1040 PDA.3.11     E=0 S=0
2026-10-02 10:51:02 [INFO]   transactions 10:36:01 -> 10:51:01 : 17 lues en 1 page(s), 3 au musee
2026-10-02 10:51:02 [INFO] Dialogue borne : 1.1 s
2026-10-02 10:51:02 [INFO] Visiteurs du 2026-10-02 : 31 (source compteur, compteur 31, transactions 31)
2026-10-02 10:56:01 [INFO] Borne 192.168.2.10:5205 - compteurs du musee (Area 511 VISITES MUSEE)
2026-10-02 10:56:02 [INFO]   511 VISITES MUSEE E=105713 S=0
2026-10-02 10:56:02 [INFO]   512 ENTREE MUSEE E=105713 S=0
2026-10-02 10:56:02 [INFO]   1208 TRI-MUS-55   E=26080 S=0
2026-10-02 10:56:02 [INFO]   1209 TRI-MUS-56   E=53241 S=0
2026-10-02 10:56:02 [INFO]   1210 TRI-MUS-57   E=26392 S=0
2026-10-02 10:56:02 [INFO]   1040 PDA.3.11     E=0 S=0
2026-10-02 10:56:02 [INFO]   transactions 10:41:01 -> 10:56:01 : 20 lues en 1 page(s), 2 au musee
2026-10-02 10:56:02 [INFO] Dialogue borne : 0.9 s
2026-10-02 10:56:02 [INFO] Visiteurs du 2026-10-02 : 31 (source compteur, compteur 31, transactions 31)
2026-10-02 11:01:02 [INFO] Borne 192.168.2.10:5205 - compteurs du musee (Area 511 VISITES MUSEE)
2026-10-02 11:01:02 [INFO]   511 VISITES MUSEE E=105717 S=0
2026-10-02 11:01:02 [INFO]   512 ENTREE MUSEE E=105717 S=0
2026-10-02 11:01:02 [INFO]   1208 TRI-MUS-55   E=26081 S=0
2026-10-02 11:01:02 [INFO]   1209 TRI-MUS-56   E=53242 S=0
2026-10-02 11:01:02 [INFO]   1210 TRI-MUS-57   E=26394 S=0
2026-10-02 11:01:02 [INFO]   1040 PDA.3.11     E=0 S=0
2026-10-02 11:01:03 [INFO]   transactions 10:46:01 -> 11:01:02 : 20 lues en 1 page(s), 6 musee
2026-10-02 11:01:03 [INFO] Dialogue borne : 1.0 s
2026-10-02 11:01:03 [INFO] Visiteurs du 2026-10-02 : 35 (source compteur, compteur 35, transactions 35)
2026-10-02 11:05:01 [INFO] Borne 192.168.2.10:5205 - compteurs du musee (Area 511 VISITES MUSEE)
2026-10-02 11:05:01 [INFO]   511 VISITES MUSEE E=105720 S=0
2026-10-02 11:05:01 [INFO]   512 ENTREE MUSEE E=105720 S=0
2026-10-02 11:05:01 [INFO]   1208 TRI-MUS-55   E=26081 S=0
2026-10-02 11:05:01 [INFO]   1209 TRI-MUS-56   E=53245 S=0
2026-10-02 11:05:01 [INFO]   1210 TRI-MUS-57   E=26394 S=0
2026-10-02 11:05:01 [INFO]   1040 PDA.3.11     E=0 S=0
2026-10-02 11:05:01 [INFO]   transactions 10:51:02 -> 11:05:01 : 18 lues en 1 page(s), 7 musee
2026-10-02 11:05:01 [INFO] Dialogue borne : 0.9 s
2026-10-02 11:05:01 [INFO] [dry-run] releve {'511': {'type': 'Area', 'nom': 'VISITES MUSEE', 'entries': 105720, 'exits': 0, 'current': 105720}, '512': {'type': 'Gate', 'nom': 'ENTREE MUSEE', 'entries': 105720, 'exits': 0, 'current': 105720}, '1208': {'type': 'Checkpoint', 'nom': 'TRI-MUS-55', 'entries': 26081, 'exits': 0, 'current': 26081}, '1209': {'type': 'Checkpoint', 'nom': 'TRI-MUS-56', 'entries': 53245, 'exits': 0, 'current': 53245}, '1210': {'type': 'Checkpoint', 'nom': 'TRI-MUS-57', 'entries': 26394, 'exits': 0, 'current': 26394}, '1040': {'type': 'Checkpoint', 'nom': 'PDA.3.11', 'entries': 0, 'exits': 0, 'current': 0}} ; 7 passages musee
2026-10-02 11:05:20 [INFO] Site visites libres : Pas de visites libres aujourd'hui
2026-10-02 11:05:20 [INFO] Site visites libres : pas de collecte (pas_jour_public).
2026-10-02 11:05:20 [INFO] Borne 192.168.2.10:5205 - compteurs du musee (Area 511 VISITES MUSEE)
2026-10-02 11:05:20 [INFO]   511 VISITES MUSEE E=105720 S=0
2026-10-02 11:05:20 [INFO]   512 ENTREE MUSEE E=105720 S=0
2026-10-02 11:05:20 [INFO]   1208 TRI-MUS-55   E=26081 S=0
2026-10-02 11:05:20 [INFO]   1209 TRI-MUS-56   E=53245 S=0
2026-10-02 11:05:20 [INFO]   1210 TRI-MUS-57   E=26394 S=0
2026-10-02 11:05:20 [INFO]   1040 PDA.3.11     E=0 S=0
2026-10-02 11:05:20 [INFO] Compteurs du site (visites libres) - lecture de controle, non collectes
2026-10-02 11:05:20 [INFO]   749 TRI-NORV-27  E=592 S=30563
2026-10-02 11:05:20 [INFO]   750 TRI-NORV-28  E=29831 S=143
2026-10-02 11:05:20 [INFO]   751 TRI-NORV-PMR-29 E=2893 S=131
2026-10-02 11:05:21 [INFO]   transactions 10:51:02 -> 11:05:20 : 18 lues en 1 page(s), 7 musee
2026-10-02 11:05:21 [INFO] Dialogue borne : 0.9 s
2026-10-02 11:05:21 [INFO] [dry-run] releve {'511': {'type': 'Area', 'nom': 'VISITES MUSEE', 'entries': 105720, 'exits': 0, 'current': 105720}, '512': {'type': 'Gate', 'nom': 'ENTREE MUSEE', 'entries': 105720, 'exits': 0, 'current': 105720}, '1208': {'type': 'Checkpoint', 'nom': 'TRI-MUS-55', 'entries': 26081, 'exits': 0, 'current': 26081}, '1209': {'type': 'Checkpoint', 'nom': 'TRI-MUS-56', 'entries': 53245, 'exits': 0, 'current': 53245}, '1210': {'type': 'Checkpoint', 'nom': 'TRI-MUS-57', 'entries': 26394, 'exits': 0, 'current': 26394}, '1040': {'type': 'Checkpoint', 'nom': 'PDA.3.11', 'entries': 0, 'exits': 0, 'current': 0}} ; 7 passages musee
2026-10-02 11:05:21 [INFO] [dry-run] site : collecte=False (pas_jour_public) ; compteurs {'749': {'type': 'Checkpoint', 'nom': 'TRI-NORV-27', 'entries': 592, 'exits': 30563, 'current': 31155}, '750': {'type': 'Checkpoint', 'nom': 'TRI-NORV-28', 'entries': 29831, 'exits': 143, 'current': 29974}, '751': {'type': 'Checkpoint', 'nom': 'TRI-NORV-PMR-29', 'entries': 2893, 'exits': 131, 'current': 3024}} ; - passages site
2026-10-02 11:05:29 [INFO] Site visites libres : Visites libres 10h00 - 18h00 (fenetre 09:30-18:30)
2026-10-02 11:05:30 [INFO] Borne 192.168.2.10:5205 - compteurs du musee (Area 511 VISITES MUSEE)
2026-10-02 11:05:30 [INFO]   511 VISITES MUSEE E=105721 S=0
2026-10-02 11:05:30 [INFO]   512 ENTREE MUSEE E=105721 S=0
2026-10-02 11:05:30 [INFO]   1208 TRI-MUS-55   E=26081 S=0
2026-10-02 11:05:30 [INFO]   1209 TRI-MUS-56   E=53245 S=0
2026-10-02 11:05:30 [INFO]   1210 TRI-MUS-57   E=26395 S=0
2026-10-02 11:05:30 [INFO]   1040 PDA.3.11     E=0 S=0
2026-10-02 11:05:30 [INFO] Compteurs du site (visites libres)
2026-10-02 11:05:30 [INFO]   749 TRI-NORV-27  E=592 S=30563
2026-10-02 11:05:30 [INFO]   750 TRI-NORV-28  E=29831 S=143
2026-10-02 11:05:30 [INFO]   751 TRI-NORV-PMR-29 E=2893 S=131
2026-10-02 11:05:30 [INFO]   transactions 00:00:00 -> 11:05:29 : 86 lues en 1 page(s), 39 musee, 47 site
2026-10-02 11:05:30 [INFO] Dialogue borne : 1.0 s
2026-10-02 11:05:30 [INFO] [dry-run] releve {'511': {'type': 'Area', 'nom': 'VISITES MUSEE', 'entries': 105721, 'exits': 0, 'current': 105721}, '512': {'type': 'Gate', 'nom': 'ENTREE MUSEE', 'entries': 105721, 'exits': 0, 'current': 105721}, '1208': {'type': 'Checkpoint', 'nom': 'TRI-MUS-55', 'entries': 26081, 'exits': 0, 'current': 26081}, '1209': {'type': 'Checkpoint', 'nom': 'TRI-MUS-56', 'entries': 53245, 'exits': 0, 'current': 53245}, '1210': {'type': 'Checkpoint', 'nom': 'TRI-MUS-57', 'entries': 26395, 'exits': 0, 'current': 26395}, '1040': {'type': 'Checkpoint', 'nom': 'PDA.3.11', 'entries': 0, 'exits': 0, 'current': 0}} ; 39 passages musee
2026-10-02 11:05:30 [INFO] [dry-run] site : collecte=True (ouvert) ; compteurs {'749': {'type': 'Checkpoint', 'nom': 'TRI-NORV-27', 'entries': 592, 'exits': 30563, 'current': 31155}, '750': {'type': 'Checkpoint', 'nom': 'TRI-NORV-28', 'entries': 29831, 'exits': 143, 'current': 29974}, '751': {'type': 'Checkpoint', 'nom': 'TRI-NORV-PMR-29', 'entries': 2893, 'exits': 131, 'current': 3024}} ; 47 passages site
2026-10-02 11:06:01 [INFO] Site visites libres : Pas de visites libres aujourd'hui
2026-10-02 11:06:01 [INFO] Site visites libres : pas de collecte (pas_jour_public).
2026-10-02 11:06:01 [INFO] Borne 192.168.2.10:5205 - compteurs du musee (Area 511 VISITES MUSEE)
2026-10-02 11:06:02 [INFO]   511 VISITES MUSEE E=105722 S=0
2026-10-02 11:06:02 [INFO]   512 ENTREE MUSEE E=105722 S=0
2026-10-02 11:06:02 [INFO]   1208 TRI-MUS-55   E=26081 S=0
2026-10-02 11:06:02 [INFO]   1209 TRI-MUS-56   E=53246 S=0
2026-10-02 11:06:02 [INFO]   1210 TRI-MUS-57   E=26395 S=0
2026-10-02 11:06:02 [INFO]   1040 PDA.3.11     E=0 S=0
2026-10-02 11:06:02 [INFO]   transactions 10:51:02 -> 11:06:01 : 19 lues en 1 page(s), 8 musee
2026-10-02 11:06:02 [INFO] Dialogue borne : 0.9 s
2026-10-02 11:06:02 [INFO] Visiteurs du 2026-10-02 : 40 (source compteur, compteur 40, transactions 39)
2026-10-02 11:11:01 [INFO] Site visites libres : Pas de visites libres aujourd'hui
2026-10-02 11:11:01 [INFO] Site visites libres : pas de collecte (pas_jour_public).
2026-10-02 11:11:01 [INFO] Borne 192.168.2.10:5205 - compteurs du musee (Area 511 VISITES MUSEE)
2026-10-02 11:11:02 [INFO]   511 VISITES MUSEE E=105726 S=0
2026-10-02 11:11:02 [INFO]   512 ENTREE MUSEE E=105726 S=0
2026-10-02 11:11:02 [INFO]   1208 TRI-MUS-55   E=26081 S=0
2026-10-02 11:11:02 [INFO]   1209 TRI-MUS-56   E=53248 S=0
2026-10-02 11:11:02 [INFO]   1210 TRI-MUS-57   E=26397 S=0
2026-10-02 11:11:02 [INFO]   1040 PDA.3.11     E=0 S=0
2026-10-02 11:11:02 [INFO]   transactions 10:56:01 -> 11:11:01 : 26 lues en 1 page(s), 13 musee
2026-10-02 11:11:02 [INFO] Dialogue borne : 0.9 s
2026-10-02 11:11:02 [INFO] Visiteurs du 2026-10-02 : 44 (source compteur, compteur 44, transactions 44)
2026-10-02 11:16:01 [INFO] Site visites libres : Pas de visites libres aujourd'hui
2026-10-02 11:16:01 [INFO] Site visites libres : pas de collecte (pas_jour_public).
2026-10-02 11:16:01 [INFO] Borne 192.168.2.10:5205 - compteurs du musee (Area 511 VISITES MUSEE)
2026-10-02 11:16:01 [INFO]   511 VISITES MUSEE E=105728 S=0
2026-10-02 11:16:01 [INFO]   512 ENTREE MUSEE E=105728 S=0
2026-10-02 11:16:01 [INFO]   1208 TRI-MUS-55   E=26082 S=0
2026-10-02 11:16:02 [INFO]   1209 TRI-MUS-56   E=53248 S=0
2026-10-02 11:16:02 [INFO]   1210 TRI-MUS-57   E=26398 S=0
2026-10-02 11:16:02 [INFO]   1040 PDA.3.11     E=0 S=0
2026-10-02 11:16:02 [INFO]   transactions 11:01:01 -> 11:16:01 : 18 lues en 1 page(s), 11 musee
2026-10-02 11:16:02 [INFO] Dialogue borne : 0.8 s
2026-10-02 11:16:02 [INFO] Visiteurs du 2026-10-02 : 46 (source compteur, compteur 46, transactions 46)
2026-10-02 11:21:01 [INFO] Site visites libres : Pas de visites libres aujourd'hui
2026-10-02 11:21:01 [INFO] Site visites libres : pas de collecte (pas_jour_public).
2026-10-02 11:21:01 [INFO] Borne 192.168.2.10:5205 - compteurs du musee (Area 511 VISITES MUSEE)
2026-10-02 11:21:02 [INFO]   511 VISITES MUSEE E=105732 S=0
2026-10-02 11:21:02 [INFO]   512 ENTREE MUSEE E=105732 S=0
2026-10-02 11:21:02 [INFO]   1208 TRI-MUS-55   E=26082 S=0
2026-10-02 11:21:02 [INFO]   1209 TRI-MUS-56   E=53251 S=0
2026-10-02 11:21:02 [INFO]   1210 TRI-MUS-57   E=26399 S=0
2026-10-02 11:21:02 [INFO]   1040 PDA.3.11     E=0 S=0
2026-10-02 11:21:02 [INFO]   transactions 11:06:01 -> 11:21:01 : 18 lues en 1 page(s), 9 musee
2026-10-02 11:21:02 [INFO] Dialogue borne : 1.0 s
2026-10-02 11:21:02 [INFO] Visiteurs du 2026-10-02 : 50 (source compteur, compteur 50, transactions 49)
2026-10-02 11:26:01 [INFO] Site visites libres : Pas de visites libres aujourd'hui
2026-10-02 11:26:01 [INFO] Site visites libres : pas de collecte (pas_jour_public).
2026-10-02 11:26:01 [INFO] Borne 192.168.2.10:5205 - compteurs du musee (Area 511 VISITES MUSEE)
2026-10-02 11:26:02 [INFO]   511 VISITES MUSEE E=105733 S=0
2026-10-02 11:26:02 [INFO]   512 ENTREE MUSEE E=105733 S=0
2026-10-02 11:26:02 [INFO]   1208 TRI-MUS-55   E=26082 S=0
2026-10-02 11:26:02 [INFO]   1209 TRI-MUS-56   E=53252 S=0
2026-10-02 11:26:02 [INFO]   1210 TRI-MUS-57   E=26399 S=0
2026-10-02 11:26:02 [INFO]   1040 PDA.3.11     E=0 S=0
2026-10-02 11:26:02 [INFO]   transactions 11:11:01 -> 11:26:01 : 15 lues en 1 page(s), 7 musee
2026-10-02 11:26:02 [INFO] Dialogue borne : 0.9 s
2026-10-02 11:26:02 [INFO] Visiteurs du 2026-10-02 : 51 (source compteur, compteur 51, transactions 51)
2026-10-02 11:31:01 [INFO] Site visites libres : Pas de visites libres aujourd'hui
2026-10-02 11:31:01 [INFO] Site visites libres : pas de collecte (pas_jour_public).
2026-10-02 11:31:01 [INFO] Borne 192.168.2.10:5205 - compteurs du musee (Area 511 VISITES MUSEE)
2026-10-02 11:31:01 [INFO]   511 VISITES MUSEE E=105738 S=0
2026-10-02 11:31:02 [INFO]   512 ENTREE MUSEE E=105738 S=0
2026-10-02 11:31:02 [INFO]   1208 TRI-MUS-55   E=26085 S=0
2026-10-02 11:31:02 [INFO]   1209 TRI-MUS-56   E=53253 S=0
2026-10-02 11:31:02 [INFO]   1210 TRI-MUS-57   E=26400 S=0
2026-10-02 11:31:02 [INFO]   1040 PDA.3.11     E=0 S=0
2026-10-02 11:31:02 [INFO]   transactions 11:16:01 -> 11:31:01 : 22 lues en 1 page(s), 10 musee
2026-10-02 11:31:02 [INFO] Dialogue borne : 0.8 s
2026-10-02 11:31:02 [INFO] Visiteurs du 2026-10-02 : 56 (source compteur, compteur 56, transactions 56)
2026-10-02 11:36:01 [INFO] Site visites libres : Pas de visites libres aujourd'hui
2026-10-02 11:36:01 [INFO] Site visites libres : pas de collecte (pas_jour_public).
2026-10-02 11:36:01 [INFO] Borne 192.168.2.10:5205 - compteurs du musee (Area 511 VISITES MUSEE)
2026-10-02 11:36:02 [INFO]   511 VISITES MUSEE E=105741 S=0
2026-10-02 11:36:02 [INFO]   512 ENTREE MUSEE E=105741 S=0
2026-10-02 11:36:02 [INFO]   1208 TRI-MUS-55   E=26085 S=0
2026-10-02 11:36:02 [INFO]   1209 TRI-MUS-56   E=53254 S=0
2026-10-02 11:36:02 [INFO]   1210 TRI-MUS-57   E=26402 S=0
2026-10-02 11:36:02 [INFO]   1040 PDA.3.11     E=0 S=0
2026-10-02 11:36:02 [INFO]   transactions 11:21:01 -> 11:36:01 : 19 lues en 1 page(s), 7 musee
2026-10-02 11:36:02 [INFO] Dialogue borne : 1.0 s
2026-10-02 11:36:02 [INFO] Visiteurs du 2026-10-02 : 59 (source compteur, compteur 59, transactions 57)
2026-10-02 11:41:01 [INFO] Site visites libres : Pas de visites libres aujourd'hui
2026-10-02 11:41:01 [INFO] Site visites libres : pas de collecte (pas_jour_public).
2026-10-02 11:41:01 [INFO] Borne 192.168.2.10:5205 - compteurs du musee (Area 511 VISITES MUSEE)
2026-10-02 11:41:02 [INFO]   511 VISITES MUSEE E=105741 S=0
2026-10-02 11:41:02 [INFO]   512 ENTREE MUSEE E=105741 S=0
2026-10-02 11:41:02 [INFO]   1208 TRI-MUS-55   E=26085 S=0
2026-10-02 11:41:02 [INFO]   1209 TRI-MUS-56   E=53254 S=0
2026-10-02 11:41:02 [INFO]   1210 TRI-MUS-57   E=26402 S=0
2026-10-02 11:41:02 [INFO]   1040 PDA.3.11     E=0 S=0
2026-10-02 11:41:02 [INFO]   transactions 11:26:01 -> 11:41:01 : 21 lues en 1 page(s), 8 musee
2026-10-02 11:41:02 [INFO] Dialogue borne : 0.9 s
2026-10-02 11:41:02 [INFO] Visiteurs du 2026-10-02 : 59 (source compteur, compteur 59, transactions 59)
2026-10-02 11:46:01 [INFO] Site visites libres : Pas de visites libres aujourd'hui
2026-10-02 11:46:01 [INFO] Site visites libres : pas de collecte (pas_jour_public).
2026-10-02 11:46:01 [INFO] Borne 192.168.2.10:5205 - compteurs du musee (Area 511 VISITES MUSEE)
2026-10-02 11:46:01 [INFO]   511 VISITES MUSEE E=105743 S=0
2026-10-02 11:46:01 [INFO]   512 ENTREE MUSEE E=105743 S=0
2026-10-02 11:46:01 [INFO]   1208 TRI-MUS-55   E=26085 S=0
2026-10-02 11:46:02 [INFO]   1209 TRI-MUS-56   E=53255 S=0
2026-10-02 11:46:02 [INFO]   1210 TRI-MUS-57   E=26403 S=0
2026-10-02 11:46:02 [INFO]   1040 PDA.3.11     E=0 S=0
2026-10-02 11:46:02 [INFO]   transactions 11:31:01 -> 11:46:01 : 11 lues en 1 page(s), 5 musee
2026-10-02 11:46:02 [INFO] Dialogue borne : 0.7 s
2026-10-02 11:46:02 [INFO] Visiteurs du 2026-10-02 : 61 (source compteur, compteur 61, transactions 61)
2026-10-02 11:51:01 [INFO] Site visites libres : Pas de visites libres aujourd'hui
2026-10-02 11:51:01 [INFO] Site visites libres : pas de collecte (pas_jour_public).
2026-10-02 11:51:01 [INFO] Borne 192.168.2.10:5205 - compteurs du musee (Area 511 VISITES MUSEE)
2026-10-02 11:51:02 [INFO]   511 VISITES MUSEE E=105744 S=0
2026-10-02 11:51:02 [INFO]   512 ENTREE MUSEE E=105744 S=0
2026-10-02 11:51:02 [INFO]   1208 TRI-MUS-55   E=26085 S=0
2026-10-02 11:51:02 [INFO]   1209 TRI-MUS-56   E=53255 S=0
2026-10-02 11:51:02 [INFO]   1210 TRI-MUS-57   E=26404 S=0
2026-10-02 11:51:02 [INFO]   1040 PDA.3.11     E=0 S=0
2026-10-02 11:51:02 [INFO]   transactions 11:36:01 -> 11:51:01 : 14 lues en 1 page(s), 3 musee
2026-10-02 11:51:02 [INFO] Dialogue borne : 0.9 s
2026-10-02 11:51:02 [INFO] Visiteurs du 2026-10-02 : 62 (source compteur, compteur 62, transactions 62)
2026-10-02 11:56:01 [INFO] Site visites libres : Pas de visites libres aujourd'hui
2026-10-02 11:56:01 [INFO] Site visites libres : pas de collecte (pas_jour_public).
2026-10-02 11:56:01 [INFO] Borne 192.168.2.10:5205 - compteurs du musee (Area 511 VISITES MUSEE)
2026-10-02 11:56:02 [INFO]   511 VISITES MUSEE E=105746 S=0
2026-10-02 11:56:02 [INFO]   512 ENTREE MUSEE E=105746 S=0
2026-10-02 11:56:02 [INFO]   1208 TRI-MUS-55   E=26087 S=0
2026-10-02 11:56:02 [INFO]   1209 TRI-MUS-56   E=53255 S=0
2026-10-02 11:56:02 [INFO]   1210 TRI-MUS-57   E=26404 S=0
2026-10-02 11:56:02 [INFO]   1040 PDA.3.11     E=0 S=0
2026-10-02 11:56:02 [INFO]   transactions 11:41:01 -> 11:56:01 : 12 lues en 1 page(s), 5 musee
2026-10-02 11:56:02 [INFO] Dialogue borne : 1.0 s
2026-10-02 11:56:02 [INFO] Visiteurs du 2026-10-02 : 64 (source compteur, compteur 64, transactions 64)
2026-10-02 12:01:01 [INFO] Site visites libres : Pas de visites libres aujourd'hui
2026-10-02 12:01:01 [INFO] Site visites libres : pas de collecte (pas_jour_public).
2026-10-02 12:01:01 [INFO] Borne 192.168.2.10:5205 - compteurs du musee (Area 511 VISITES MUSEE)
2026-10-02 12:01:02 [INFO]   511 VISITES MUSEE E=105753 S=0
2026-10-02 12:01:02 [INFO]   512 ENTREE MUSEE E=105753 S=0
2026-10-02 12:01:02 [INFO]   1208 TRI-MUS-55   E=26088 S=0
2026-10-02 12:01:02 [INFO]   1209 TRI-MUS-56   E=53258 S=0
2026-10-02 12:01:02 [INFO]   1210 TRI-MUS-57   E=26407 S=0
2026-10-02 12:01:02 [INFO]   1040 PDA.3.11     E=0 S=0
2026-10-02 12:01:02 [INFO]   transactions 11:46:01 -> 12:01:01 : 21 lues en 1 page(s), 9 musee
2026-10-02 12:01:02 [INFO] Dialogue borne : 0.9 s
2026-10-02 12:01:02 [INFO] Visiteurs du 2026-10-02 : 71 (source compteur, compteur 71, transactions 70)
2026-10-02 12:06:01 [INFO] Site visites libres : Pas de visites libres aujourd'hui
2026-10-02 12:06:01 [INFO] Site visites libres : pas de collecte (pas_jour_public).
2026-10-02 12:06:01 [INFO] Borne 192.168.2.10:5205 - compteurs du musee (Area 511 VISITES MUSEE)
2026-10-02 12:06:01 [INFO]   511 VISITES MUSEE E=105766 S=0
2026-10-02 12:06:01 [INFO]   512 ENTREE MUSEE E=105766 S=0
2026-10-02 12:06:02 [INFO]   1208 TRI-MUS-55   E=26091 S=0
2026-10-02 12:06:02 [INFO]   1209 TRI-MUS-56   E=53264 S=0
2026-10-02 12:06:02 [INFO]   1210 TRI-MUS-57   E=26411 S=0
2026-10-02 12:06:02 [INFO]   1040 PDA.3.11     E=0 S=0
2026-10-02 12:06:02 [INFO]   transactions 11:51:01 -> 12:06:01 : 27 lues en 1 page(s), 22 musee
2026-10-02 12:06:02 [INFO] Dialogue borne : 0.8 s
2026-10-02 12:06:02 [INFO] Visiteurs du 2026-10-02 : 84 (source compteur, compteur 84, transactions 84)
2026-10-02 12:11:01 [INFO] Site visites libres : Pas de visites libres aujourd'hui
2026-10-02 12:11:01 [INFO] Site visites libres : pas de collecte (pas_jour_public).
2026-10-02 12:11:01 [INFO] Borne 192.168.2.10:5205 - compteurs du musee (Area 511 VISITES MUSEE)
2026-10-02 12:11:02 [INFO]   511 VISITES MUSEE E=105766 S=0
2026-10-02 12:11:02 [INFO]   512 ENTREE MUSEE E=105766 S=0
2026-10-02 12:11:02 [INFO]   1208 TRI-MUS-55   E=26091 S=0
2026-10-02 12:11:02 [INFO]   1209 TRI-MUS-56   E=53264 S=0
2026-10-02 12:11:02 [INFO]   1210 TRI-MUS-57   E=26411 S=0
2026-10-02 12:11:02 [INFO]   1040 PDA.3.11     E=0 S=0
2026-10-02 12:11:02 [INFO]   transactions 11:56:01 -> 12:11:01 : 25 lues en 1 page(s), 20 musee
2026-10-02 12:11:02 [INFO] Dialogue borne : 0.9 s
2026-10-02 12:11:02 [INFO] Visiteurs du 2026-10-02 : 84 (source compteur, compteur 84, transactions 84)
2026-10-02 12:16:01 [INFO] Site visites libres : Pas de visites libres aujourd'hui
2026-10-02 12:16:01 [INFO] Site visites libres : pas de collecte (pas_jour_public).
2026-10-02 12:16:01 [INFO] Borne 192.168.2.10:5205 - compteurs du musee (Area 511 VISITES MUSEE)
2026-10-02 12:16:01 [INFO]   511 VISITES MUSEE E=105775 S=0
2026-10-02 12:16:02 [INFO]   512 ENTREE MUSEE E=105775 S=0
2026-10-02 12:16:02 [INFO]   1208 TRI-MUS-55   E=26093 S=0
2026-10-02 12:16:02 [INFO]   1209 TRI-MUS-56   E=53268 S=0
2026-10-02 12:16:02 [INFO]   1210 TRI-MUS-57   E=26414 S=0
2026-10-02 12:16:02 [INFO]   1040 PDA.3.11     E=0 S=0
2026-10-02 12:16:02 [INFO]   transactions 12:01:01 -> 12:16:01 : 26 lues en 1 page(s), 22 musee
2026-10-02 12:16:02 [INFO] Dialogue borne : 0.8 s
2026-10-02 12:16:02 [INFO] Visiteurs du 2026-10-02 : 93 (source compteur, compteur 93, transactions 93)
2026-10-02 12:21:01 [INFO] Site visites libres : Pas de visites libres aujourd'hui
2026-10-02 12:21:01 [INFO] Site visites libres : pas de collecte (pas_jour_public).
2026-10-02 12:21:01 [INFO] Borne 192.168.2.10:5205 - compteurs du musee (Area 511 VISITES MUSEE)
2026-10-02 12:21:02 [INFO]   511 VISITES MUSEE E=105789 S=0
2026-10-02 12:21:02 [INFO]   512 ENTREE MUSEE E=105789 S=0
2026-10-02 12:21:02 [INFO]   1208 TRI-MUS-55   E=26097 S=0
2026-10-02 12:21:02 [INFO]   1209 TRI-MUS-56   E=53275 S=0
2026-10-02 12:21:02 [INFO]   1210 TRI-MUS-57   E=26417 S=0
2026-10-02 12:21:02 [INFO]   1040 PDA.3.11     E=0 S=0
2026-10-02 12:21:02 [INFO]   transactions 12:06:01 -> 12:21:01 : 30 lues en 1 page(s), 23 musee
2026-10-02 12:21:02 [INFO] Dialogue borne : 1.0 s
2026-10-02 12:21:02 [INFO] Visiteurs du 2026-10-02 : 107 (source compteur, compteur 107, transactions 107)
2026-10-02 12:26:01 [INFO] Site visites libres : Pas de visites libres aujourd'hui
2026-10-02 12:26:01 [INFO] Site visites libres : pas de collecte (pas_jour_public).
2026-10-02 12:26:01 [INFO] Borne 192.168.2.10:5205 - compteurs du musee (Area 511 VISITES MUSEE)
2026-10-02 12:26:01 [INFO]   511 VISITES MUSEE E=105793 S=0
2026-10-02 12:26:02 [INFO]   512 ENTREE MUSEE E=105793 S=0
2026-10-02 12:26:02 [INFO]   1208 TRI-MUS-55   E=26097 S=0
2026-10-02 12:26:02 [INFO]   1209 TRI-MUS-56   E=53278 S=0
2026-10-02 12:26:02 [INFO]   1210 TRI-MUS-57   E=26418 S=0
2026-10-02 12:26:02 [INFO]   1040 PDA.3.11     E=0 S=0
2026-10-02 12:26:02 [INFO]   transactions 12:11:01 -> 12:26:01 : 34 lues en 1 page(s), 27 musee
2026-10-02 12:26:02 [INFO] Dialogue borne : 0.9 s
2026-10-02 12:26:02 [INFO] Visiteurs du 2026-10-02 : 111 (source compteur, compteur 111, transactions 111)
2026-10-02 12:31:01 [INFO] Site visites libres : Pas de visites libres aujourd'hui
2026-10-02 12:31:01 [INFO] Site visites libres : pas de collecte (pas_jour_public).
2026-10-02 12:31:01 [INFO] Borne 192.168.2.10:5205 - compteurs du musee (Area 511 VISITES MUSEE)
2026-10-02 12:31:02 [INFO]   511 VISITES MUSEE E=105801 S=0
2026-10-02 12:31:02 [INFO]   512 ENTREE MUSEE E=105801 S=0
2026-10-02 12:31:02 [INFO]   1208 TRI-MUS-55   E=26101 S=0
2026-10-02 12:31:02 [INFO]   1209 TRI-MUS-56   E=53280 S=0
2026-10-02 12:31:02 [INFO]   1210 TRI-MUS-57   E=26420 S=0
2026-10-02 12:31:02 [INFO]   1040 PDA.3.11     E=0 S=0
2026-10-02 12:31:02 [INFO]   transactions 12:16:01 -> 12:31:01 : 30 lues en 1 page(s), 25 musee
2026-10-02 12:31:02 [INFO] Dialogue borne : 1.0 s
2026-10-02 12:31:02 [INFO] Visiteurs du 2026-10-02 : 119 (source compteur, compteur 119, transactions 118)
2026-10-02 12:36:01 [INFO] Site visites libres : Pas de visites libres aujourd'hui
2026-10-02 12:36:01 [INFO] Site visites libres : pas de collecte (pas_jour_public).
2026-10-02 12:36:01 [INFO] Borne 192.168.2.10:5205 - compteurs du musee (Area 511 VISITES MUSEE)
2026-10-02 12:36:01 [INFO]   511 VISITES MUSEE E=105803 S=0
2026-10-02 12:36:01 [INFO]   512 ENTREE MUSEE E=105803 S=0
2026-10-02 12:36:02 [INFO]   1208 TRI-MUS-55   E=26102 S=0
2026-10-02 12:36:02 [INFO]   1209 TRI-MUS-56   E=53280 S=0
2026-10-02 12:36:02 [INFO]   1210 TRI-MUS-57   E=26421 S=0
2026-10-02 12:36:02 [INFO]   1040 PDA.3.11     E=0 S=0
2026-10-02 12:36:02 [INFO]   transactions 12:21:01 -> 12:36:01 : 16 lues en 1 page(s), 14 musee
2026-10-02 12:36:02 [INFO] Dialogue borne : 0.8 s
2026-10-02 12:36:02 [INFO] Visiteurs du 2026-10-02 : 121 (source compteur, compteur 121, transactions 121)
2026-10-02 12:41:01 [INFO] Site visites libres : Pas de visites libres aujourd'hui
2026-10-02 12:41:01 [INFO] Site visites libres : pas de collecte (pas_jour_public).
2026-10-02 12:41:01 [INFO] Borne 192.168.2.10:5205 - compteurs du musee (Area 511 VISITES MUSEE)
2026-10-02 12:41:02 [INFO]   511 VISITES MUSEE E=105808 S=0
2026-10-02 12:41:02 [INFO]   512 ENTREE MUSEE E=105808 S=0
2026-10-02 12:41:02 [INFO]   1208 TRI-MUS-55   E=26103 S=0
2026-10-02 12:41:02 [INFO]   1209 TRI-MUS-56   E=53283 S=0
2026-10-02 12:41:02 [INFO]   1210 TRI-MUS-57   E=26422 S=0
2026-10-02 12:41:02 [INFO]   1040 PDA.3.11     E=0 S=0
2026-10-02 12:41:02 [INFO]   transactions 12:26:01 -> 12:41:01 : 16 lues en 1 page(s), 15 musee
2026-10-02 12:41:02 [INFO] Dialogue borne : 0.9 s
2026-10-02 12:41:02 [INFO] Visiteurs du 2026-10-02 : 126 (source compteur, compteur 126, transactions 126)
2026-10-02 12:46:01 [INFO] Site visites libres : Pas de visites libres aujourd'hui
2026-10-02 12:46:01 [INFO] Site visites libres : pas de collecte (pas_jour_public).
2026-10-02 12:46:01 [INFO] Borne 192.168.2.10:5205 - compteurs du musee (Area 511 VISITES MUSEE)
2026-10-02 12:46:01 [INFO]   511 VISITES MUSEE E=105814 S=0
2026-10-02 12:46:01 [INFO]   512 ENTREE MUSEE E=105814 S=0
2026-10-02 12:46:02 [INFO]   1208 TRI-MUS-55   E=26105 S=0
2026-10-02 12:46:02 [INFO]   1209 TRI-MUS-56   E=53285 S=0
2026-10-02 12:46:02 [INFO]   1210 TRI-MUS-57   E=26424 S=0
2026-10-02 12:46:02 [INFO]   1040 PDA.3.11     E=0 S=0
2026-10-02 12:46:02 [INFO]   transactions 12:31:01 -> 12:46:01 : 17 lues en 1 page(s), 14 musee
2026-10-02 12:46:02 [INFO] Dialogue borne : 0.8 s
2026-10-02 12:46:02 [INFO] Visiteurs du 2026-10-02 : 132 (source compteur, compteur 132, transactions 131)
2026-10-02 12:51:01 [INFO] Site visites libres : Pas de visites libres aujourd'hui
2026-10-02 12:51:01 [INFO] Site visites libres : pas de collecte (pas_jour_public).
2026-10-02 12:51:01 [INFO] Borne 192.168.2.10:5205 - compteurs du musee (Area 511 VISITES MUSEE)
2026-10-02 12:51:02 [INFO]   511 VISITES MUSEE E=105814 S=0
2026-10-02 12:51:02 [INFO]   512 ENTREE MUSEE E=105814 S=0
2026-10-02 12:51:02 [INFO]   1208 TRI-MUS-55   E=26105 S=0
2026-10-02 12:51:02 [INFO]   1209 TRI-MUS-56   E=53285 S=0
2026-10-02 12:51:02 [INFO]   1210 TRI-MUS-57   E=26424 S=0
2026-10-02 12:51:02 [INFO]   1040 PDA.3.11     E=0 S=0
2026-10-02 12:51:02 [INFO]   transactions 12:36:01 -> 12:51:01 : 19 lues en 1 page(s), 13 musee
2026-10-02 12:51:02 [INFO] Dialogue borne : 0.9 s
2026-10-02 12:51:02 [INFO] Visiteurs du 2026-10-02 : 132 (source compteur, compteur 132, transactions 132)
2026-10-02 12:56:01 [INFO] Site visites libres : Pas de visites libres aujourd'hui
2026-10-02 12:56:01 [INFO] Site visites libres : pas de collecte (pas_jour_public).
2026-10-02 12:56:01 [INFO] Borne 192.168.2.10:5205 - compteurs du musee (Area 511 VISITES MUSEE)
2026-10-02 12:56:01 [INFO]   511 VISITES MUSEE E=105814 S=0
2026-10-02 12:56:01 [INFO]   512 ENTREE MUSEE E=105814 S=0
2026-10-02 12:56:01 [INFO]   1208 TRI-MUS-55   E=26105 S=0
2026-10-02 12:56:02 [INFO]   1209 TRI-MUS-56   E=53285 S=0
2026-10-02 12:56:02 [INFO]   1210 TRI-MUS-57   E=26424 S=0
2026-10-02 12:56:02 [INFO]   1040 PDA.3.11     E=0 S=0
2026-10-02 12:56:02 [INFO]   transactions 12:41:01 -> 12:56:01 : 15 lues en 1 page(s), 8 musee
2026-10-02 12:56:02 [INFO] Dialogue borne : 0.8 s
2026-10-02 12:56:02 [INFO] Visiteurs du 2026-10-02 : 132 (source compteur, compteur 132, transactions 132)
2026-10-02 13:01:01 [INFO] Site visites libres : Pas de visites libres aujourd'hui
2026-10-02 13:01:01 [INFO] Site visites libres : pas de collecte (pas_jour_public).
2026-10-02 13:01:01 [INFO] Borne 192.168.2.10:5205 - compteurs du musee (Area 511 VISITES MUSEE)
2026-10-02 13:01:02 [INFO]   511 VISITES MUSEE E=105814 S=0
2026-10-02 13:01:02 [INFO]   512 ENTREE MUSEE E=105814 S=0
2026-10-02 13:01:02 [INFO]   1208 TRI-MUS-55   E=26105 S=0
2026-10-02 13:01:02 [INFO]   1209 TRI-MUS-56   E=53285 S=0
2026-10-02 13:01:02 [INFO]   1210 TRI-MUS-57   E=26424 S=0
2026-10-02 13:01:02 [INFO]   1040 PDA.3.11     E=0 S=0
2026-10-02 13:01:02 [INFO]   transactions 12:46:01 -> 13:01:01 : 11 lues en 1 page(s), 0 musee
2026-10-02 13:01:02 [INFO] Dialogue borne : 0.8 s
2026-10-02 13:01:02 [INFO] Visiteurs du 2026-10-02 : 132 (source compteur, compteur 132, transactions 132)
2026-10-02 13:06:01 [INFO] Site visites libres : Pas de visites libres aujourd'hui
2026-10-02 13:06:01 [INFO] Site visites libres : pas de collecte (pas_jour_public).
2026-10-02 13:06:01 [INFO] Borne 192.168.2.10:5205 - compteurs du musee (Area 511 VISITES MUSEE)
2026-10-02 13:06:01 [INFO]   511 VISITES MUSEE E=105814 S=0
2026-10-02 13:06:01 [INFO]   512 ENTREE MUSEE E=105814 S=0
2026-10-02 13:06:02 [INFO]   1208 TRI-MUS-55   E=26105 S=0
2026-10-02 13:06:02 [INFO]   1209 TRI-MUS-56   E=53285 S=0
2026-10-02 13:06:02 [INFO]   1210 TRI-MUS-57   E=26424 S=0
2026-10-02 13:06:02 [INFO]   1040 PDA.3.11     E=0 S=0
2026-10-02 13:06:02 [INFO]   transactions 12:51:01 -> 13:06:01 : 10 lues en 1 page(s), 0 musee
2026-10-02 13:06:02 [INFO] Dialogue borne : 0.7 s
2026-10-02 13:06:02 [INFO] Visiteurs du 2026-10-02 : 132 (source compteur, compteur 132, transactions 132)
2026-10-02 13:11:01 [INFO] Site visites libres : Pas de visites libres aujourd'hui
2026-10-02 13:11:01 [INFO] Site visites libres : pas de collecte (pas_jour_public).
2026-10-02 13:11:01 [INFO] Borne 192.168.2.10:5205 - compteurs du musee (Area 511 VISITES MUSEE)
2026-10-02 13:11:02 [INFO]   511 VISITES MUSEE E=105814 S=0
2026-10-02 13:11:02 [INFO]   512 ENTREE MUSEE E=105814 S=0
2026-10-02 13:11:02 [INFO]   1208 TRI-MUS-55   E=26105 S=0
2026-10-02 13:11:02 [INFO]   1209 TRI-MUS-56   E=53285 S=0
2026-10-02 13:11:02 [INFO]   1210 TRI-MUS-57   E=26424 S=0
2026-10-02 13:11:02 [INFO]   1040 PDA.3.11     E=0 S=0
2026-10-02 13:11:02 [INFO]   transactions 12:56:01 -> 13:11:01 : 8 lues en 1 page(s), 0 musee
2026-10-02 13:11:02 [INFO] Dialogue borne : 0.9 s
2026-10-02 13:11:02 [INFO] Visiteurs du 2026-10-02 : 132 (source compteur, compteur 132, transactions 132)
2026-10-02 13:16:02 [INFO] Site visites libres : Pas de visites libres aujourd'hui
2026-10-02 13:16:02 [INFO] Site visites libres : pas de collecte (pas_jour_public).
2026-10-02 13:16:02 [INFO] Borne 192.168.2.10:5205 - compteurs du musee (Area 511 VISITES MUSEE)
2026-10-02 13:16:02 [INFO]   511 VISITES MUSEE E=105814 S=0
2026-10-02 13:16:02 [INFO]   512 ENTREE MUSEE E=105814 S=0
2026-10-02 13:16:02 [INFO]   1208 TRI-MUS-55   E=26105 S=0
2026-10-02 13:16:03 [INFO]   1209 TRI-MUS-56   E=53285 S=0
2026-10-02 13:16:03 [INFO]   1210 TRI-MUS-57   E=26424 S=0
2026-10-02 13:16:03 [INFO]   1040 PDA.3.11     E=0 S=0
2026-10-02 13:16:03 [INFO]   transactions 13:01:01 -> 13:16:02 : 3 lues en 1 page(s), 0 musee
2026-10-02 13:16:03 [INFO] Dialogue borne : 0.9 s
2026-10-02 13:16:03 [INFO] Visiteurs du 2026-10-02 : 132 (source compteur, compteur 132, transactions 132)
2026-10-02 13:21:01 [INFO] Site visites libres : Pas de visites libres aujourd'hui
2026-10-02 13:21:01 [INFO] Site visites libres : pas de collecte (pas_jour_public).
2026-10-02 13:21:01 [INFO] Borne 192.168.2.10:5205 - compteurs du musee (Area 511 VISITES MUSEE)
2026-10-02 13:21:01 [INFO]   511 VISITES MUSEE E=105816 S=0
2026-10-02 13:21:02 [INFO]   512 ENTREE MUSEE E=105816 S=0
2026-10-02 13:21:02 [INFO]   1208 TRI-MUS-55   E=26105 S=0
2026-10-02 13:21:02 [INFO]   1209 TRI-MUS-56   E=53285 S=0
2026-10-02 13:21:02 [INFO]   1210 TRI-MUS-57   E=26426 S=0
2026-10-02 13:21:02 [INFO]   1040 PDA.3.11     E=0 S=0
2026-10-02 13:21:02 [INFO]   transactions 13:06:02 -> 13:21:01 : 17 lues en 1 page(s), 2 musee
2026-10-02 13:21:02 [INFO] Dialogue borne : 0.8 s
2026-10-02 13:21:02 [INFO] Visiteurs du 2026-10-02 : 134 (source compteur, compteur 134, transactions 134)
2026-10-02 13:26:01 [INFO] Site visites libres : Visites libres 10h00 - 19h00 (fenetre 09:30-19:30)
2026-10-02 13:26:01 [INFO] Borne 192.168.2.10:5205 - compteurs du musee (Area 511 VISITES MUSEE)
2026-10-02 13:26:02 [INFO]   511 VISITES MUSEE E=105821 S=0
2026-10-02 13:26:02 [INFO]   512 ENTREE MUSEE E=105821 S=0
2026-10-02 13:26:02 [INFO]   1208 TRI-MUS-55   E=26106 S=0
2026-10-02 13:26:02 [INFO]   1209 TRI-MUS-56   E=53285 S=0
2026-10-02 13:26:02 [INFO]   1210 TRI-MUS-57   E=26430 S=0
2026-10-02 13:26:02 [INFO]   1040 PDA.3.11     E=0 S=0
2026-10-02 13:26:02 [INFO] Compteurs du site (visites libres)
2026-10-02 13:26:02 [INFO]   749 TRI-NORV-27  E=592 S=30605
2026-10-02 13:26:02 [INFO]   750 TRI-NORV-28  E=29867 S=143
2026-10-02 13:26:02 [INFO]   751 TRI-NORV-PMR-29 E=2893 S=131
2026-10-02 13:26:03 [INFO]   transactions 00:00:00 -> 13:26:01 : 273 lues en 3 page(s), 142 musee, 131 site
2026-10-02 13:26:03 [INFO] Dialogue borne : 1.3 s
2026-10-02 13:26:03 [INFO] Visiteurs du 2026-10-02 : 139 (source compteur, compteur 139, transactions 139)
2026-10-02 13:26:04 [INFO] Site visites libres du 2026-10-02 : entrees 70, sorties 54, presents 16 (pic {'n': 25, 'heure': '10:50'}, source transactions)
2026-10-02 13:31:01 [INFO] Site visites libres : Visites libres 10h00 - 19h00 (fenetre 09:30-19:30)
2026-10-02 13:31:01 [INFO] Borne 192.168.2.10:5205 - compteurs du musee (Area 511 VISITES MUSEE)
2026-10-02 13:31:02 [INFO]   511 VISITES MUSEE E=105821 S=0
2026-10-02 13:31:02 [INFO]   512 ENTREE MUSEE E=105821 S=0
2026-10-02 13:31:02 [INFO]   1208 TRI-MUS-55   E=26106 S=0
2026-10-02 13:31:02 [INFO]   1209 TRI-MUS-56   E=53285 S=0
2026-10-02 13:31:02 [INFO]   1210 TRI-MUS-57   E=26430 S=0
2026-10-02 13:31:02 [INFO]   1040 PDA.3.11     E=0 S=0
2026-10-02 13:31:02 [INFO] Compteurs du site (visites libres)
2026-10-02 13:31:02 [INFO]   749 TRI-NORV-27  E=592 S=30605
2026-10-02 13:31:02 [INFO]   750 TRI-NORV-28  E=29867 S=143
2026-10-02 13:31:02 [INFO]   751 TRI-NORV-PMR-29 E=2893 S=131
2026-10-02 13:31:02 [INFO]   transactions 13:16:01 -> 13:31:01 : 23 lues en 1 page(s), 7 musee, 16 site
2026-10-02 13:31:02 [INFO] Dialogue borne : 1.1 s
2026-10-02 13:31:02 [INFO] Visiteurs du 2026-10-02 : 139 (source compteur, compteur 139, transactions 139)
2026-10-02 13:31:02 [INFO] Site visites libres du 2026-10-02 : entrees 70, sorties 54, presents 16 (pic {'n': 25, 'heure': '10:50'}, source transactions)
2026-10-02 13:36:01 [INFO] Site visites libres : Visites libres 10h00 - 19h00 (fenetre 09:30-19:30)
2026-10-02 13:36:01 [INFO] Borne 192.168.2.10:5205 - compteurs du musee (Area 511 VISITES MUSEE)
2026-10-02 13:36:01 [INFO]   511 VISITES MUSEE E=105827 S=0
2026-10-02 13:36:02 [INFO]   512 ENTREE MUSEE E=105827 S=0
2026-10-02 13:36:02 [INFO]   1208 TRI-MUS-55   E=26107 S=0
2026-10-02 13:36:02 [INFO]   1209 TRI-MUS-56   E=53288 S=0
2026-10-02 13:36:02 [INFO]   1210 TRI-MUS-57   E=26432 S=0
2026-10-02 13:36:02 [INFO]   1040 PDA.3.11     E=0 S=0
2026-10-02 13:36:02 [INFO] Compteurs du site (visites libres)
2026-10-02 13:36:02 [INFO]   749 TRI-NORV-27  E=592 S=30605
2026-10-02 13:36:02 [INFO]   750 TRI-NORV-28  E=29867 S=143
2026-10-02 13:36:02 [INFO]   751 TRI-NORV-PMR-29 E=2893 S=131
2026-10-02 13:36:02 [INFO]   transactions 13:21:01 -> 13:36:01 : 18 lues en 1 page(s), 13 musee, 5 site
2026-10-02 13:36:02 [INFO] Dialogue borne : 0.9 s
2026-10-02 13:36:02 [INFO] Visiteurs du 2026-10-02 : 145 (source compteur, compteur 145, transactions 145)
2026-10-02 13:36:02 [INFO] Site visites libres du 2026-10-02 : entrees 70, sorties 54, presents 16 (pic {'n': 25, 'heure': '10:50'}, source transactions)
2026-10-02 13:41:01 [INFO] Site visites libres : Visites libres 10h00 - 19h00 (fenetre 09:30-19:30)
2026-10-02 13:41:01 [INFO] Borne 192.168.2.10:5205 - compteurs du musee (Area 511 VISITES MUSEE)
2026-10-02 13:41:02 [INFO]   511 VISITES MUSEE E=105839 S=0
2026-10-02 13:41:02 [INFO]   512 ENTREE MUSEE E=105839 S=0
2026-10-02 13:41:02 [INFO]   1208 TRI-MUS-55   E=26111 S=0
2026-10-02 13:41:02 [INFO]   1209 TRI-MUS-56   E=53294 S=0
2026-10-02 13:41:02 [INFO]   1210 TRI-MUS-57   E=26434 S=0
2026-10-02 13:41:02 [INFO]   1040 PDA.3.11     E=0 S=0
2026-10-02 13:41:02 [INFO] Compteurs du site (visites libres)
2026-10-02 13:41:02 [INFO]   749 TRI-NORV-27  E=592 S=30608
2026-10-02 13:41:02 [INFO]   750 TRI-NORV-28  E=29868 S=143
2026-10-02 13:41:02 [INFO]   751 TRI-NORV-PMR-29 E=2893 S=131
2026-10-02 13:41:03 [INFO]   transactions 13:26:01 -> 13:41:01 : 24 lues en 1 page(s), 19 musee, 5 site
2026-10-02 13:41:03 [INFO] Dialogue borne : 1.2 s
2026-10-02 13:41:03 [INFO] Visiteurs du 2026-10-02 : 157 (source compteur, compteur 157, transactions 156)
2026-10-02 13:41:03 [INFO] Site visites libres du 2026-10-02 : entrees 71, sorties 57, presents 14 (pic {'n': 25, 'heure': '10:50'}, source transactions)
2026-10-02 13:46:01 [INFO] Site visites libres : Visites libres 10h00 - 19h00 (fenetre 09:30-19:30)
2026-10-02 13:46:01 [INFO] Borne 192.168.2.10:5205 - compteurs du musee (Area 511 VISITES MUSEE)
2026-10-02 13:46:01 [INFO]   511 VISITES MUSEE E=105840 S=0
2026-10-02 13:46:01 [INFO]   512 ENTREE MUSEE E=105840 S=0
2026-10-02 13:46:01 [INFO]   1208 TRI-MUS-55   E=26111 S=0
2026-10-02 13:46:02 [INFO]   1209 TRI-MUS-56   E=53294 S=0
2026-10-02 13:46:02 [INFO]   1210 TRI-MUS-57   E=26435 S=0
2026-10-02 13:46:02 [INFO]   1040 PDA.3.11     E=0 S=0
2026-10-02 13:46:02 [INFO] Compteurs du site (visites libres)
2026-10-02 13:46:02 [INFO]   749 TRI-NORV-27  E=592 S=30612
2026-10-02 13:46:02 [INFO]   750 TRI-NORV-28  E=29872 S=143
2026-10-02 13:46:02 [INFO]   751 TRI-NORV-PMR-29 E=2893 S=131
2026-10-02 13:46:02 [INFO]   transactions 13:31:01 -> 13:46:01 : 34 lues en 1 page(s), 21 musee, 13 site
2026-10-02 13:46:02 [INFO] Dialogue borne : 0.9 s
2026-10-02 13:46:02 [INFO] Visiteurs du 2026-10-02 : 158 (source compteur, compteur 158, transactions 158)
2026-10-02 13:46:02 [INFO] Site visites libres du 2026-10-02 : entrees 75, sorties 61, presents 14 (pic {'n': 25, 'heure': '10:50'}, source transactions)
2026-10-02 13:51:01 [INFO] Site visites libres : Visites libres 10h00 - 19h00 (fenetre 09:30-19:30)
2026-10-02 13:51:01 [INFO] Borne 192.168.2.10:5205 - compteurs du musee (Area 511 VISITES MUSEE)
2026-10-02 13:51:02 [INFO]   511 VISITES MUSEE E=105844 S=0
2026-10-02 13:51:02 [INFO]   512 ENTREE MUSEE E=105844 S=0
2026-10-02 13:51:02 [INFO]   1208 TRI-MUS-55   E=26111 S=0
2026-10-02 13:51:02 [INFO]   1209 TRI-MUS-56   E=53297 S=0
2026-10-02 13:51:02 [INFO]   1210 TRI-MUS-57   E=26436 S=0
2026-10-02 13:51:02 [INFO]   1040 PDA.3.11     E=0 S=0
2026-10-02 13:51:02 [INFO] Compteurs du site (visites libres)
2026-10-02 13:51:02 [INFO]   749 TRI-NORV-27  E=592 S=30615
2026-10-02 13:51:02 [INFO]   750 TRI-NORV-28  E=29872 S=143
2026-10-02 13:51:02 [INFO]   751 TRI-NORV-PMR-29 E=2893 S=131
2026-10-02 13:51:02 [INFO]   transactions 13:36:01 -> 13:51:01 : 33 lues en 1 page(s), 17 musee, 16 site
2026-10-02 13:51:02 [INFO] Dialogue borne : 1.0 s
2026-10-02 13:51:02 [INFO] Visiteurs du 2026-10-02 : 162 (source compteur, compteur 162, transactions 162)
2026-10-02 13:51:02 [INFO] Site visites libres du 2026-10-02 : entrees 75, sorties 64, presents 11 (pic {'n': 25, 'heure': '10:50'}, source transactions)
2026-10-02 13:56:01 [INFO] Site visites libres : Visites libres 10h00 - 19h00 (fenetre 09:30-19:30)
2026-10-02 13:56:01 [INFO] Borne 192.168.2.10:5205 - compteurs du musee (Area 511 VISITES MUSEE)
2026-10-02 13:56:02 [INFO]   511 VISITES MUSEE E=105848 S=0
2026-10-02 13:56:02 [INFO]   512 ENTREE MUSEE E=105848 S=0
2026-10-02 13:56:02 [INFO]   1208 TRI-MUS-55   E=26111 S=0
2026-10-02 13:56:02 [INFO]   1209 TRI-MUS-56   E=53301 S=0
2026-10-02 13:56:02 [INFO]   1210 TRI-MUS-57   E=26436 S=0
2026-10-02 13:56:02 [INFO]   1040 PDA.3.11     E=0 S=0
2026-10-02 13:56:02 [INFO] Compteurs du site (visites libres)
2026-10-02 13:56:02 [INFO]   749 TRI-NORV-27  E=592 S=30615
2026-10-02 13:56:02 [INFO]   750 TRI-NORV-28  E=29872 S=143
2026-10-02 13:56:02 [INFO]   751 TRI-NORV-PMR-29 E=2893 S=131
2026-10-02 13:56:02 [INFO]   transactions 13:41:01 -> 13:56:01 : 20 lues en 1 page(s), 9 musee, 11 site
2026-10-02 13:56:02 [INFO] Dialogue borne : 1.1 s
2026-10-02 13:56:03 [INFO] Visiteurs du 2026-10-02 : 166 (source compteur, compteur 166, transactions 166)
2026-10-02 13:56:03 [INFO] Site visites libres du 2026-10-02 : entrees 75, sorties 64, presents 11 (pic {'n': 25, 'heure': '10:50'}, source transactions)
2026-10-02 14:01:01 [INFO] Site visites libres : Visites libres 10h00 - 19h00 (fenetre 09:30-19:30)
2026-10-02 14:01:01 [INFO] Borne 192.168.2.10:5205 - compteurs du musee (Area 511 VISITES MUSEE)
2026-10-02 14:01:02 [INFO]   511 VISITES MUSEE E=105858 S=0
2026-10-02 14:01:02 [INFO]   512 ENTREE MUSEE E=105858 S=0
2026-10-02 14:01:02 [INFO]   1208 TRI-MUS-55   E=26115 S=0
2026-10-02 14:01:02 [INFO]   1209 TRI-MUS-56   E=53304 S=0
2026-10-02 14:01:02 [INFO]   1210 TRI-MUS-57   E=26439 S=0
2026-10-02 14:01:02 [INFO]   1040 PDA.3.11     E=0 S=0
2026-10-02 14:01:02 [INFO] Compteurs du site (visites libres)
2026-10-02 14:01:02 [INFO]   749 TRI-NORV-27  E=592 S=30615
2026-10-02 14:01:02 [INFO]   750 TRI-NORV-28  E=29878 S=143
2026-10-02 14:01:02 [INFO]   751 TRI-NORV-PMR-29 E=2893 S=131
2026-10-02 14:01:02 [INFO]   transactions 13:46:01 -> 14:01:01 : 27 lues en 1 page(s), 18 musee, 9 site
2026-10-02 14:01:02 [INFO] Dialogue borne : 1.0 s
2026-10-02 14:01:02 [INFO] Visiteurs du 2026-10-02 : 176 (source compteur, compteur 176, transactions 173)
2026-10-02 14:01:02 [INFO] Site visites libres du 2026-10-02 : entrees 81, sorties 64, presents 17 (pic {'n': 25, 'heure': '10:50'}, source transactions)
2026-10-02 14:06:01 [INFO] Site visites libres : Visites libres 10h00 - 19h00 (fenetre 09:30-19:30)
2026-10-02 14:06:01 [INFO] Borne 192.168.2.10:5205 - compteurs du musee (Area 511 VISITES MUSEE)
2026-10-02 14:06:02 [INFO]   511 VISITES MUSEE E=105863 S=0
2026-10-02 14:06:02 [INFO]   512 ENTREE MUSEE E=105863 S=0
2026-10-02 14:06:02 [INFO]   1208 TRI-MUS-55   E=26117 S=0
2026-10-02 14:06:02 [INFO]   1209 TRI-MUS-56   E=53306 S=0
2026-10-02 14:06:02 [INFO]   1210 TRI-MUS-57   E=26440 S=0
2026-10-02 14:06:02 [INFO]   1040 PDA.3.11     E=0 S=0
2026-10-02 14:06:02 [INFO] Compteurs du site (visites libres)
2026-10-02 14:06:02 [INFO]   749 TRI-NORV-27  E=592 S=30615
2026-10-02 14:06:02 [INFO]   750 TRI-NORV-28  E=29878 S=143
2026-10-02 14:06:02 [INFO]   751 TRI-NORV-PMR-29 E=2893 S=131
2026-10-02 14:06:02 [INFO]   transactions 13:51:01 -> 14:06:01 : 28 lues en 1 page(s), 22 musee, 6 site
2026-10-02 14:06:02 [INFO] Dialogue borne : 1.1 s
2026-10-02 14:06:03 [INFO] Visiteurs du 2026-10-02 : 181 (source compteur, compteur 181, transactions 181)
2026-10-02 14:06:03 [INFO] Site visites libres du 2026-10-02 : entrees 81, sorties 64, presents 17 (pic {'n': 25, 'heure': '10:50'}, source transactions)
2026-10-02 14:11:01 [INFO] Site visites libres : Visites libres 10h00 - 19h00 (fenetre 09:30-19:30)
2026-10-02 14:11:01 [INFO] Borne 192.168.2.10:5205 - compteurs du musee (Area 511 VISITES MUSEE)
2026-10-02 14:11:02 [INFO]   511 VISITES MUSEE E=105866 S=0
2026-10-02 14:11:02 [INFO]   512 ENTREE MUSEE E=105866 S=0
2026-10-02 14:11:02 [INFO]   1208 TRI-MUS-55   E=26118 S=0
2026-10-02 14:11:02 [INFO]   1209 TRI-MUS-56   E=53307 S=0
2026-10-02 14:11:02 [INFO]   1210 TRI-MUS-57   E=26441 S=0
2026-10-02 14:11:02 [INFO]   1040 PDA.3.11     E=0 S=0
2026-10-02 14:11:02 [INFO] Compteurs du site (visites libres)
2026-10-02 14:11:02 [INFO]   749 TRI-NORV-27  E=592 S=30615
2026-10-02 14:11:02 [INFO]   750 TRI-NORV-28  E=29880 S=143
2026-10-02 14:11:02 [INFO]   751 TRI-NORV-PMR-29 E=2893 S=131
2026-10-02 14:11:02 [INFO]   transactions 13:56:01 -> 14:11:01 : 29 lues en 1 page(s), 21 musee, 8 site
2026-10-02 14:11:02 [INFO] Dialogue borne : 1.0 s
2026-10-02 14:11:02 [INFO] Visiteurs du 2026-10-02 : 184 (source compteur, compteur 184, transactions 184)
2026-10-02 14:11:02 [INFO] Site visites libres du 2026-10-02 : entrees 82, sorties 64, presents 18 (pic {'n': 25, 'heure': '10:50'}, source transactions)
2026-10-02 14:16:01 [INFO] Site visites libres : Visites libres 10h00 - 19h00 (fenetre 09:30-19:30)
2026-10-02 14:16:01 [INFO] Borne 192.168.2.10:5205 - compteurs du musee (Area 511 VISITES MUSEE)
2026-10-02 14:16:01 [INFO]   511 VISITES MUSEE E=105866 S=0
2026-10-02 14:16:01 [INFO]   512 ENTREE MUSEE E=105866 S=0
2026-10-02 14:16:02 [INFO]   1208 TRI-MUS-55   E=26118 S=0
2026-10-02 14:16:02 [INFO]   1209 TRI-MUS-56   E=53307 S=0
2026-10-02 14:16:02 [INFO]   1210 TRI-MUS-57   E=26441 S=0
2026-10-02 14:16:02 [INFO]   1040 PDA.3.11     E=0 S=0
2026-10-02 14:16:02 [INFO] Compteurs du site (visites libres)
2026-10-02 14:16:02 [INFO]   749 TRI-NORV-27  E=592 S=30615
2026-10-02 14:16:02 [INFO]   750 TRI-NORV-28  E=29880 S=143
2026-10-02 14:16:02 [INFO]   751 TRI-NORV-PMR-29 E=2893 S=131
2026-10-02 14:16:02 [INFO]   transactions 14:01:01 -> 14:16:01 : 11 lues en 1 page(s), 8 musee, 3 site
2026-10-02 14:16:02 [INFO] Dialogue borne : 0.9 s
2026-10-02 14:16:02 [INFO] Visiteurs du 2026-10-02 : 184 (source compteur, compteur 184, transactions 184)
2026-10-02 14:16:02 [INFO] Site visites libres du 2026-10-02 : entrees 83, sorties 64, presents 19 (pic {'n': 25, 'heure': '10:50'}, source transactions)
2026-10-02 14:21:01 [INFO] Site visites libres : Visites libres 10h00 - 19h00 (fenetre 09:30-19:30)
2026-10-02 14:21:01 [INFO] Borne 192.168.2.10:5205 - compteurs du musee (Area 511 VISITES MUSEE)
2026-10-02 14:21:02 [INFO]   511 VISITES MUSEE E=105867 S=0
2026-10-02 14:21:02 [INFO]   512 ENTREE MUSEE E=105867 S=0
2026-10-02 14:21:02 [INFO]   1208 TRI-MUS-55   E=26118 S=0
2026-10-02 14:21:02 [INFO]   1209 TRI-MUS-56   E=53307 S=0
2026-10-02 14:21:02 [INFO]   1210 TRI-MUS-57   E=26442 S=0
2026-10-02 14:21:02 [INFO]   1040 PDA.3.11     E=0 S=0
2026-10-02 14:21:02 [INFO] Compteurs du site (visites libres)
2026-10-02 14:21:02 [INFO]   749 TRI-NORV-27  E=592 S=30616
2026-10-02 14:21:02 [INFO]   750 TRI-NORV-28  E=29885 S=143
2026-10-02 14:21:02 [INFO]   751 TRI-NORV-PMR-29 E=2893 S=131
2026-10-02 14:21:02 [INFO]   transactions 14:06:01 -> 14:21:01 : 11 lues en 1 page(s), 4 musee, 7 site
2026-10-02 14:21:02 [INFO] Dialogue borne : 1.0 s
2026-10-02 14:21:02 [INFO] Visiteurs du 2026-10-02 : 185 (source compteur, compteur 185, transactions 185)
2026-10-02 14:21:02 [INFO] Site visites libres du 2026-10-02 : entrees 86, sorties 65, presents 21 (pic {'n': 25, 'heure': '10:50'}, source transactions)
2026-10-02 14:26:01 [INFO] Site visites libres : Visites libres 10h00 - 19h00 (fenetre 09:30-19:30)
2026-10-02 14:26:01 [INFO] Borne 192.168.2.10:5205 - compteurs du musee (Area 511 VISITES MUSEE)
2026-10-02 14:26:02 [INFO]   511 VISITES MUSEE E=105867 S=0
2026-10-02 14:26:02 [INFO]   512 ENTREE MUSEE E=105867 S=0
2026-10-02 14:26:02 [INFO]   1208 TRI-MUS-55   E=26118 S=0
2026-10-02 14:26:02 [INFO]   1209 TRI-MUS-56   E=53307 S=0
2026-10-02 14:26:02 [INFO]   1210 TRI-MUS-57   E=26442 S=0
2026-10-02 14:26:02 [INFO]   1040 PDA.3.11     E=0 S=0
2026-10-02 14:26:02 [INFO] Compteurs du site (visites libres)
2026-10-02 14:26:02 [INFO]   749 TRI-NORV-27  E=592 S=30619
2026-10-02 14:26:02 [INFO]   750 TRI-NORV-28  E=29885 S=143
2026-10-02 14:26:02 [INFO]   751 TRI-NORV-PMR-29 E=2893 S=131
2026-10-02 14:26:02 [INFO]   transactions 14:11:01 -> 14:26:01 : 8 lues en 1 page(s), 1 musee, 7 site
2026-10-02 14:26:02 [INFO] Dialogue borne : 1.1 s
2026-10-02 14:26:02 [INFO] Visiteurs du 2026-10-02 : 185 (source compteur, compteur 185, transactions 185)
2026-10-02 14:26:03 [INFO] Site visites libres du 2026-10-02 : entrees 88, sorties 66, presents 22 (pic {'n': 25, 'heure': '10:50'}, source transactions)
2026-10-02 14:31:01 [INFO] Site visites libres : Visites libres 10h00 - 19h00 (fenetre 09:30-19:30)
2026-10-02 14:31:01 [INFO] Borne 192.168.2.10:5205 - compteurs du musee (Area 511 VISITES MUSEE)
2026-10-02 14:31:01 [INFO]   511 VISITES MUSEE E=105869 S=0
2026-10-02 14:31:02 [INFO]   512 ENTREE MUSEE E=105869 S=0
2026-10-02 14:31:02 [INFO]   1208 TRI-MUS-55   E=26118 S=0
2026-10-02 14:31:02 [INFO]   1209 TRI-MUS-56   E=53307 S=0
2026-10-02 14:31:02 [INFO]   1210 TRI-MUS-57   E=26444 S=0
2026-10-02 14:31:02 [INFO]   1040 PDA.3.11     E=0 S=0
2026-10-02 14:31:02 [INFO] Compteurs du site (visites libres)
2026-10-02 14:31:02 [INFO]   749 TRI-NORV-27  E=592 S=30620
2026-10-02 14:31:02 [INFO]   750 TRI-NORV-28  E=29888 S=143
2026-10-02 14:31:02 [INFO]   751 TRI-NORV-PMR-29 E=2893 S=131
2026-10-02 14:31:02 [INFO]   transactions 14:16:01 -> 14:31:01 : 16 lues en 1 page(s), 3 musee, 13 site
2026-10-02 14:31:02 [INFO] Dialogue borne : 0.9 s
2026-10-02 14:31:02 [INFO] Visiteurs du 2026-10-02 : 187 (source compteur, compteur 187, transactions 187)
2026-10-02 14:31:02 [INFO] Site visites libres du 2026-10-02 : entrees 91, sorties 69, presents 22 (pic {'n': 25, 'heure': '10:50'}, source transactions)
2026-10-02 14:36:01 [INFO] Site visites libres : Visites libres 10h00 - 19h00 (fenetre 09:30-19:30)
2026-10-02 14:36:01 [INFO] Borne 192.168.2.10:5205 - compteurs du musee (Area 511 VISITES MUSEE)
2026-10-02 14:36:02 [INFO]   511 VISITES MUSEE E=105876 S=0
2026-10-02 14:36:02 [INFO]   512 ENTREE MUSEE E=105876 S=0
2026-10-02 14:36:02 [INFO]   1208 TRI-MUS-55   E=26119 S=0
2026-10-02 14:36:02 [INFO]   1209 TRI-MUS-56   E=53311 S=0
2026-10-02 14:36:02 [INFO]   1210 TRI-MUS-57   E=26446 S=0
2026-10-02 14:36:02 [INFO]   1040 PDA.3.11     E=0 S=0
2026-10-02 14:36:02 [INFO] Compteurs du site (visites libres)
2026-10-02 14:36:02 [INFO]   749 TRI-NORV-27  E=592 S=30620
2026-10-02 14:36:02 [INFO]   750 TRI-NORV-28  E=29896 S=143
2026-10-02 14:36:02 [INFO]   751 TRI-NORV-PMR-29 E=2893 S=131
2026-10-02 14:36:02 [INFO]   transactions 14:21:01 -> 14:36:01 : 24 lues en 1 page(s), 9 musee, 15 site
2026-10-02 14:36:02 [INFO] Dialogue borne : 1.0 s
2026-10-02 14:36:02 [INFO] Visiteurs du 2026-10-02 : 194 (source compteur, compteur 194, transactions 194)
2026-10-02 14:36:03 [INFO] Site visites libres du 2026-10-02 : entrees 99, sorties 69, presents 30 (pic {'n': 30, 'heure': '14:35'}, source transactions)
2026-10-02 14:41:01 [INFO] Site visites libres : Visites libres 10h00 - 19h00 (fenetre 09:30-19:30)
2026-10-02 14:41:01 [INFO] Borne 192.168.2.10:5205 - compteurs du musee (Area 511 VISITES MUSEE)
2026-10-02 14:41:02 [INFO]   511 VISITES MUSEE E=105881 S=0
2026-10-02 14:41:02 [INFO]   512 ENTREE MUSEE E=105881 S=0
2026-10-02 14:41:02 [INFO]   1208 TRI-MUS-55   E=26121 S=0
2026-10-02 14:41:02 [INFO]   1209 TRI-MUS-56   E=53314 S=0
2026-10-02 14:41:02 [INFO]   1210 TRI-MUS-57   E=26446 S=0
2026-10-02 14:41:02 [INFO]   1040 PDA.3.11     E=0 S=0
2026-10-02 14:41:02 [INFO] Compteurs du site (visites libres)
2026-10-02 14:41:02 [INFO]   749 TRI-NORV-27  E=592 S=30620
2026-10-02 14:41:02 [INFO]   750 TRI-NORV-28  E=29896 S=143
2026-10-02 14:41:02 [INFO]   751 TRI-NORV-PMR-29 E=2893 S=131
2026-10-02 14:41:02 [INFO]   transactions 14:26:01 -> 14:41:01 : 26 lues en 1 page(s), 14 musee, 12 site
2026-10-02 14:41:02 [INFO] Dialogue borne : 0.9 s
2026-10-02 14:41:02 [INFO] Visiteurs du 2026-10-02 : 199 (source compteur, compteur 199, transactions 199)
2026-10-02 14:41:02 [INFO] Site visites libres du 2026-10-02 : entrees 99, sorties 69, presents 30 (pic {'n': 30, 'heure': '14:35'}, source transactions)
2026-10-02 14:46:01 [INFO] Site visites libres : Visites libres 10h00 - 19h00 (fenetre 09:30-19:30)
2026-10-02 14:46:01 [INFO] Borne 192.168.2.10:5205 - compteurs du musee (Area 511 VISITES MUSEE)
2026-10-02 14:46:01 [INFO]   511 VISITES MUSEE E=105894 S=0
2026-10-02 14:46:01 [INFO]   512 ENTREE MUSEE E=105894 S=0
2026-10-02 14:46:02 [INFO]   1208 TRI-MUS-55   E=26125 S=0
2026-10-02 14:46:02 [INFO]   1209 TRI-MUS-56   E=53316 S=0
2026-10-02 14:46:02 [INFO]   1210 TRI-MUS-57   E=26453 S=0
2026-10-02 14:46:02 [INFO]   1040 PDA.3.11     E=0 S=0
2026-10-02 14:46:02 [INFO] Compteurs du site (visites libres)
2026-10-02 14:46:02 [INFO]   749 TRI-NORV-27  E=592 S=30620
2026-10-02 14:46:02 [INFO]   750 TRI-NORV-28  E=29898 S=143
2026-10-02 14:46:02 [INFO]   751 TRI-NORV-PMR-29 E=2893 S=131
2026-10-02 14:46:02 [INFO]   transactions 14:31:01 -> 14:46:01 : 35 lues en 1 page(s), 25 musee, 10 site
2026-10-02 14:46:02 [INFO] Dialogue borne : 0.9 s
2026-10-02 14:46:02 [INFO] Visiteurs du 2026-10-02 : 212 (source compteur, compteur 212, transactions 212)
2026-10-02 14:46:02 [INFO] Site visites libres du 2026-10-02 : entrees 101, sorties 69, presents 32 (pic {'n': 32, 'heure': '14:45'}, source transactions)
2026-10-02 14:51:01 [INFO] Site visites libres : Visites libres 10h00 - 19h00 (fenetre 09:30-19:30)
2026-10-02 14:51:01 [INFO] Borne 192.168.2.10:5205 - compteurs du musee (Area 511 VISITES MUSEE)
2026-10-02 14:51:02 [INFO]   511 VISITES MUSEE E=105902 S=0
2026-10-02 14:51:02 [INFO]   512 ENTREE MUSEE E=105902 S=0
2026-10-02 14:51:02 [INFO]   1208 TRI-MUS-55   E=26129 S=0
2026-10-02 14:51:02 [INFO]   1209 TRI-MUS-56   E=53319 S=0
2026-10-02 14:51:02 [INFO]   1210 TRI-MUS-57   E=26454 S=0
2026-10-02 14:51:02 [INFO]   1040 PDA.3.11     E=0 S=0
2026-10-02 14:51:02 [INFO] Compteurs du site (visites libres)
2026-10-02 14:51:02 [INFO]   749 TRI-NORV-27  E=592 S=30624
2026-10-02 14:51:02 [INFO]   750 TRI-NORV-28  E=29900 S=143
2026-10-02 14:51:02 [INFO]   751 TRI-NORV-PMR-29 E=2893 S=131
2026-10-02 14:51:02 [INFO]   transactions 14:36:01 -> 14:51:01 : 32 lues en 1 page(s), 26 musee, 6 site
2026-10-02 14:51:02 [INFO] Dialogue borne : 1.0 s
2026-10-02 14:51:03 [INFO] Visiteurs du 2026-10-02 : 220 (source compteur, compteur 220, transactions 220)
2026-10-02 14:51:03 [INFO] Site visites libres du 2026-10-02 : entrees 103, sorties 71, presents 32 (pic {'n': 34, 'heure': '14:47'}, source transactions)
2026-10-02 14:56:01 [INFO] Site visites libres : Visites libres 10h00 - 19h00 (fenetre 09:30-19:30)
2026-10-02 14:56:01 [INFO] Borne 192.168.2.10:5205 - compteurs du musee (Area 511 VISITES MUSEE)
2026-10-02 14:56:02 [INFO]   511 VISITES MUSEE E=105915 S=0
2026-10-02 14:56:02 [INFO]   512 ENTREE MUSEE E=105915 S=0
2026-10-02 14:56:02 [INFO]   1208 TRI-MUS-55   E=26134 S=0
2026-10-02 14:56:02 [INFO]   1209 TRI-MUS-56   E=53325 S=0
2026-10-02 14:56:02 [INFO]   1210 TRI-MUS-57   E=26456 S=0
2026-10-02 14:56:02 [INFO]   1040 PDA.3.11     E=0 S=0
2026-10-02 14:56:02 [INFO] Compteurs du site (visites libres)
2026-10-02 14:56:02 [INFO]   749 TRI-NORV-27  E=592 S=30624
2026-10-02 14:56:02 [INFO]   750 TRI-NORV-28  E=29900 S=143
2026-10-02 14:56:02 [INFO]   751 TRI-NORV-PMR-29 E=2893 S=131
2026-10-02 14:56:02 [INFO]   transactions 14:41:01 -> 14:56:01 : 42 lues en 1 page(s), 34 musee, 8 site
2026-10-02 14:56:02 [INFO] Dialogue borne : 0.9 s
2026-10-02 14:56:02 [INFO] Visiteurs du 2026-10-02 : 233 (source compteur, compteur 233, transactions 233)
2026-10-02 14:56:03 [INFO] Site visites libres du 2026-10-02 : entrees 103, sorties 73, presents 30 (pic {'n': 34, 'heure': '14:47'}, source transactions)
2026-10-02 15:01:01 [INFO] Site visites libres : Visites libres 10h00 - 19h00 (fenetre 09:30-19:30)
2026-10-02 15:01:01 [INFO] Borne 192.168.2.10:5205 - compteurs du musee (Area 511 VISITES MUSEE)
2026-10-02 15:01:01 [INFO]   511 VISITES MUSEE E=105929 S=0
2026-10-02 15:01:01 [INFO]   512 ENTREE MUSEE E=105929 S=0
2026-10-02 15:01:02 [INFO]   1208 TRI-MUS-55   E=26137 S=0
2026-10-02 15:01:02 [INFO]   1209 TRI-MUS-56   E=53333 S=0
2026-10-02 15:01:02 [INFO]   1210 TRI-MUS-57   E=26459 S=0
2026-10-02 15:01:02 [INFO]   1040 PDA.3.11     E=0 S=0
2026-10-02 15:01:02 [INFO] Compteurs du site (visites libres)
2026-10-02 15:01:02 [INFO]   749 TRI-NORV-27  E=593 S=30634
2026-10-02 15:01:02 [INFO]   750 TRI-NORV-28  E=29904 S=143
2026-10-02 15:01:02 [INFO]   751 TRI-NORV-PMR-29 E=2893 S=131
2026-10-02 15:01:02 [INFO]   transactions 14:46:01 -> 15:01:01 : 57 lues en 1 page(s), 36 musee, 21 site
2026-10-02 15:01:02 [INFO] Dialogue borne : 1.0 s
2026-10-02 15:01:02 [INFO] Visiteurs du 2026-10-02 : 247 (source compteur, compteur 247, transactions 247)
2026-10-02 15:01:03 [INFO] Site visites libres du 2026-10-02 : entrees 108, sorties 83, presents 25 (pic {'n': 34, 'heure': '14:47'}, source transactions)
2026-10-02 15:06:01 [INFO] Site visites libres : Visites libres 10h00 - 19h00 (fenetre 09:30-19:30)
2026-10-02 15:06:01 [INFO] Borne 192.168.2.10:5205 - compteurs du musee (Area 511 VISITES MUSEE)
2026-10-02 15:06:02 [INFO]   511 VISITES MUSEE E=105935 S=0
2026-10-02 15:06:02 [INFO]   512 ENTREE MUSEE E=105935 S=0
2026-10-02 15:06:02 [INFO]   1208 TRI-MUS-55   E=26139 S=0
2026-10-02 15:06:02 [INFO]   1209 TRI-MUS-56   E=53336 S=0
2026-10-02 15:06:02 [INFO]   1210 TRI-MUS-57   E=26460 S=0
2026-10-02 15:06:02 [INFO]   1040 PDA.3.11     E=0 S=0
2026-10-02 15:06:02 [INFO] Compteurs du site (visites libres)
2026-10-02 15:06:02 [INFO]   749 TRI-NORV-27  E=593 S=30636
2026-10-02 15:06:02 [INFO]   750 TRI-NORV-28  E=29906 S=143
2026-10-02 15:06:02 [INFO]   751 TRI-NORV-PMR-29 E=2893 S=131
2026-10-02 15:06:02 [INFO]   transactions 14:51:01 -> 15:06:01 : 51 lues en 1 page(s), 34 musee, 17 site
2026-10-02 15:06:02 [INFO] Dialogue borne : 1.0 s
2026-10-02 15:06:02 [INFO] Visiteurs du 2026-10-02 : 253 (source compteur, compteur 253, transactions 253)
2026-10-02 15:06:03 [INFO] Site visites libres du 2026-10-02 : entrees 110, sorties 83, presents 27 (pic {'n': 34, 'heure': '14:47'}, source transactions)
2026-10-02 15:11:01 [INFO] Site visites libres : Visites libres 10h00 - 19h00 (fenetre 09:30-19:30)
2026-10-02 15:11:01 [INFO] Borne 192.168.2.10:5205 - compteurs du musee (Area 511 VISITES MUSEE)
2026-10-02 15:11:01 [INFO]   511 VISITES MUSEE E=105940 S=0
2026-10-02 15:11:02 [INFO]   512 ENTREE MUSEE E=105940 S=0
2026-10-02 15:11:02 [INFO]   1208 TRI-MUS-55   E=26141 S=0
2026-10-02 15:11:02 [INFO]   1209 TRI-MUS-56   E=53338 S=0
2026-10-02 15:11:02 [INFO]   1210 TRI-MUS-57   E=26461 S=0
2026-10-02 15:11:02 [INFO]   1040 PDA.3.11     E=0 S=0
2026-10-02 15:11:02 [INFO] Compteurs du site (visites libres)
2026-10-02 15:11:02 [INFO]   749 TRI-NORV-27  E=593 S=30638
2026-10-02 15:11:02 [INFO]   750 TRI-NORV-28  E=29906 S=143
2026-10-02 15:11:02 [INFO]   751 TRI-NORV-PMR-29 E=2893 S=131
2026-10-02 15:11:02 [INFO]   transactions 14:56:01 -> 15:11:01 : 47 lues en 1 page(s), 26 musee, 21 site
2026-10-02 15:11:02 [INFO] Dialogue borne : 1.0 s
2026-10-02 15:11:02 [INFO] Visiteurs du 2026-10-02 : 258 (source compteur, compteur 258, transactions 258)
2026-10-02 15:11:02 [INFO] Site visites libres du 2026-10-02 : entrees 110, sorties 87, presents 23 (pic {'n': 34, 'heure': '14:47'}, source transactions)
2026-10-02 15:16:01 [INFO] Site visites libres : Visites libres 10h00 - 19h00 (fenetre 09:30-19:30)
2026-10-02 15:16:01 [INFO] Borne 192.168.2.10:5205 - compteurs du musee (Area 511 VISITES MUSEE)
2026-10-02 15:16:02 [INFO]   511 VISITES MUSEE E=105953 S=0
2026-10-02 15:16:02 [INFO]   512 ENTREE MUSEE E=105953 S=0
2026-10-02 15:16:02 [INFO]   1208 TRI-MUS-55   E=26146 S=0
2026-10-02 15:16:02 [INFO]   1209 TRI-MUS-56   E=53341 S=0
2026-10-02 15:16:02 [INFO]   1210 TRI-MUS-57   E=26466 S=0
2026-10-02 15:16:02 [INFO]   1040 PDA.3.11     E=0 S=0
2026-10-02 15:16:02 [INFO] Compteurs du site (visites libres)
2026-10-02 15:16:02 [INFO]   749 TRI-NORV-27  E=593 S=30640
2026-10-02 15:16:02 [INFO]   750 TRI-NORV-28  E=29906 S=143
2026-10-02 15:16:02 [INFO]   751 TRI-NORV-PMR-29 E=2893 S=131
2026-10-02 15:16:02 [INFO]   transactions 15:01:01 -> 15:16:01 : 27 lues en 1 page(s), 19 musee, 8 site
2026-10-02 15:16:02 [INFO] Dialogue borne : 1.1 s
2026-10-02 15:16:03 [INFO] Visiteurs du 2026-10-02 : 271 (source compteur, compteur 271, transactions 266)
2026-10-02 15:16:03 [INFO] Site visites libres du 2026-10-02 : entrees 110, sorties 89, presents 21 (pic {'n': 34, 'heure': '14:47'}, source transactions)
2026-10-02 15:21:01 [INFO] Site visites libres : Visites libres 10h00 - 19h00 (fenetre 09:30-19:30)
2026-10-02 15:21:01 [INFO] Borne 192.168.2.10:5205 - compteurs du musee (Area 511 VISITES MUSEE)
2026-10-02 15:21:02 [INFO]   511 VISITES MUSEE E=105961 S=0
2026-10-02 15:21:02 [INFO]   512 ENTREE MUSEE E=105961 S=0
2026-10-02 15:21:02 [INFO]   1208 TRI-MUS-55   E=26148 S=0
2026-10-02 15:21:02 [INFO]   1209 TRI-MUS-56   E=53345 S=0
2026-10-02 15:21:02 [INFO]   1210 TRI-MUS-57   E=26468 S=0
2026-10-02 15:21:02 [INFO]   1040 PDA.3.11     E=0 S=0
2026-10-02 15:21:02 [INFO] Compteurs du site (visites libres)
2026-10-02 15:21:02 [INFO]   749 TRI-NORV-27  E=593 S=30640
2026-10-02 15:21:02 [INFO]   750 TRI-NORV-28  E=29911 S=143
2026-10-02 15:21:02 [INFO]   751 TRI-NORV-PMR-29 E=2893 S=131
2026-10-02 15:21:02 [INFO]   transactions 15:06:01 -> 15:21:01 : 33 lues en 1 page(s), 24 musee, 9 site
2026-10-02 15:21:02 [INFO] Dialogue borne : 1.0 s
2026-10-02 15:21:02 [INFO] Visiteurs du 2026-10-02 : 279 (source compteur, compteur 279, transactions 277)
2026-10-02 15:21:03 [INFO] Site visites libres du 2026-10-02 : entrees 115, sorties 89, presents 26 (pic {'n': 34, 'heure': '14:47'}, source transactions)
2026-10-02 15:26:01 [INFO] Site visites libres : Visites libres 10h00 - 19h00 (fenetre 09:30-19:30)
2026-10-02 15:26:01 [INFO] Borne 192.168.2.10:5205 - compteurs du musee (Area 511 VISITES MUSEE)
2026-10-02 15:26:02 [INFO]   511 VISITES MUSEE E=105963 S=0
2026-10-02 15:26:02 [INFO]   512 ENTREE MUSEE E=105963 S=0
2026-10-02 15:26:02 [INFO]   1208 TRI-MUS-55   E=26148 S=0
2026-10-02 15:26:02 [INFO]   1209 TRI-MUS-56   E=53346 S=0
2026-10-02 15:26:02 [INFO]   1210 TRI-MUS-57   E=26469 S=0
2026-10-02 15:26:02 [INFO]   1040 PDA.3.11     E=0 S=0
2026-10-02 15:26:02 [INFO] Compteurs du site (visites libres)
2026-10-02 15:26:02 [INFO]   749 TRI-NORV-27  E=593 S=30640
2026-10-02 15:26:02 [INFO]   750 TRI-NORV-28  E=29914 S=143
2026-10-02 15:26:02 [INFO]   751 TRI-NORV-PMR-29 E=2893 S=131
2026-10-02 15:26:02 [INFO]   transactions 15:11:01 -> 15:26:01 : 33 lues en 1 page(s), 23 musee, 10 site
2026-10-02 15:26:02 [INFO] Dialogue borne : 1.1 s
2026-10-02 15:26:03 [INFO] Visiteurs du 2026-10-02 : 281 (source compteur, compteur 281, transactions 281)
2026-10-02 15:26:03 [INFO] Site visites libres du 2026-10-02 : entrees 118, sorties 89, presents 29 (pic {'n': 34, 'heure': '14:47'}, source transactions)
2026-10-02 15:31:01 [INFO] Site visites libres : Visites libres 10h00 - 19h00 (fenetre 09:30-19:30)
2026-10-02 15:31:01 [INFO] Borne 192.168.2.10:5205 - compteurs du musee (Area 511 VISITES MUSEE)
2026-10-02 15:31:02 [INFO]   511 VISITES MUSEE E=105964 S=0
2026-10-02 15:31:02 [INFO]   512 ENTREE MUSEE E=105964 S=0
2026-10-02 15:31:02 [INFO]   1208 TRI-MUS-55   E=26148 S=0
2026-10-02 15:31:02 [INFO]   1209 TRI-MUS-56   E=53346 S=0
2026-10-02 15:31:02 [INFO]   1210 TRI-MUS-57   E=26470 S=0
2026-10-02 15:31:02 [INFO]   1040 PDA.3.11     E=0 S=0
2026-10-02 15:31:02 [INFO] Compteurs du site (visites libres)
2026-10-02 15:31:02 [INFO]   749 TRI-NORV-27  E=593 S=30644
2026-10-02 15:31:02 [INFO]   750 TRI-NORV-28  E=29914 S=143
2026-10-02 15:31:02 [INFO]   751 TRI-NORV-PMR-29 E=2893 S=131
2026-10-02 15:31:02 [INFO]   transactions 15:16:01 -> 15:31:01 : 23 lues en 1 page(s), 11 musee, 12 site
2026-10-02 15:31:02 [INFO] Dialogue borne : 0.9 s
2026-10-02 15:31:02 [INFO] Visiteurs du 2026-10-02 : 282 (source compteur, compteur 282, transactions 282)
2026-10-02 15:31:02 [INFO] Site visites libres du 2026-10-02 : entrees 118, sorties 93, presents 25 (pic {'n': 34, 'heure': '14:47'}, source transactions)
2026-10-02 15:36:01 [INFO] Site visites libres : Visites libres 10h00 - 19h00 (fenetre 09:30-19:30)
2026-10-02 15:36:01 [INFO] Borne 192.168.2.10:5205 - compteurs du musee (Area 511 VISITES MUSEE)
2026-10-02 15:36:01 [INFO]   511 VISITES MUSEE E=105972 S=0
2026-10-02 15:36:01 [INFO]   512 ENTREE MUSEE E=105972 S=0
2026-10-02 15:36:02 [INFO]   1208 TRI-MUS-55   E=26151 S=0
2026-10-02 15:36:02 [INFO]   1209 TRI-MUS-56   E=53348 S=0
2026-10-02 15:36:02 [INFO]   1210 TRI-MUS-57   E=26473 S=0
2026-10-02 15:36:02 [INFO]   1040 PDA.3.11     E=0 S=0
2026-10-02 15:36:02 [INFO] Compteurs du site (visites libres)
2026-10-02 15:36:02 [INFO]   749 TRI-NORV-27  E=593 S=30648
2026-10-02 15:36:02 [INFO]   750 TRI-NORV-28  E=29918 S=143
2026-10-02 15:36:02 [INFO]   751 TRI-NORV-PMR-29 E=2893 S=131
2026-10-02 15:36:02 [INFO]   transactions 15:21:01 -> 15:36:01 : 26 lues en 1 page(s), 11 musee, 15 site
2026-10-02 15:36:02 [INFO] Dialogue borne : 0.9 s
2026-10-02 15:36:02 [INFO] Visiteurs du 2026-10-02 : 290 (source compteur, compteur 290, transactions 290)
2026-10-02 15:36:02 [INFO] Site visites libres du 2026-10-02 : entrees 122, sorties 97, presents 25 (pic {'n': 34, 'heure': '14:47'}, source transactions)
2026-10-02 15:41:01 [INFO] Site visites libres : Visites libres 10h00 - 19h00 (fenetre 09:30-19:30)
2026-10-02 15:41:01 [INFO] Borne 192.168.2.10:5205 - compteurs du musee (Area 511 VISITES MUSEE)
2026-10-02 15:41:02 [INFO]   511 VISITES MUSEE E=105978 S=0
2026-10-02 15:41:02 [INFO]   512 ENTREE MUSEE E=105978 S=0
2026-10-02 15:41:02 [INFO]   1208 TRI-MUS-55   E=26153 S=0
2026-10-02 15:41:02 [INFO]   1209 TRI-MUS-56   E=53350 S=0
2026-10-02 15:41:02 [INFO]   1210 TRI-MUS-57   E=26475 S=0
2026-10-02 15:41:02 [INFO]   1040 PDA.3.11     E=0 S=0
2026-10-02 15:41:02 [INFO] Compteurs du site (visites libres)
2026-10-02 15:41:02 [INFO]   749 TRI-NORV-27  E=593 S=30648
2026-10-02 15:41:02 [INFO]   750 TRI-NORV-28  E=29920 S=143
2026-10-02 15:41:02 [INFO]   751 TRI-NORV-PMR-29 E=2893 S=131
2026-10-02 15:41:02 [INFO]   transactions 15:26:01 -> 15:41:01 : 29 lues en 1 page(s), 15 musee, 14 site
2026-10-02 15:41:02 [INFO] Dialogue borne : 1.0 s
2026-10-02 15:41:02 [INFO] Visiteurs du 2026-10-02 : 296 (source compteur, compteur 296, transactions 296)
2026-10-02 15:41:02 [INFO] Site visites libres du 2026-10-02 : entrees 124, sorties 97, presents 27 (pic {'n': 34, 'heure': '14:47'}, source transactions)
2026-10-02 15:46:01 [INFO] Site visites libres : Visites libres 10h00 - 19h00 (fenetre 09:30-19:30)
2026-10-02 15:46:01 [INFO] Borne 192.168.2.10:5205 - compteurs du musee (Area 511 VISITES MUSEE)
2026-10-02 15:46:01 [INFO]   511 VISITES MUSEE E=105978 S=0
2026-10-02 15:46:02 [INFO]   512 ENTREE MUSEE E=105978 S=0
2026-10-02 15:46:02 [INFO]   1208 TRI-MUS-55   E=26153 S=0
2026-10-02 15:46:02 [INFO]   1209 TRI-MUS-56   E=53350 S=0
2026-10-02 15:46:02 [INFO]   1210 TRI-MUS-57   E=26475 S=0
2026-10-02 15:46:02 [INFO]   1040 PDA.3.11     E=0 S=0
2026-10-02 15:46:02 [INFO] Compteurs du site (visites libres)
2026-10-02 15:46:02 [INFO]   749 TRI-NORV-27  E=593 S=30650
2026-10-02 15:46:02 [INFO]   750 TRI-NORV-28  E=29930 S=143
2026-10-02 15:46:02 [INFO]   751 TRI-NORV-PMR-29 E=2893 S=131
2026-10-02 15:46:02 [INFO]   transactions 15:31:01 -> 15:46:01 : 36 lues en 1 page(s), 14 musee, 22 site
2026-10-02 15:46:02 [INFO] Dialogue borne : 0.9 s
2026-10-02 15:46:02 [INFO] Visiteurs du 2026-10-02 : 296 (source compteur, compteur 296, transactions 296)
2026-10-02 15:46:02 [INFO] Site visites libres du 2026-10-02 : entrees 134, sorties 99, presents 35 (pic {'n': 37, 'heure': '15:42'}, source transactions)
2026-10-02 15:51:01 [INFO] Site visites libres : Visites libres 10h00 - 19h00 (fenetre 09:30-19:30)
2026-10-02 15:51:01 [INFO] Borne 192.168.2.10:5205 - compteurs du musee (Area 511 VISITES MUSEE)
2026-10-02 15:51:02 [INFO]   511 VISITES MUSEE E=105988 S=0
2026-10-02 15:51:02 [INFO]   512 ENTREE MUSEE E=105988 S=0
2026-10-02 15:51:02 [INFO]   1208 TRI-MUS-55   E=26157 S=0
2026-10-02 15:51:02 [INFO]   1209 TRI-MUS-56   E=53354 S=0
2026-10-02 15:51:02 [INFO]   1210 TRI-MUS-57   E=26477 S=0
2026-10-02 15:51:02 [INFO]   1040 PDA.3.11     E=0 S=0
2026-10-02 15:51:02 [INFO] Compteurs du site (visites libres)
2026-10-02 15:51:02 [INFO]   749 TRI-NORV-27  E=593 S=30652
2026-10-02 15:51:02 [INFO]   750 TRI-NORV-28  E=29932 S=143
2026-10-02 15:51:02 [INFO]   751 TRI-NORV-PMR-29 E=2893 S=131
2026-10-02 15:51:02 [INFO]   transactions 15:36:01 -> 15:51:01 : 35 lues en 1 page(s), 15 musee, 20 site
2026-10-02 15:51:02 [INFO] Dialogue borne : 1.1 s
2026-10-02 15:51:03 [INFO] Visiteurs du 2026-10-02 : 306 (source compteur, compteur 306, transactions 304)
2026-10-02 15:51:03 [INFO] Site visites libres du 2026-10-02 : entrees 136, sorties 101, presents 35 (pic {'n': 37, 'heure': '15:42'}, source transactions)
2026-10-02 15:56:01 [INFO] Site visites libres : Visites libres 10h00 - 19h00 (fenetre 09:30-19:30)
2026-10-02 15:56:01 [INFO] Borne 192.168.2.10:5205 - compteurs du musee (Area 511 VISITES MUSEE)
2026-10-02 15:56:02 [INFO]   511 VISITES MUSEE E=106001 S=0
2026-10-02 15:56:02 [INFO]   512 ENTREE MUSEE E=106001 S=0
2026-10-02 15:56:02 [INFO]   1208 TRI-MUS-55   E=26162 S=0
2026-10-02 15:56:02 [INFO]   1209 TRI-MUS-56   E=53358 S=0
2026-10-02 15:56:02 [INFO]   1210 TRI-MUS-57   E=26481 S=0
2026-10-02 15:56:02 [INFO]   1040 PDA.3.11     E=0 S=0
2026-10-02 15:56:02 [INFO] Compteurs du site (visites libres)
2026-10-02 15:56:02 [INFO]   749 TRI-NORV-27  E=593 S=30655
2026-10-02 15:56:02 [INFO]   750 TRI-NORV-28  E=29934 S=143
2026-10-02 15:56:02 [INFO]   751 TRI-NORV-PMR-29 E=2893 S=131
2026-10-02 15:56:02 [INFO]   transactions 15:41:01 -> 15:56:01 : 46 lues en 1 page(s), 23 musee, 23 site
2026-10-02 15:56:02 [INFO] Dialogue borne : 0.9 s
2026-10-02 15:56:02 [INFO] Visiteurs du 2026-10-02 : 319 (source compteur, compteur 319, transactions 318)
2026-10-02 15:56:02 [INFO] Site visites libres du 2026-10-02 : entrees 138, sorties 104, presents 34 (pic {'n': 37, 'heure': '15:42'}, source transactions)
2026-10-02 16:01:01 [INFO] Site visites libres : Visites libres 10h00 - 19h00 (fenetre 09:30-19:30)
2026-10-02 16:01:01 [INFO] Borne 192.168.2.10:5205 - compteurs du musee (Area 511 VISITES MUSEE)
2026-10-02 16:01:01 [INFO]   511 VISITES MUSEE E=106001 S=0
2026-10-02 16:01:01 [INFO]   512 ENTREE MUSEE E=106001 S=0
2026-10-02 16:01:01 [INFO]   1208 TRI-MUS-55   E=26162 S=0
2026-10-02 16:01:02 [INFO]   1209 TRI-MUS-56   E=53358 S=0
2026-10-02 16:01:02 [INFO]   1210 TRI-MUS-57   E=26481 S=0
2026-10-02 16:01:02 [INFO]   1040 PDA.3.11     E=0 S=0
2026-10-02 16:01:02 [INFO] Compteurs du site (visites libres)
2026-10-02 16:01:02 [INFO]   749 TRI-NORV-27  E=593 S=30656
2026-10-02 16:01:02 [INFO]   750 TRI-NORV-28  E=29934 S=143
2026-10-02 16:01:02 [INFO]   751 TRI-NORV-PMR-29 E=2893 S=131
2026-10-02 16:01:02 [INFO]   transactions 15:46:01 -> 16:01:01 : 36 lues en 1 page(s), 24 musee, 12 site
2026-10-02 16:01:02 [INFO] Dialogue borne : 0.9 s
2026-10-02 16:01:02 [INFO] Visiteurs du 2026-10-02 : 319 (source compteur, compteur 319, transactions 319)
2026-10-02 16:01:02 [INFO] Site visites libres du 2026-10-02 : entrees 138, sorties 105, presents 33 (pic {'n': 37, 'heure': '15:42'}, source transactions)
2026-10-02 16:06:01 [INFO] Site visites libres : Visites libres 10h00 - 19h00 (fenetre 09:30-19:30)
2026-10-02 16:06:02 [INFO] Borne 192.168.2.10:5205 - compteurs du musee (Area 511 VISITES MUSEE)
2026-10-02 16:06:02 [INFO]   511 VISITES MUSEE E=106003 S=0
2026-10-02 16:06:02 [INFO]   512 ENTREE MUSEE E=106003 S=0
2026-10-02 16:06:02 [INFO]   1208 TRI-MUS-55   E=26162 S=0
2026-10-02 16:06:02 [INFO]   1209 TRI-MUS-56   E=53359 S=0
2026-10-02 16:06:02 [INFO]   1210 TRI-MUS-57   E=26482 S=0
2026-10-02 16:06:02 [INFO]   1040 PDA.3.11     E=0 S=0
2026-10-02 16:06:02 [INFO] Compteurs du site (visites libres)
2026-10-02 16:06:02 [INFO]   749 TRI-NORV-27  E=593 S=30661
2026-10-02 16:06:02 [INFO]   750 TRI-NORV-28  E=29934 S=143
2026-10-02 16:06:02 [INFO]   751 TRI-NORV-PMR-29 E=2893 S=131
2026-10-02 16:06:03 [INFO]   transactions 15:51:01 -> 16:06:01 : 27 lues en 1 page(s), 16 musee, 11 site
2026-10-02 16:06:03 [INFO] Dialogue borne : 1.1 s
2026-10-02 16:06:03 [INFO] Visiteurs du 2026-10-02 : 321 (source compteur, compteur 321, transactions 321)
2026-10-02 16:06:03 [INFO] Site visites libres du 2026-10-02 : entrees 138, sorties 110, presents 28 (pic {'n': 37, 'heure': '15:42'}, source transactions)
2026-10-02 16:11:01 [INFO] Site visites libres : Visites libres 10h00 - 19h00 (fenetre 09:30-19:30)
2026-10-02 16:11:01 [INFO] Borne 192.168.2.10:5205 - compteurs du musee (Area 511 VISITES MUSEE)
2026-10-02 16:11:02 [INFO]   511 VISITES MUSEE E=106004 S=0
2026-10-02 16:11:02 [INFO]   512 ENTREE MUSEE E=106004 S=0
2026-10-02 16:11:02 [INFO]   1208 TRI-MUS-55   E=26162 S=0
2026-10-02 16:11:02 [INFO]   1209 TRI-MUS-56   E=53359 S=0
2026-10-02 16:11:02 [INFO]   1210 TRI-MUS-57   E=26483 S=0
2026-10-02 16:11:02 [INFO]   1040 PDA.3.11     E=0 S=0
2026-10-02 16:11:02 [INFO] Compteurs du site (visites libres)
2026-10-02 16:11:02 [INFO]   749 TRI-NORV-27  E=593 S=30661
2026-10-02 16:11:02 [INFO]   750 TRI-NORV-28  E=29942 S=143
2026-10-02 16:11:02 [INFO]   751 TRI-NORV-PMR-29 E=2893 S=131
2026-10-02 16:11:03 [INFO]   transactions 15:56:01 -> 16:11:01 : 15 lues en 1 page(s), 3 musee, 12 site
2026-10-02 16:11:03 [INFO] Dialogue borne : 1.1 s
2026-10-02 16:11:03 [INFO] Visiteurs du 2026-10-02 : 322 (source compteur, compteur 322, transactions 322)
2026-10-02 16:11:03 [INFO] Site visites libres du 2026-10-02 : entrees 144, sorties 110, presents 34 (pic {'n': 37, 'heure': '15:42'}, source transactions)
2026-10-02 16:16:01 [INFO] Site visites libres : Visites libres 10h00 - 19h00 (fenetre 09:30-19:30)
2026-10-02 16:16:02 [INFO] Borne 192.168.2.10:5205 - compteurs du musee (Area 511 VISITES MUSEE)
2026-10-02 16:16:02 [INFO]   511 VISITES MUSEE E=106011 S=0
2026-10-02 16:16:02 [INFO]   512 ENTREE MUSEE E=106011 S=0
2026-10-02 16:16:02 [INFO]   1208 TRI-MUS-55   E=26163 S=0
2026-10-02 16:16:02 [INFO]   1209 TRI-MUS-56   E=53361 S=0
2026-10-02 16:16:02 [INFO]   1210 TRI-MUS-57   E=26487 S=0
2026-10-02 16:16:02 [INFO]   1040 PDA.3.11     E=0 S=0
2026-10-02 16:16:02 [INFO] Compteurs du site (visites libres)
2026-10-02 16:16:02 [INFO]   749 TRI-NORV-27  E=593 S=30666
2026-10-02 16:16:02 [INFO]   750 TRI-NORV-28  E=29946 S=143
2026-10-02 16:16:02 [INFO]   751 TRI-NORV-PMR-29 E=2893 S=131
2026-10-02 16:16:02 [INFO]   transactions 16:01:01 -> 16:16:01 : 33 lues en 1 page(s), 10 musee, 23 site
2026-10-02 16:16:02 [INFO] Dialogue borne : 0.9 s
2026-10-02 16:16:02 [INFO] Visiteurs du 2026-10-02 : 329 (source compteur, compteur 329, transactions 328)
2026-10-02 16:16:03 [INFO] Site visites libres du 2026-10-02 : entrees 150, sorties 115, presents 35 (pic {'n': 37, 'heure': '15:42'}, source transactions)
2026-10-02 16:21:01 [INFO] Site visites libres : Visites libres 10h00 - 19h00 (fenetre 09:30-19:30)
2026-10-02 16:21:02 [INFO] Borne 192.168.2.10:5205 - compteurs du musee (Area 511 VISITES MUSEE)
2026-10-02 16:21:02 [INFO]   511 VISITES MUSEE E=106011 S=0
2026-10-02 16:21:02 [INFO]   512 ENTREE MUSEE E=106011 S=0
2026-10-02 16:21:02 [INFO]   1208 TRI-MUS-55   E=26163 S=0
2026-10-02 16:21:02 [INFO]   1209 TRI-MUS-56   E=53361 S=0
2026-10-02 16:21:02 [INFO]   1210 TRI-MUS-57   E=26487 S=0
2026-10-02 16:21:02 [INFO]   1040 PDA.3.11     E=0 S=0
2026-10-02 16:21:02 [INFO] Compteurs du site (visites libres)
2026-10-02 16:21:02 [INFO]   749 TRI-NORV-27  E=593 S=30668
2026-10-02 16:21:02 [INFO]   750 TRI-NORV-28  E=29955 S=143
2026-10-02 16:21:02 [INFO]   751 TRI-NORV-PMR-29 E=2893 S=131
2026-10-02 16:21:03 [INFO]   transactions 16:06:01 -> 16:21:01 : 38 lues en 1 page(s), 9 musee, 29 site
2026-10-02 16:21:03 [INFO] Dialogue borne : 1.1 s
2026-10-02 16:21:03 [INFO] Visiteurs du 2026-10-02 : 329 (source compteur, compteur 329, transactions 329)
2026-10-02 16:21:03 [INFO] Site visites libres du 2026-10-02 : entrees 159, sorties 117, presents 42 (pic {'n': 42, 'heure': '16:20'}, source transactions)
2026-10-02 16:26:02 [INFO] Site visites libres : Visites libres 10h00 - 19h00 (fenetre 09:30-19:30)
2026-10-02 16:26:02 [INFO] Borne 192.168.2.10:5205 - compteurs du musee (Area 511 VISITES MUSEE)
2026-10-02 16:26:02 [INFO]   511 VISITES MUSEE E=106012 S=0
2026-10-02 16:26:02 [INFO]   512 ENTREE MUSEE E=106012 S=0
2026-10-02 16:26:02 [INFO]   1208 TRI-MUS-55   E=26163 S=0
2026-10-02 16:26:02 [INFO]   1209 TRI-MUS-56   E=53361 S=0
2026-10-02 16:26:02 [INFO]   1210 TRI-MUS-57   E=26488 S=0
2026-10-02 16:26:02 [INFO]   1040 PDA.3.11     E=0 S=0
2026-10-02 16:26:02 [INFO] Compteurs du site (visites libres)
2026-10-02 16:26:02 [INFO]   749 TRI-NORV-27  E=593 S=30670
2026-10-02 16:26:02 [INFO]   750 TRI-NORV-28  E=29958 S=143
2026-10-02 16:26:02 [INFO]   751 TRI-NORV-PMR-29 E=2893 S=131
2026-10-02 16:26:03 [INFO]   transactions 16:11:01 -> 16:26:02 : 35 lues en 1 page(s), 9 musee, 26 site
2026-10-02 16:26:03 [INFO] Dialogue borne : 1.1 s
2026-10-02 16:26:03 [INFO] Visiteurs du 2026-10-02 : 330 (source compteur, compteur 330, transactions 330)
2026-10-02 16:26:03 [INFO] Site visites libres du 2026-10-02 : entrees 162, sorties 119, presents 43 (pic {'n': 43, 'heure': '16:23'}, source transactions)
2026-10-02 16:31:01 [INFO] Site visites libres : Visites libres 10h00 - 19h00 (fenetre 09:30-19:30)
2026-10-02 16:31:02 [INFO] Borne 192.168.2.10:5205 - compteurs du musee (Area 511 VISITES MUSEE)
2026-10-02 16:31:02 [INFO]   511 VISITES MUSEE E=106016 S=0
2026-10-02 16:31:02 [INFO]   512 ENTREE MUSEE E=106016 S=0
2026-10-02 16:31:02 [INFO]   1208 TRI-MUS-55   E=26163 S=0
2026-10-02 16:31:02 [INFO]   1209 TRI-MUS-56   E=53364 S=0
2026-10-02 16:31:02 [INFO]   1210 TRI-MUS-57   E=26489 S=0
2026-10-02 16:31:02 [INFO]   1040 PDA.3.11     E=0 S=0
2026-10-02 16:31:02 [INFO] Compteurs du site (visites libres)
2026-10-02 16:31:02 [INFO]   749 TRI-NORV-27  E=593 S=30680
2026-10-02 16:31:02 [INFO]   750 TRI-NORV-28  E=29958 S=143
2026-10-02 16:31:02 [INFO]   751 TRI-NORV-PMR-29 E=2893 S=131
2026-10-02 16:31:03 [INFO]   transactions 16:16:02 -> 16:31:01 : 34 lues en 1 page(s), 8 musee, 26 site
2026-10-02 16:31:03 [INFO] Dialogue borne : 1.1 s
2026-10-02 16:31:03 [INFO] Visiteurs du 2026-10-02 : 334 (source compteur, compteur 334, transactions 334)
2026-10-02 16:31:03 [INFO] Site visites libres du 2026-10-02 : entrees 162, sorties 129, presents 33 (pic {'n': 43, 'heure': '16:23'}, source transactions)
2026-10-02 16:36:01 [INFO] Site visites libres : Visites libres 10h00 - 19h00 (fenetre 09:30-19:30)
2026-10-02 16:36:01 [INFO] Borne 192.168.2.10:5205 - compteurs du musee (Area 511 VISITES MUSEE)
2026-10-02 16:36:02 [INFO]   511 VISITES MUSEE E=106022 S=0
2026-10-02 16:36:02 [INFO]   512 ENTREE MUSEE E=106022 S=0
2026-10-02 16:36:02 [INFO]   1208 TRI-MUS-55   E=26164 S=0
2026-10-02 16:36:02 [INFO]   1209 TRI-MUS-56   E=53366 S=0
2026-10-02 16:36:02 [INFO]   1210 TRI-MUS-57   E=26492 S=0
2026-10-02 16:36:02 [INFO]   1040 PDA.3.11     E=0 S=0
2026-10-02 16:36:02 [INFO] Compteurs du site (visites libres)
2026-10-02 16:36:02 [INFO]   749 TRI-NORV-27  E=593 S=30680
2026-10-02 16:36:02 [INFO]   750 TRI-NORV-28  E=29958 S=143
2026-10-02 16:36:02 [INFO]   751 TRI-NORV-PMR-29 E=2893 S=131
2026-10-02 16:36:02 [INFO]   transactions 16:21:01 -> 16:36:01 : 29 lues en 1 page(s), 14 musee, 15 site
2026-10-02 16:36:02 [INFO] Dialogue borne : 0.9 s
2026-10-02 16:36:02 [INFO] Visiteurs du 2026-10-02 : 340 (source compteur, compteur 340, transactions 340)
2026-10-02 16:36:02 [INFO] Site visites libres du 2026-10-02 : entrees 162, sorties 129, presents 33 (pic {'n': 43, 'heure': '16:23'}, source transactions)
2026-10-02 16:41:01 [INFO] Site visites libres : Visites libres 10h00 - 19h00 (fenetre 09:30-19:30)
2026-10-02 16:41:01 [INFO] Borne 192.168.2.10:5205 - compteurs du musee (Area 511 VISITES MUSEE)
2026-10-02 16:41:02 [INFO]   511 VISITES MUSEE E=106022 S=0
2026-10-02 16:41:02 [INFO]   512 ENTREE MUSEE E=106022 S=0
2026-10-02 16:41:02 [INFO]   1208 TRI-MUS-55   E=26164 S=0
2026-10-02 16:41:02 [INFO]   1209 TRI-MUS-56   E=53366 S=0
2026-10-02 16:41:02 [INFO]   1210 TRI-MUS-57   E=26492 S=0
2026-10-02 16:41:02 [INFO]   1040 PDA.3.11     E=0 S=0
2026-10-02 16:41:02 [INFO] Compteurs du site (visites libres)
2026-10-02 16:41:02 [INFO]   749 TRI-NORV-27  E=593 S=30681
2026-10-02 16:41:02 [INFO]   750 TRI-NORV-28  E=29960 S=143
2026-10-02 16:41:02 [INFO]   751 TRI-NORV-PMR-29 E=2893 S=131
2026-10-02 16:41:03 [INFO]   transactions 16:26:01 -> 16:41:01 : 25 lues en 1 page(s), 13 musee, 12 site
2026-10-02 16:41:03 [INFO] Dialogue borne : 1.2 s
2026-10-02 16:41:03 [INFO] Visiteurs du 2026-10-02 : 340 (source compteur, compteur 340, transactions 340)
2026-10-02 16:41:03 [INFO] Site visites libres du 2026-10-02 : entrees 164, sorties 129, presents 35 (pic {'n': 43, 'heure': '16:23'}, source transactions)
2026-10-02 16:46:01 [INFO] Site visites libres : Visites libres 10h00 - 19h00 (fenetre 09:30-19:30)
2026-10-02 16:46:02 [INFO] Borne 192.168.2.10:5205 - compteurs du musee (Area 511 VISITES MUSEE)
2026-10-02 16:46:02 [INFO]   511 VISITES MUSEE E=106026 S=0
2026-10-02 16:46:02 [INFO]   512 ENTREE MUSEE E=106026 S=0
2026-10-02 16:46:02 [INFO]   1208 TRI-MUS-55   E=26164 S=0
2026-10-02 16:46:02 [INFO]   1209 TRI-MUS-56   E=53368 S=0
2026-10-02 16:46:02 [INFO]   1210 TRI-MUS-57   E=26494 S=0
2026-10-02 16:46:02 [INFO]   1040 PDA.3.11     E=0 S=0
2026-10-02 16:46:02 [INFO] Compteurs du site (visites libres)
2026-10-02 16:46:02 [INFO]   749 TRI-NORV-27  E=593 S=30681
2026-10-02 16:46:02 [INFO]   750 TRI-NORV-28  E=29966 S=143
2026-10-02 16:46:02 [INFO]   751 TRI-NORV-PMR-29 E=2893 S=131
2026-10-02 16:46:02 [INFO]   transactions 16:31:01 -> 16:46:01 : 19 lues en 1 page(s), 10 musee, 9 site
2026-10-02 16:46:02 [INFO] Dialogue borne : 0.9 s
2026-10-02 16:46:02 [INFO] Visiteurs du 2026-10-02 : 344 (source compteur, compteur 344, transactions 344)
2026-10-02 16:46:02 [INFO] Site visites libres du 2026-10-02 : entrees 170, sorties 130, presents 40 (pic {'n': 43, 'heure': '16:23'}, source transactions)
2026-10-02 16:51:01 [INFO] Site visites libres : Visites libres 10h00 - 19h00 (fenetre 09:30-19:30)
2026-10-02 16:51:01 [INFO] Borne 192.168.2.10:5205 - compteurs du musee (Area 511 VISITES MUSEE)
2026-10-02 16:51:02 [INFO]   511 VISITES MUSEE E=106026 S=0
2026-10-02 16:51:02 [INFO]   512 ENTREE MUSEE E=106026 S=0
2026-10-02 16:51:02 [INFO]   1208 TRI-MUS-55   E=26164 S=0
2026-10-02 16:51:02 [INFO]   1209 TRI-MUS-56   E=53368 S=0
2026-10-02 16:51:02 [INFO]   1210 TRI-MUS-57   E=26494 S=0
2026-10-02 16:51:02 [INFO]   1040 PDA.3.11     E=0 S=0
2026-10-02 16:51:02 [INFO] Compteurs du site (visites libres)
2026-10-02 16:51:02 [INFO]   749 TRI-NORV-27  E=593 S=30683
2026-10-02 16:51:02 [INFO]   750 TRI-NORV-28  E=29980 S=143
2026-10-02 16:51:02 [INFO]   751 TRI-NORV-PMR-29 E=2893 S=131
2026-10-02 16:51:02 [INFO]   transactions 16:36:01 -> 16:51:01 : 28 lues en 1 page(s), 4 musee, 24 site
2026-10-02 16:51:02 [INFO] Dialogue borne : 0.9 s
2026-10-02 16:51:02 [INFO] Visiteurs du 2026-10-02 : 344 (source compteur, compteur 344, transactions 344)
2026-10-02 16:51:02 [INFO] Site visites libres du 2026-10-02 : entrees 183, sorties 132, presents 51 (pic {'n': 51, 'heure': '16:50'}, source transactions)
2026-10-02 16:56:01 [INFO] Site visites libres : Visites libres 10h00 - 19h00 (fenetre 09:30-19:30)
2026-10-02 16:56:01 [INFO] Borne 192.168.2.10:5205 - compteurs du musee (Area 511 VISITES MUSEE)
2026-10-02 16:56:02 [INFO]   511 VISITES MUSEE E=106028 S=0
2026-10-02 16:56:02 [INFO]   512 ENTREE MUSEE E=106028 S=0
2026-10-02 16:56:02 [INFO]   1208 TRI-MUS-55   E=26166 S=0
2026-10-02 16:56:02 [INFO]   1209 TRI-MUS-56   E=53368 S=0
2026-10-02 16:56:02 [INFO]   1210 TRI-MUS-57   E=26494 S=0
2026-10-02 16:56:02 [INFO]   1040 PDA.3.11     E=0 S=0
2026-10-02 16:56:02 [INFO] Compteurs du site (visites libres)
2026-10-02 16:56:02 [INFO]   749 TRI-NORV-27  E=593 S=30683
2026-10-02 16:56:02 [INFO]   750 TRI-NORV-28  E=29984 S=143
2026-10-02 16:56:02 [INFO]   751 TRI-NORV-PMR-29 E=2893 S=131
2026-10-02 16:56:02 [INFO]   transactions 16:41:01 -> 16:56:01 : 32 lues en 1 page(s), 6 musee, 26 site
2026-10-02 16:56:02 [INFO] Dialogue borne : 1.1 s
2026-10-02 16:56:03 [INFO] Visiteurs du 2026-10-02 : 346 (source compteur, compteur 346, transactions 346)
2026-10-02 16:56:03 [INFO] Site visites libres du 2026-10-02 : entrees 188, sorties 132, presents 56 (pic {'n': 56, 'heure': '16:54'}, source transactions)
2026-10-02 17:01:01 [INFO] Site visites libres : Visites libres 10h00 - 19h00 (fenetre 09:30-19:30)
2026-10-02 17:01:01 [INFO] Borne 192.168.2.10:5205 - compteurs du musee (Area 511 VISITES MUSEE)
2026-10-02 17:01:02 [INFO]   511 VISITES MUSEE E=106028 S=0
2026-10-02 17:01:02 [INFO]   512 ENTREE MUSEE E=106028 S=0
2026-10-02 17:01:02 [INFO]   1208 TRI-MUS-55   E=26166 S=0
2026-10-02 17:01:02 [INFO]   1209 TRI-MUS-56   E=53368 S=0
2026-10-02 17:01:02 [INFO]   1210 TRI-MUS-57   E=26494 S=0
2026-10-02 17:01:02 [INFO]   1040 PDA.3.11     E=0 S=0
2026-10-02 17:01:02 [INFO] Compteurs du site (visites libres)
2026-10-02 17:01:02 [INFO]   749 TRI-NORV-27  E=593 S=30690
2026-10-02 17:01:02 [INFO]   750 TRI-NORV-28  E=29986 S=143
2026-10-02 17:01:02 [INFO]   751 TRI-NORV-PMR-29 E=2893 S=131
2026-10-02 17:01:02 [INFO]   transactions 16:46:01 -> 17:01:01 : 30 lues en 1 page(s), 2 musee, 28 site
2026-10-02 17:01:02 [INFO] Dialogue borne : 1.1 s
2026-10-02 17:01:02 [INFO] Visiteurs du 2026-10-02 : 346 (source compteur, compteur 346, transactions 346)
2026-10-02 17:01:03 [INFO] Site visites libres du 2026-10-02 : entrees 189, sorties 139, presents 50 (pic {'n': 56, 'heure': '16:54'}, source transactions)
2026-10-02 17:06:01 [INFO] Site visites libres : Visites libres 10h00 - 19h00 (fenetre 09:30-19:30)
2026-10-02 17:06:01 [INFO] Borne 192.168.2.10:5205 - compteurs du musee (Area 511 VISITES MUSEE)
2026-10-02 17:06:01 [INFO]   511 VISITES MUSEE E=106028 S=0
2026-10-02 17:06:01 [INFO]   512 ENTREE MUSEE E=106028 S=0
2026-10-02 17:06:02 [INFO]   1208 TRI-MUS-55   E=26166 S=0
2026-10-02 17:06:02 [INFO]   1209 TRI-MUS-56   E=53368 S=0
2026-10-02 17:06:02 [INFO]   1210 TRI-MUS-57   E=26494 S=0
2026-10-02 17:06:02 [INFO]   1040 PDA.3.11     E=0 S=0
2026-10-02 17:06:02 [INFO] Compteurs du site (visites libres)
2026-10-02 17:06:02 [INFO]   749 TRI-NORV-27  E=593 S=30696
2026-10-02 17:06:02 [INFO]   750 TRI-NORV-28  E=29990 S=143
2026-10-02 17:06:02 [INFO]   751 TRI-NORV-PMR-29 E=2893 S=131
2026-10-02 17:06:02 [INFO]   transactions 16:51:01 -> 17:06:01 : 23 lues en 1 page(s), 2 musee, 21 site
2026-10-02 17:06:02 [INFO] Dialogue borne : 0.9 s
2026-10-02 17:06:02 [INFO] Visiteurs du 2026-10-02 : 346 (source compteur, compteur 346, transactions 346)
2026-10-02 17:06:02 [INFO] Site visites libres du 2026-10-02 : entrees 194, sorties 143, presents 51 (pic {'n': 56, 'heure': '16:54'}, source transactions)
2026-10-02 17:11:01 [INFO] Site visites libres : Visites libres 10h00 - 19h00 (fenetre 09:30-19:30)
2026-10-02 17:11:01 [INFO] Borne 192.168.2.10:5205 - compteurs du musee (Area 511 VISITES MUSEE)
2026-10-02 17:11:02 [INFO]   511 VISITES MUSEE E=106028 S=0
2026-10-02 17:11:02 [INFO]   512 ENTREE MUSEE E=106028 S=0
2026-10-02 17:11:02 [INFO]   1208 TRI-MUS-55   E=26166 S=0
2026-10-02 17:11:02 [INFO]   1209 TRI-MUS-56   E=53368 S=0
2026-10-02 17:11:02 [INFO]   1210 TRI-MUS-57   E=26494 S=0
2026-10-02 17:11:02 [INFO]   1040 PDA.3.11     E=0 S=0
2026-10-02 17:11:02 [INFO] Compteurs du site (visites libres)
2026-10-02 17:11:02 [INFO]   749 TRI-NORV-27  E=593 S=30699
2026-10-02 17:11:02 [INFO]   750 TRI-NORV-28  E=30000 S=143
2026-10-02 17:11:02 [INFO]   751 TRI-NORV-PMR-29 E=2893 S=131
2026-10-02 17:11:02 [INFO]   transactions 16:56:01 -> 17:11:01 : 31 lues en 1 page(s), 0 musee, 31 site
2026-10-02 17:11:02 [INFO] Dialogue borne : 1.0 s
2026-10-02 17:11:02 [INFO] Visiteurs du 2026-10-02 : 346 (source compteur, compteur 346, transactions 346)
2026-10-02 17:11:02 [INFO] Site visites libres du 2026-10-02 : entrees 203, sorties 148, presents 55 (pic {'n': 56, 'heure': '16:54'}, source transactions)
2026-10-02 17:16:03 [INFO] Site visites libres : Visites libres 10h00 - 19h00 (fenetre 09:30-19:30)
2026-10-02 17:16:03 [INFO] Borne 192.168.2.10:5205 - compteurs du musee (Area 511 VISITES MUSEE)
2026-10-02 17:16:03 [INFO]   511 VISITES MUSEE E=106028 S=0
2026-10-02 17:16:03 [INFO]   512 ENTREE MUSEE E=106028 S=0
2026-10-02 17:16:03 [INFO]   1208 TRI-MUS-55   E=26166 S=0
2026-10-02 17:16:03 [INFO]   1209 TRI-MUS-56   E=53368 S=0
2026-10-02 17:16:03 [INFO]   1210 TRI-MUS-57   E=26494 S=0
2026-10-02 17:16:03 [INFO]   1040 PDA.3.11     E=0 S=0
2026-10-02 17:16:03 [INFO] Compteurs du site (visites libres)
2026-10-02 17:16:03 [INFO]   749 TRI-NORV-27  E=593 S=30700
2026-10-02 17:16:04 [INFO]   750 TRI-NORV-28  E=30003 S=143
2026-10-02 17:16:04 [INFO]   751 TRI-NORV-PMR-29 E=2893 S=131
2026-10-02 17:16:04 [INFO]   transactions 17:01:01 -> 17:16:03 : 27 lues en 1 page(s), 0 musee, 27 site
2026-10-02 17:16:04 [INFO] Dialogue borne : 0.9 s
2026-10-02 17:16:04 [INFO] Visiteurs du 2026-10-02 : 346 (source compteur, compteur 346, transactions 346)
2026-10-02 17:16:04 [INFO] Site visites libres du 2026-10-02 : entrees 207, sorties 149, presents 58 (pic {'n': 58, 'heure': '17:12'}, source transactions)
2026-10-02 17:21:01 [INFO] Site visites libres : Visites libres 10h00 - 19h00 (fenetre 09:30-19:30)
2026-10-02 17:21:01 [INFO] Borne 192.168.2.10:5205 - compteurs du musee (Area 511 VISITES MUSEE)
2026-10-02 17:21:02 [INFO]   511 VISITES MUSEE E=106028 S=0
2026-10-02 17:21:02 [INFO]   512 ENTREE MUSEE E=106028 S=0
2026-10-02 17:21:02 [INFO]   1208 TRI-MUS-55   E=26166 S=0
2026-10-02 17:21:02 [INFO]   1209 TRI-MUS-56   E=53368 S=0
2026-10-02 17:21:02 [INFO]   1210 TRI-MUS-57   E=26494 S=0
2026-10-02 17:21:02 [INFO]   1040 PDA.3.11     E=0 S=0
2026-10-02 17:21:02 [INFO] Compteurs du site (visites libres)
2026-10-02 17:21:02 [INFO]   749 TRI-NORV-27  E=593 S=30708
2026-10-02 17:21:02 [INFO]   750 TRI-NORV-28  E=30003 S=143
2026-10-02 17:21:02 [INFO]   751 TRI-NORV-PMR-29 E=2893 S=131
2026-10-02 17:21:02 [INFO]   transactions 17:06:03 -> 17:21:01 : 22 lues en 1 page(s), 0 musee, 22 site
2026-10-02 17:21:02 [INFO] Dialogue borne : 1.0 s
2026-10-02 17:21:02 [INFO] Visiteurs du 2026-10-02 : 346 (source compteur, compteur 346, transactions 346)
2026-10-02 17:21:02 [INFO] Site visites libres du 2026-10-02 : entrees 207, sorties 154, presents 53 (pic {'n': 58, 'heure': '17:12'}, source transactions)
2026-10-02 17:26:01 [INFO] Site visites libres : Visites libres 10h00 - 19h00 (fenetre 09:30-19:30)
2026-10-02 17:26:01 [INFO] Borne 192.168.2.10:5205 - compteurs du musee (Area 511 VISITES MUSEE)
2026-10-02 17:26:01 [INFO]   511 VISITES MUSEE E=106030 S=0
2026-10-02 17:26:01 [INFO]   512 ENTREE MUSEE E=106030 S=0
2026-10-02 17:26:02 [INFO]   1208 TRI-MUS-55   E=26166 S=0
2026-10-02 17:26:02 [INFO]   1209 TRI-MUS-56   E=53369 S=0
2026-10-02 17:26:02 [INFO]   1210 TRI-MUS-57   E=26495 S=0
2026-10-02 17:26:02 [INFO]   1040 PDA.3.11     E=0 S=0
2026-10-02 17:26:02 [INFO] Compteurs du site (visites libres)
2026-10-02 17:26:02 [INFO]   749 TRI-NORV-27  E=594 S=30716
2026-10-02 17:26:02 [INFO]   750 TRI-NORV-28  E=30003 S=143
2026-10-02 17:26:02 [INFO]   751 TRI-NORV-PMR-29 E=2893 S=131
2026-10-02 17:26:02 [INFO]   transactions 17:11:01 -> 17:26:01 : 24 lues en 1 page(s), 2 musee, 22 site
2026-10-02 17:26:02 [INFO] Dialogue borne : 0.9 s
2026-10-02 17:26:02 [INFO] Visiteurs du 2026-10-02 : 348 (source compteur, compteur 348, transactions 348)
2026-10-02 17:26:02 [INFO] Site visites libres du 2026-10-02 : entrees 208, sorties 165, presents 43 (pic {'n': 58, 'heure': '17:12'}, source transactions)
2026-10-02 17:31:01 [INFO] Site visites libres : Visites libres 10h00 - 19h00 (fenetre 09:30-19:30)
2026-10-02 17:31:01 [INFO] Borne 192.168.2.10:5205 - compteurs du musee (Area 511 VISITES MUSEE)
2026-10-02 17:31:02 [INFO]   511 VISITES MUSEE E=106030 S=0
2026-10-02 17:31:02 [INFO]   512 ENTREE MUSEE E=106030 S=0
2026-10-02 17:31:02 [INFO]   1208 TRI-MUS-55   E=26166 S=0
2026-10-02 17:31:02 [INFO]   1209 TRI-MUS-56   E=53369 S=0
2026-10-02 17:31:02 [INFO]   1210 TRI-MUS-57   E=26495 S=0
2026-10-02 17:31:02 [INFO]   1040 PDA.3.11     E=0 S=0
2026-10-02 17:31:02 [INFO] Compteurs du site (visites libres)
2026-10-02 17:31:02 [INFO]   749 TRI-NORV-27  E=594 S=30717
2026-10-02 17:31:02 [INFO]   750 TRI-NORV-28  E=30009 S=143
2026-10-02 17:31:02 [INFO]   751 TRI-NORV-PMR-29 E=2893 S=131
2026-10-02 17:31:02 [INFO]   transactions 17:16:01 -> 17:31:01 : 25 lues en 1 page(s), 2 musee, 23 site
2026-10-02 17:31:02 [INFO] Dialogue borne : 1.1 s
2026-10-02 17:31:02 [INFO] Visiteurs du 2026-10-02 : 348 (source compteur, compteur 348, transactions 348)
2026-10-02 17:31:03 [INFO] Site visites libres du 2026-10-02 : entrees 212, sorties 165, presents 47 (pic {'n': 58, 'heure': '17:12'}, source transactions)
2026-10-02 17:36:01 [INFO] Site visites libres : Visites libres 10h00 - 19h00 (fenetre 09:30-19:30)
2026-10-02 17:36:01 [INFO] Borne 192.168.2.10:5205 - compteurs du musee (Area 511 VISITES MUSEE)
2026-10-02 17:36:01 [INFO]   511 VISITES MUSEE E=106030 S=0
2026-10-02 17:36:01 [INFO]   512 ENTREE MUSEE E=106030 S=0
2026-10-02 17:36:02 [INFO]   1208 TRI-MUS-55   E=26166 S=0
2026-10-02 17:36:02 [INFO]   1209 TRI-MUS-56   E=53369 S=0
2026-10-02 17:36:02 [INFO]   1210 TRI-MUS-57   E=26495 S=0
2026-10-02 17:36:02 [INFO]   1040 PDA.3.11     E=0 S=0
2026-10-02 17:36:02 [INFO] Compteurs du site (visites libres)
2026-10-02 17:36:02 [INFO]   749 TRI-NORV-27  E=594 S=30722
2026-10-02 17:36:02 [INFO]   750 TRI-NORV-28  E=30010 S=143
2026-10-02 17:36:02 [INFO]   751 TRI-NORV-PMR-29 E=2893 S=131
2026-10-02 17:36:02 [INFO]   transactions 17:21:01 -> 17:36:01 : 26 lues en 1 page(s), 2 musee, 24 site
2026-10-02 17:36:02 [INFO] Dialogue borne : 0.9 s
2026-10-02 17:36:02 [INFO] Visiteurs du 2026-10-02 : 348 (source compteur, compteur 348, transactions 348)
2026-10-02 17:36:02 [INFO] Site visites libres du 2026-10-02 : entrees 215, sorties 171, presents 44 (pic {'n': 58, 'heure': '17:12'}, source transactions)
2026-10-02 17:41:01 [INFO] Site visites libres : Visites libres 10h00 - 19h00 (fenetre 09:30-19:30)
2026-10-02 17:41:01 [INFO] Borne 192.168.2.10:5205 - compteurs du musee (Area 511 VISITES MUSEE)
2026-10-02 17:41:02 [INFO]   511 VISITES MUSEE E=106030 S=0
2026-10-02 17:41:02 [INFO]   512 ENTREE MUSEE E=106030 S=0
2026-10-02 17:41:02 [INFO]   1208 TRI-MUS-55   E=26166 S=0
2026-10-02 17:41:02 [INFO]   1209 TRI-MUS-56   E=53369 S=0
2026-10-02 17:41:02 [INFO]   1210 TRI-MUS-57   E=26495 S=0
2026-10-02 17:41:02 [INFO]   1040 PDA.3.11     E=0 S=0
2026-10-02 17:41:02 [INFO] Compteurs du site (visites libres)
2026-10-02 17:41:02 [INFO]   749 TRI-NORV-27  E=594 S=30733
2026-10-02 17:41:02 [INFO]   750 TRI-NORV-28  E=30010 S=143
2026-10-02 17:41:02 [INFO]   751 TRI-NORV-PMR-29 E=2893 S=131
2026-10-02 17:41:02 [INFO]   transactions 17:26:01 -> 17:41:01 : 27 lues en 1 page(s), 0 musee, 27 site
2026-10-02 17:41:02 [INFO] Dialogue borne : 1.0 s
2026-10-02 17:41:02 [INFO] Visiteurs du 2026-10-02 : 348 (source compteur, compteur 348, transactions 348)
2026-10-02 17:41:02 [INFO] Site visites libres du 2026-10-02 : entrees 215, sorties 182, presents 33 (pic {'n': 58, 'heure': '17:12'}, source transactions)
2026-10-02 17:46:01 [INFO] Site visites libres : Visites libres 10h00 - 19h00 (fenetre 09:30-19:30)
2026-10-02 17:46:01 [INFO] Borne 192.168.2.10:5205 - compteurs du musee (Area 511 VISITES MUSEE)
2026-10-02 17:46:02 [INFO]   511 VISITES MUSEE E=106030 S=0
2026-10-02 17:46:02 [INFO]   512 ENTREE MUSEE E=106030 S=0
2026-10-02 17:46:02 [INFO]   1208 TRI-MUS-55   E=26166 S=0
2026-10-02 17:46:02 [INFO]   1209 TRI-MUS-56   E=53369 S=0
2026-10-02 17:46:02 [INFO]   1210 TRI-MUS-57   E=26495 S=0
2026-10-02 17:46:02 [INFO]   1040 PDA.3.11     E=0 S=0
2026-10-02 17:46:02 [INFO] Compteurs du site (visites libres)
2026-10-02 17:46:02 [INFO]   749 TRI-NORV-27  E=595 S=30737
2026-10-02 17:46:02 [INFO]   750 TRI-NORV-28  E=30010 S=143
2026-10-02 17:46:02 [INFO]   751 TRI-NORV-PMR-29 E=2893 S=131
2026-10-02 17:46:03 [INFO]   transactions 17:31:01 -> 17:46:01 : 24 lues en 1 page(s), 0 musee, 24 site
2026-10-02 17:46:03 [INFO] Dialogue borne : 1.2 s
2026-10-02 17:46:03 [INFO] Visiteurs du 2026-10-02 : 348 (source compteur, compteur 348, transactions 348)
2026-10-02 17:46:03 [INFO] Site visites libres du 2026-10-02 : entrees 216, sorties 186, presents 30 (pic {'n': 58, 'heure': '17:12'}, source transactions)
2026-10-02 17:51:01 [INFO] Site visites libres : Visites libres 10h00 - 19h00 (fenetre 09:30-19:30)
2026-10-02 17:51:01 [INFO] Borne 192.168.2.10:5205 - compteurs du musee (Area 511 VISITES MUSEE)
2026-10-02 17:51:01 [INFO]   511 VISITES MUSEE E=106030 S=0
2026-10-02 17:51:02 [INFO]   512 ENTREE MUSEE E=106030 S=0
2026-10-02 17:51:02 [INFO]   1208 TRI-MUS-55   E=26166 S=0
2026-10-02 17:51:02 [INFO]   1209 TRI-MUS-56   E=53369 S=0
2026-10-02 17:51:02 [INFO]   1210 TRI-MUS-57   E=26495 S=0
2026-10-02 17:51:02 [INFO]   1040 PDA.3.11     E=0 S=0
2026-10-02 17:51:02 [INFO] Compteurs du site (visites libres)
2026-10-02 17:51:02 [INFO]   749 TRI-NORV-27  E=595 S=30743
2026-10-02 17:51:02 [INFO]   750 TRI-NORV-28  E=30010 S=143
2026-10-02 17:51:02 [INFO]   751 TRI-NORV-PMR-29 E=2893 S=131
2026-10-02 17:51:02 [INFO]   transactions 17:36:01 -> 17:51:01 : 24 lues en 1 page(s), 0 musee, 24 site
2026-10-02 17:51:02 [INFO] Dialogue borne : 0.9 s
2026-10-02 17:51:02 [INFO] Visiteurs du 2026-10-02 : 348 (source compteur, compteur 348, transactions 348)
2026-10-02 17:51:02 [INFO] Site visites libres du 2026-10-02 : entrees 216, sorties 192, presents 24 (pic {'n': 58, 'heure': '17:12'}, source transactions)
2026-10-02 17:56:01 [INFO] Site visites libres : Visites libres 10h00 - 19h00 (fenetre 09:30-19:30)
2026-10-02 17:56:01 [INFO] Borne 192.168.2.10:5205 - compteurs du musee (Area 511 VISITES MUSEE)
2026-10-02 17:56:02 [INFO]   511 VISITES MUSEE E=106030 S=0
2026-10-02 17:56:02 [INFO]   512 ENTREE MUSEE E=106030 S=0
2026-10-02 17:56:02 [INFO]   1208 TRI-MUS-55   E=26166 S=0
2026-10-02 17:56:02 [INFO]   1209 TRI-MUS-56   E=53369 S=0
2026-10-02 17:56:02 [INFO]   1210 TRI-MUS-57   E=26495 S=0
2026-10-02 17:56:02 [INFO]   1040 PDA.3.11     E=0 S=0
2026-10-02 17:56:02 [INFO] Compteurs du site (visites libres)
2026-10-02 17:56:02 [INFO]   749 TRI-NORV-27  E=595 S=30745
2026-10-02 17:56:02 [INFO]   750 TRI-NORV-28  E=30010 S=143
2026-10-02 17:56:02 [INFO]   751 TRI-NORV-PMR-29 E=2893 S=131
2026-10-02 17:56:02 [INFO]   transactions 17:41:01 -> 17:56:01 : 14 lues en 1 page(s), 0 musee, 14 site
2026-10-02 17:56:02 [INFO] Dialogue borne : 0.9 s
2026-10-02 17:56:02 [INFO] Visiteurs du 2026-10-02 : 348 (source compteur, compteur 348, transactions 348)
2026-10-02 17:56:02 [INFO] Site visites libres du 2026-10-02 : entrees 216, sorties 194, presents 22 (pic {'n': 58, 'heure': '17:12'}, source transactions)
2026-10-02 18:01:01 [INFO] Site visites libres : Visites libres 10h00 - 19h00 (fenetre 09:30-19:30)
2026-10-02 18:01:01 [INFO] Borne 192.168.2.10:5205 - compteurs du musee (Area 511 VISITES MUSEE)
2026-10-02 18:01:02 [INFO]   511 VISITES MUSEE E=106030 S=0
2026-10-02 18:01:02 [INFO]   512 ENTREE MUSEE E=106030 S=0
2026-10-02 18:01:02 [INFO]   1208 TRI-MUS-55   E=26166 S=0
2026-10-02 18:01:02 [INFO]   1209 TRI-MUS-56   E=53369 S=0
2026-10-02 18:01:02 [INFO]   1210 TRI-MUS-57   E=26495 S=0
2026-10-02 18:01:02 [INFO]   1040 PDA.3.11     E=0 S=0
2026-10-02 18:01:02 [INFO] Compteurs du site (visites libres)
2026-10-02 18:01:02 [INFO]   749 TRI-NORV-27  E=595 S=30754
2026-10-02 18:01:02 [INFO]   750 TRI-NORV-28  E=30011 S=143
2026-10-02 18:01:02 [INFO]   751 TRI-NORV-PMR-29 E=2893 S=131
2026-10-02 18:01:02 [INFO]   transactions 17:46:01 -> 18:01:01 : 14 lues en 1 page(s), 0 musee, 14 site
2026-10-02 18:01:02 [INFO] Dialogue borne : 1.1 s
2026-10-02 18:01:02 [INFO] Visiteurs du 2026-10-02 : 348 (source compteur, compteur 348, transactions 348)
2026-10-02 18:01:03 [INFO] Site visites libres du 2026-10-02 : entrees 217, sorties 198, presents 19 (pic {'n': 58, 'heure': '17:12'}, source transactions)
2026-10-02 18:06:01 [INFO] Site visites libres : Visites libres 10h00 - 19h00 (fenetre 09:30-19:30)
2026-10-02 18:06:01 [INFO] Borne 192.168.2.10:5205 - compteurs du musee (Area 511 VISITES MUSEE)
2026-10-02 18:06:02 [INFO]   511 VISITES MUSEE E=106030 S=0
2026-10-02 18:06:02 [INFO]   512 ENTREE MUSEE E=106030 S=0
2026-10-02 18:06:02 [INFO]   1208 TRI-MUS-55   E=26166 S=0
2026-10-02 18:06:02 [INFO]   1209 TRI-MUS-56   E=53369 S=0
2026-10-02 18:06:02 [INFO]   1210 TRI-MUS-57   E=26495 S=0
2026-10-02 18:06:02 [INFO]   1040 PDA.3.11     E=0 S=0
2026-10-02 18:06:02 [INFO] Compteurs du site (visites libres)
2026-10-02 18:06:02 [INFO]   749 TRI-NORV-27  E=595 S=30754
2026-10-02 18:06:02 [INFO]   750 TRI-NORV-28  E=30013 S=143
2026-10-02 18:06:02 [INFO]   751 TRI-NORV-PMR-29 E=2893 S=131
2026-10-02 18:06:02 [INFO]   transactions 17:51:01 -> 18:06:01 : 15 lues en 1 page(s), 0 musee, 15 site
2026-10-02 18:06:02 [INFO] Dialogue borne : 0.9 s
2026-10-02 18:06:02 [INFO] Visiteurs du 2026-10-02 : 348 (source compteur, compteur 348, transactions 348)
2026-10-02 18:06:02 [INFO] Site visites libres du 2026-10-02 : entrees 219, sorties 203, presents 16 (pic {'n': 58, 'heure': '17:12'}, source transactions)
2026-10-02 18:11:01 [INFO] Site visites libres : Visites libres 10h00 - 19h00 (fenetre 09:30-19:30)
2026-10-02 18:11:01 [INFO] Borne 192.168.2.10:5205 - compteurs du musee (Area 511 VISITES MUSEE)
2026-10-02 18:11:02 [INFO]   511 VISITES MUSEE E=106030 S=0
2026-10-02 18:11:02 [INFO]   512 ENTREE MUSEE E=106030 S=0
2026-10-02 18:11:02 [INFO]   1208 TRI-MUS-55   E=26166 S=0
2026-10-02 18:11:02 [INFO]   1209 TRI-MUS-56   E=53369 S=0
2026-10-02 18:11:02 [INFO]   1210 TRI-MUS-57   E=26495 S=0
2026-10-02 18:11:02 [INFO]   1040 PDA.3.11     E=0 S=0
2026-10-02 18:11:02 [INFO] Compteurs du site (visites libres)
2026-10-02 18:11:02 [INFO]   749 TRI-NORV-27  E=595 S=30756
2026-10-02 18:11:02 [INFO]   750 TRI-NORV-28  E=30014 S=143
2026-10-02 18:11:02 [INFO]   751 TRI-NORV-PMR-29 E=2893 S=131
2026-10-02 18:11:02 [INFO]   transactions 17:56:01 -> 18:11:01 : 15 lues en 1 page(s), 0 musee, 15 site
2026-10-02 18:11:02 [INFO] Dialogue borne : 1.0 s
2026-10-02 18:11:02 [INFO] Visiteurs du 2026-10-02 : 348 (source compteur, compteur 348, transactions 348)
2026-10-02 18:11:02 [INFO] Site visites libres du 2026-10-02 : entrees 220, sorties 205, presents 15 (pic {'n': 58, 'heure': '17:12'}, source transactions)
2026-10-02 18:16:01 [INFO] Site visites libres : Visites libres 10h00 - 19h00 (fenetre 09:30-19:30)
2026-10-02 18:16:01 [INFO] Borne 192.168.2.10:5205 - compteurs du musee (Area 511 VISITES MUSEE)
2026-10-02 18:16:02 [INFO]   511 VISITES MUSEE E=106030 S=0
2026-10-02 18:16:02 [INFO]   512 ENTREE MUSEE E=106030 S=0
2026-10-02 18:16:02 [INFO]   1208 TRI-MUS-55   E=26166 S=0
2026-10-02 18:16:02 [INFO]   1209 TRI-MUS-56   E=53369 S=0
2026-10-02 18:16:02 [INFO]   1210 TRI-MUS-57   E=26495 S=0
2026-10-02 18:16:02 [INFO]   1040 PDA.3.11     E=0 S=0
2026-10-02 18:16:02 [INFO] Compteurs du site (visites libres)
2026-10-02 18:16:02 [INFO]   749 TRI-NORV-27  E=595 S=30756
2026-10-02 18:16:02 [INFO]   750 TRI-NORV-28  E=30014 S=143
2026-10-02 18:16:02 [INFO]   751 TRI-NORV-PMR-29 E=2893 S=131
2026-10-02 18:16:02 [INFO]   transactions 18:01:01 -> 18:16:01 : 5 lues en 1 page(s), 0 musee, 5 site
2026-10-02 18:16:02 [INFO] Dialogue borne : 1.1 s
2026-10-02 18:16:03 [INFO] Visiteurs du 2026-10-02 : 348 (source compteur, compteur 348, transactions 348)
2026-10-02 18:16:03 [INFO] Site visites libres du 2026-10-02 : entrees 220, sorties 205, presents 15 (pic {'n': 58, 'heure': '17:12'}, source transactions)
2026-10-02 18:21:01 [INFO] Site visites libres : Visites libres 10h00 - 19h00 (fenetre 09:30-19:30)
2026-10-02 18:21:01 [INFO] Borne 192.168.2.10:5205 - compteurs du musee (Area 511 VISITES MUSEE)
2026-10-02 18:21:01 [INFO]   511 VISITES MUSEE E=106030 S=0
2026-10-02 18:21:02 [INFO]   512 ENTREE MUSEE E=106030 S=0
2026-10-02 18:21:02 [INFO]   1208 TRI-MUS-55   E=26166 S=0
2026-10-02 18:21:02 [INFO]   1209 TRI-MUS-56   E=53369 S=0
2026-10-02 18:21:02 [INFO]   1210 TRI-MUS-57   E=26495 S=0
2026-10-02 18:21:02 [INFO]   1040 PDA.3.11     E=0 S=0
2026-10-02 18:21:02 [INFO] Compteurs du site (visites libres)
2026-10-02 18:21:02 [INFO]   749 TRI-NORV-27  E=595 S=30756
2026-10-02 18:21:02 [INFO]   750 TRI-NORV-28  E=30014 S=143
2026-10-02 18:21:02 [INFO]   751 TRI-NORV-PMR-29 E=2893 S=131
2026-10-02 18:21:02 [INFO]   transactions 18:06:01 -> 18:21:01 : 3 lues en 1 page(s), 0 musee, 3 site
2026-10-02 18:21:02 [INFO] Dialogue borne : 0.9 s
2026-10-02 18:21:02 [INFO] Visiteurs du 2026-10-02 : 348 (source compteur, compteur 348, transactions 348)
2026-10-02 18:21:02 [INFO] Site visites libres du 2026-10-02 : entrees 220, sorties 205, presents 15 (pic {'n': 58, 'heure': '17:12'}, source transactions)
2026-10-02 18:26:01 [INFO] Site visites libres : Visites libres 10h00 - 19h00 (fenetre 09:30-19:30)
2026-10-02 18:26:01 [INFO] Borne 192.168.2.10:5205 - compteurs du musee (Area 511 VISITES MUSEE)
2026-10-02 18:26:02 [INFO]   511 VISITES MUSEE E=106030 S=0
2026-10-02 18:26:02 [INFO]   512 ENTREE MUSEE E=106030 S=0
2026-10-02 18:26:02 [INFO]   1208 TRI-MUS-55   E=26166 S=0
2026-10-02 18:26:02 [INFO]   1209 TRI-MUS-56   E=53369 S=0
2026-10-02 18:26:02 [INFO]   1210 TRI-MUS-57   E=26495 S=0
2026-10-02 18:26:02 [INFO]   1040 PDA.3.11     E=0 S=0
2026-10-02 18:26:02 [INFO] Compteurs du site (visites libres)
2026-10-02 18:26:02 [INFO]   749 TRI-NORV-27  E=595 S=30758
2026-10-02 18:26:02 [INFO]   750 TRI-NORV-28  E=30014 S=143
2026-10-02 18:26:02 [INFO]   751 TRI-NORV-PMR-29 E=2893 S=131
2026-10-02 18:26:02 [INFO]   transactions 18:11:01 -> 18:26:01 : 2 lues en 1 page(s), 0 musee, 2 site
2026-10-02 18:26:02 [INFO] Dialogue borne : 1.0 s
2026-10-02 18:26:02 [INFO] Visiteurs du 2026-10-02 : 348 (source compteur, compteur 348, transactions 348)
2026-10-02 18:26:02 [INFO] Site visites libres du 2026-10-02 : entrees 220, sorties 207, presents 13 (pic {'n': 58, 'heure': '17:12'}, source transactions)
2026-10-02 18:31:01 [INFO] Site visites libres : Visites libres 10h00 - 19h00 (fenetre 09:30-19:30)
2026-10-02 18:31:01 [INFO] Borne 192.168.2.10:5205 - compteurs du musee (Area 511 VISITES MUSEE)
2026-10-02 18:31:02 [INFO]   511 VISITES MUSEE E=106030 S=0
2026-10-02 18:31:02 [INFO]   512 ENTREE MUSEE E=106030 S=0
2026-10-02 18:31:02 [INFO]   1208 TRI-MUS-55   E=26166 S=0
2026-10-02 18:31:02 [INFO]   1209 TRI-MUS-56   E=53369 S=0
2026-10-02 18:31:02 [INFO]   1210 TRI-MUS-57   E=26495 S=0
2026-10-02 18:31:02 [INFO]   1040 PDA.3.11     E=0 S=0
2026-10-02 18:31:02 [INFO] Compteurs du site (visites libres)
2026-10-02 18:31:02 [INFO]   749 TRI-NORV-27  E=595 S=30758
2026-10-02 18:31:02 [INFO]   750 TRI-NORV-28  E=30014 S=143
2026-10-02 18:31:02 [INFO]   751 TRI-NORV-PMR-29 E=2893 S=131
2026-10-02 18:31:02 [INFO]   transactions 18:16:01 -> 18:31:01 : 2 lues en 1 page(s), 0 musee, 2 site
2026-10-02 18:31:02 [INFO] Dialogue borne : 1.0 s
2026-10-02 18:31:02 [INFO] Visiteurs du 2026-10-02 : 348 (source compteur, compteur 348, transactions 348)
2026-10-02 18:31:02 [INFO] Site visites libres du 2026-10-02 : entrees 220, sorties 207, presents 13 (pic {'n': 58, 'heure': '17:12'}, source transactions)
2026-10-02 18:36:01 [INFO] Site visites libres : Visites libres 10h00 - 19h00 (fenetre 09:30-19:30)
2026-10-02 18:36:01 [INFO] Borne 192.168.2.10:5205 - compteurs du musee (Area 511 VISITES MUSEE)
2026-10-02 18:36:02 [INFO]   511 VISITES MUSEE E=106030 S=0
2026-10-02 18:36:02 [INFO]   512 ENTREE MUSEE E=106030 S=0
2026-10-02 18:36:02 [INFO]   1208 TRI-MUS-55   E=26166 S=0
2026-10-02 18:36:02 [INFO]   1209 TRI-MUS-56   E=53369 S=0
2026-10-02 18:36:02 [INFO]   1210 TRI-MUS-57   E=26495 S=0
2026-10-02 18:36:02 [INFO]   1040 PDA.3.11     E=0 S=0
2026-10-02 18:36:02 [INFO] Compteurs du site (visites libres)
2026-10-02 18:36:02 [INFO]   749 TRI-NORV-27  E=595 S=30760
2026-10-02 18:36:02 [INFO]   750 TRI-NORV-28  E=30014 S=143
2026-10-02 18:36:02 [INFO]   751 TRI-NORV-PMR-29 E=2893 S=131
2026-10-02 18:36:03 [INFO]   transactions 18:21:01 -> 18:36:01 : 4 lues en 1 page(s), 0 musee, 4 site
2026-10-02 18:36:03 [INFO] Dialogue borne : 1.1 s
2026-10-02 18:36:03 [INFO] Visiteurs du 2026-10-02 : 348 (source compteur, compteur 348, transactions 348)
2026-10-02 18:36:03 [INFO] Site visites libres du 2026-10-02 : entrees 220, sorties 209, presents 11 (pic {'n': 58, 'heure': '17:12'}, source transactions)
2026-10-02 18:41:01 [INFO] Site visites libres : Visites libres 10h00 - 19h00 (fenetre 09:30-19:30)
2026-10-02 18:41:01 [INFO] Borne 192.168.2.10:5205 - compteurs du musee (Area 511 VISITES MUSEE)
2026-10-02 18:41:02 [INFO]   511 VISITES MUSEE E=106030 S=0
2026-10-02 18:41:02 [INFO]   512 ENTREE MUSEE E=106030 S=0
2026-10-02 18:41:02 [INFO]   1208 TRI-MUS-55   E=26166 S=0
2026-10-02 18:41:02 [INFO]   1209 TRI-MUS-56   E=53369 S=0
2026-10-02 18:41:02 [INFO]   1210 TRI-MUS-57   E=26495 S=0
2026-10-02 18:41:02 [INFO]   1040 PDA.3.11     E=0 S=0
2026-10-02 18:41:02 [INFO] Compteurs du site (visites libres)
2026-10-02 18:41:02 [INFO]   749 TRI-NORV-27  E=595 S=30760
2026-10-02 18:41:02 [INFO]   750 TRI-NORV-28  E=30014 S=143
2026-10-02 18:41:02 [INFO]   751 TRI-NORV-PMR-29 E=2893 S=131
2026-10-02 18:41:02 [INFO]   transactions 18:26:01 -> 18:41:01 : 2 lues en 1 page(s), 0 musee, 2 site
2026-10-02 18:41:02 [INFO] Dialogue borne : 1.0 s
2026-10-02 18:41:02 [INFO] Visiteurs du 2026-10-02 : 348 (source compteur, compteur 348, transactions 348)
2026-10-02 18:41:02 [INFO] Site visites libres du 2026-10-02 : entrees 220, sorties 209, presents 11 (pic {'n': 58, 'heure': '17:12'}, source transactions)
2026-10-02 18:46:01 [INFO] Site visites libres : Visites libres 10h00 - 19h00 (fenetre 09:30-19:30)
2026-10-02 18:46:01 [INFO] Borne 192.168.2.10:5205 - compteurs du musee (Area 511 VISITES MUSEE)
2026-10-02 18:46:02 [INFO]   511 VISITES MUSEE E=106030 S=0
2026-10-02 18:46:02 [INFO]   512 ENTREE MUSEE E=106030 S=0
2026-10-02 18:46:02 [INFO]   1208 TRI-MUS-55   E=26166 S=0
2026-10-02 18:46:02 [INFO]   1209 TRI-MUS-56   E=53369 S=0
2026-10-02 18:46:02 [INFO]   1210 TRI-MUS-57   E=26495 S=0
2026-10-02 18:46:02 [INFO]   1040 PDA.3.11     E=0 S=0
2026-10-02 18:46:02 [INFO] Compteurs du site (visites libres)
2026-10-02 18:46:02 [INFO]   749 TRI-NORV-27  E=595 S=30761
2026-10-02 18:46:02 [INFO]   750 TRI-NORV-28  E=30014 S=143
2026-10-02 18:46:02 [INFO]   751 TRI-NORV-PMR-29 E=2893 S=131
2026-10-02 18:46:02 [INFO]   transactions 18:31:01 -> 18:46:01 : 3 lues en 1 page(s), 0 musee, 3 site
2026-10-02 18:46:02 [INFO] Dialogue borne : 1.1 s
2026-10-02 18:46:02 [INFO] Visiteurs du 2026-10-02 : 348 (source compteur, compteur 348, transactions 348)
2026-10-02 18:46:02 [INFO] Site visites libres du 2026-10-02 : entrees 220, sorties 210, presents 10 (pic {'n': 58, 'heure': '17:12'}, source transactions)
2026-10-02 18:51:01 [INFO] Site visites libres : Visites libres 10h00 - 19h00 (fenetre 09:30-19:30)
2026-10-02 18:51:01 [INFO] Borne 192.168.2.10:5205 - compteurs du musee (Area 511 VISITES MUSEE)
2026-10-02 18:51:01 [INFO]   511 VISITES MUSEE E=106030 S=0
2026-10-02 18:51:02 [INFO]   512 ENTREE MUSEE E=106030 S=0
2026-10-02 18:51:02 [INFO]   1208 TRI-MUS-55   E=26166 S=0
2026-10-02 18:51:02 [INFO]   1209 TRI-MUS-56   E=53369 S=0
2026-10-02 18:51:02 [INFO]   1210 TRI-MUS-57   E=26495 S=0
2026-10-02 18:51:02 [INFO]   1040 PDA.3.11     E=0 S=0
2026-10-02 18:51:02 [INFO] Compteurs du site (visites libres)
2026-10-02 18:51:02 [INFO]   749 TRI-NORV-27  E=595 S=30761
2026-10-02 18:51:02 [INFO]   750 TRI-NORV-28  E=30014 S=143
2026-10-02 18:51:02 [INFO]   751 TRI-NORV-PMR-29 E=2893 S=131
2026-10-02 18:51:02 [INFO]   transactions 18:36:01 -> 18:51:01 : 1 lues en 1 page(s), 0 musee, 1 site
2026-10-02 18:51:02 [INFO] Dialogue borne : 0.9 s
2026-10-02 18:51:02 [INFO] Visiteurs du 2026-10-02 : 348 (source compteur, compteur 348, transactions 348)
2026-10-02 18:51:02 [INFO] Site visites libres du 2026-10-02 : entrees 220, sorties 210, presents 10 (pic {'n': 58, 'heure': '17:12'}, source transactions)
2026-10-02 18:56:01 [INFO] Site visites libres : Visites libres 10h00 - 19h00 (fenetre 09:30-19:30)
2026-10-02 18:56:01 [INFO] Borne 192.168.2.10:5205 - compteurs du musee (Area 511 VISITES MUSEE)
2026-10-02 18:56:02 [INFO]   511 VISITES MUSEE E=106030 S=0
2026-10-02 18:56:02 [INFO]   512 ENTREE MUSEE E=106030 S=0
2026-10-02 18:56:02 [INFO]   1208 TRI-MUS-55   E=26166 S=0
2026-10-02 18:56:02 [INFO]   1209 TRI-MUS-56   E=53369 S=0
2026-10-02 18:56:02 [INFO]   1210 TRI-MUS-57   E=26495 S=0
2026-10-02 18:56:02 [INFO]   1040 PDA.3.11     E=0 S=0
2026-10-02 18:56:02 [INFO] Compteurs du site (visites libres)
2026-10-02 18:56:02 [INFO]   749 TRI-NORV-27  E=595 S=30762
2026-10-02 18:56:02 [INFO]   750 TRI-NORV-28  E=30014 S=143
2026-10-02 18:56:02 [INFO]   751 TRI-NORV-PMR-29 E=2893 S=131
2026-10-02 18:56:02 [INFO]   transactions 18:41:01 -> 18:56:01 : 2 lues en 1 page(s), 0 musee, 2 site
2026-10-02 18:56:02 [INFO] Dialogue borne : 1.0 s
2026-10-02 18:56:02 [INFO] Visiteurs du 2026-10-02 : 348 (source compteur, compteur 348, transactions 348)
2026-10-02 18:56:02 [INFO] Site visites libres du 2026-10-02 : entrees 220, sorties 211, presents 9 (pic {'n': 58, 'heure': '17:12'}, source transactions)
2026-10-02 19:01:01 [INFO] Site visites libres : Visites libres 10h00 - 19h00 (fenetre 09:30-19:30)
2026-10-02 19:01:01 [INFO] Borne 192.168.2.10:5205 - compteurs du musee (Area 511 VISITES MUSEE)
2026-10-02 19:01:02 [INFO]   511 VISITES MUSEE E=106030 S=0
2026-10-02 19:01:02 [INFO]   512 ENTREE MUSEE E=106030 S=0
2026-10-02 19:01:02 [INFO]   1208 TRI-MUS-55   E=26166 S=0
2026-10-02 19:01:02 [INFO]   1209 TRI-MUS-56   E=53369 S=0
2026-10-02 19:01:02 [INFO]   1210 TRI-MUS-57   E=26495 S=0
2026-10-02 19:01:02 [INFO]   1040 PDA.3.11     E=0 S=0
2026-10-02 19:01:02 [INFO] Compteurs du site (visites libres)
2026-10-02 19:01:02 [INFO]   749 TRI-NORV-27  E=595 S=30762
2026-10-02 19:01:02 [INFO]   750 TRI-NORV-28  E=30014 S=143
2026-10-02 19:01:02 [INFO]   751 TRI-NORV-PMR-29 E=2893 S=131
2026-10-02 19:01:02 [INFO]   transactions 18:46:01 -> 19:01:01 : 1 lues en 1 page(s), 0 musee, 1 site
2026-10-02 19:01:02 [INFO] Dialogue borne : 1.0 s
2026-10-02 19:01:02 [INFO] Visiteurs du 2026-10-02 : 348 (source compteur, compteur 348, transactions 348)
2026-10-02 19:01:02 [INFO] Site visites libres du 2026-10-02 : entrees 220, sorties 211, presents 9 (pic {'n': 58, 'heure': '17:12'}, source transactions)
2026-10-02 19:06:01 [INFO] Site visites libres : Visites libres 10h00 - 19h00 (fenetre 09:30-19:30)
2026-10-02 19:06:01 [INFO] Borne 192.168.2.10:5205 - compteurs du musee (Area 511 VISITES MUSEE)
2026-10-02 19:06:02 [INFO]   511 VISITES MUSEE E=106030 S=0
2026-10-02 19:06:02 [INFO]   512 ENTREE MUSEE E=106030 S=0
2026-10-02 19:06:02 [INFO]   1208 TRI-MUS-55   E=26166 S=0
2026-10-02 19:06:02 [INFO]   1209 TRI-MUS-56   E=53369 S=0
2026-10-02 19:06:02 [INFO]   1210 TRI-MUS-57   E=26495 S=0
2026-10-02 19:06:02 [INFO]   1040 PDA.3.11     E=0 S=0
2026-10-02 19:06:02 [INFO] Compteurs du site (visites libres)
2026-10-02 19:06:02 [INFO]   749 TRI-NORV-27  E=595 S=30762
2026-10-02 19:06:02 [INFO]   750 TRI-NORV-28  E=30014 S=143
2026-10-02 19:06:02 [INFO]   751 TRI-NORV-PMR-29 E=2893 S=131
2026-10-02 19:06:02 [INFO]   transactions 18:51:01 -> 19:06:01 : 1 lues en 1 page(s), 0 musee, 1 site
2026-10-02 19:06:02 [INFO] Dialogue borne : 1.0 s
2026-10-02 19:06:02 [INFO] Visiteurs du 2026-10-02 : 348 (source compteur, compteur 348, transactions 348)
2026-10-02 19:06:03 [INFO] Site visites libres du 2026-10-02 : entrees 220, sorties 211, presents 9 (pic {'n': 58, 'heure': '17:12'}, source transactions)
2026-10-02 19:11:01 [INFO] Site visites libres : Visites libres 10h00 - 19h00 (fenetre 09:30-19:30)
2026-10-02 19:11:01 [INFO] Borne 192.168.2.10:5205 - compteurs du musee (Area 511 VISITES MUSEE)
2026-10-02 19:11:01 [INFO]   511 VISITES MUSEE E=106030 S=0
2026-10-02 19:11:02 [INFO]   512 ENTREE MUSEE E=106030 S=0
2026-10-02 19:11:02 [INFO]   1208 TRI-MUS-55   E=26166 S=0
2026-10-02 19:11:02 [INFO]   1209 TRI-MUS-56   E=53369 S=0
2026-10-02 19:11:02 [INFO]   1210 TRI-MUS-57   E=26495 S=0
2026-10-02 19:11:02 [INFO]   1040 PDA.3.11     E=0 S=0
2026-10-02 19:11:02 [INFO] Compteurs du site (visites libres)
2026-10-02 19:11:02 [INFO]   749 TRI-NORV-27  E=595 S=30762
2026-10-02 19:11:02 [INFO]   750 TRI-NORV-28  E=30014 S=143
2026-10-02 19:11:02 [INFO]   751 TRI-NORV-PMR-29 E=2893 S=131
2026-10-02 19:11:02 [INFO]   transactions 18:56:01 -> 19:11:01 : 0 lues en 1 page(s), 0 musee, 0 site
2026-10-02 19:11:02 [INFO] Dialogue borne : 0.9 s
2026-10-02 19:11:02 [INFO] Visiteurs du 2026-10-02 : 348 (source compteur, compteur 348, transactions 348)
2026-10-02 19:11:02 [INFO] Site visites libres du 2026-10-02 : entrees 220, sorties 211, presents 9 (pic {'n': 58, 'heure': '17:12'}, source transactions)
2026-10-02 19:16:01 [INFO] Site visites libres : Visites libres 10h00 - 19h00 (fenetre 09:30-19:30)
2026-10-02 19:16:01 [INFO] Borne 192.168.2.10:5205 - compteurs du musee (Area 511 VISITES MUSEE)
2026-10-02 19:16:02 [INFO]   511 VISITES MUSEE E=106030 S=0
2026-10-02 19:16:02 [INFO]   512 ENTREE MUSEE E=106030 S=0
2026-10-02 19:16:02 [INFO]   1208 TRI-MUS-55   E=26166 S=0
2026-10-02 19:16:02 [INFO]   1209 TRI-MUS-56   E=53369 S=0
2026-10-02 19:16:02 [INFO]   1210 TRI-MUS-57   E=26495 S=0
2026-10-02 19:16:02 [INFO]   1040 PDA.3.11     E=0 S=0
2026-10-02 19:16:02 [INFO] Compteurs du site (visites libres)
2026-10-02 19:16:02 [INFO]   749 TRI-NORV-27  E=595 S=30762
2026-10-02 19:16:02 [INFO]   750 TRI-NORV-28  E=30014 S=143
2026-10-02 19:16:02 [INFO]   751 TRI-NORV-PMR-29 E=2893 S=131
2026-10-02 19:16:02 [INFO]   transactions 19:01:01 -> 19:16:01 : 0 lues en 1 page(s), 0 musee, 0 site
2026-10-02 19:16:02 [INFO] Dialogue borne : 1.0 s
2026-10-02 19:16:02 [INFO] Visiteurs du 2026-10-02 : 348 (source compteur, compteur 348, transactions 348)
2026-10-02 19:16:02 [INFO] Site visites libres du 2026-10-02 : entrees 220, sorties 211, presents 9 (pic {'n': 58, 'heure': '17:12'}, source transactions)
2026-10-02 19:21:01 [INFO] Site visites libres : Visites libres 10h00 - 19h00 (fenetre 09:30-19:30)
2026-10-02 19:21:01 [INFO] Borne 192.168.2.10:5205 - compteurs du musee (Area 511 VISITES MUSEE)
2026-10-02 19:21:02 [INFO]   511 VISITES MUSEE E=106030 S=0
2026-10-02 19:21:02 [INFO]   512 ENTREE MUSEE E=106030 S=0
2026-10-02 19:21:02 [INFO]   1208 TRI-MUS-55   E=26166 S=0
2026-10-02 19:21:02 [INFO]   1209 TRI-MUS-56   E=53369 S=0
2026-10-02 19:21:02 [INFO]   1210 TRI-MUS-57   E=26495 S=0
2026-10-02 19:21:02 [INFO]   1040 PDA.3.11     E=0 S=0
2026-10-02 19:21:02 [INFO] Compteurs du site (visites libres)
2026-10-02 19:21:02 [INFO]   749 TRI-NORV-27  E=595 S=30762
2026-10-02 19:21:02 [INFO]   750 TRI-NORV-28  E=30014 S=143
2026-10-02 19:21:02 [INFO]   751 TRI-NORV-PMR-29 E=2893 S=131
2026-10-02 19:21:02 [INFO]   transactions 19:06:01 -> 19:21:01 : 0 lues en 1 page(s), 0 musee, 0 site
2026-10-02 19:21:02 [INFO] Dialogue borne : 0.9 s
2026-10-02 19:21:02 [INFO] Visiteurs du 2026-10-02 : 348 (source compteur, compteur 348, transactions 348)
2026-10-02 19:21:02 [INFO] Site visites libres du 2026-10-02 : entrees 220, sorties 211, presents 9 (pic {'n': 58, 'heure': '17:12'}, source transactions)
2026-10-02 19:26:01 [INFO] Site visites libres : Visites libres 10h00 - 19h00 (fenetre 09:30-19:30)
2026-10-02 19:26:01 [INFO] Borne 192.168.2.10:5205 - compteurs du musee (Area 511 VISITES MUSEE)
2026-10-02 19:26:01 [INFO]   511 VISITES MUSEE E=106030 S=0
2026-10-02 19:26:02 [INFO]   512 ENTREE MUSEE E=106030 S=0
2026-10-02 19:26:02 [INFO]   1208 TRI-MUS-55   E=26166 S=0
2026-10-02 19:26:02 [INFO]   1209 TRI-MUS-56   E=53369 S=0
2026-10-02 19:26:02 [INFO]   1210 TRI-MUS-57   E=26495 S=0
2026-10-02 19:26:02 [INFO]   1040 PDA.3.11     E=0 S=0
2026-10-02 19:26:02 [INFO] Compteurs du site (visites libres)
2026-10-02 19:26:02 [INFO]   749 TRI-NORV-27  E=595 S=30762
2026-10-02 19:26:02 [INFO]   750 TRI-NORV-28  E=30014 S=143
2026-10-02 19:26:02 [INFO]   751 TRI-NORV-PMR-29 E=2893 S=131
2026-10-02 19:26:02 [INFO]   transactions 19:11:01 -> 19:26:01 : 0 lues en 1 page(s), 0 musee, 0 site
2026-10-02 19:26:02 [INFO] Dialogue borne : 0.8 s
2026-10-02 19:26:02 [INFO] Visiteurs du 2026-10-02 : 348 (source compteur, compteur 348, transactions 348)
2026-10-02 19:26:02 [INFO] Site visites libres du 2026-10-02 : entrees 220, sorties 211, presents 9 (pic {'n': 58, 'heure': '17:12'}, source transactions)
2026-10-02 19:31:01 [INFO] Site visites libres : Visites libres terminees (fenetre 09:30-19:30)
2026-10-02 19:31:01 [INFO] Borne 192.168.2.10:5205 - compteurs du musee (Area 511 VISITES MUSEE)
2026-10-02 19:31:02 [INFO]   511 VISITES MUSEE E=106030 S=0
2026-10-02 19:31:02 [INFO]   512 ENTREE MUSEE E=106030 S=0
2026-10-02 19:31:02 [INFO]   1208 TRI-MUS-55   E=26166 S=0
2026-10-02 19:31:02 [INFO]   1209 TRI-MUS-56   E=53369 S=0
2026-10-02 19:31:02 [INFO]   1210 TRI-MUS-57   E=26495 S=0
2026-10-02 19:31:02 [INFO]   1040 PDA.3.11     E=0 S=0
2026-10-02 19:31:02 [INFO] Compteurs du site (visites libres)
2026-10-02 19:31:02 [INFO]   749 TRI-NORV-27  E=595 S=30762
2026-10-02 19:31:02 [INFO]   750 TRI-NORV-28  E=30014 S=143
2026-10-02 19:31:02 [INFO]   751 TRI-NORV-PMR-29 E=2893 S=131
2026-10-02 19:31:02 [INFO]   transactions 19:16:01 -> 19:31:01 : 0 lues en 1 page(s), 0 musee, 0 site
2026-10-02 19:31:02 [INFO] Dialogue borne : 1.0 s
2026-10-02 19:31:02 [INFO] Visiteurs du 2026-10-02 : 348 (source compteur, compteur 348, transactions 348)
2026-10-02 19:31:02 [INFO] Site visites libres du 2026-10-02 : entrees 220, sorties 211, presents 9 (pic {'n': 58, 'heure': '17:12'}, source transactions)
2026-10-02 19:36:01 [INFO] Site visites libres : Visites libres terminees (fenetre 09:30-19:30)
2026-10-02 19:36:01 [INFO] Borne 192.168.2.10:5205 - compteurs du musee (Area 511 VISITES MUSEE)
2026-10-02 19:36:02 [INFO]   511 VISITES MUSEE E=106030 S=0
2026-10-02 19:36:02 [INFO]   512 ENTREE MUSEE E=106030 S=0
2026-10-02 19:36:02 [INFO]   1208 TRI-MUS-55   E=26166 S=0
2026-10-02 19:36:02 [INFO]   1209 TRI-MUS-56   E=53369 S=0
2026-10-02 19:36:02 [INFO]   1210 TRI-MUS-57   E=26495 S=0
2026-10-02 19:36:02 [INFO]   1040 PDA.3.11     E=0 S=0
2026-10-02 19:36:02 [INFO] Compteurs du site (visites libres)
2026-10-02 19:36:02 [INFO]   749 TRI-NORV-27  E=595 S=30762
2026-10-02 19:36:02 [INFO]   750 TRI-NORV-28  E=30014 S=143
2026-10-02 19:36:02 [INFO]   751 TRI-NORV-PMR-29 E=2893 S=131
2026-10-02 19:36:02 [INFO]   transactions 19:21:01 -> 19:36:01 : 0 lues en 1 page(s), 0 musee, 0 site
2026-10-02 19:36:02 [INFO] Dialogue borne : 1.0 s
2026-10-02 19:36:02 [INFO] Visiteurs du 2026-10-02 : 348 (source compteur, compteur 348, transactions 348)
2026-10-02 19:36:03 [INFO] Site visites libres du 2026-10-02 : entrees 220, sorties 211, presents 9 (pic {'n': 58, 'heure': '17:12'}, source transactions)
2026-10-02 19:41:01 [INFO] Site visites libres : Visites libres terminees (fenetre 09:30-19:30)
2026-10-02 19:41:01 [INFO] Borne 192.168.2.10:5205 - compteurs du musee (Area 511 VISITES MUSEE)
2026-10-02 19:41:01 [INFO]   511 VISITES MUSEE E=106030 S=0
2026-10-02 19:41:02 [INFO]   512 ENTREE MUSEE E=106030 S=0
2026-10-02 19:41:02 [INFO]   1208 TRI-MUS-55   E=26166 S=0
2026-10-02 19:41:02 [INFO]   1209 TRI-MUS-56   E=53369 S=0
2026-10-02 19:41:02 [INFO]   1210 TRI-MUS-57   E=26495 S=0
2026-10-02 19:41:02 [INFO]   1040 PDA.3.11     E=0 S=0
2026-10-02 19:41:02 [INFO] Compteurs du site (visites libres)
2026-10-02 19:41:02 [INFO]   749 TRI-NORV-27  E=595 S=30762
2026-10-02 19:41:02 [INFO]   750 TRI-NORV-28  E=30014 S=143
2026-10-02 19:41:02 [INFO]   751 TRI-NORV-PMR-29 E=2893 S=131
2026-10-02 19:41:02 [INFO]   transactions 19:26:01 -> 19:41:01 : 0 lues en 1 page(s), 0 musee, 0 site
2026-10-02 19:41:02 [INFO] Dialogue borne : 0.9 s
2026-10-02 19:41:02 [INFO] Visiteurs du 2026-10-02 : 348 (source compteur, compteur 348, transactions 348)
2026-10-02 19:41:02 [INFO] Site visites libres du 2026-10-02 : entrees 220, sorties 211, presents 9 (pic {'n': 58, 'heure': '17:12'}, source transactions)
2026-10-02 19:46:01 [INFO] Site visites libres : Visites libres terminees (fenetre 09:30-19:30)
2026-10-02 19:46:01 [INFO] Borne 192.168.2.10:5205 - compteurs du musee (Area 511 VISITES MUSEE)
2026-10-02 19:46:02 [INFO]   511 VISITES MUSEE E=106030 S=0
2026-10-02 19:46:02 [INFO]   512 ENTREE MUSEE E=106030 S=0
2026-10-02 19:46:02 [INFO]   1208 TRI-MUS-55   E=26166 S=0
2026-10-02 19:46:02 [INFO]   1209 TRI-MUS-56   E=53369 S=0
2026-10-02 19:46:02 [INFO]   1210 TRI-MUS-57   E=26495 S=0
2026-10-02 19:46:02 [INFO]   1040 PDA.3.11     E=0 S=0
2026-10-02 19:46:02 [INFO] Compteurs du site (visites libres)
2026-10-02 19:46:02 [INFO]   749 TRI-NORV-27  E=595 S=30762
2026-10-02 19:46:02 [INFO]   750 TRI-NORV-28  E=30014 S=143
2026-10-02 19:46:02 [INFO]   751 TRI-NORV-PMR-29 E=2893 S=131
2026-10-02 19:46:02 [INFO]   transactions 19:31:01 -> 19:46:01 : 0 lues en 1 page(s), 0 musee, 0 site
2026-10-02 19:46:02 [INFO] Dialogue borne : 0.9 s
2026-10-02 19:46:02 [INFO] Visiteurs du 2026-10-02 : 348 (source compteur, compteur 348, transactions 348)
2026-10-02 19:46:02 [INFO] Site visites libres du 2026-10-02 : entrees 220, sorties 211, presents 9 (pic {'n': 58, 'heure': '17:12'}, source transactions)
2026-10-02 19:51:01 [INFO] Site visites libres : Visites libres terminees (fenetre 09:30-19:30)
2026-10-02 19:51:01 [INFO] Borne 192.168.2.10:5205 - compteurs du musee (Area 511 VISITES MUSEE)
2026-10-02 19:51:02 [INFO]   511 VISITES MUSEE E=106030 S=0
2026-10-02 19:51:02 [INFO]   512 ENTREE MUSEE E=106030 S=0
2026-10-02 19:51:02 [INFO]   1208 TRI-MUS-55   E=26166 S=0
2026-10-02 19:51:02 [INFO]   1209 TRI-MUS-56   E=53369 S=0
2026-10-02 19:51:02 [INFO]   1210 TRI-MUS-57   E=26495 S=0
2026-10-02 19:51:02 [INFO]   1040 PDA.3.11     E=0 S=0
2026-10-02 19:51:02 [INFO] Compteurs du site (visites libres)
2026-10-02 19:51:02 [INFO]   749 TRI-NORV-27  E=595 S=30762
2026-10-02 19:51:02 [INFO]   750 TRI-NORV-28  E=30014 S=143
2026-10-02 19:51:02 [INFO]   751 TRI-NORV-PMR-29 E=2893 S=131
2026-10-02 19:51:02 [INFO]   transactions 19:36:01 -> 19:51:01 : 0 lues en 1 page(s), 0 musee, 0 site
2026-10-02 19:51:02 [INFO] Dialogue borne : 0.9 s
2026-10-02 19:51:02 [INFO] Visiteurs du 2026-10-02 : 348 (source compteur, compteur 348, transactions 348)
2026-10-02 19:51:02 [INFO] Site visites libres du 2026-10-02 : entrees 220, sorties 211, presents 9 (pic {'n': 58, 'heure': '17:12'}, source transactions)
2026-10-02 19:56:01 [INFO] Site visites libres : Visites libres terminees (fenetre 09:30-19:30)
2026-10-02 19:56:01 [INFO] Borne 192.168.2.10:5205 - compteurs du musee (Area 511 VISITES MUSEE)
2026-10-02 19:56:02 [INFO]   511 VISITES MUSEE E=106030 S=0
2026-10-02 19:56:02 [INFO]   512 ENTREE MUSEE E=106030 S=0
2026-10-02 19:56:02 [INFO]   1208 TRI-MUS-55   E=26166 S=0
2026-10-02 19:56:02 [INFO]   1209 TRI-MUS-56   E=53369 S=0
2026-10-02 19:56:02 [INFO]   1210 TRI-MUS-57   E=26495 S=0
2026-10-02 19:56:02 [INFO]   1040 PDA.3.11     E=0 S=0
2026-10-02 19:56:02 [INFO] Compteurs du site (visites libres)
2026-10-02 19:56:02 [INFO]   749 TRI-NORV-27  E=595 S=30762
2026-10-02 19:56:02 [INFO]   750 TRI-NORV-28  E=30014 S=143
2026-10-02 19:56:02 [INFO]   751 TRI-NORV-PMR-29 E=2893 S=131
2026-10-02 19:56:02 [INFO]   transactions 19:41:01 -> 19:56:01 : 0 lues en 1 page(s), 0 musee, 0 site
2026-10-02 19:56:02 [INFO] Dialogue borne : 1.0 s
2026-10-02 19:56:02 [INFO] Visiteurs du 2026-10-02 : 348 (source compteur, compteur 348, transactions 348)
2026-10-02 19:56:02 [INFO] Site visites libres du 2026-10-02 : entrees 220, sorties 211, presents 9 (pic {'n': 58, 'heure': '17:12'}, source transactions)
2026-10-02 20:01:01 [INFO] Site visites libres : Visites libres terminees (fenetre 09:30-19:30)
2026-10-02 20:01:01 [INFO] Borne 192.168.2.10:5205 - compteurs du musee (Area 511 VISITES MUSEE)
2026-10-02 20:01:02 [INFO]   511 VISITES MUSEE E=106030 S=0
2026-10-02 20:01:02 [INFO]   512 ENTREE MUSEE E=106030 S=0
2026-10-02 20:01:02 [INFO]   1208 TRI-MUS-55   E=26166 S=0
2026-10-02 20:01:02 [INFO]   1209 TRI-MUS-56   E=53369 S=0
2026-10-02 20:01:02 [INFO]   1210 TRI-MUS-57   E=26495 S=0
2026-10-02 20:01:02 [INFO]   1040 PDA.3.11     E=0 S=0
2026-10-02 20:01:02 [INFO] Compteurs du site (visites libres)
2026-10-02 20:01:02 [INFO]   749 TRI-NORV-27  E=595 S=30762
2026-10-02 20:01:02 [INFO]   750 TRI-NORV-28  E=30014 S=143
2026-10-02 20:01:02 [INFO]   751 TRI-NORV-PMR-29 E=2893 S=131
2026-10-02 20:01:02 [INFO]   transactions 19:46:01 -> 20:01:01 : 0 lues en 1 page(s), 0 musee, 0 site
2026-10-02 20:01:02 [INFO] Dialogue borne : 1.0 s
2026-10-02 20:01:02 [INFO] Visiteurs du 2026-10-02 : 348 (source compteur, compteur 348, transactions 348)
2026-10-02 20:01:02 [INFO] Site visites libres du 2026-10-02 : entrees 220, sorties 211, presents 9 (pic {'n': 58, 'heure': '17:12'}, source transactions)
2026-10-02 20:06:01 [INFO] Site visites libres : Visites libres terminees (fenetre 09:30-19:30)
2026-10-02 20:06:01 [INFO] Borne 192.168.2.10:5205 - compteurs du musee (Area 511 VISITES MUSEE)
2026-10-02 20:06:02 [INFO]   511 VISITES MUSEE E=106030 S=0
2026-10-02 20:06:02 [INFO]   512 ENTREE MUSEE E=106030 S=0
2026-10-02 20:06:02 [INFO]   1208 TRI-MUS-55   E=26166 S=0
2026-10-02 20:06:02 [INFO]   1209 TRI-MUS-56   E=53369 S=0
2026-10-02 20:06:02 [INFO]   1210 TRI-MUS-57   E=26495 S=0
2026-10-02 20:06:02 [INFO]   1040 PDA.3.11     E=0 S=0
2026-10-02 20:06:02 [INFO] Compteurs du site (visites libres)
2026-10-02 20:06:02 [INFO]   749 TRI-NORV-27  E=595 S=30762
2026-10-02 20:06:02 [INFO]   750 TRI-NORV-28  E=30014 S=143
2026-10-02 20:06:02 [INFO]   751 TRI-NORV-PMR-29 E=2893 S=131
2026-10-02 20:06:02 [INFO]   transactions 19:51:01 -> 20:06:01 : 0 lues en 1 page(s), 0 musee, 0 site
2026-10-02 20:06:02 [INFO] Dialogue borne : 0.9 s
2026-10-02 20:06:02 [INFO] Visiteurs du 2026-10-02 : 348 (source compteur, compteur 348, transactions 348)
2026-10-02 20:06:02 [INFO] Site visites libres du 2026-10-02 : entrees 220, sorties 211, presents 9 (pic {'n': 58, 'heure': '17:12'}, source transactions)
2026-10-02 20:11:01 [INFO] Site visites libres : Visites libres terminees (fenetre 09:30-19:30)
2026-10-02 20:11:01 [INFO] Borne 192.168.2.10:5205 - compteurs du musee (Area 511 VISITES MUSEE)
2026-10-02 20:11:01 [INFO]   511 VISITES MUSEE E=106030 S=0
2026-10-02 20:11:02 [INFO]   512 ENTREE MUSEE E=106030 S=0
2026-10-02 20:11:02 [INFO]   1208 TRI-MUS-55   E=26166 S=0
2026-10-02 20:11:02 [INFO]   1209 TRI-MUS-56   E=53369 S=0
2026-10-02 20:11:02 [INFO]   1210 TRI-MUS-57   E=26495 S=0
2026-10-02 20:11:02 [INFO]   1040 PDA.3.11     E=0 S=0
2026-10-02 20:11:02 [INFO] Compteurs du site (visites libres)
2026-10-02 20:11:02 [INFO]   749 TRI-NORV-27  E=595 S=30762
2026-10-02 20:11:02 [INFO]   750 TRI-NORV-28  E=30014 S=143
2026-10-02 20:11:02 [INFO]   751 TRI-NORV-PMR-29 E=2893 S=131
2026-10-02 20:11:02 [INFO]   transactions 19:56:01 -> 20:11:01 : 0 lues en 1 page(s), 0 musee, 0 site
2026-10-02 20:11:02 [INFO] Dialogue borne : 0.9 s
2026-10-02 20:11:02 [INFO] Visiteurs du 2026-10-02 : 348 (source compteur, compteur 348, transactions 348)
2026-10-02 20:11:02 [INFO] Site visites libres du 2026-10-02 : entrees 220, sorties 211, presents 9 (pic {'n': 58, 'heure': '17:12'}, source transactions)
2026-10-02 20:16:01 [INFO] Site visites libres : Visites libres terminees (fenetre 09:30-19:30)
2026-10-02 20:16:01 [INFO] Borne 192.168.2.10:5205 - compteurs du musee (Area 511 VISITES MUSEE)
2026-10-02 20:16:02 [INFO]   511 VISITES MUSEE E=106030 S=0
2026-10-02 20:16:02 [INFO]   512 ENTREE MUSEE E=106030 S=0
2026-10-02 20:16:02 [INFO]   1208 TRI-MUS-55   E=26166 S=0
2026-10-02 20:16:02 [INFO]   1209 TRI-MUS-56   E=53369 S=0
2026-10-02 20:16:02 [INFO]   1210 TRI-MUS-57   E=26495 S=0
2026-10-02 20:16:02 [INFO]   1040 PDA.3.11     E=0 S=0
2026-10-02 20:16:02 [INFO] Compteurs du site (visites libres)
2026-10-02 20:16:02 [INFO]   749 TRI-NORV-27  E=595 S=30762
2026-10-02 20:16:02 [INFO]   750 TRI-NORV-28  E=30014 S=143
2026-10-02 20:16:02 [INFO]   751 TRI-NORV-PMR-29 E=2893 S=131
2026-10-02 20:16:02 [INFO]   transactions 20:01:01 -> 20:16:01 : 0 lues en 1 page(s), 0 musee, 0 site
2026-10-02 20:16:02 [INFO] Dialogue borne : 1.1 s
2026-10-02 20:16:03 [INFO] Visiteurs du 2026-10-02 : 348 (source compteur, compteur 348, transactions 348)
2026-10-02 20:16:03 [INFO] Site visites libres du 2026-10-02 : entrees 220, sorties 211, presents 9 (pic {'n': 58, 'heure': '17:12'}, source transactions)
2026-10-02 20:21:01 [INFO] Site visites libres : Visites libres terminees (fenetre 09:30-19:30)
2026-10-02 20:21:01 [INFO] Borne 192.168.2.10:5205 - compteurs du musee (Area 511 VISITES MUSEE)
2026-10-02 20:21:02 [INFO]   511 VISITES MUSEE E=106030 S=0
2026-10-02 20:21:02 [INFO]   512 ENTREE MUSEE E=106030 S=0
2026-10-02 20:21:02 [INFO]   1208 TRI-MUS-55   E=26166 S=0
2026-10-02 20:21:02 [INFO]   1209 TRI-MUS-56   E=53369 S=0
2026-10-02 20:21:02 [INFO]   1210 TRI-MUS-57   E=26495 S=0
2026-10-02 20:21:02 [INFO]   1040 PDA.3.11     E=0 S=0
2026-10-02 20:21:02 [INFO] Compteurs du site (visites libres)
2026-10-02 20:21:02 [INFO]   749 TRI-NORV-27  E=595 S=30762
2026-10-02 20:21:02 [INFO]   750 TRI-NORV-28  E=30014 S=143
2026-10-02 20:21:02 [INFO]   751 TRI-NORV-PMR-29 E=2893 S=131
2026-10-02 20:21:02 [INFO]   transactions 20:06:01 -> 20:21:01 : 0 lues en 1 page(s), 0 musee, 0 site
2026-10-02 20:21:02 [INFO] Dialogue borne : 1.0 s
2026-10-02 20:21:02 [INFO] Visiteurs du 2026-10-02 : 348 (source compteur, compteur 348, transactions 348)
2026-10-02 20:21:02 [INFO] Site visites libres du 2026-10-02 : entrees 220, sorties 211, presents 9 (pic {'n': 58, 'heure': '17:12'}, source transactions)
2026-10-02 20:26:01 [INFO] Site visites libres : Visites libres terminees (fenetre 09:30-19:30)
2026-10-02 20:26:01 [INFO] Borne 192.168.2.10:5205 - compteurs du musee (Area 511 VISITES MUSEE)
2026-10-02 20:26:02 [INFO]   511 VISITES MUSEE E=106030 S=0
2026-10-02 20:26:02 [INFO]   512 ENTREE MUSEE E=106030 S=0
2026-10-02 20:26:02 [INFO]   1208 TRI-MUS-55   E=26166 S=0
2026-10-02 20:26:02 [INFO]   1209 TRI-MUS-56   E=53369 S=0
2026-10-02 20:26:02 [INFO]   1210 TRI-MUS-57   E=26495 S=0
2026-10-02 20:26:02 [INFO]   1040 PDA.3.11     E=0 S=0
2026-10-02 20:26:02 [INFO] Compteurs du site (visites libres)
2026-10-02 20:26:02 [INFO]   749 TRI-NORV-27  E=595 S=30762
2026-10-02 20:26:02 [INFO]   750 TRI-NORV-28  E=30014 S=143
2026-10-02 20:26:02 [INFO]   751 TRI-NORV-PMR-29 E=2893 S=131
2026-10-02 20:26:02 [INFO]   transactions 20:11:01 -> 20:26:01 : 0 lues en 1 page(s), 0 musee, 0 site
2026-10-02 20:26:02 [INFO] Dialogue borne : 1.0 s
2026-10-02 20:26:02 [INFO] Visiteurs du 2026-10-02 : 348 (source compteur, compteur 348, transactions 348)
2026-10-02 20:26:02 [INFO] Site visites libres du 2026-10-02 : entrees 220, sorties 211, presents 9 (pic {'n': 58, 'heure': '17:12'}, source transactions)
2026-10-02 20:31:01 [INFO] Site visites libres : Visites libres terminees (fenetre 09:30-19:30)
2026-10-02 20:31:01 [INFO] Borne 192.168.2.10:5205 - compteurs du musee (Area 511 VISITES MUSEE)
2026-10-02 20:31:02 [INFO]   511 VISITES MUSEE E=106030 S=0
2026-10-02 20:31:02 [INFO]   512 ENTREE MUSEE E=106030 S=0
2026-10-02 20:31:02 [INFO]   1208 TRI-MUS-55   E=26166 S=0
2026-10-02 20:31:02 [INFO]   1209 TRI-MUS-56   E=53369 S=0
2026-10-02 20:31:02 [INFO]   1210 TRI-MUS-57   E=26495 S=0
2026-10-02 20:31:02 [INFO]   1040 PDA.3.11     E=0 S=0
2026-10-02 20:31:02 [INFO] Compteurs du site (visites libres)
2026-10-02 20:31:02 [INFO]   749 TRI-NORV-27  E=595 S=30762
2026-10-02 20:31:02 [INFO]   750 TRI-NORV-28  E=30014 S=143
2026-10-02 20:31:02 [INFO]   751 TRI-NORV-PMR-29 E=2893 S=131
2026-10-02 20:31:03 [INFO]   transactions 20:16:01 -> 20:31:01 : 0 lues en 1 page(s), 0 musee, 0 site
2026-10-02 20:31:03 [INFO] Dialogue borne : 1.2 s
2026-10-02 20:31:03 [INFO] Visiteurs du 2026-10-02 : 348 (source compteur, compteur 348, transactions 348)
2026-10-02 20:31:03 [INFO] Site visites libres du 2026-10-02 : entrees 220, sorties 211, presents 9 (pic {'n': 58, 'heure': '17:12'}, source transactions)
2026-10-02 20:36:01 [INFO] Site visites libres : Visites libres terminees (fenetre 09:30-19:30)
2026-10-02 20:36:01 [INFO] Borne 192.168.2.10:5205 - compteurs du musee (Area 511 VISITES MUSEE)
2026-10-02 20:36:01 [INFO]   511 VISITES MUSEE E=106030 S=0
2026-10-02 20:36:02 [INFO]   512 ENTREE MUSEE E=106030 S=0
2026-10-02 20:36:02 [INFO]   1208 TRI-MUS-55   E=26166 S=0
2026-10-02 20:36:02 [INFO]   1209 TRI-MUS-56   E=53369 S=0
2026-10-02 20:36:02 [INFO]   1210 TRI-MUS-57   E=26495 S=0
2026-10-02 20:36:02 [INFO]   1040 PDA.3.11     E=0 S=0
2026-10-02 20:36:02 [INFO] Compteurs du site (visites libres)
2026-10-02 20:36:02 [INFO]   749 TRI-NORV-27  E=595 S=30762
2026-10-02 20:36:02 [INFO]   750 TRI-NORV-28  E=30014 S=143
2026-10-02 20:36:02 [INFO]   751 TRI-NORV-PMR-29 E=2893 S=131
2026-10-02 20:36:02 [INFO]   transactions 20:21:01 -> 20:36:01 : 0 lues en 1 page(s), 0 musee, 0 site
2026-10-02 20:36:02 [INFO] Dialogue borne : 0.9 s
2026-10-02 20:36:02 [INFO] Visiteurs du 2026-10-02 : 348 (source compteur, compteur 348, transactions 348)
2026-10-02 20:36:02 [INFO] Site visites libres du 2026-10-02 : entrees 220, sorties 211, presents 9 (pic {'n': 58, 'heure': '17:12'}, source transactions)
2026-10-02 20:41:01 [INFO] Site visites libres : Visites libres terminees (fenetre 09:30-19:30)
2026-10-02 20:41:01 [INFO] Borne 192.168.2.10:5205 - compteurs du musee (Area 511 VISITES MUSEE)
2026-10-02 20:41:01 [INFO]   511 VISITES MUSEE E=106030 S=0
2026-10-02 20:41:02 [INFO]   512 ENTREE MUSEE E=106030 S=0
2026-10-02 20:41:02 [INFO]   1208 TRI-MUS-55   E=26166 S=0
2026-10-02 20:41:02 [INFO]   1209 TRI-MUS-56   E=53369 S=0
2026-10-02 20:41:02 [INFO]   1210 TRI-MUS-57   E=26495 S=0
2026-10-02 20:41:02 [INFO]   1040 PDA.3.11     E=0 S=0
2026-10-02 20:41:02 [INFO] Compteurs du site (visites libres)
2026-10-02 20:41:02 [INFO]   749 TRI-NORV-27  E=595 S=30762
2026-10-02 20:41:02 [INFO]   750 TRI-NORV-28  E=30014 S=143
2026-10-02 20:41:02 [INFO]   751 TRI-NORV-PMR-29 E=2893 S=131
2026-10-02 20:41:02 [INFO]   transactions 20:26:01 -> 20:41:01 : 0 lues en 1 page(s), 0 musee, 0 site
2026-10-02 20:41:02 [INFO] Dialogue borne : 0.9 s
2026-10-02 20:41:02 [INFO] Visiteurs du 2026-10-02 : 348 (source compteur, compteur 348, transactions 348)
2026-10-02 20:41:02 [INFO] Site visites libres du 2026-10-02 : entrees 220, sorties 211, presents 9 (pic {'n': 58, 'heure': '17:12'}, source transactions)
2026-10-02 20:46:01 [INFO] Site visites libres : Visites libres terminees (fenetre 09:30-19:30)
2026-10-02 20:46:01 [INFO] Borne 192.168.2.10:5205 - compteurs du musee (Area 511 VISITES MUSEE)
2026-10-02 20:46:02 [INFO]   511 VISITES MUSEE E=106030 S=0
2026-10-02 20:46:02 [INFO]   512 ENTREE MUSEE E=106030 S=0
2026-10-02 20:46:02 [INFO]   1208 TRI-MUS-55   E=26166 S=0
2026-10-02 20:46:02 [INFO]   1209 TRI-MUS-56   E=53369 S=0
2026-10-02 20:46:02 [INFO]   1210 TRI-MUS-57   E=26495 S=0
2026-10-02 20:46:02 [INFO]   1040 PDA.3.11     E=0 S=0
2026-10-02 20:46:02 [INFO] Compteurs du site (visites libres)
2026-10-02 20:46:02 [INFO]   749 TRI-NORV-27  E=595 S=30762
2026-10-02 20:46:02 [INFO]   750 TRI-NORV-28  E=30014 S=143
2026-10-02 20:46:02 [INFO]   751 TRI-NORV-PMR-29 E=2893 S=131
2026-10-02 20:46:02 [INFO]   transactions 20:31:01 -> 20:46:01 : 0 lues en 1 page(s), 0 musee, 0 site
2026-10-02 20:46:02 [INFO] Dialogue borne : 0.9 s
2026-10-02 20:46:02 [INFO] Visiteurs du 2026-10-02 : 348 (source compteur, compteur 348, transactions 348)
2026-10-02 20:46:02 [INFO] Site visites libres du 2026-10-02 : entrees 220, sorties 211, presents 9 (pic {'n': 58, 'heure': '17:12'}, source transactions)
2026-10-02 20:51:01 [INFO] Site visites libres : Visites libres terminees (fenetre 09:30-19:30)
2026-10-02 20:51:01 [INFO] Borne 192.168.2.10:5205 - compteurs du musee (Area 511 VISITES MUSEE)
2026-10-02 20:51:02 [INFO]   511 VISITES MUSEE E=106030 S=0
2026-10-02 20:51:02 [INFO]   512 ENTREE MUSEE E=106030 S=0
2026-10-02 20:51:02 [INFO]   1208 TRI-MUS-55   E=26166 S=0
2026-10-02 20:51:02 [INFO]   1209 TRI-MUS-56   E=53369 S=0
2026-10-02 20:51:02 [INFO]   1210 TRI-MUS-57   E=26495 S=0
2026-10-02 20:51:02 [INFO]   1040 PDA.3.11     E=0 S=0
2026-10-02 20:51:02 [INFO] Compteurs du site (visites libres)
2026-10-02 20:51:02 [INFO]   749 TRI-NORV-27  E=595 S=30762
2026-10-02 20:51:02 [INFO]   750 TRI-NORV-28  E=30014 S=143
2026-10-02 20:51:02 [INFO]   751 TRI-NORV-PMR-29 E=2893 S=131
2026-10-02 20:51:02 [INFO]   transactions 20:36:01 -> 20:51:01 : 0 lues en 1 page(s), 0 musee, 0 site
2026-10-02 20:51:02 [INFO] Dialogue borne : 1.0 s
2026-10-02 20:51:03 [INFO] Visiteurs du 2026-10-02 : 348 (source compteur, compteur 348, transactions 348)
2026-10-02 20:51:03 [INFO] Site visites libres du 2026-10-02 : entrees 220, sorties 211, presents 9 (pic {'n': 58, 'heure': '17:12'}, source transactions)
2026-10-02 20:56:01 [INFO] Site visites libres : Visites libres terminees (fenetre 09:30-19:30)
2026-10-02 20:56:01 [INFO] Borne 192.168.2.10:5205 - compteurs du musee (Area 511 VISITES MUSEE)
2026-10-02 20:56:02 [INFO]   511 VISITES MUSEE E=106030 S=0
2026-10-02 20:56:02 [INFO]   512 ENTREE MUSEE E=106030 S=0
2026-10-02 20:56:02 [INFO]   1208 TRI-MUS-55   E=26166 S=0
2026-10-02 20:56:02 [INFO]   1209 TRI-MUS-56   E=53369 S=0
2026-10-02 20:56:02 [INFO]   1210 TRI-MUS-57   E=26495 S=0
2026-10-02 20:56:02 [INFO]   1040 PDA.3.11     E=0 S=0
2026-10-02 20:56:02 [INFO] Compteurs du site (visites libres)
2026-10-02 20:56:02 [INFO]   749 TRI-NORV-27  E=595 S=30762
2026-10-02 20:56:02 [INFO]   750 TRI-NORV-28  E=30014 S=143
2026-10-02 20:56:02 [INFO]   751 TRI-NORV-PMR-29 E=2893 S=131
2026-10-02 20:56:03 [INFO]   transactions 20:41:01 -> 20:56:01 : 0 lues en 1 page(s), 0 musee, 0 site
2026-10-02 20:56:03 [INFO] Dialogue borne : 1.2 s
2026-10-02 20:56:03 [INFO] Visiteurs du 2026-10-02 : 348 (source compteur, compteur 348, transactions 348)
2026-10-02 20:56:03 [INFO] Site visites libres du 2026-10-02 : entrees 220, sorties 211, presents 9 (pic {'n': 58, 'heure': '17:12'}, source transactions)
2026-10-02 21:01:01 [INFO] Site visites libres : Visites libres terminees (fenetre 09:30-19:30)
2026-10-02 21:01:01 [INFO] Borne 192.168.2.10:5205 - compteurs du musee (Area 511 VISITES MUSEE)
2026-10-02 21:01:02 [INFO]   511 VISITES MUSEE E=106030 S=0
2026-10-02 21:01:02 [INFO]   512 ENTREE MUSEE E=106030 S=0
2026-10-02 21:01:02 [INFO]   1208 TRI-MUS-55   E=26166 S=0
2026-10-02 21:01:02 [INFO]   1209 TRI-MUS-56   E=53369 S=0
2026-10-02 21:01:02 [INFO]   1210 TRI-MUS-57   E=26495 S=0
2026-10-02 21:01:02 [INFO]   1040 PDA.3.11     E=0 S=0
2026-10-02 21:01:02 [INFO] Compteurs du site (visites libres)
2026-10-02 21:01:02 [INFO]   749 TRI-NORV-27  E=595 S=30762
2026-10-02 21:01:02 [INFO]   750 TRI-NORV-28  E=30014 S=143
2026-10-02 21:01:02 [INFO]   751 TRI-NORV-PMR-29 E=2893 S=131
2026-10-02 21:01:02 [INFO]   transactions 20:46:01 -> 21:01:01 : 0 lues en 1 page(s), 0 musee, 0 site
2026-10-02 21:01:02 [INFO] Dialogue borne : 1.0 s
2026-10-02 21:01:02 [INFO] Visiteurs du 2026-10-02 : 348 (source compteur, compteur 348, transactions 348)
2026-10-02 21:01:03 [INFO] Site visites libres du 2026-10-02 : entrees 220, sorties 211, presents 9 (pic {'n': 58, 'heure': '17:12'}, source transactions)
2026-10-02 21:06:01 [INFO] Site visites libres : Visites libres terminees (fenetre 09:30-19:30)
2026-10-02 21:06:01 [INFO] Borne 192.168.2.10:5205 - compteurs du musee (Area 511 VISITES MUSEE)
2026-10-02 21:06:02 [INFO]   511 VISITES MUSEE E=106030 S=0
2026-10-02 21:06:02 [INFO]   512 ENTREE MUSEE E=106030 S=0
2026-10-02 21:06:02 [INFO]   1208 TRI-MUS-55   E=26166 S=0
2026-10-02 21:06:02 [INFO]   1209 TRI-MUS-56   E=53369 S=0
2026-10-02 21:06:02 [INFO]   1210 TRI-MUS-57   E=26495 S=0
2026-10-02 21:06:02 [INFO]   1040 PDA.3.11     E=0 S=0
2026-10-02 21:06:02 [INFO] Compteurs du site (visites libres)
2026-10-02 21:06:02 [INFO]   749 TRI-NORV-27  E=595 S=30762
2026-10-02 21:06:02 [INFO]   750 TRI-NORV-28  E=30014 S=143
2026-10-02 21:06:02 [INFO]   751 TRI-NORV-PMR-29 E=2893 S=131
2026-10-02 21:06:02 [INFO]   transactions 20:51:01 -> 21:06:01 : 0 lues en 1 page(s), 0 musee, 0 site
2026-10-02 21:06:02 [INFO] Dialogue borne : 0.9 s
2026-10-02 21:06:02 [INFO] Visiteurs du 2026-10-02 : 348 (source compteur, compteur 348, transactions 348)
2026-10-02 21:06:02 [INFO] Site visites libres du 2026-10-02 : entrees 220, sorties 211, presents 9 (pic {'n': 58, 'heure': '17:12'}, source transactions)
2026-10-02 21:11:01 [INFO] Site visites libres : Visites libres terminees (fenetre 09:30-19:30)
2026-10-02 21:11:01 [INFO] Borne 192.168.2.10:5205 - compteurs du musee (Area 511 VISITES MUSEE)
2026-10-02 21:11:01 [INFO]   511 VISITES MUSEE E=106030 S=0
2026-10-02 21:11:02 [INFO]   512 ENTREE MUSEE E=106030 S=0
2026-10-02 21:11:02 [INFO]   1208 TRI-MUS-55   E=26166 S=0
2026-10-02 21:11:02 [INFO]   1209 TRI-MUS-56   E=53369 S=0
2026-10-02 21:11:02 [INFO]   1210 TRI-MUS-57   E=26495 S=0
2026-10-02 21:11:02 [INFO]   1040 PDA.3.11     E=0 S=0
2026-10-02 21:11:02 [INFO] Compteurs du site (visites libres)
2026-10-02 21:11:02 [INFO]   749 TRI-NORV-27  E=595 S=30762
2026-10-02 21:11:02 [INFO]   750 TRI-NORV-28  E=30014 S=143
2026-10-02 21:11:02 [INFO]   751 TRI-NORV-PMR-29 E=2893 S=131
2026-10-02 21:11:02 [INFO]   transactions 20:56:01 -> 21:11:01 : 0 lues en 1 page(s), 0 musee, 0 site
2026-10-02 21:11:02 [INFO] Dialogue borne : 0.9 s
2026-10-02 21:11:02 [INFO] Visiteurs du 2026-10-02 : 348 (source compteur, compteur 348, transactions 348)
2026-10-02 21:11:02 [INFO] Site visites libres du 2026-10-02 : entrees 220, sorties 211, presents 9 (pic {'n': 58, 'heure': '17:12'}, source transactions)
2026-10-02 21:16:01 [INFO] Site visites libres : Visites libres terminees (fenetre 09:30-19:30)
2026-10-02 21:16:02 [INFO] Borne 192.168.2.10:5205 - compteurs du musee (Area 511 VISITES MUSEE)
2026-10-02 21:16:02 [INFO]   511 VISITES MUSEE E=106030 S=0
2026-10-02 21:16:02 [INFO]   512 ENTREE MUSEE E=106030 S=0
2026-10-02 21:16:02 [INFO]   1208 TRI-MUS-55   E=26166 S=0
2026-10-02 21:16:02 [INFO]   1209 TRI-MUS-56   E=53369 S=0
2026-10-02 21:16:02 [INFO]   1210 TRI-MUS-57   E=26495 S=0
2026-10-02 21:16:02 [INFO]   1040 PDA.3.11     E=0 S=0
2026-10-02 21:16:02 [INFO] Compteurs du site (visites libres)
2026-10-02 21:16:02 [INFO]   749 TRI-NORV-27  E=595 S=30762
2026-10-02 21:16:02 [INFO]   750 TRI-NORV-28  E=30014 S=143
2026-10-02 21:16:02 [INFO]   751 TRI-NORV-PMR-29 E=2893 S=131
2026-10-02 21:16:03 [INFO]   transactions 21:01:01 -> 21:16:01 : 0 lues en 1 page(s), 0 musee, 0 site
2026-10-02 21:16:03 [INFO] Dialogue borne : 1.1 s
2026-10-02 21:16:03 [INFO] Visiteurs du 2026-10-02 : 348 (source compteur, compteur 348, transactions 348)
2026-10-02 21:16:03 [INFO] Site visites libres du 2026-10-02 : entrees 220, sorties 211, presents 9 (pic {'n': 58, 'heure': '17:12'}, source transactions)
2026-10-02 21:21:01 [INFO] Site visites libres : Visites libres terminees (fenetre 09:30-19:30)
2026-10-02 21:21:01 [INFO] Borne 192.168.2.10:5205 - compteurs du musee (Area 511 VISITES MUSEE)
2026-10-02 21:21:02 [INFO]   511 VISITES MUSEE E=106030 S=0
2026-10-02 21:21:02 [INFO]   512 ENTREE MUSEE E=106030 S=0
2026-10-02 21:21:02 [INFO]   1208 TRI-MUS-55   E=26166 S=0
2026-10-02 21:21:02 [INFO]   1209 TRI-MUS-56   E=53369 S=0
2026-10-02 21:21:02 [INFO]   1210 TRI-MUS-57   E=26495 S=0
2026-10-02 21:21:02 [INFO]   1040 PDA.3.11     E=0 S=0
2026-10-02 21:21:02 [INFO] Compteurs du site (visites libres)
2026-10-02 21:21:02 [INFO]   749 TRI-NORV-27  E=595 S=30762
2026-10-02 21:21:02 [INFO]   750 TRI-NORV-28  E=30014 S=143
2026-10-02 21:21:02 [INFO]   751 TRI-NORV-PMR-29 E=2893 S=131
2026-10-02 21:21:03 [INFO]   transactions 21:06:01 -> 21:21:01 : 0 lues en 1 page(s), 0 musee, 0 site
2026-10-02 21:21:03 [INFO] Dialogue borne : 1.1 s
2026-10-02 21:21:03 [INFO] Visiteurs du 2026-10-02 : 348 (source compteur, compteur 348, transactions 348)
2026-10-02 21:21:03 [INFO] Site visites libres du 2026-10-02 : entrees 220, sorties 211, presents 9 (pic {'n': 58, 'heure': '17:12'}, source transactions)
2026-10-02 21:26:01 [INFO] Site visites libres : Visites libres terminees (fenetre 09:30-19:30)
2026-10-02 21:26:01 [INFO] Borne 192.168.2.10:5205 - compteurs du musee (Area 511 VISITES MUSEE)
2026-10-02 21:26:02 [INFO]   511 VISITES MUSEE E=106030 S=0
2026-10-02 21:26:02 [INFO]   512 ENTREE MUSEE E=106030 S=0
2026-10-02 21:26:02 [INFO]   1208 TRI-MUS-55   E=26166 S=0
2026-10-02 21:26:02 [INFO]   1209 TRI-MUS-56   E=53369 S=0
2026-10-02 21:26:02 [INFO]   1210 TRI-MUS-57   E=26495 S=0
2026-10-02 21:26:02 [INFO]   1040 PDA.3.11     E=0 S=0
2026-10-02 21:26:02 [INFO] Compteurs du site (visites libres)
2026-10-02 21:26:02 [INFO]   749 TRI-NORV-27  E=595 S=30762
2026-10-02 21:26:02 [INFO]   750 TRI-NORV-28  E=30014 S=143
2026-10-02 21:26:02 [INFO]   751 TRI-NORV-PMR-29 E=2893 S=131
2026-10-02 21:26:03 [INFO]   transactions 21:11:01 -> 21:26:01 : 0 lues en 1 page(s), 0 musee, 0 site
2026-10-02 21:26:03 [INFO] Dialogue borne : 1.1 s
2026-10-02 21:26:03 [INFO] Visiteurs du 2026-10-02 : 348 (source compteur, compteur 348, transactions 348)
2026-10-02 21:26:03 [INFO] Site visites libres du 2026-10-02 : entrees 220, sorties 211, presents 9 (pic {'n': 58, 'heure': '17:12'}, source transactions)
2026-10-02 21:31:01 [INFO] Site visites libres : Visites libres terminees (fenetre 09:30-19:30)
2026-10-02 21:31:01 [INFO] Borne 192.168.2.10:5205 - compteurs du musee (Area 511 VISITES MUSEE)
2026-10-02 21:31:01 [INFO]   511 VISITES MUSEE E=106030 S=0
2026-10-02 21:31:01 [INFO]   512 ENTREE MUSEE E=106030 S=0
2026-10-02 21:31:02 [INFO]   1208 TRI-MUS-55   E=26166 S=0
2026-10-02 21:31:02 [INFO]   1209 TRI-MUS-56   E=53369 S=0
2026-10-02 21:31:02 [INFO]   1210 TRI-MUS-57   E=26495 S=0
2026-10-02 21:31:02 [INFO]   1040 PDA.3.11     E=0 S=0
2026-10-02 21:31:02 [INFO] Compteurs du site (visites libres)
2026-10-02 21:31:02 [INFO]   749 TRI-NORV-27  E=595 S=30762
2026-10-02 21:31:02 [INFO]   750 TRI-NORV-28  E=30014 S=143
2026-10-02 21:31:02 [INFO]   751 TRI-NORV-PMR-29 E=2893 S=131
2026-10-02 21:31:02 [INFO]   transactions 21:16:01 -> 21:31:01 : 0 lues en 1 page(s), 0 musee, 0 site
2026-10-02 21:31:02 [INFO] Dialogue borne : 0.9 s
2026-10-02 21:31:02 [INFO] Visiteurs du 2026-10-02 : 348 (source compteur, compteur 348, transactions 348)
2026-10-02 21:31:02 [INFO] Site visites libres du 2026-10-02 : entrees 220, sorties 211, presents 9 (pic {'n': 58, 'heure': '17:12'}, source transactions)
2026-10-02 21:36:01 [INFO] Site visites libres : Visites libres terminees (fenetre 09:30-19:30)
2026-10-02 21:36:01 [INFO] Borne 192.168.2.10:5205 - compteurs du musee (Area 511 VISITES MUSEE)
2026-10-02 21:36:02 [INFO]   511 VISITES MUSEE E=106030 S=0
2026-10-02 21:36:02 [INFO]   512 ENTREE MUSEE E=106030 S=0
2026-10-02 21:36:02 [INFO]   1208 TRI-MUS-55   E=26166 S=0
2026-10-02 21:36:02 [INFO]   1209 TRI-MUS-56   E=53369 S=0
2026-10-02 21:36:02 [INFO]   1210 TRI-MUS-57   E=26495 S=0
2026-10-02 21:36:02 [INFO]   1040 PDA.3.11     E=0 S=0
2026-10-02 21:36:02 [INFO] Compteurs du site (visites libres)
2026-10-02 21:36:02 [INFO]   749 TRI-NORV-27  E=595 S=30762
2026-10-02 21:36:02 [INFO]   750 TRI-NORV-28  E=30014 S=143
2026-10-02 21:36:02 [INFO]   751 TRI-NORV-PMR-29 E=2893 S=131
2026-10-02 21:36:02 [INFO]   transactions 21:21:01 -> 21:36:01 : 0 lues en 1 page(s), 0 musee, 0 site
2026-10-02 21:36:02 [INFO] Dialogue borne : 1.0 s
2026-10-02 21:36:02 [INFO] Visiteurs du 2026-10-02 : 348 (source compteur, compteur 348, transactions 348)
2026-10-02 21:36:02 [INFO] Site visites libres du 2026-10-02 : entrees 220, sorties 211, presents 9 (pic {'n': 58, 'heure': '17:12'}, source transactions)
2026-10-02 21:41:01 [INFO] Site visites libres : Visites libres terminees (fenetre 09:30-19:30)
2026-10-02 21:41:01 [INFO] Borne 192.168.2.10:5205 - compteurs du musee (Area 511 VISITES MUSEE)
2026-10-02 21:41:02 [INFO]   511 VISITES MUSEE E=106030 S=0
2026-10-02 21:41:02 [INFO]   512 ENTREE MUSEE E=106030 S=0
2026-10-02 21:41:02 [INFO]   1208 TRI-MUS-55   E=26166 S=0
2026-10-02 21:41:02 [INFO]   1209 TRI-MUS-56   E=53369 S=0
2026-10-02 21:41:02 [INFO]   1210 TRI-MUS-57   E=26495 S=0
2026-10-02 21:41:02 [INFO]   1040 PDA.3.11     E=0 S=0
2026-10-02 21:41:02 [INFO] Compteurs du site (visites libres)
2026-10-02 21:41:02 [INFO]   749 TRI-NORV-27  E=595 S=30762
2026-10-02 21:41:02 [INFO]   750 TRI-NORV-28  E=30014 S=143
2026-10-02 21:41:02 [INFO]   751 TRI-NORV-PMR-29 E=2893 S=131
2026-10-02 21:41:02 [INFO]   transactions 21:26:01 -> 21:41:01 : 0 lues en 1 page(s), 0 musee, 0 site
2026-10-02 21:41:02 [INFO] Dialogue borne : 1.0 s
2026-10-02 21:41:02 [INFO] Visiteurs du 2026-10-02 : 348 (source compteur, compteur 348, transactions 348)
2026-10-02 21:41:02 [INFO] Site visites libres du 2026-10-02 : entrees 220, sorties 211, presents 9 (pic {'n': 58, 'heure': '17:12'}, source transactions)
2026-10-02 21:46:01 [INFO] Site visites libres : Visites libres terminees (fenetre 09:30-19:30)
2026-10-02 21:46:01 [INFO] Borne 192.168.2.10:5205 - compteurs du musee (Area 511 VISITES MUSEE)
2026-10-02 21:46:02 [INFO]   511 VISITES MUSEE E=106030 S=0
2026-10-02 21:46:02 [INFO]   512 ENTREE MUSEE E=106030 S=0
2026-10-02 21:46:02 [INFO]   1208 TRI-MUS-55   E=26166 S=0
2026-10-02 21:46:02 [INFO]   1209 TRI-MUS-56   E=53369 S=0
2026-10-02 21:46:02 [INFO]   1210 TRI-MUS-57   E=26495 S=0
2026-10-02 21:46:02 [INFO]   1040 PDA.3.11     E=0 S=0
2026-10-02 21:46:02 [INFO] Compteurs du site (visites libres)
2026-10-02 21:46:02 [INFO]   749 TRI-NORV-27  E=595 S=30762
2026-10-02 21:46:02 [INFO]   750 TRI-NORV-28  E=30014 S=143
2026-10-02 21:46:02 [INFO]   751 TRI-NORV-PMR-29 E=2893 S=131
2026-10-02 21:46:03 [INFO]   transactions 21:31:01 -> 21:46:01 : 0 lues en 1 page(s), 0 musee, 0 site
2026-10-02 21:46:03 [INFO] Dialogue borne : 1.1 s
2026-10-02 21:46:03 [INFO] Visiteurs du 2026-10-02 : 348 (source compteur, compteur 348, transactions 348)
2026-10-02 21:46:03 [INFO] Site visites libres du 2026-10-02 : entrees 220, sorties 211, presents 9 (pic {'n': 58, 'heure': '17:12'}, source transactions)
2026-10-02 21:51:01 [INFO] Site visites libres : Visites libres terminees (fenetre 09:30-19:30)
2026-10-02 21:51:01 [INFO] Borne 192.168.2.10:5205 - compteurs du musee (Area 511 VISITES MUSEE)
2026-10-02 21:51:02 [INFO]   511 VISITES MUSEE E=106030 S=0
2026-10-02 21:51:02 [INFO]   512 ENTREE MUSEE E=106030 S=0
2026-10-02 21:51:02 [INFO]   1208 TRI-MUS-55   E=26166 S=0
2026-10-02 21:51:02 [INFO]   1209 TRI-MUS-56   E=53369 S=0
2026-10-02 21:51:02 [INFO]   1210 TRI-MUS-57   E=26495 S=0
2026-10-02 21:51:02 [INFO]   1040 PDA.3.11     E=0 S=0
2026-10-02 21:51:02 [INFO] Compteurs du site (visites libres)
2026-10-02 21:51:02 [INFO]   749 TRI-NORV-27  E=595 S=30762
2026-10-02 21:51:02 [INFO]   750 TRI-NORV-28  E=30014 S=143
2026-10-02 21:51:02 [INFO]   751 TRI-NORV-PMR-29 E=2893 S=131
2026-10-02 21:51:02 [INFO]   transactions 21:36:01 -> 21:51:01 : 0 lues en 1 page(s), 0 musee, 0 site
2026-10-02 21:51:02 [INFO] Dialogue borne : 0.9 s
2026-10-02 21:51:02 [INFO] Visiteurs du 2026-10-02 : 348 (source compteur, compteur 348, transactions 348)
2026-10-02 21:51:02 [INFO] Site visites libres du 2026-10-02 : entrees 220, sorties 211, presents 9 (pic {'n': 58, 'heure': '17:12'}, source transactions)
2026-10-02 21:56:01 [INFO] Site visites libres : Visites libres terminees (fenetre 09:30-19:30)
2026-10-02 21:56:01 [INFO] Borne 192.168.2.10:5205 - compteurs du musee (Area 511 VISITES MUSEE)
2026-10-02 21:56:02 [INFO]   511 VISITES MUSEE E=106030 S=0
2026-10-02 21:56:02 [INFO]   512 ENTREE MUSEE E=106030 S=0
2026-10-02 21:56:02 [INFO]   1208 TRI-MUS-55   E=26166 S=0
2026-10-02 21:56:02 [INFO]   1209 TRI-MUS-56   E=53369 S=0
2026-10-02 21:56:02 [INFO]   1210 TRI-MUS-57   E=26495 S=0
2026-10-02 21:56:02 [INFO]   1040 PDA.3.11     E=0 S=0
2026-10-02 21:56:02 [INFO] Compteurs du site (visites libres)
2026-10-02 21:56:02 [INFO]   749 TRI-NORV-27  E=595 S=30762
2026-10-02 21:56:02 [INFO]   750 TRI-NORV-28  E=30014 S=143
2026-10-02 21:56:02 [INFO]   751 TRI-NORV-PMR-29 E=2893 S=131
2026-10-02 21:56:02 [INFO]   transactions 21:41:01 -> 21:56:01 : 0 lues en 1 page(s), 0 musee, 0 site
2026-10-02 21:56:02 [INFO] Dialogue borne : 0.9 s
2026-10-02 21:56:02 [INFO] Visiteurs du 2026-10-02 : 348 (source compteur, compteur 348, transactions 348)
2026-10-02 21:56:02 [INFO] Site visites libres du 2026-10-02 : entrees 220, sorties 211, presents 9 (pic {'n': 58, 'heure': '17:12'}, source transactions)
2026-10-02 22:01:02 [INFO] Site visites libres : Visites libres terminees (fenetre 09:30-19:30)
2026-10-02 22:01:02 [INFO] Borne 192.168.2.10:5205 - compteurs du musee (Area 511 VISITES MUSEE)
2026-10-02 22:01:02 [INFO]   511 VISITES MUSEE E=106030 S=0
2026-10-02 22:01:02 [INFO]   512 ENTREE MUSEE E=106030 S=0
2026-10-02 22:01:02 [INFO]   1208 TRI-MUS-55   E=26166 S=0
2026-10-02 22:01:02 [INFO]   1209 TRI-MUS-56   E=53369 S=0
2026-10-02 22:01:02 [INFO]   1210 TRI-MUS-57   E=26495 S=0
2026-10-02 22:01:02 [INFO]   1040 PDA.3.11     E=0 S=0
2026-10-02 22:01:02 [INFO] Compteurs du site (visites libres)
2026-10-02 22:01:02 [INFO]   749 TRI-NORV-27  E=595 S=30762
2026-10-02 22:01:02 [INFO]   750 TRI-NORV-28  E=30014 S=143
2026-10-02 22:01:02 [INFO]   751 TRI-NORV-PMR-29 E=2893 S=131
2026-10-02 22:01:02 [INFO]   transactions 21:46:01 -> 22:01:02 : 0 lues en 1 page(s), 0 musee, 0 site
2026-10-02 22:01:02 [INFO] Dialogue borne : 0.9 s
2026-10-02 22:01:02 [INFO] Visiteurs du 2026-10-02 : 348 (source compteur, compteur 348, transactions 348)
2026-10-02 22:01:02 [INFO] Site visites libres du 2026-10-02 : entrees 220, sorties 211, presents 9 (pic {'n': 58, 'heure': '17:12'}, source transactions)
2026-10-02 22:06:01 [INFO] Site visites libres : Visites libres terminees (fenetre 09:30-19:30)
2026-10-02 22:06:01 [INFO] Borne 192.168.2.10:5205 - compteurs du musee (Area 511 VISITES MUSEE)
2026-10-02 22:06:02 [INFO]   511 VISITES MUSEE E=106030 S=0
2026-10-02 22:06:02 [INFO]   512 ENTREE MUSEE E=106030 S=0
2026-10-02 22:06:02 [INFO]   1208 TRI-MUS-55   E=26166 S=0
2026-10-02 22:06:02 [INFO]   1209 TRI-MUS-56   E=53369 S=0
2026-10-02 22:06:02 [INFO]   1210 TRI-MUS-57   E=26495 S=0
2026-10-02 22:06:02 [INFO]   1040 PDA.3.11     E=0 S=0
2026-10-02 22:06:02 [INFO] Compteurs du site (visites libres)
2026-10-02 22:06:02 [INFO]   749 TRI-NORV-27  E=595 S=30762
2026-10-02 22:06:02 [INFO]   750 TRI-NORV-28  E=30014 S=143
2026-10-02 22:06:02 [INFO]   751 TRI-NORV-PMR-29 E=2893 S=131
2026-10-02 22:06:02 [INFO]   transactions 21:51:02 -> 22:06:01 : 0 lues en 1 page(s), 0 musee, 0 site
2026-10-02 22:06:02 [INFO] Dialogue borne : 1.0 s
2026-10-02 22:06:03 [INFO] Visiteurs du 2026-10-02 : 348 (source compteur, compteur 348, transactions 348)
2026-10-02 22:06:03 [INFO] Site visites libres du 2026-10-02 : entrees 220, sorties 211, presents 9 (pic {'n': 58, 'heure': '17:12'}, source transactions)
2026-10-02 22:11:01 [INFO] Site visites libres : Visites libres terminees (fenetre 09:30-19:30)
2026-10-02 22:11:01 [INFO] Borne 192.168.2.10:5205 - compteurs du musee (Area 511 VISITES MUSEE)
2026-10-02 22:11:02 [INFO]   511 VISITES MUSEE E=106030 S=0
2026-10-02 22:11:02 [INFO]   512 ENTREE MUSEE E=106030 S=0
2026-10-02 22:11:02 [INFO]   1208 TRI-MUS-55   E=26166 S=0
2026-10-02 22:11:02 [INFO]   1209 TRI-MUS-56   E=53369 S=0
2026-10-02 22:11:02 [INFO]   1210 TRI-MUS-57   E=26495 S=0
2026-10-02 22:11:02 [INFO]   1040 PDA.3.11     E=0 S=0
2026-10-02 22:11:02 [INFO] Compteurs du site (visites libres)
2026-10-02 22:11:02 [INFO]   749 TRI-NORV-27  E=595 S=30762
2026-10-02 22:11:02 [INFO]   750 TRI-NORV-28  E=30014 S=143
2026-10-02 22:11:02 [INFO]   751 TRI-NORV-PMR-29 E=2893 S=131
2026-10-02 22:11:02 [INFO]   transactions 21:56:01 -> 22:11:01 : 0 lues en 1 page(s), 0 musee, 0 site
2026-10-02 22:11:02 [INFO] Dialogue borne : 0.9 s
2026-10-02 22:11:02 [INFO] Visiteurs du 2026-10-02 : 348 (source compteur, compteur 348, transactions 348)
2026-10-02 22:11:02 [INFO] Site visites libres du 2026-10-02 : entrees 220, sorties 211, presents 9 (pic {'n': 58, 'heure': '17:12'}, source transactions)
2026-10-02 22:16:01 [INFO] Site visites libres : Visites libres terminees (fenetre 09:30-19:30)
2026-10-02 22:16:01 [INFO] Borne 192.168.2.10:5205 - compteurs du musee (Area 511 VISITES MUSEE)
2026-10-02 22:16:02 [INFO]   511 VISITES MUSEE E=106030 S=0
2026-10-02 22:16:02 [INFO]   512 ENTREE MUSEE E=106030 S=0
2026-10-02 22:16:02 [INFO]   1208 TRI-MUS-55   E=26166 S=0
2026-10-02 22:16:02 [INFO]   1209 TRI-MUS-56   E=53369 S=0
2026-10-02 22:16:02 [INFO]   1210 TRI-MUS-57   E=26495 S=0
2026-10-02 22:16:02 [INFO]   1040 PDA.3.11     E=0 S=0
2026-10-02 22:16:02 [INFO] Compteurs du site (visites libres)
2026-10-02 22:16:02 [INFO]   749 TRI-NORV-27  E=595 S=30762
2026-10-02 22:16:02 [INFO]   750 TRI-NORV-28  E=30014 S=143
2026-10-02 22:16:02 [INFO]   751 TRI-NORV-PMR-29 E=2893 S=131
2026-10-02 22:16:03 [INFO]   transactions 22:01:01 -> 22:16:01 : 0 lues en 1 page(s), 0 musee, 0 site
2026-10-02 22:16:03 [INFO] Dialogue borne : 1.1 s
2026-10-02 22:16:03 [INFO] Visiteurs du 2026-10-02 : 348 (source compteur, compteur 348, transactions 348)
2026-10-02 22:16:03 [INFO] Site visites libres du 2026-10-02 : entrees 220, sorties 211, presents 9 (pic {'n': 58, 'heure': '17:12'}, source transactions)
2026-10-02 22:21:01 [INFO] Site visites libres : Visites libres terminees (fenetre 09:30-19:30)
2026-10-02 22:21:01 [INFO] Borne 192.168.2.10:5205 - compteurs du musee (Area 511 VISITES MUSEE)
2026-10-02 22:21:02 [INFO]   511 VISITES MUSEE E=106030 S=0
2026-10-02 22:21:02 [INFO]   512 ENTREE MUSEE E=106030 S=0
2026-10-02 22:21:02 [INFO]   1208 TRI-MUS-55   E=26166 S=0
2026-10-02 22:21:02 [INFO]   1209 TRI-MUS-56   E=53369 S=0
2026-10-02 22:21:02 [INFO]   1210 TRI-MUS-57   E=26495 S=0
2026-10-02 22:21:02 [INFO]   1040 PDA.3.11     E=0 S=0
2026-10-02 22:21:02 [INFO] Compteurs du site (visites libres)
2026-10-02 22:21:02 [INFO]   749 TRI-NORV-27  E=595 S=30762
2026-10-02 22:21:02 [INFO]   750 TRI-NORV-28  E=30014 S=143
2026-10-02 22:21:02 [INFO]   751 TRI-NORV-PMR-29 E=2893 S=131
2026-10-02 22:21:02 [INFO]   transactions 22:06:01 -> 22:21:01 : 0 lues en 1 page(s), 0 musee, 0 site
2026-10-02 22:21:02 [INFO] Dialogue borne : 0.9 s
2026-10-02 22:21:02 [INFO] Visiteurs du 2026-10-02 : 348 (source compteur, compteur 348, transactions 348)
2026-10-02 22:21:02 [INFO] Site visites libres du 2026-10-02 : entrees 220, sorties 211, presents 9 (pic {'n': 58, 'heure': '17:12'}, source transactions)
2026-10-02 22:26:01 [INFO] Site visites libres : Visites libres terminees (fenetre 09:30-19:30)
2026-10-02 22:26:01 [INFO] Borne 192.168.2.10:5205 - compteurs du musee (Area 511 VISITES MUSEE)
2026-10-02 22:26:02 [INFO]   511 VISITES MUSEE E=106030 S=0
2026-10-02 22:26:02 [INFO]   512 ENTREE MUSEE E=106030 S=0
2026-10-02 22:26:02 [INFO]   1208 TRI-MUS-55   E=26166 S=0
2026-10-02 22:26:02 [INFO]   1209 TRI-MUS-56   E=53369 S=0
2026-10-02 22:26:02 [INFO]   1210 TRI-MUS-57   E=26495 S=0
2026-10-02 22:26:02 [INFO]   1040 PDA.3.11     E=0 S=0
2026-10-02 22:26:02 [INFO] Compteurs du site (visites libres)
2026-10-02 22:26:02 [INFO]   749 TRI-NORV-27  E=595 S=30762
2026-10-02 22:26:02 [INFO]   750 TRI-NORV-28  E=30014 S=143
2026-10-02 22:26:02 [INFO]   751 TRI-NORV-PMR-29 E=2893 S=131
2026-10-02 22:26:02 [INFO]   transactions 22:11:01 -> 22:26:01 : 0 lues en 1 page(s), 0 musee, 0 site
2026-10-02 22:26:02 [INFO] Dialogue borne : 1.1 s
2026-10-02 22:26:03 [INFO] Visiteurs du 2026-10-02 : 348 (source compteur, compteur 348, transactions 348)
2026-10-02 22:26:03 [INFO] Site visites libres du 2026-10-02 : entrees 220, sorties 211, presents 9 (pic {'n': 58, 'heure': '17:12'}, source transactions)
2026-10-02 22:31:01 [INFO] Site visites libres : Visites libres terminees (fenetre 09:30-19:30)
2026-10-02 22:31:01 [INFO] Borne 192.168.2.10:5205 - compteurs du musee (Area 511 VISITES MUSEE)
2026-10-02 22:31:02 [INFO]   511 VISITES MUSEE E=106030 S=0
2026-10-02 22:31:02 [INFO]   512 ENTREE MUSEE E=106030 S=0
2026-10-02 22:31:02 [INFO]   1208 TRI-MUS-55   E=26166 S=0
2026-10-02 22:31:02 [INFO]   1209 TRI-MUS-56   E=53369 S=0
2026-10-02 22:31:02 [INFO]   1210 TRI-MUS-57   E=26495 S=0
2026-10-02 22:31:02 [INFO]   1040 PDA.3.11     E=0 S=0
2026-10-02 22:31:02 [INFO] Compteurs du site (visites libres)
2026-10-02 22:31:02 [INFO]   749 TRI-NORV-27  E=595 S=30762
2026-10-02 22:31:02 [INFO]   750 TRI-NORV-28  E=30014 S=143
2026-10-02 22:31:02 [INFO]   751 TRI-NORV-PMR-29 E=2893 S=131
2026-10-02 22:31:02 [INFO]   transactions 22:16:01 -> 22:31:01 : 0 lues en 1 page(s), 0 musee, 0 site
2026-10-02 22:31:02 [INFO] Dialogue borne : 0.9 s
2026-10-02 22:31:02 [INFO] Visiteurs du 2026-10-02 : 348 (source compteur, compteur 348, transactions 348)
2026-10-02 22:31:02 [INFO] Site visites libres du 2026-10-02 : entrees 220, sorties 211, presents 9 (pic {'n': 58, 'heure': '17:12'}, source transactions)
2026-10-02 22:36:01 [INFO] Site visites libres : Visites libres terminees (fenetre 09:30-19:30)
2026-10-02 22:36:01 [INFO] Borne 192.168.2.10:5205 - compteurs du musee (Area 511 VISITES MUSEE)
2026-10-02 22:36:01 [INFO]   511 VISITES MUSEE E=106030 S=0
2026-10-02 22:36:02 [INFO]   512 ENTREE MUSEE E=106030 S=0
2026-10-02 22:36:02 [INFO]   1208 TRI-MUS-55   E=26166 S=0
2026-10-02 22:36:02 [INFO]   1209 TRI-MUS-56   E=53369 S=0
2026-10-02 22:36:02 [INFO]   1210 TRI-MUS-57   E=26495 S=0
2026-10-02 22:36:02 [INFO]   1040 PDA.3.11     E=0 S=0
2026-10-02 22:36:02 [INFO] Compteurs du site (visites libres)
2026-10-02 22:36:02 [INFO]   749 TRI-NORV-27  E=595 S=30762
2026-10-02 22:36:02 [INFO]   750 TRI-NORV-28  E=30014 S=143
2026-10-02 22:36:02 [INFO]   751 TRI-NORV-PMR-29 E=2893 S=131
2026-10-02 22:36:02 [INFO]   transactions 22:21:01 -> 22:36:01 : 0 lues en 1 page(s), 0 musee, 0 site
2026-10-02 22:36:02 [INFO] Dialogue borne : 0.9 s
2026-10-02 22:36:02 [INFO] Visiteurs du 2026-10-02 : 348 (source compteur, compteur 348, transactions 348)
2026-10-02 22:36:02 [INFO] Site visites libres du 2026-10-02 : entrees 220, sorties 211, presents 9 (pic {'n': 58, 'heure': '17:12'}, source transactions)
2026-10-02 22:41:01 [INFO] Site visites libres : Visites libres terminees (fenetre 09:30-19:30)
2026-10-02 22:41:01 [INFO] Borne 192.168.2.10:5205 - compteurs du musee (Area 511 VISITES MUSEE)
2026-10-02 22:41:02 [INFO]   511 VISITES MUSEE E=106030 S=0
2026-10-02 22:41:02 [INFO]   512 ENTREE MUSEE E=106030 S=0
2026-10-02 22:41:02 [INFO]   1208 TRI-MUS-55   E=26166 S=0
2026-10-02 22:41:02 [INFO]   1209 TRI-MUS-56   E=53369 S=0
2026-10-02 22:41:02 [INFO]   1210 TRI-MUS-57   E=26495 S=0
2026-10-02 22:41:02 [INFO]   1040 PDA.3.11     E=0 S=0
2026-10-02 22:41:02 [INFO] Compteurs du site (visites libres)
2026-10-02 22:41:02 [INFO]   749 TRI-NORV-27  E=595 S=30762
2026-10-02 22:41:02 [INFO]   750 TRI-NORV-28  E=30014 S=143
2026-10-02 22:41:02 [INFO]   751 TRI-NORV-PMR-29 E=2893 S=131
2026-10-02 22:41:02 [INFO]   transactions 22:26:01 -> 22:41:01 : 0 lues en 1 page(s), 0 musee, 0 site
2026-10-02 22:41:02 [INFO] Dialogue borne : 0.9 s
2026-10-02 22:41:02 [INFO] Visiteurs du 2026-10-02 : 348 (source compteur, compteur 348, transactions 348)
2026-10-02 22:41:02 [INFO] Site visites libres du 2026-10-02 : entrees 220, sorties 211, presents 9 (pic {'n': 58, 'heure': '17:12'}, source transactions)
2026-10-02 22:46:01 [INFO] Site visites libres : Visites libres terminees (fenetre 09:30-19:30)
2026-10-02 22:46:01 [INFO] Borne 192.168.2.10:5205 - compteurs du musee (Area 511 VISITES MUSEE)
2026-10-02 22:46:02 [INFO]   511 VISITES MUSEE E=106030 S=0
2026-10-02 22:46:02 [INFO]   512 ENTREE MUSEE E=106030 S=0
2026-10-02 22:46:02 [INFO]   1208 TRI-MUS-55   E=26166 S=0
2026-10-02 22:46:02 [INFO]   1209 TRI-MUS-56   E=53369 S=0
2026-10-02 22:46:02 [INFO]   1210 TRI-MUS-57   E=26495 S=0
2026-10-02 22:46:02 [INFO]   1040 PDA.3.11     E=0 S=0
2026-10-02 22:46:02 [INFO] Compteurs du site (visites libres)
2026-10-02 22:46:02 [INFO]   749 TRI-NORV-27  E=595 S=30762
2026-10-02 22:46:02 [INFO]   750 TRI-NORV-28  E=30014 S=143
2026-10-02 22:46:02 [INFO]   751 TRI-NORV-PMR-29 E=2893 S=131
2026-10-02 22:46:02 [INFO]   transactions 22:31:01 -> 22:46:01 : 0 lues en 1 page(s), 0 musee, 0 site
2026-10-02 22:46:02 [INFO] Dialogue borne : 1.1 s
2026-10-02 22:46:03 [INFO] Visiteurs du 2026-10-02 : 348 (source compteur, compteur 348, transactions 348)
2026-10-02 22:46:03 [INFO] Site visites libres du 2026-10-02 : entrees 220, sorties 211, presents 9 (pic {'n': 58, 'heure': '17:12'}, source transactions)
2026-10-02 22:51:01 [INFO] Site visites libres : Visites libres terminees (fenetre 09:30-19:30)
2026-10-02 22:51:01 [INFO] Borne 192.168.2.10:5205 - compteurs du musee (Area 511 VISITES MUSEE)
2026-10-02 22:51:02 [INFO]   511 VISITES MUSEE E=106030 S=0
2026-10-02 22:51:02 [INFO]   512 ENTREE MUSEE E=106030 S=0
2026-10-02 22:51:02 [INFO]   1208 TRI-MUS-55   E=26166 S=0
2026-10-02 22:51:02 [INFO]   1209 TRI-MUS-56   E=53369 S=0
2026-10-02 22:51:02 [INFO]   1210 TRI-MUS-57   E=26495 S=0
2026-10-02 22:51:02 [INFO]   1040 PDA.3.11     E=0 S=0
2026-10-02 22:51:02 [INFO] Compteurs du site (visites libres)
2026-10-02 22:51:02 [INFO]   749 TRI-NORV-27  E=595 S=30762
2026-10-02 22:51:02 [INFO]   750 TRI-NORV-28  E=30014 S=143
2026-10-02 22:51:02 [INFO]   751 TRI-NORV-PMR-29 E=2893 S=131
2026-10-02 22:51:02 [INFO]   transactions 22:36:01 -> 22:51:01 : 0 lues en 1 page(s), 0 musee, 0 site
2026-10-02 22:51:02 [INFO] Dialogue borne : 0.9 s
2026-10-02 22:51:02 [INFO] Visiteurs du 2026-10-02 : 348 (source compteur, compteur 348, transactions 348)
2026-10-02 22:51:02 [INFO] Site visites libres du 2026-10-02 : entrees 220, sorties 211, presents 9 (pic {'n': 58, 'heure': '17:12'}, source transactions)
2026-10-02 22:56:01 [INFO] Site visites libres : Visites libres terminees (fenetre 09:30-19:30)
2026-10-02 22:56:01 [INFO] Borne 192.168.2.10:5205 - compteurs du musee (Area 511 VISITES MUSEE)
2026-10-02 22:56:02 [INFO]   511 VISITES MUSEE E=106030 S=0
2026-10-02 22:56:02 [INFO]   512 ENTREE MUSEE E=106030 S=0
2026-10-02 22:56:02 [INFO]   1208 TRI-MUS-55   E=26166 S=0
2026-10-02 22:56:02 [INFO]   1209 TRI-MUS-56   E=53369 S=0
2026-10-02 22:56:02 [INFO]   1210 TRI-MUS-57   E=26495 S=0
2026-10-02 22:56:02 [INFO]   1040 PDA.3.11     E=0 S=0
2026-10-02 22:56:02 [INFO] Compteurs du site (visites libres)
2026-10-02 22:56:02 [INFO]   749 TRI-NORV-27  E=595 S=30762
2026-10-02 22:56:02 [INFO]   750 TRI-NORV-28  E=30014 S=143
2026-10-02 22:56:02 [INFO]   751 TRI-NORV-PMR-29 E=2893 S=131
2026-10-02 22:56:02 [INFO]   transactions 22:41:01 -> 22:56:01 : 0 lues en 1 page(s), 0 musee, 0 site
2026-10-02 22:56:02 [INFO] Dialogue borne : 1.0 s
2026-10-02 22:56:02 [INFO] Visiteurs du 2026-10-02 : 348 (source compteur, compteur 348, transactions 348)
2026-10-02 22:56:03 [INFO] Site visites libres du 2026-10-02 : entrees 220, sorties 211, presents 9 (pic {'n': 58, 'heure': '17:12'}, source transactions)
2026-10-02 23:01:01 [INFO] Site visites libres : Visites libres terminees (fenetre 09:30-19:30)
2026-10-02 23:01:01 [INFO] Borne 192.168.2.10:5205 - compteurs du musee (Area 511 VISITES MUSEE)
2026-10-02 23:01:02 [INFO]   511 VISITES MUSEE E=106030 S=0
2026-10-02 23:01:02 [INFO]   512 ENTREE MUSEE E=106030 S=0
2026-10-02 23:01:02 [INFO]   1208 TRI-MUS-55   E=26166 S=0
2026-10-02 23:01:02 [INFO]   1209 TRI-MUS-56   E=53369 S=0
2026-10-02 23:01:02 [INFO]   1210 TRI-MUS-57   E=26495 S=0
2026-10-02 23:01:02 [INFO]   1040 PDA.3.11     E=0 S=0
2026-10-02 23:01:02 [INFO] Compteurs du site (visites libres)
2026-10-02 23:01:02 [INFO]   749 TRI-NORV-27  E=595 S=30762
2026-10-02 23:01:02 [INFO]   750 TRI-NORV-28  E=30014 S=143
2026-10-02 23:01:02 [INFO]   751 TRI-NORV-PMR-29 E=2893 S=131
2026-10-02 23:01:02 [INFO]   transactions 22:46:01 -> 23:01:01 : 0 lues en 1 page(s), 0 musee, 0 site
2026-10-02 23:01:02 [INFO] Dialogue borne : 0.9 s
2026-10-02 23:01:02 [INFO] Visiteurs du 2026-10-02 : 348 (source compteur, compteur 348, transactions 348)
2026-10-02 23:01:02 [INFO] Site visites libres du 2026-10-02 : entrees 220, sorties 211, presents 9 (pic {'n': 58, 'heure': '17:12'}, source transactions)
2026-10-02 23:06:01 [INFO] Site visites libres : Visites libres terminees (fenetre 09:30-19:30)
2026-10-02 23:06:01 [INFO] Borne 192.168.2.10:5205 - compteurs du musee (Area 511 VISITES MUSEE)
2026-10-02 23:06:02 [INFO]   511 VISITES MUSEE E=106030 S=0
2026-10-02 23:06:02 [INFO]   512 ENTREE MUSEE E=106030 S=0
2026-10-02 23:06:02 [INFO]   1208 TRI-MUS-55   E=26166 S=0
2026-10-02 23:06:02 [INFO]   1209 TRI-MUS-56   E=53369 S=0
2026-10-02 23:06:02 [INFO]   1210 TRI-MUS-57   E=26495 S=0
2026-10-02 23:06:02 [INFO]   1040 PDA.3.11     E=0 S=0
2026-10-02 23:06:02 [INFO] Compteurs du site (visites libres)
2026-10-02 23:06:02 [INFO]   749 TRI-NORV-27  E=595 S=30762
2026-10-02 23:06:02 [INFO]   750 TRI-NORV-28  E=30014 S=143
2026-10-02 23:06:02 [INFO]   751 TRI-NORV-PMR-29 E=2893 S=131
2026-10-02 23:06:02 [INFO]   transactions 22:51:01 -> 23:06:01 : 0 lues en 1 page(s), 0 musee, 0 site
2026-10-02 23:06:02 [INFO] Dialogue borne : 1.0 s
2026-10-02 23:06:02 [INFO] Visiteurs du 2026-10-02 : 348 (source compteur, compteur 348, transactions 348)
2026-10-02 23:06:02 [INFO] Site visites libres du 2026-10-02 : entrees 220, sorties 211, presents 9 (pic {'n': 58, 'heure': '17:12'}, source transactions)
2026-10-02 23:11:01 [INFO] Site visites libres : Visites libres terminees (fenetre 09:30-19:30)
2026-10-02 23:11:01 [INFO] Borne 192.168.2.10:5205 - compteurs du musee (Area 511 VISITES MUSEE)
2026-10-02 23:11:02 [INFO]   511 VISITES MUSEE E=106030 S=0
2026-10-02 23:11:02 [INFO]   512 ENTREE MUSEE E=106030 S=0
2026-10-02 23:11:02 [INFO]   1208 TRI-MUS-55   E=26166 S=0
2026-10-02 23:11:02 [INFO]   1209 TRI-MUS-56   E=53369 S=0
2026-10-02 23:11:02 [INFO]   1210 TRI-MUS-57   E=26495 S=0
2026-10-02 23:11:02 [INFO]   1040 PDA.3.11     E=0 S=0
2026-10-02 23:11:02 [INFO] Compteurs du site (visites libres)
2026-10-02 23:11:02 [INFO]   749 TRI-NORV-27  E=595 S=30762
2026-10-02 23:11:02 [INFO]   750 TRI-NORV-28  E=30014 S=143
2026-10-02 23:11:02 [INFO]   751 TRI-NORV-PMR-29 E=2893 S=131
2026-10-02 23:11:02 [INFO]   transactions 22:56:01 -> 23:11:01 : 0 lues en 1 page(s), 0 musee, 0 site
2026-10-02 23:11:02 [INFO] Dialogue borne : 1.1 s
2026-10-02 23:11:03 [INFO] Visiteurs du 2026-10-02 : 348 (source compteur, compteur 348, transactions 348)
2026-10-02 23:11:03 [INFO] Site visites libres du 2026-10-02 : entrees 220, sorties 211, presents 9 (pic {'n': 58, 'heure': '17:12'}, source transactions)
2026-10-02 23:16:01 [INFO] Site visites libres : Visites libres terminees (fenetre 09:30-19:30)
2026-10-02 23:16:01 [INFO] Borne 192.168.2.10:5205 - compteurs du musee (Area 511 VISITES MUSEE)
2026-10-02 23:16:02 [INFO]   511 VISITES MUSEE E=106030 S=0
2026-10-02 23:16:02 [INFO]   512 ENTREE MUSEE E=106030 S=0
2026-10-02 23:16:02 [INFO]   1208 TRI-MUS-55   E=26166 S=0
2026-10-02 23:16:02 [INFO]   1209 TRI-MUS-56   E=53369 S=0
2026-10-02 23:16:02 [INFO]   1210 TRI-MUS-57   E=26495 S=0
2026-10-02 23:16:02 [INFO]   1040 PDA.3.11     E=0 S=0
2026-10-02 23:16:02 [INFO] Compteurs du site (visites libres)
2026-10-02 23:16:02 [INFO]   749 TRI-NORV-27  E=595 S=30762
2026-10-02 23:16:02 [INFO]   750 TRI-NORV-28  E=30014 S=143
2026-10-02 23:16:02 [INFO]   751 TRI-NORV-PMR-29 E=2893 S=131
2026-10-02 23:16:02 [INFO]   transactions 23:01:01 -> 23:16:01 : 0 lues en 1 page(s), 0 musee, 0 site
2026-10-02 23:16:02 [INFO] Dialogue borne : 1.0 s
2026-10-02 23:16:02 [INFO] Visiteurs du 2026-10-02 : 348 (source compteur, compteur 348, transactions 348)
2026-10-02 23:16:02 [INFO] Site visites libres du 2026-10-02 : entrees 220, sorties 211, presents 9 (pic {'n': 58, 'heure': '17:12'}, source transactions)
2026-10-02 23:21:01 [INFO] Site visites libres : Visites libres terminees (fenetre 09:30-19:30)
2026-10-02 23:21:01 [INFO] Borne 192.168.2.10:5205 - compteurs du musee (Area 511 VISITES MUSEE)
2026-10-02 23:21:01 [INFO]   511 VISITES MUSEE E=106030 S=0
2026-10-02 23:21:02 [INFO]   512 ENTREE MUSEE E=106030 S=0
2026-10-02 23:21:02 [INFO]   1208 TRI-MUS-55   E=26166 S=0
2026-10-02 23:21:02 [INFO]   1209 TRI-MUS-56   E=53369 S=0
2026-10-02 23:21:02 [INFO]   1210 TRI-MUS-57   E=26495 S=0
2026-10-02 23:21:02 [INFO]   1040 PDA.3.11     E=0 S=0
2026-10-02 23:21:02 [INFO] Compteurs du site (visites libres)
2026-10-02 23:21:02 [INFO]   749 TRI-NORV-27  E=595 S=30762
2026-10-02 23:21:02 [INFO]   750 TRI-NORV-28  E=30014 S=143
2026-10-02 23:21:02 [INFO]   751 TRI-NORV-PMR-29 E=2893 S=131
2026-10-02 23:21:02 [INFO]   transactions 23:06:01 -> 23:21:01 : 0 lues en 1 page(s), 0 musee, 0 site
2026-10-02 23:21:02 [INFO] Dialogue borne : 0.9 s
2026-10-02 23:21:02 [INFO] Visiteurs du 2026-10-02 : 348 (source compteur, compteur 348, transactions 348)
2026-10-02 23:21:02 [INFO] Site visites libres du 2026-10-02 : entrees 220, sorties 211, presents 9 (pic {'n': 58, 'heure': '17:12'}, source transactions)
2026-10-02 23:26:01 [INFO] Site visites libres : Visites libres terminees (fenetre 09:30-19:30)
2026-10-02 23:26:01 [INFO] Borne 192.168.2.10:5205 - compteurs du musee (Area 511 VISITES MUSEE)
2026-10-02 23:26:02 [INFO]   511 VISITES MUSEE E=106030 S=0
2026-10-02 23:26:02 [INFO]   512 ENTREE MUSEE E=106030 S=0
2026-10-02 23:26:02 [INFO]   1208 TRI-MUS-55   E=26166 S=0
2026-10-02 23:26:02 [INFO]   1209 TRI-MUS-56   E=53369 S=0
2026-10-02 23:26:02 [INFO]   1210 TRI-MUS-57   E=26495 S=0
2026-10-02 23:26:02 [INFO]   1040 PDA.3.11     E=0 S=0
2026-10-02 23:26:02 [INFO] Compteurs du site (visites libres)
2026-10-02 23:26:02 [INFO]   749 TRI-NORV-27  E=595 S=30762
2026-10-02 23:26:02 [INFO]   750 TRI-NORV-28  E=30014 S=143
2026-10-02 23:26:02 [INFO]   751 TRI-NORV-PMR-29 E=2893 S=131
2026-10-02 23:26:02 [INFO]   transactions 23:11:01 -> 23:26:01 : 0 lues en 1 page(s), 0 musee, 0 site
2026-10-02 23:26:02 [INFO] Dialogue borne : 0.9 s
2026-10-02 23:26:02 [INFO] Visiteurs du 2026-10-02 : 348 (source compteur, compteur 348, transactions 348)
2026-10-02 23:26:02 [INFO] Site visites libres du 2026-10-02 : entrees 220, sorties 211, presents 9 (pic {'n': 58, 'heure': '17:12'}, source transactions)
2026-10-02 23:31:01 [INFO] Site visites libres : Visites libres terminees (fenetre 09:30-19:30)
2026-10-02 23:31:01 [INFO] Borne 192.168.2.10:5205 - compteurs du musee (Area 511 VISITES MUSEE)
2026-10-02 23:31:02 [INFO]   511 VISITES MUSEE E=106030 S=0
2026-10-02 23:31:02 [INFO]   512 ENTREE MUSEE E=106030 S=0
2026-10-02 23:31:02 [INFO]   1208 TRI-MUS-55   E=26166 S=0
2026-10-02 23:31:02 [INFO]   1209 TRI-MUS-56   E=53369 S=0
2026-10-02 23:31:02 [INFO]   1210 TRI-MUS-57   E=26495 S=0
2026-10-02 23:31:02 [INFO]   1040 PDA.3.11     E=0 S=0
2026-10-02 23:31:02 [INFO] Compteurs du site (visites libres)
2026-10-02 23:31:02 [INFO]   749 TRI-NORV-27  E=595 S=30762
2026-10-02 23:31:02 [INFO]   750 TRI-NORV-28  E=30014 S=143
2026-10-02 23:31:02 [INFO]   751 TRI-NORV-PMR-29 E=2893 S=131
2026-10-02 23:31:02 [INFO]   transactions 23:16:01 -> 23:31:01 : 0 lues en 1 page(s), 0 musee, 0 site
2026-10-02 23:31:02 [INFO] Dialogue borne : 1.0 s
2026-10-02 23:31:02 [INFO] Visiteurs du 2026-10-02 : 348 (source compteur, compteur 348, transactions 348)
2026-10-02 23:31:02 [INFO] Site visites libres du 2026-10-02 : entrees 220, sorties 211, presents 9 (pic {'n': 58, 'heure': '17:12'}, source transactions)
2026-10-02 23:36:01 [INFO] Site visites libres : Visites libres terminees (fenetre 09:30-19:30)
2026-10-02 23:36:01 [INFO] Borne 192.168.2.10:5205 - compteurs du musee (Area 511 VISITES MUSEE)
2026-10-02 23:36:01 [INFO]   511 VISITES MUSEE E=106030 S=0
2026-10-02 23:36:01 [INFO]   512 ENTREE MUSEE E=106030 S=0
2026-10-02 23:36:02 [INFO]   1208 TRI-MUS-55   E=26166 S=0
2026-10-02 23:36:02 [INFO]   1209 TRI-MUS-56   E=53369 S=0
2026-10-02 23:36:02 [INFO]   1210 TRI-MUS-57   E=26495 S=0
2026-10-02 23:36:02 [INFO]   1040 PDA.3.11     E=0 S=0
2026-10-02 23:36:02 [INFO] Compteurs du site (visites libres)
2026-10-02 23:36:02 [INFO]   749 TRI-NORV-27  E=595 S=30762
2026-10-02 23:36:02 [INFO]   750 TRI-NORV-28  E=30014 S=143
2026-10-02 23:36:02 [INFO]   751 TRI-NORV-PMR-29 E=2893 S=131
2026-10-02 23:36:02 [INFO]   transactions 23:21:01 -> 23:36:01 : 0 lues en 1 page(s), 0 musee, 0 site
2026-10-02 23:36:02 [INFO] Dialogue borne : 0.9 s
2026-10-02 23:36:02 [INFO] Visiteurs du 2026-10-02 : 348 (source compteur, compteur 348, transactions 348)
2026-10-02 23:36:02 [INFO] Site visites libres du 2026-10-02 : entrees 220, sorties 211, presents 9 (pic {'n': 58, 'heure': '17:12'}, source transactions)
2026-10-02 23:41:01 [INFO] Site visites libres : Visites libres terminees (fenetre 09:30-19:30)
2026-10-02 23:41:01 [INFO] Borne 192.168.2.10:5205 - compteurs du musee (Area 511 VISITES MUSEE)
2026-10-02 23:41:02 [INFO]   511 VISITES MUSEE E=106030 S=0
2026-10-02 23:41:02 [INFO]   512 ENTREE MUSEE E=106030 S=0
2026-10-02 23:41:02 [INFO]   1208 TRI-MUS-55   E=26166 S=0
2026-10-02 23:41:02 [INFO]   1209 TRI-MUS-56   E=53369 S=0
2026-10-02 23:41:02 [INFO]   1210 TRI-MUS-57   E=26495 S=0
2026-10-02 23:41:02 [INFO]   1040 PDA.3.11     E=0 S=0
2026-10-02 23:41:02 [INFO] Compteurs du site (visites libres)
2026-10-02 23:41:02 [INFO]   749 TRI-NORV-27  E=595 S=30762
2026-10-02 23:41:02 [INFO]   750 TRI-NORV-28  E=30014 S=143
2026-10-02 23:41:02 [INFO]   751 TRI-NORV-PMR-29 E=2893 S=131
2026-10-02 23:41:02 [INFO]   transactions 23:26:01 -> 23:41:01 : 0 lues en 1 page(s), 0 musee, 0 site
2026-10-02 23:41:02 [INFO] Dialogue borne : 0.9 s
2026-10-02 23:41:02 [INFO] Visiteurs du 2026-10-02 : 348 (source compteur, compteur 348, transactions 348)
2026-10-02 23:41:02 [INFO] Site visites libres du 2026-10-02 : entrees 220, sorties 211, presents 9 (pic {'n': 58, 'heure': '17:12'}, source transactions)
2026-10-02 23:46:01 [INFO] Site visites libres : Visites libres terminees (fenetre 09:30-19:30)
2026-10-02 23:46:01 [INFO] Borne 192.168.2.10:5205 - compteurs du musee (Area 511 VISITES MUSEE)
2026-10-02 23:46:02 [INFO]   511 VISITES MUSEE E=106030 S=0
2026-10-02 23:46:02 [INFO]   512 ENTREE MUSEE E=106030 S=0
2026-10-02 23:46:02 [INFO]   1208 TRI-MUS-55   E=26166 S=0
2026-10-02 23:46:02 [INFO]   1209 TRI-MUS-56   E=53369 S=0
2026-10-02 23:46:02 [INFO]   1210 TRI-MUS-57   E=26495 S=0
2026-10-02 23:46:02 [INFO]   1040 PDA.3.11     E=0 S=0
2026-10-02 23:46:02 [INFO] Compteurs du site (visites libres)
2026-10-02 23:46:02 [INFO]   749 TRI-NORV-27  E=595 S=30762
2026-10-02 23:46:02 [INFO]   750 TRI-NORV-28  E=30014 S=143
2026-10-02 23:46:02 [INFO]   751 TRI-NORV-PMR-29 E=2893 S=131
2026-10-02 23:46:02 [INFO]   transactions 23:31:01 -> 23:46:01 : 0 lues en 1 page(s), 0 musee, 0 site
2026-10-02 23:46:02 [INFO] Dialogue borne : 1.0 s
2026-10-02 23:46:02 [INFO] Visiteurs du 2026-10-02 : 348 (source compteur, compteur 348, transactions 348)
2026-10-02 23:46:02 [INFO] Site visites libres du 2026-10-02 : entrees 220, sorties 211, presents 9 (pic {'n': 58, 'heure': '17:12'}, source transactions)
2026-10-02 23:51:01 [INFO] Site visites libres : Visites libres terminees (fenetre 09:30-19:30)
2026-10-02 23:51:01 [INFO] Borne 192.168.2.10:5205 - compteurs du musee (Area 511 VISITES MUSEE)
2026-10-02 23:51:02 [INFO]   511 VISITES MUSEE E=106030 S=0
2026-10-02 23:51:02 [INFO]   512 ENTREE MUSEE E=106030 S=0
2026-10-02 23:51:02 [INFO]   1208 TRI-MUS-55   E=26166 S=0
2026-10-02 23:51:02 [INFO]   1209 TRI-MUS-56   E=53369 S=0
2026-10-02 23:51:02 [INFO]   1210 TRI-MUS-57   E=26495 S=0
2026-10-02 23:51:02 [INFO]   1040 PDA.3.11     E=0 S=0
2026-10-02 23:51:02 [INFO] Compteurs du site (visites libres)
2026-10-02 23:51:02 [INFO]   749 TRI-NORV-27  E=595 S=30762
2026-10-02 23:51:02 [INFO]   750 TRI-NORV-28  E=30014 S=143
2026-10-02 23:51:02 [INFO]   751 TRI-NORV-PMR-29 E=2893 S=131
2026-10-02 23:51:02 [INFO]   transactions 23:36:01 -> 23:51:01 : 0 lues en 1 page(s), 0 musee, 0 site
2026-10-02 23:51:02 [INFO] Dialogue borne : 0.8 s
2026-10-02 23:51:02 [INFO] Visiteurs du 2026-10-02 : 348 (source compteur, compteur 348, transactions 348)
2026-10-02 23:51:02 [INFO] Site visites libres du 2026-10-02 : entrees 220, sorties 211, presents 9 (pic {'n': 58, 'heure': '17:12'}, source transactions)
2026-10-02 23:56:01 [INFO] Site visites libres : Visites libres terminees (fenetre 09:30-19:30)
2026-10-02 23:56:01 [INFO] Borne 192.168.2.10:5205 - compteurs du musee (Area 511 VISITES MUSEE)
2026-10-02 23:56:02 [INFO]   511 VISITES MUSEE E=106030 S=0
2026-10-02 23:56:02 [INFO]   512 ENTREE MUSEE E=106030 S=0
2026-10-02 23:56:02 [INFO]   1208 TRI-MUS-55   E=26166 S=0
2026-10-02 23:56:02 [INFO]   1209 TRI-MUS-56   E=53369 S=0
2026-10-02 23:56:02 [INFO]   1210 TRI-MUS-57   E=26495 S=0
2026-10-02 23:56:02 [INFO]   1040 PDA.3.11     E=0 S=0
2026-10-02 23:56:02 [INFO] Compteurs du site (visites libres)
2026-10-02 23:56:02 [INFO]   749 TRI-NORV-27  E=595 S=30762
2026-10-02 23:56:02 [INFO]   750 TRI-NORV-28  E=30014 S=143
2026-10-02 23:56:02 [INFO]   751 TRI-NORV-PMR-29 E=2893 S=131
2026-10-02 23:56:02 [INFO]   transactions 23:41:01 -> 23:56:01 : 0 lues en 1 page(s), 0 musee, 0 site
2026-10-02 23:56:02 [INFO] Dialogue borne : 0.9 s
2026-10-02 23:56:02 [INFO] Visiteurs du 2026-10-02 : 348 (source compteur, compteur 348, transactions 348)
2026-10-02 23:56:02 [INFO] Site visites libres du 2026-10-02 : entrees 220, sorties 211, presents 9 (pic {'n': 58, 'heure': '17:12'}, source transactions)
